SEASON_YEAR,PLAYER_ID,PLAYER_NAME,NICKNAME,TEAM_ID,TEAM_ABBREVIATION,TEAM_NAME,GAME_ID,GAME_DATE,MATCHUP,WL,MIN,FGM,FGA,FG_PCT,FG3M,FG3A,FG3_PCT,FTM,FTA,FT_PCT,OREB,DREB,REB,AST,TOV,STL,BLK,BLKA,PF,PFD,PTS,PLUS_MINUS,NBA_FANTASY_PTS,DD2,TD3,WNBA_FANTASY_PTS,GP_RANK,W_RANK,L_RANK,W_PCT_RANK,MIN_RANK,FGM_RANK,FGA_RANK,FG_PCT_RANK,FG3M_RANK,FG3A_RANK,FG3_PCT_RANK,FTM_RANK,FTA_RANK,FT_PCT_RANK,OREB_RANK,DREB_RANK,REB_RANK,AST_RANK,TOV_RANK,STL_RANK,BLK_RANK,BLKA_RANK,PF_RANK,PFD_RANK,PTS_RANK,PLUS_MINUS_RANK,NBA_FANTASY_PTS_RANK,DD2_RANK,TD3_RANK,WNBA_FANTASY_PTS_RANK,AVAILABLE_FLAG,MIN_SEC,TEAM_COUNT,SEASON
2017-18,203083,Andre Drummond,Andre,1610612765,DET,Detroit Pistons,0021700003,2017-10-18T00:00:00,DET vs. CHA,W,22.35,3,9,0.333,0,0,0.0,2,2,1.0,5,8,13,4,0,1,2,0,3,3,8,8,38.6,0,0,31.0,1,1,1,1,77,69,50,66,1,12,1,46,61,1,33,57,60,20,71,27,22,1,25,50,68,23,53,63,1,59,1,22:21,1,2017-18
2017-18,203083,Andre Drummond,Andre,1610612765,DET,Detroit Pistons,0021700020,2017-10-20T00:00:00,DET @ WAS,L,26.366666666666667,4,9,0.444,0,0,0.0,1,1,1.0,6,6,12,2,1,1,0,0,6,1,9,-7,28.4,0,0,25.0,1,38,38,38,70,57,50,57,1,12,1,58,74,1,24,71,65,41,54,27,61,1,76,71,67,52,73,63,1,74,1,26:22,1,2017-18
2017-18,203083,Andre Drummond,Andre,1610612765,DET,Detroit Pistons,0021700030,2017-10-21T00:00:00,DET @ NYK,W,38.31666666666667,9,11,0.818,0,0,0.0,3,3,1.0,4,8,12,1,5,1,1,0,3,6,21,7,37.9,1,0,38.0,1,1,1,1,11,7,37,3,1,12,1,29,53,1,48,57,65,56,7,27,38,1,25,13,13,26,57,1,1,44,1,38:19,1,2017-18
2017-18,203083,Andre Drummond,Andre,1610612765,DET,Detroit Pistons,0021700041,2017-10-23T00:00:00,DET vs. PHI,L,38.18333333333333,5,9,0.556,0,0,0.0,4,6,0.667,5,9,14,1,1,4,1,0,5,7,14,-11,46.3,1,0,39.0,1,38,38,38,12,40,50,33,1,12,1,19,23,31,33,52,54,56,54,3,38,1,67,6,39,58,34,1,1,39,1,38:11,1,2017-18
2017-18,203083,Andre Drummond,Andre,1610612765,DET,Detroit Pistons,0021700056,2017-10-25T00:00:00,DET vs. MIN,W,27.866666666666667,6,10,0.6,0,0,0.0,3,6,0.5,7,8,15,4,5,2,1,1,4,5,15,4,43.0,1,0,40.0,1,1,1,1,65,31,43,25,1,12,1,29,23,44,12,57,43,20,7,18,38,40,45,22,32,30,42,1,1,36,1,27:52,1,2017-18
2017-18,203083,Andre Drummond,Andre,1610612765,DET,Detroit Pistons,0021700084,2017-10-28T00:00:00,DET @ LAC,W,33.93333333333333,7,10,0.7,0,0,0.0,1,2,0.5,4,13,17,1,3,2,3,0,2,3,15,12,48.9,1,0,43.0,1,1,1,1,42,23,43,13,1,12,1,58,61,44,48,17,26,56,21,18,7,1,8,50,32,12,30,1,1,31,1,33:56,1,2017-18
2017-18,203083,Andre Drummond,Andre,1610612765,DET,Detroit Pistons,0021700091,2017-10-29T00:00:00,DET @ GSW,W,40.55,4,17,0.235,0,0,0.0,0,0,0.0,8,10,18,5,4,5,0,3,2,0,8,1,48.1,0,0,41.0,1,1,1,1,5,57,3,75,1,12,1,69,76,69,5,39,20,11,13,1,61,73,8,77,68,36,32,63,1,34,1,40:33,1,2017-18
2017-18,203083,Andre Drummond,Andre,1610612765,DET,Detroit Pistons,0021700104,2017-10-31T00:00:00,DET @ LAL,L,35.06666666666667,5,9,0.556,0,0,0.0,0,0,0.0,4,8,12,5,0,1,0,1,1,3,10,-10,34.9,1,0,29.0,1,38,38,38,36,40,50,33,1,12,1,69,76,69,48,57,65,11,71,27,61,40,3,50,62,56,61,1,1,65,2,35:04,1,2017-18
2017-18,203083,Andre Drummond,Andre,1610612765,DET,Detroit Pistons,0021700119,2017-11-03T00:00:00,DET vs. MIL,W,27.75,5,7,0.714,0,0,0.0,14,16,0.875,2,12,14,0,0,1,2,1,2,9,24,-8,49.8,1,0,44.0,1,1,1,1,67,40,68,11,1,12,1,1,1,11,66,27,54,73,71,27,22,40,8,2,6,54,28,1,1,28,1,27:45,1,2017-18
2017-18,203083,Andre Drummond,Andre,1610612765,DET,Detroit Pistons,0021700132,2017-11-04T00:00:00,DET vs. SAC,W,36.35,7,10,0.7,0,0,0.0,2,4,0.5,5,14,19,4,2,3,1,0,4,4,16,8,54.8,1,0,47.0,1,1,1,1,29,23,43,13,1,12,1,46,39,44,33,12,18,20,40,10,38,1,45,36,29,23,18,1,1,18,1,36:21,1,2017-18
2017-18,203083,Andre Drummond,Andre,1610612765,DET,Detroit Pistons,0021700159,2017-11-08T00:00:00,DET vs. IND,W,33.65,7,9,0.778,0,0,0.0,0,7,0.0,4,17,21,4,4,0,1,0,4,5,14,28,44.2,1,0,41.0,1,1,1,1,45,23,50,6,1,12,1,69,19,69,48,5,7,20,13,61,38,1,45,22,39,2,39,1,1,34,1,33:39,1,2017-18
2017-18,203083,Andre Drummond,Andre,1610612765,DET,Detroit Pistons,0021700169,2017-11-10T00:00:00,DET vs. ATL,W,37.458333333333336,6,15,0.4,0,0,0.0,4,6,0.667,10,10,20,7,6,0,2,1,2,5,16,6,50.5,1,0,47.0,1,1,1,1,22,31,11,62,1,12,1,19,23,31,2,39,12,3,1,61,22,40,8,22,29,28,27,1,1,18,1,37:28,1,2017-18
2017-18,203083,Andre Drummond,Andre,1610612765,DET,Detroit Pistons,0021700189,2017-11-12T00:00:00,DET vs. MIA,W,36.11666666666667,3,8,0.375,0,0,0.0,2,4,0.5,6,11,17,4,3,0,1,0,4,7,8,11,34.4,0,0,31.0,1,1,1,1,30,69,60,63,1,12,1,46,39,44,24,33,26,20,21,61,38,1,45,6,68,16,62,63,1,59,1,36:07,1,2017-18
2017-18,203083,Andre Drummond,Andre,1610612765,DET,Detroit Pistons,0021700209,2017-11-15T00:00:00,DET @ MIL,L,29.3,4,9,0.444,0,0,0.0,5,8,0.625,8,9,17,4,4,1,0,3,4,5,13,-7,38.4,1,0,36.0,1,38,38,38,61,57,50,57,1,12,1,10,7,38,5,52,26,20,13,27,61,73,45,22,47,52,54,1,1,50,1,29:18,1,2017-18
2017-18,203083,Andre Drummond,Andre,1610612765,DET,Detroit Pistons,0021700217,2017-11-17T00:00:00,DET @ IND,L,35.416666666666664,5,10,0.5,0,0,0.0,1,2,0.5,7,8,15,5,5,1,3,1,4,1,11,-12,43.5,1,0,39.0,1,38,38,38,34,40,43,38,1,12,1,58,61,44,12,57,43,11,7,27,7,40,45,71,59,63,40,1,1,39,1,35:25,1,2017-18
2017-18,203083,Andre Drummond,Andre,1610612765,DET,Detroit Pistons,0021700238,2017-11-19T00:00:00,DET @ MIN,W,33.28333333333333,8,15,0.533,0,0,0.0,4,5,0.8,9,7,16,4,6,1,2,0,3,7,20,-5,48.2,1,0,46.0,1,1,1,1,48,15,11,37,1,12,1,19,35,15,4,64,39,20,1,27,22,1,25,6,18,45,31,1,1,23,1,33:17,1,2017-18
2017-18,203083,Andre Drummond,Andre,1610612765,DET,Detroit Pistons,0021700242,2017-11-20T00:00:00,DET vs. CLE,L,24.933333333333334,3,7,0.429,0,0,0.0,2,6,0.333,3,5,8,3,6,1,0,1,3,3,8,-19,19.1,0,0,21.0,1,38,38,38,74,69,68,61,1,12,1,46,23,62,61,74,75,34,1,27,61,40,25,50,68,73,78,63,1,78,1,24:56,1,2017-18
2017-18,203083,Andre Drummond,Andre,1610612765,DET,Detroit Pistons,0021700273,2017-11-24T00:00:00,DET @ OKC,W,37.55,8,14,0.571,0,0,0.0,1,3,0.333,4,10,14,3,6,0,2,2,4,5,17,2,38.3,1,0,38.0,1,1,1,1,20,15,20,28,1,12,1,58,53,62,48,39,54,34,1,61,22,66,45,22,23,33,55,1,1,44,2,37:33,1,2017-18
2017-18,203083,Andre Drummond,Andre,1610612765,DET,Detroit Pistons,0021700292,2017-11-27T00:00:00,DET @ BOS,W,39.833333333333336,10,12,0.833,0,0,0.0,6,8,0.75,2,20,22,6,3,4,0,1,2,6,26,13,70.4,1,0,62.0,1,1,1,1,6,5,32,2,1,12,1,5,7,17,66,1,4,7,21,3,61,40,8,13,3,11,3,1,1,2,1,39:50,1,2017-18
2017-18,203083,Andre Drummond,Andre,1610612765,DET,Detroit Pistons,0021700303,2017-11-29T00:00:00,DET vs. PHX,W,27.866666666666667,5,8,0.625,0,0,0.0,3,3,1.0,2,5,7,7,2,1,1,1,2,3,13,18,35.9,0,0,31.0,1,1,1,1,65,40,60,21,1,12,1,29,53,1,66,74,77,3,40,27,38,40,8,50,47,5,60,63,1,59,1,27:52,1,2017-18
2017-18,203083,Andre Drummond,Andre,1610612765,DET,Detroit Pistons,0021700320,2017-12-01T00:00:00,DET @ WAS,L,36.72,5,10,0.5,0,1,0.0,4,5,0.8,3,14,17,7,3,1,4,2,5,4,14,-11,56.9,1,0,48.0,1,38,38,38,28,40,43,38,1,1,1,19,35,15,61,12,26,3,21,27,3,66,67,36,39,58,17,1,1,16,1,36:43,1,2017-18
2017-18,203083,Andre Drummond,Andre,1610612765,DET,Detroit Pistons,0021700330,2017-12-02T00:00:00,DET @ PHI,L,35.016666666666666,4,8,0.5,0,1,0.0,6,8,0.75,1,10,11,6,1,5,1,0,6,7,14,8,53.2,1,0,43.0,1,38,38,38,39,57,60,38,1,1,1,5,7,17,76,39,68,7,54,1,38,1,76,6,39,23,20,1,1,31,1,35:01,1,2017-18
2017-18,203083,Andre Drummond,Andre,1610612765,DET,Detroit Pistons,0021700348,2017-12-04T00:00:00,DET @ SAS,L,31.7,4,8,0.5,0,0,0.0,3,6,0.5,5,10,15,2,2,3,1,2,3,6,11,7,42.0,1,0,36.0,1,38,38,38,53,57,60,38,1,12,1,29,23,44,33,39,43,41,40,10,38,66,25,13,59,26,47,1,1,50,1,31:42,1,2017-18
2017-18,203083,Andre Drummond,Andre,1610612765,DET,Detroit Pistons,0021700359,2017-12-06T00:00:00,DET @ MIL,L,37.218333333333334,12,16,0.75,0,0,0.0,3,8,0.375,7,13,20,6,1,0,0,0,5,7,27,9,59.0,1,0,53.0,1,38,38,38,23,1,6,7,1,12,1,29,7,60,12,17,12,7,54,61,61,1,67,6,2,19,11,1,1,9,1,37:13,1,2017-18
2017-18,203083,Andre Drummond,Andre,1610612765,DET,Detroit Pistons,0021700368,2017-12-08T00:00:00,DET vs. GSW,L,34.05,2,9,0.222,0,0,0.0,4,10,0.4,5,12,17,4,3,1,1,4,1,5,8,-13,37.4,0,0,33.0,1,38,38,38,41,73,50,76,1,12,1,19,4,59,33,27,26,20,21,27,38,77,3,22,68,65,58,63,1,56,1,34:03,1,2017-18
2017-18,203083,Andre Drummond,Andre,1610612765,DET,Detroit Pistons,0021700386,2017-12-10T00:00:00,DET vs. BOS,L,31.166666666666668,1,5,0.2,0,0,0.0,4,6,0.667,2,13,15,1,1,0,0,0,4,6,6,-14,24.5,0,0,22.0,1,38,38,38,55,76,75,77,1,12,1,19,23,31,66,17,43,56,54,61,61,1,45,13,74,67,76,63,1,76,1,31:10,1,2017-18
2017-18,203083,Andre Drummond,Andre,1610612765,DET,Detroit Pistons,0021700398,2017-12-12T00:00:00,DET vs. DEN,L,26.8,1,4,0.25,0,0,0.0,3,4,0.75,5,5,10,3,6,1,1,0,4,3,5,-29,21.5,0,0,22.0,1,38,38,38,68,76,78,74,1,12,1,29,39,17,33,74,71,34,1,27,38,1,45,50,75,76,77,63,1,76,1,26:48,1,2017-18
2017-18,203083,Andre Drummond,Andre,1610612765,DET,Detroit Pistons,0021700413,2017-12-14T00:00:00,DET @ ATL,W,31.833333333333332,4,11,0.364,0,0,0.0,4,4,1.0,7,12,19,8,3,1,2,0,2,4,12,4,52.8,1,0,45.0,1,1,1,1,52,57,37,65,1,12,1,19,39,1,12,27,18,1,21,27,22,1,8,36,54,30,22,1,1,25,1,31:50,1,2017-18
2017-18,203083,Andre Drummond,Andre,1610612765,DET,Detroit Pistons,0021700419,2017-12-15T00:00:00,DET @ IND,W,32.11666666666667,9,14,0.643,0,0,0.0,5,8,0.625,6,7,13,1,1,1,3,1,3,8,23,-5,51.1,1,0,45.0,1,1,1,1,51,7,20,20,1,12,1,10,7,38,24,64,60,56,54,27,7,40,25,5,8,45,25,1,1,25,1,32:07,1,2017-18
2017-18,203083,Andre Drummond,Andre,1610612765,DET,Detroit Pistons,0021700438,2017-12-17T00:00:00,DET vs. ORL,W,29.01,5,11,0.455,0,0,0.0,2,2,1.0,2,4,6,2,0,1,2,1,3,2,12,1,31.2,0,0,26.0,1,1,1,1,62,40,37,54,1,12,1,46,61,1,66,77,78,41,71,27,22,40,25,66,54,36,69,63,1,71,1,29:01,1,2017-18
2017-18,203083,Andre Drummond,Andre,1610612765,DET,Detroit Pistons,0021700461,2017-12-20T00:00:00,DET @ DAL,L,21.9,5,7,0.714,0,0,0.0,1,2,0.5,2,11,13,1,2,0,1,1,4,1,11,10,29.1,1,0,27.0,1,38,38,38,78,40,68,11,1,12,1,58,61,44,66,33,60,56,40,61,38,40,45,71,59,17,72,1,1,68,1,21:54,1,2017-18
2017-18,203083,Andre Drummond,Andre,1610612765,DET,Detroit Pistons,0021700471,2017-12-22T00:00:00,DET vs. NYK,W,26.02166666666667,8,16,0.5,0,0,0.0,2,4,0.5,7,8,15,1,2,1,2,1,3,4,18,-10,44.5,1,0,40.0,1,1,1,1,72,15,6,38,1,12,1,46,39,44,12,57,43,56,40,27,22,40,25,36,20,56,38,1,1,36,1,26:01,1,2017-18
2017-18,203083,Andre Drummond,Andre,1610612765,DET,Detroit Pistons,0021700498,2017-12-26T00:00:00,DET vs. IND,W,32.8,9,13,0.692,0,0,0.0,3,4,0.75,2,16,18,3,3,1,0,0,2,4,21,35,47.1,1,0,44.0,1,1,1,1,49,7,25,15,1,12,1,29,39,17,66,8,20,34,21,27,61,1,8,36,13,1,33,1,1,28,1,32:48,1,2017-18
2017-18,203083,Andre Drummond,Andre,1610612765,DET,Detroit Pistons,0021700516,2017-12-28T00:00:00,DET @ ORL,L,37.795,7,15,0.467,0,0,0.0,3,4,0.75,8,9,17,5,3,1,2,1,4,4,17,-6,50.9,1,0,45.0,1,38,38,38,15,23,11,50,1,12,1,29,39,17,5,52,26,11,21,27,22,40,45,36,23,47,26,1,1,25,1,37:48,1,2017-18
2017-18,203083,Andre Drummond,Andre,1610612765,DET,Detroit Pistons,0021700530,2017-12-30T00:00:00,DET vs. SAS,W,38.151666666666664,6,11,0.545,0,0,0.0,2,4,0.5,4,17,21,6,0,3,0,1,3,3,14,16,57.2,1,0,47.0,1,1,1,1,13,31,37,35,1,12,1,46,39,44,48,5,7,7,71,10,61,40,25,50,39,8,15,1,1,18,1,38:09,1,2017-18
2017-18,203083,Andre Drummond,Andre,1610612765,DET,Detroit Pistons,0021700569,2018-01-05T00:00:00,DET @ PHI,L,28.68166666666667,4,8,0.5,0,0,0.0,2,2,1.0,4,4,8,5,2,1,0,0,3,1,10,-30,28.1,0,0,25.0,1,38,38,38,63,57,60,38,1,12,1,46,61,1,48,77,75,11,40,27,61,1,25,71,62,77,74,63,1,74,1,28:41,1,2017-18
2017-18,203083,Andre Drummond,Andre,1610612765,DET,Detroit Pistons,0021700595,2018-01-08T00:00:00,DET @ NOP,L,38.516666666666666,8,14,0.571,0,0,0.0,0,2,0.0,5,9,14,3,4,2,1,1,3,3,16,-11,42.3,1,0,39.0,1,38,38,38,9,15,20,28,1,12,1,69,61,69,33,52,54,34,13,18,38,40,25,50,29,58,44,1,1,39,1,38:31,1,2017-18
2017-18,203083,Andre Drummond,Andre,1610612765,DET,Detroit Pistons,0021700606,2018-01-10T00:00:00,DET @ BKN,W,30.583333333333332,9,15,0.6,0,1,0.0,4,6,0.667,7,13,20,5,4,2,2,1,1,3,22,16,61.5,1,0,55.0,1,1,1,1,57,7,11,25,1,1,1,19,23,31,12,17,12,11,13,18,22,40,3,50,10,8,8,1,1,6,1,30:35,1,2017-18
2017-18,203083,Andre Drummond,Andre,1610612765,DET,Detroit Pistons,0021700632,2018-01-13T00:00:00,DET @ CHI,L,33.513333333333335,8,13,0.615,0,0,0.0,5,6,0.833,8,7,15,4,1,2,3,0,2,3,21,-6,59.0,1,0,50.0,1,38,38,38,47,15,25,23,1,12,1,10,23,12,5,64,43,20,54,18,7,1,8,50,13,47,11,1,1,14,1,33:31,1,2017-18
2017-18,203083,Andre Drummond,Andre,1610612765,DET,Detroit Pistons,0021700638,2018-01-15T00:00:00,DET vs. CHA,L,33.7,1,7,0.143,0,0,0.0,1,2,0.5,1,9,10,5,2,3,1,3,4,1,3,-1,32.5,0,0,26.0,1,38,38,38,44,76,68,78,1,12,1,58,61,44,76,52,71,11,40,10,38,73,45,71,78,39,65,63,1,71,1,33:42,1,2017-18
2017-18,203083,Andre Drummond,Andre,1610612765,DET,Detroit Pistons,0021700656,2018-01-17T00:00:00,DET @ TOR,L,37.60166666666667,12,15,0.8,0,0,0.0,1,3,0.333,7,10,17,2,2,4,0,1,2,5,25,-6,58.4,1,0,52.0,1,38,38,38,18,1,11,4,1,12,1,58,53,62,12,39,26,41,40,3,61,40,8,22,4,47,13,1,1,11,1,37:36,1,2017-18
2017-18,203083,Andre Drummond,Andre,1610612765,DET,Detroit Pistons,0021700669,2018-01-19T00:00:00,DET vs. WAS,L,42.655,4,5,0.8,0,0,0.0,6,8,0.75,6,15,21,8,5,2,2,0,6,9,14,3,58.2,1,0,51.0,1,38,38,38,1,57,75,4,1,12,1,5,7,17,24,10,7,1,7,18,22,1,76,2,39,32,14,1,1,13,1,42:39,1,2017-18
2017-18,203083,Andre Drummond,Andre,1610612765,DET,Detroit Pistons,0021700685,2018-01-21T00:00:00,DET vs. BKN,L,26.35,3,8,0.375,0,1,0.0,1,2,0.5,3,10,13,4,0,0,1,0,5,1,7,-6,31.6,0,0,26.0,1,38,38,38,71,69,60,63,1,1,1,58,61,44,61,39,60,20,71,61,38,1,67,71,73,47,67,63,1,71,2,26:21,1,2017-18
2017-18,203083,Andre Drummond,Andre,1610612765,DET,Detroit Pistons,0021700702,2018-01-24T00:00:00,DET vs. UTA,L,39.47,11,17,0.647,0,1,0.0,8,12,0.667,8,16,24,4,5,3,6,2,4,9,30,-3,86.8,1,0,76.0,1,38,38,38,7,3,3,19,1,1,1,3,3,31,5,8,2,20,7,10,1,66,45,2,1,41,1,1,1,1,1,39:28,1,2017-18
2017-18,203083,Andre Drummond,Andre,1610612765,DET,Detroit Pistons,0021700724,2018-01-27T00:00:00,DET vs. OKC,L,30.573333333333334,5,11,0.455,0,1,0.0,2,6,0.333,6,7,13,2,3,1,3,0,2,6,12,-30,39.6,1,0,35.0,1,38,38,38,58,40,37,54,1,1,1,46,23,62,24,64,60,41,21,27,7,1,8,13,54,77,51,1,1,54,1,30:34,1,2017-18
2017-18,203083,Andre Drummond,Andre,1610612765,DET,Detroit Pistons,0021700734,2018-01-28T00:00:00,DET @ CLE,L,35.05833333333333,7,14,0.5,0,0,0.0,3,4,0.75,4,7,11,4,1,1,1,0,4,2,17,-22,41.2,1,0,36.0,1,38,38,38,37,23,20,38,1,12,1,29,39,17,48,64,68,20,54,27,38,1,45,66,23,74,49,1,1,50,1,35:04,1,2017-18
2017-18,203083,Andre Drummond,Andre,1610612765,DET,Detroit Pistons,0021700747,2018-01-30T00:00:00,DET vs. CLE,W,37.583333333333336,9,12,0.75,0,0,0.0,3,7,0.429,5,17,22,7,3,3,3,0,3,5,21,18,72.9,1,0,62.0,1,1,1,1,19,7,32,7,1,12,1,29,19,57,33,5,4,3,21,10,7,1,25,22,13,5,2,1,1,2,1,37:35,1,2017-18
2017-18,203083,Andre Drummond,Andre,1610612765,DET,Detroit Pistons,0021700761,2018-02-01T00:00:00,DET vs. MEM,W,28.226666666666667,7,15,0.467,0,0,0.0,0,2,0.0,2,13,15,3,3,3,1,2,4,2,14,2,45.5,1,0,40.0,1,1,1,1,64,23,11,50,1,12,1,69,61,69,66,17,43,34,21,10,38,66,45,66,39,33,35,1,1,36,1,28:14,1,2017-18
2017-18,203083,Andre Drummond,Andre,1610612765,DET,Detroit Pistons,0021700776,2018-02-03T00:00:00,DET vs. MIA,W,35.598333333333336,11,15,0.733,0,0,0.0,1,3,0.333,7,13,20,1,6,4,4,0,2,3,23,16,66.5,1,0,60.0,1,1,1,1,33,3,11,10,1,12,1,58,53,62,12,17,12,56,1,3,3,1,8,50,8,8,5,1,1,4,1,35:36,1,2017-18
2017-18,203083,Andre Drummond,Andre,1610612765,DET,Detroit Pistons,0021700790,2018-02-05T00:00:00,DET vs. POR,W,33.93333333333333,7,12,0.583,0,0,0.0,3,4,0.75,5,12,17,5,4,1,3,0,4,2,17,12,52.9,1,0,47.0,1,1,1,1,42,23,32,27,1,12,1,29,39,17,33,27,26,11,13,27,7,1,45,66,23,12,21,1,1,18,1,33:56,1,2017-18
2017-18,203083,Andre Drummond,Andre,1610612765,DET,Detroit Pistons,0021700805,2018-02-07T00:00:00,DET vs. BKN,W,35.63333333333333,5,17,0.294,0,0,0.0,7,10,0.7,7,20,27,2,1,3,2,3,1,5,17,9,66.4,1,0,56.0,1,1,1,1,32,40,3,71,1,12,1,4,4,29,12,1,1,41,54,10,22,73,3,22,23,19,6,1,1,5,1,35:38,1,2017-18
2017-18,203083,Andre Drummond,Andre,1610612765,DET,Detroit Pistons,0021700817,2018-02-09T00:00:00,DET vs. LAC,L,37.656666666666666,5,15,0.333,0,0,0.0,2,3,0.667,5,12,17,2,2,1,3,0,4,5,12,-17,45.4,1,0,39.0,1,38,38,38,17,40,11,66,1,12,1,46,53,31,33,27,26,41,40,27,7,1,45,22,54,72,37,1,1,39,1,37:39,1,2017-18
2017-18,203083,Andre Drummond,Andre,1610612765,DET,Detroit Pistons,0021700834,2018-02-11T00:00:00,DET @ ATL,L,37.218333333333334,8,14,0.571,0,0,0.0,9,13,0.692,5,10,15,2,1,1,3,1,2,10,25,0,57.0,1,0,50.0,1,38,38,38,23,15,20,28,1,12,1,2,2,30,33,39,43,41,54,27,7,40,8,1,4,38,16,1,1,14,1,37:13,1,2017-18
2017-18,203083,Andre Drummond,Andre,1610612765,DET,Detroit Pistons,0021700841,2018-02-12T00:00:00,DET vs. NOP,L,35.11333333333334,4,12,0.333,0,0,0.0,5,8,0.625,8,13,21,1,3,1,1,1,3,4,13,-12,42.7,1,0,39.0,1,38,38,38,35,57,32,66,1,12,1,10,7,38,5,17,7,56,21,27,38,40,25,36,47,63,43,1,1,39,1,35:07,1,2017-18
2017-18,203083,Andre Drummond,Andre,1610612765,DET,Detroit Pistons,0021700853,2018-02-14T00:00:00,DET vs. ATL,W,35.04,5,10,0.5,0,0,0.0,3,3,1.0,4,11,15,0,2,0,3,1,2,4,13,2,38.0,1,0,34.0,1,1,1,1,38,40,43,38,1,12,1,29,53,1,48,33,43,73,40,61,7,40,8,36,47,33,56,1,1,55,1,35:02,1,2017-18
2017-18,203083,Andre Drummond,Andre,1610612765,DET,Detroit Pistons,0021700873,2018-02-23T00:00:00,DET vs. BOS,L,31.266666666666666,6,8,0.75,0,0,0.0,3,4,0.75,6,11,17,0,1,0,3,1,1,5,15,-4,43.4,1,0,38.0,1,38,38,38,54,31,60,7,1,12,1,29,39,17,24,33,26,73,54,61,7,40,3,22,32,43,41,1,1,44,1,31:16,1,2017-18
2017-18,203083,Andre Drummond,Andre,1610612765,DET,Detroit Pistons,0021700892,2018-02-25T00:00:00,DET @ CHA,L,32.38333333333333,7,13,0.538,0,0,0.0,0,1,0.0,4,10,14,1,1,1,0,0,3,3,14,-15,34.3,1,0,31.0,1,38,38,38,50,23,25,36,1,12,1,69,74,69,48,39,54,56,54,27,61,1,25,50,39,69,63,1,1,59,1,32:23,1,2017-18
2017-18,203083,Andre Drummond,Andre,1610612765,DET,Detroit Pistons,0021700901,2018-02-26T00:00:00,DET @ TOR,L,34.93333333333333,8,18,0.444,0,0,0.0,2,2,1.0,6,12,18,2,2,4,3,2,3,3,18,-16,61.6,1,0,52.0,1,38,38,38,40,15,1,57,1,12,1,46,61,1,24,27,20,41,40,3,7,66,25,50,20,71,7,1,1,11,1,34:56,1,2017-18
2017-18,203083,Andre Drummond,Andre,1610612765,DET,Detroit Pistons,0021700913,2018-02-28T00:00:00,DET vs. MIL,W,26.526666666666667,6,12,0.5,0,1,0.0,3,5,0.6,10,6,16,1,1,2,0,1,4,6,15,10,40.7,1,0,36.0,1,1,1,1,69,31,32,38,1,1,1,29,35,42,2,71,39,56,54,18,61,40,45,13,32,17,50,1,1,50,2,26:32,1,2017-18
2017-18,203083,Andre Drummond,Andre,1610612765,DET,Detroit Pistons,0021700926,2018-03-02T00:00:00,DET @ ORL,L,38.498333333333335,5,11,0.455,0,0,0.0,0,4,0.0,5,10,15,0,3,1,0,0,4,2,10,-13,28.0,1,0,27.0,1,38,38,38,10,40,37,54,1,12,1,69,39,69,33,39,43,73,21,27,61,1,45,66,62,65,75,1,1,68,1,38:30,1,2017-18
2017-18,203083,Andre Drummond,Andre,1610612765,DET,Detroit Pistons,0021700938,2018-03-03T00:00:00,DET @ MIA,L,37.505,9,16,0.563,0,0,0.0,4,8,0.5,11,7,18,2,5,4,2,0,3,7,22,-8,59.6,1,0,54.0,1,38,38,38,21,7,6,32,1,12,1,19,7,44,1,64,20,41,7,3,22,1,25,6,10,54,9,1,1,8,1,37:30,1,2017-18
2017-18,203083,Andre Drummond,Andre,1610612765,DET,Detroit Pistons,0021700950,2018-03-05T00:00:00,DET @ CLE,L,29.778333333333332,5,5,1.0,0,0,0.0,5,5,1.0,1,8,9,1,3,2,1,0,5,4,15,-11,33.3,0,0,31.0,1,38,38,38,60,40,75,1,1,12,1,10,35,1,76,57,74,56,21,18,38,1,67,36,32,58,64,63,1,59,1,29:47,1,2017-18
2017-18,203083,Andre Drummond,Andre,1610612765,DET,Detroit Pistons,0021700966,2018-03-07T00:00:00,DET vs. TOR,L,37.15833333333333,5,15,0.333,0,0,0.0,0,0,0.0,7,14,21,2,2,0,2,1,5,0,10,-14,42.2,1,0,37.0,1,38,38,38,26,40,11,66,1,12,1,69,76,69,12,12,7,41,40,61,22,40,67,77,62,67,45,1,1,47,1,37:10,1,2017-18
2017-18,203083,Andre Drummond,Andre,1610612765,DET,Detroit Pistons,0021700977,2018-03-09T00:00:00,DET vs. CHI,W,29.973333333333333,2,7,0.286,0,0,0.0,1,4,0.25,4,13,17,1,0,1,4,0,0,3,5,18,41.9,0,0,33.0,1,1,1,1,59,73,68,72,1,12,1,58,39,67,48,17,26,56,71,27,3,1,1,50,75,5,48,63,1,56,1,29:58,1,2017-18
2017-18,203083,Andre Drummond,Andre,1610612765,DET,Detroit Pistons,0021701013,2018-03-13T00:00:00,DET @ UTA,L,23.933333333333334,4,8,0.5,0,0,0.0,5,8,0.625,5,6,11,1,1,1,0,0,5,5,13,-22,29.7,1,0,27.0,1,38,38,38,76,57,60,38,1,12,1,10,7,38,33,71,68,56,54,27,61,1,67,22,47,74,71,1,1,68,1,23:56,1,2017-18
2017-18,203083,Andre Drummond,Andre,1610612765,DET,Detroit Pistons,0021701026,2018-03-15T00:00:00,DET @ DEN,L,33.516666666666666,9,18,0.5,0,0,0.0,3,8,0.375,6,11,17,2,3,1,3,2,5,6,21,-3,53.4,1,0,48.0,1,38,38,38,46,7,1,38,1,12,1,29,7,60,24,33,26,41,21,27,7,66,67,13,13,41,19,1,1,16,1,33:31,1,2017-18
2017-18,203083,Andre Drummond,Andre,1610612765,DET,Detroit Pistons,0021701045,2018-03-17T00:00:00,DET @ POR,L,37.15,6,9,0.667,0,0,0.0,6,8,0.75,4,18,22,0,1,0,2,0,2,5,18,-15,49.4,1,0,44.0,1,38,38,38,27,31,50,17,1,12,1,5,7,17,48,3,4,73,54,61,22,1,8,22,20,69,29,1,1,28,1,37:09,1,2017-18
2017-18,203083,Andre Drummond,Andre,1610612765,DET,Detroit Pistons,0021701057,2018-03-19T00:00:00,DET @ SAC,W,30.596666666666668,2,7,0.286,0,0,0.0,0,2,0.0,2,14,16,2,3,0,3,0,3,4,4,12,32.2,0,0,28.0,1,1,1,1,56,73,68,72,1,12,1,69,61,69,66,12,39,41,21,61,7,1,25,36,77,12,66,63,1,66,1,30:36,1,2017-18
2017-18,203083,Andre Drummond,Andre,1610612765,DET,Detroit Pistons,0021701063,2018-03-20T00:00:00,DET @ PHX,W,25.59,4,9,0.444,0,0,0.0,2,3,0.667,3,7,10,0,4,1,5,1,4,3,10,12,36.0,1,0,32.0,1,1,1,1,73,57,50,57,1,12,1,46,53,31,61,64,71,73,13,27,2,40,45,50,62,12,59,1,1,58,1,25:35,1,2017-18
2017-18,203083,Andre Drummond,Andre,1610612765,DET,Detroit Pistons,0021701074,2018-03-22T00:00:00,DET @ HOU,L,42.65,6,13,0.462,0,0,0.0,5,10,0.5,7,13,20,1,3,1,1,0,3,6,17,-4,45.5,1,0,42.0,1,38,38,38,2,31,25,52,1,12,1,10,4,44,12,17,12,56,21,27,38,1,25,13,23,43,35,1,1,33,1,42:39,1,2017-18
2017-18,203083,Andre Drummond,Andre,1610612765,DET,Detroit Pistons,0021701089,2018-03-24T00:00:00,DET vs. CHI,W,35.8,6,9,0.667,0,0,0.0,3,4,0.75,7,13,20,4,0,4,4,0,0,6,15,20,69.0,1,0,55.0,1,1,1,1,31,31,50,17,1,12,1,29,39,17,12,17,12,20,71,3,3,1,1,13,32,3,4,1,1,6,1,35:48,1,2017-18
2017-18,203083,Andre Drummond,Andre,1610612765,DET,Detroit Pistons,0021701104,2018-03-26T00:00:00,DET vs. LAL,W,39.38,5,16,0.313,0,1,0.0,5,6,0.833,3,15,18,2,3,0,1,4,4,7,15,9,39.6,1,0,37.0,1,1,1,1,8,40,6,70,1,1,1,10,23,12,61,10,20,41,21,61,38,77,45,6,32,19,51,1,1,47,1,39:23,1,2017-18
2017-18,203083,Andre Drummond,Andre,1610612765,DET,Detroit Pistons,0021701124,2018-03-29T00:00:00,DET vs. WAS,W,37.86666666666667,10,16,0.625,0,0,0.0,4,7,0.571,5,18,23,4,1,0,1,0,2,4,24,19,59.6,1,0,53.0,1,1,1,1,14,5,6,21,1,12,1,19,19,43,33,3,3,20,54,61,38,1,8,36,6,4,9,1,1,9,1,37:52,1,2017-18
2017-18,203083,Andre Drummond,Andre,1610612765,DET,Detroit Pistons,0021701139,2018-03-31T00:00:00,DET @ NYK,W,37.2,8,13,0.615,0,0,0.0,6,8,0.75,6,11,17,2,3,0,3,1,4,4,22,-6,51.4,1,0,47.0,1,1,1,1,25,15,25,23,1,12,1,5,7,17,24,33,26,41,21,61,7,40,45,36,10,47,24,1,1,18,1,37:12,1,2017-18
2017-18,203083,Andre Drummond,Andre,1610612765,DET,Detroit Pistons,0021701148,2018-04-01T00:00:00,DET @ BKN,W,24.69333333333333,4,7,0.571,0,0,0.0,5,6,0.833,4,10,14,1,1,0,0,0,2,4,13,6,30.3,1,0,28.0,1,1,1,1,75,57,68,28,1,12,1,10,23,12,48,39,54,56,54,61,61,1,8,36,47,28,70,1,1,66,1,24:42,1,2017-18
2017-18,203083,Andre Drummond,Andre,1610612765,DET,Detroit Pistons,0021701169,2018-04-04T00:00:00,DET vs. PHI,L,37.666666666666664,5,10,0.5,0,1,0.0,3,7,0.429,5,10,15,1,4,0,1,1,5,4,13,-11,31.5,1,0,31.0,1,38,38,38,16,40,43,38,1,1,1,29,19,57,33,39,43,56,13,61,38,40,67,36,47,58,68,1,1,59,1,37:40,1,2017-18
2017-18,203083,Andre Drummond,Andre,1610612765,DET,Detroit Pistons,0021701181,2018-04-06T00:00:00,DET vs. DAL,W,42.333333333333336,9,13,0.692,0,1,0.0,1,6,0.167,2,14,16,5,2,1,2,0,3,5,19,9,52.7,1,0,46.0,1,1,1,1,3,7,25,15,1,1,1,58,23,68,66,12,39,11,40,27,22,1,25,22,19,19,23,1,1,23,1,42:20,1,2017-18
2017-18,203083,Andre Drummond,Andre,1610612765,DET,Detroit Pistons,0021701199,2018-04-08T00:00:00,DET @ MEM,L,41.3,6,13,0.462,0,1,0.0,0,2,0.0,8,10,18,3,2,2,0,0,3,3,12,-1,42.1,1,0,37.0,1,38,38,38,4,31,25,52,1,1,1,69,61,69,5,39,20,34,40,18,61,1,25,50,54,39,46,1,1,47,1,41:18,1,2017-18
2018-19,203083,Andre Drummond,Andre,1610612765,DET,Detroit Pistons,0021800004,2018-10-17T00:00:00,DET vs. BKN,W,32.18666666666667,10,21,0.476,1,3,0.333,3,4,0.75,9,11,20,2,4,0,1,2,5,4,24,-9,50.0,1,0,49.0,1,1,1,1,50,10,2,53,1,1,5,28,42,20,7,29,12,16,9,62,36,57,61,30,10,59,34,1,1,20,1,32:11,1,2018-19
2018-19,203083,Andre Drummond,Andre,1610612765,DET,Detroit Pistons,0021800031,2018-10-20T00:00:00,DET @ CHI,W,23.55,5,13,0.385,0,2,0.0,0,0,0.0,4,9,13,0,1,0,1,0,6,1,10,0,27.6,1,0,25.0,1,1,1,1,75,58,41,65,6,3,6,70,74,70,44,46,54,58,48,62,36,1,76,73,70,43,72,1,1,73,1,23:33,1,2018-19
2018-19,203083,Andre Drummond,Andre,1610612765,DET,Detroit Pistons,0021800049,2018-10-23T00:00:00,DET vs. PHI,W,35.53666666666667,6,20,0.3,0,2,0.0,2,4,0.5,5,11,16,2,5,3,2,2,4,2,14,4,46.2,1,0,42.0,1,1,1,1,35,45,4,77,6,3,6,45,42,42,35,29,37,16,2,9,22,57,41,63,54,32,42,1,1,41,1,35:32,1,2018-19
2018-19,203083,Andre Drummond,Andre,1610612765,DET,Detroit Pistons,0021800063,2018-10-25T00:00:00,DET vs. CLE,W,36.61333333333334,11,17,0.647,0,0,0.0,4,6,0.667,6,16,22,0,5,0,1,1,4,4,26,10,50.4,1,0,50.0,1,1,1,1,29,5,15,18,6,30,6,20,24,26,27,4,6,58,2,62,36,26,41,30,6,25,33,1,1,19,1,36:37,1,2018-19
2018-19,203083,Andre Drummond,Andre,1610612765,DET,Detroit Pistons,0021800074,2018-10-27T00:00:00,DET vs. BOS,L,29.433333333333334,8,12,0.667,0,0,0.0,2,4,0.5,2,6,8,1,3,0,2,0,4,5,18,-17,32.1,0,0,31.0,1,41,41,41,62,27,49,11,6,30,6,45,42,42,68,68,75,33,18,62,22,1,41,18,37,76,64,70,1,63,1,29:26,1,2018-19
2018-19,203083,Andre Drummond,Andre,1610612765,DET,Detroit Pistons,0021800099,2018-10-30T00:00:00,DET @ BOS,L,31.25,8,17,0.471,0,0,0.0,1,4,0.25,4,8,12,2,0,2,1,1,4,4,17,1,43.4,1,0,37.0,1,41,41,41,54,27,15,54,6,30,6,61,42,63,44,53,58,16,69,25,36,26,41,30,40,40,50,1,1,53,1,31:15,1,2018-19
2018-19,203083,Andre Drummond,Andre,1610612765,DET,Detroit Pistons,0021800104,2018-10-31T00:00:00,DET @ BKN,L,37.888333333333335,8,14,0.571,0,1,0.0,8,10,0.8,10,13,23,1,4,1,2,0,2,6,24,-11,58.1,1,0,54.0,1,41,41,41,20,27,31,31,6,8,6,1,5,14,6,11,3,33,9,41,22,1,8,12,10,64,18,1,1,11,1,37:53,1,2018-19
2018-19,203083,Andre Drummond,Andre,1610612765,DET,Detroit Pistons,0021800125,2018-11-03T00:00:00,DET @ PHI,L,20.766666666666666,3,8,0.375,0,1,0.0,2,5,0.4,1,8,9,1,1,0,1,1,5,3,8,3,22.3,0,0,20.0,1,41,41,41,78,73,70,67,6,8,6,45,33,56,74,53,72,33,48,62,36,26,61,46,74,35,75,70,1,77,1,20:46,1,2018-19
2018-19,203083,Andre Drummond,Andre,1610612765,DET,Detroit Pistons,0021800140,2018-11-05T00:00:00,DET vs. MIA,L,44.083333333333336,11,19,0.579,0,0,0.0,3,9,0.333,11,13,24,3,4,1,1,1,3,7,25,6,60.3,1,0,56.0,1,41,41,41,2,5,6,30,6,30,6,28,8,59,1,11,1,7,9,41,36,26,20,9,9,31,16,1,1,8,1,44:05,1,2018-19
2018-19,203083,Andre Drummond,Andre,1610612765,DET,Detroit Pistons,0021800154,2018-11-07T00:00:00,DET @ ORL,W,35.13333333333333,10,16,0.625,1,1,1.0,2,2,1.0,8,11,19,2,2,3,1,1,0,1,23,-8,58.8,1,0,53.0,1,1,1,1,38,10,18,22,1,8,1,45,67,1,15,29,19,16,34,9,36,26,1,73,13,57,17,1,1,15,1,35:08,1,2018-19
2018-19,203083,Andre Drummond,Andre,1610612765,DET,Detroit Pistons,0021800169,2018-11-09T00:00:00,DET @ ATL,W,32.583333333333336,10,15,0.667,0,1,0.0,3,7,0.429,5,6,11,1,3,1,4,1,5,7,23,22,49.7,1,0,45.0,1,1,1,1,48,10,23,11,6,8,6,28,19,55,35,68,62,33,18,41,8,26,61,9,13,8,36,1,1,31,1,32:35,1,2018-19
2018-19,203083,Andre Drummond,Andre,1610612765,DET,Detroit Pistons,0021800184,2018-11-11T00:00:00,DET vs. CHA,L,36.68333333333333,9,16,0.563,0,0,0.0,5,7,0.714,9,13,22,3,2,3,2,1,5,9,23,4,66.9,1,0,58.0,1,41,41,41,28,16,18,34,6,30,6,11,19,25,7,11,6,7,34,9,22,26,61,2,13,32,7,1,1,7,1,36:41,1,2018-19
2018-19,203083,Andre Drummond,Andre,1610612765,DET,Detroit Pistons,0021800206,2018-11-14T00:00:00,DET @ TOR,W,35.93666666666667,5,13,0.385,0,0,0.0,1,4,0.25,4,8,12,2,1,0,1,1,3,7,11,-3,30.4,1,0,27.0,1,1,1,1,32,58,41,65,6,30,6,61,42,63,44,53,58,16,48,62,36,26,20,9,68,47,67,1,1,67,1,35:56,1,2018-19
2018-19,203083,Andre Drummond,Andre,1610612765,DET,Detroit Pistons,0021800240,2018-11-19T00:00:00,DET vs. CLE,W,38.666666666666664,10,19,0.526,0,1,0.0,3,3,1.0,7,9,16,3,0,0,3,0,3,3,23,11,55.7,1,0,48.0,1,1,1,1,11,10,6,45,6,8,6,28,60,1,20,46,37,7,69,62,11,1,20,46,13,23,19,1,1,22,1,38:40,1,2018-19
2018-19,203083,Andre Drummond,Andre,1610612765,DET,Detroit Pistons,0021800258,2018-11-21T00:00:00,DET @ HOU,L,27.75,8,12,0.667,1,2,0.5,3,9,0.333,6,5,11,1,2,0,1,1,5,8,20,8,35.7,1,0,35.0,1,41,41,41,67,27,49,11,1,3,4,28,8,59,27,75,62,33,34,62,36,26,61,6,25,28,60,1,1,56,1,27:45,1,2018-19
2018-19,203083,Andre Drummond,Andre,1610612765,DET,Detroit Pistons,0021800267,2018-11-23T00:00:00,DET vs. HOU,W,44.25,9,18,0.5,0,1,0.0,5,8,0.625,9,11,20,1,1,3,5,3,1,6,23,16,71.5,1,0,60.0,1,1,1,1,1,16,10,46,6,8,6,11,12,32,7,29,12,33,48,9,2,71,2,12,13,13,1,1,1,3,1,44:15,1,2018-19
2018-19,203083,Andre Drummond,Andre,1610612765,DET,Detroit Pistons,0021800287,2018-11-25T00:00:00,DET vs. PHX,W,30.683333333333334,9,14,0.643,0,0,0.0,1,8,0.125,7,9,16,1,3,5,0,1,4,5,19,-3,51.7,1,0,46.0,1,1,1,1,56,16,31,19,6,30,6,61,12,69,20,46,37,33,18,1,65,26,41,18,31,47,29,1,1,28,1,30:41,1,2018-19
2018-19,203083,Andre Drummond,Andre,1610612765,DET,Detroit Pistons,0021800301,2018-11-27T00:00:00,DET vs. NYK,W,30.186666666666667,3,9,0.333,0,0,0.0,0,4,0.0,5,9,14,0,5,1,2,0,2,2,6,-13,26.8,0,0,26.0,1,1,1,1,59,73,67,72,6,30,6,70,42,70,35,46,50,58,2,41,22,1,8,63,75,69,73,70,1,72,1,30:11,1,2018-19
2018-19,203083,Andre Drummond,Andre,1610612765,DET,Detroit Pistons,0021800321,2018-11-30T00:00:00,DET vs. CHI,W,29.926666666666666,9,16,0.563,0,0,0.0,1,2,0.5,8,12,20,2,2,2,4,2,3,2,19,24,62.0,1,0,53.0,1,1,1,1,60,16,18,34,6,30,6,61,67,42,15,21,12,16,34,25,8,57,20,63,31,7,11,1,1,15,1,29:56,1,2018-19
2018-19,203083,Andre Drummond,Andre,1610612765,DET,Detroit Pistons,0021800331,2018-12-01T00:00:00,DET vs. GSW,W,33.483333333333334,7,14,0.5,0,2,0.0,2,8,0.25,8,11,19,0,4,3,2,1,3,8,16,1,49.8,1,0,45.0,1,1,1,1,44,38,31,46,6,3,6,45,12,63,15,29,19,58,9,9,22,26,20,6,43,40,35,1,1,31,1,33:29,1,2018-19
2018-19,203083,Andre Drummond,Andre,1610612765,DET,Detroit Pistons,0021800343,2018-12-03T00:00:00,DET vs. OKC,L,22.883333333333333,6,14,0.429,0,1,0.0,1,2,0.5,0,6,6,0,1,1,0,3,4,3,13,-21,22.2,0,0,21.0,1,41,41,41,76,45,31,61,6,8,6,61,67,42,78,68,78,58,48,41,65,71,41,46,58,78,76,70,1,75,1,22:53,1,2018-19
2018-19,203083,Andre Drummond,Andre,1610612765,DET,Detroit Pistons,0021800361,2018-12-05T00:00:00,DET @ MIL,L,30.483333333333334,4,10,0.4,0,0,0.0,2,4,0.5,2,6,8,1,3,1,0,2,5,4,10,-17,21.1,0,0,21.0,1,41,41,41,57,68,63,63,6,30,6,45,42,42,68,68,75,33,18,41,65,57,61,30,70,76,77,70,1,75,1,30:29,1,2018-19
2018-19,203083,Andre Drummond,Andre,1610612765,DET,Detroit Pistons,0021800369,2018-12-07T00:00:00,DET vs. PHI,L,33.71666666666667,7,19,0.368,0,1,0.0,7,7,1.0,5,5,10,0,1,2,2,4,2,4,21,-7,44.0,1,0,39.0,1,41,41,41,43,38,6,68,6,8,6,6,19,1,35,75,69,58,48,25,22,77,8,30,21,54,48,1,1,46,1,33:43,1,2018-19
2018-19,203083,Andre Drummond,Andre,1610612765,DET,Detroit Pistons,0021800387,2018-12-09T00:00:00,DET vs. NOP,L,34.71,10,23,0.435,0,1,0.0,3,6,0.5,11,8,19,1,4,1,1,2,5,3,23,-9,49.3,1,0,47.0,1,41,41,41,39,10,1,60,6,8,6,28,24,42,1,53,19,33,9,41,36,57,61,46,13,59,37,1,1,27,1,34:43,1,2018-19
2018-19,203083,Andre Drummond,Andre,1610612765,DET,Detroit Pistons,0021800392,2018-12-10T00:00:00,DET @ PHI,L,37.2,8,12,0.667,0,0,0.0,5,11,0.455,3,14,17,2,1,1,3,1,2,9,21,-6,55.4,1,0,48.0,1,41,41,41,25,27,49,11,6,30,6,11,3,54,60,8,28,16,48,41,11,26,8,2,21,51,20,1,1,22,1,37:12,1,2018-19
2018-19,203083,Andre Drummond,Andre,1610612765,DET,Detroit Pistons,0021800405,2018-12-12T00:00:00,DET @ CHA,L,31.733333333333334,6,12,0.5,0,0,0.0,2,3,0.667,4,9,13,0,3,1,5,1,3,3,14,-2,44.6,1,0,39.0,1,41,41,41,52,45,49,46,6,30,6,45,60,26,44,46,54,58,18,41,2,26,20,46,54,45,46,1,1,46,1,31:44,1,2018-19
2018-19,203083,Andre Drummond,Andre,1610612765,DET,Detroit Pistons,0021800431,2018-12-15T00:00:00,DET vs. BOS,W,32.95666666666666,6,14,0.429,0,0,0.0,7,9,0.778,4,16,20,1,1,3,5,0,3,5,19,12,67.5,1,0,56.0,1,1,1,1,47,45,31,61,6,30,6,6,8,19,44,4,12,33,48,9,2,1,20,18,31,20,5,1,1,8,1,32:57,1,2018-19
2018-19,203083,Andre Drummond,Andre,1610612765,DET,Detroit Pistons,0021800443,2018-12-17T00:00:00,DET vs. MIL,L,34.25,4,12,0.333,0,0,0.0,2,2,1.0,4,10,14,1,0,1,0,3,2,2,10,-3,31.3,1,0,27.0,1,41,41,41,42,68,49,72,6,30,6,45,67,1,44,39,50,33,69,41,65,71,8,63,70,47,65,1,1,67,1,34:15,1,2018-19
2018-19,203083,Andre Drummond,Andre,1610612765,DET,Detroit Pistons,0021800463,2018-12-19T00:00:00,DET @ MIN,W,42.49166666666667,5,7,0.714,1,1,1.0,5,9,0.556,4,12,16,2,4,1,1,0,4,8,16,3,40.2,1,0,39.0,1,1,1,1,5,58,73,6,1,8,1,11,8,40,44,21,37,16,9,41,36,1,41,6,43,35,56,1,1,46,1,42:30,1,2018-19
2018-19,203083,Andre Drummond,Andre,1610612765,DET,Detroit Pistons,0021800469,2018-12-21T00:00:00,DET @ CHA,L,37.75,8,18,0.444,0,2,0.0,1,4,0.25,8,8,16,0,4,3,1,2,4,4,17,-12,44.2,1,0,41.0,1,41,41,41,21,27,10,57,6,3,6,61,42,63,15,53,37,58,9,9,36,57,41,30,40,65,47,1,1,42,1,37:45,1,2018-19
2018-19,203083,Andre Drummond,Andre,1610612765,DET,Detroit Pistons,0021800486,2018-12-23T00:00:00,DET vs. ATL,L,28.95,6,12,0.5,0,0,0.0,1,6,0.167,2,13,15,2,2,2,5,1,3,4,13,-13,53.0,1,0,44.0,1,41,41,41,65,45,49,46,6,30,6,61,24,68,68,11,45,16,34,25,2,26,20,30,58,69,25,1,1,36,1,28:57,1,2018-19
2018-19,203083,Andre Drummond,Andre,1610612765,DET,Detroit Pistons,0021800502,2018-12-26T00:00:00,DET vs. WAS,W,35.3,6,11,0.545,0,0,0.0,4,4,1.0,3,8,11,4,4,3,2,0,5,4,16,16,46.2,1,0,41.0,1,1,1,1,37,45,59,38,6,30,6,20,42,1,60,53,62,3,9,9,22,1,61,30,43,13,42,1,1,42,1,35:18,1,2018-19
2018-19,203083,Andre Drummond,Andre,1610612765,DET,Detroit Pistons,0021800518,2018-12-28T00:00:00,DET @ IND,L,25.65,6,11,0.545,0,1,0.0,0,0,0.0,6,6,12,0,3,1,3,1,3,1,12,-12,35.4,1,0,32.0,1,41,41,41,71,45,59,38,6,8,6,70,74,70,27,68,58,58,18,41,11,26,20,73,63,65,62,1,1,61,1,25:39,1,2018-19
2018-19,203083,Andre Drummond,Andre,1610612765,DET,Detroit Pistons,0021800536,2018-12-30T00:00:00,DET @ ORL,L,24.983333333333334,7,13,0.538,0,1,0.0,0,0,0.0,7,8,15,0,2,0,0,0,4,0,14,-9,30.0,1,0,29.0,1,41,41,41,73,38,41,42,6,8,6,70,74,70,20,53,45,58,34,62,65,1,41,76,54,59,68,1,1,64,1,24:59,1,2018-19
2018-19,203083,Andre Drummond,Andre,1610612765,DET,Detroit Pistons,0021800550,2019-01-01T00:00:00,DET @ MIL,L,30.266666666666666,6,12,0.5,0,0,0.0,3,5,0.6,2,5,7,1,1,2,0,1,2,4,15,-14,29.9,0,0,27.0,1,41,41,41,58,45,49,46,6,30,6,28,33,36,68,75,77,33,48,25,65,26,8,30,48,71,70,70,1,67,1,30:16,1,2018-19
2018-19,203083,Andre Drummond,Andre,1610612765,DET,Detroit Pistons,0021800560,2019-01-02T00:00:00,DET @ MEM,W,38.45,4,13,0.308,0,0,0.0,3,5,0.6,2,8,10,2,1,2,1,5,2,3,11,13,34.0,1,0,29.0,1,1,1,1,12,68,41,76,6,30,6,28,33,36,68,53,69,16,48,25,36,79,8,46,68,18,63,1,1,64,1,38:27,1,2018-19
2018-19,203083,Andre Drummond,Andre,1610612765,DET,Detroit Pistons,0021800577,2019-01-05T00:00:00,DET vs. UTA,L,37.53333333333333,7,10,0.7,0,0,0.0,1,4,0.25,1,17,18,0,3,3,1,0,4,2,15,8,45.6,1,0,41.0,1,41,41,41,22,38,63,7,6,30,6,61,42,63,74,2,25,58,18,9,36,1,41,63,48,28,45,1,1,42,1,37:32,1,2018-19
2018-19,203083,Andre Drummond,Andre,1610612765,DET,Detroit Pistons,0021800591,2019-01-07T00:00:00,DET vs. SAS,L,36.88333333333333,9,14,0.643,0,0,0.0,1,3,0.333,4,10,14,2,5,3,1,2,4,5,19,-15,45.8,1,0,43.0,1,41,41,41,27,16,31,19,6,30,6,61,60,59,44,39,50,16,2,9,36,57,41,18,31,74,44,1,1,39,1,36:53,1,2018-19
2018-19,203083,Andre Drummond,Andre,1610612765,DET,Detroit Pistons,0021800616,2019-01-09T00:00:00,DET @ LAL,L,32.233333333333334,2,12,0.167,0,3,0.0,2,6,0.333,5,11,16,1,2,3,2,3,2,3,6,-4,39.7,0,0,33.0,1,41,41,41,49,76,49,78,6,1,6,45,24,59,35,29,37,33,34,9,22,71,8,46,75,50,57,70,1,60,1,32:14,1,2018-19
2018-19,203083,Andre Drummond,Andre,1610612765,DET,Detroit Pistons,0021800620,2019-01-10T00:00:00,DET @ SAC,L,31.483333333333334,5,9,0.556,0,0,0.0,2,3,0.667,1,10,11,2,7,0,1,2,5,5,12,-16,24.2,1,0,27.0,1,41,41,41,53,58,67,37,6,30,6,45,60,26,74,39,62,16,1,62,36,57,61,18,63,75,74,1,1,67,1,31:29,1,2018-19
2018-19,203083,Andre Drummond,Andre,1610612765,DET,Detroit Pistons,0021800630,2019-01-12T00:00:00,DET @ LAC,W,41.65,8,13,0.615,0,1,0.0,4,5,0.8,9,12,21,0,3,3,1,1,3,4,20,18,54.2,1,0,49.0,1,1,1,1,7,27,41,25,6,8,6,20,33,14,7,21,9,58,18,9,36,26,20,30,25,11,22,1,1,20,1,41:39,1,2018-19
2018-19,203083,Andre Drummond,Andre,1610612765,DET,Detroit Pistons,0021800648,2019-01-14T00:00:00,DET @ UTA,L,35.4,6,17,0.353,0,1,0.0,3,4,0.75,3,10,13,1,0,3,0,2,3,5,15,-6,41.1,1,0,35.0,1,41,41,41,36,45,15,71,6,8,6,28,42,20,60,39,54,33,69,9,65,57,20,18,48,51,55,1,1,56,1,35:24,1,2018-19
2018-19,203083,Andre Drummond,Andre,1610612765,DET,Detroit Pistons,0021800657,2019-01-16T00:00:00,DET vs. ORL,W,38.27,7,15,0.467,0,0,0.0,0,0,0.0,11,11,22,1,3,0,1,0,2,0,14,-12,41.9,1,0,39.0,1,1,1,1,15,38,23,55,6,30,6,70,74,70,1,29,6,33,18,62,36,1,8,76,54,65,52,1,1,46,1,38:16,1,2018-19
2018-19,203083,Andre Drummond,Andre,1610612765,DET,Detroit Pistons,0021800672,2019-01-18T00:00:00,DET vs. MIA,W,7.233333333333333,0,1,0.0,0,0,0.0,0,0,0.0,0,3,3,0,0,0,1,1,1,0,0,9,6.6,0,0,5.0,1,1,1,1,79,79,79,79,6,30,6,70,74,70,78,79,79,58,69,62,36,26,2,76,79,26,79,70,1,79,1,7:14,1,2018-19
2018-19,203083,Andre Drummond,Andre,1610612765,DET,Detroit Pistons,0021800726,2019-01-25T00:00:00,DET @ DAL,L,38.083333333333336,9,16,0.563,0,0,0.0,5,8,0.625,6,9,15,0,1,3,0,1,3,5,23,0,49.0,1,0,44.0,1,41,41,41,18,16,18,34,6,30,6,11,12,32,27,46,45,58,48,9,65,26,20,18,13,43,38,1,1,36,1,38:05,1,2018-19
2018-19,203083,Andre Drummond,Andre,1610612765,DET,Detroit Pistons,0021800750,2019-01-29T00:00:00,DET vs. MIL,L,35.56666666666667,8,15,0.533,0,0,0.0,4,5,0.8,5,8,13,4,0,2,1,3,1,4,20,-8,50.6,1,0,43.0,1,41,41,41,34,27,23,43,6,30,6,20,33,14,35,53,54,3,69,25,36,71,2,30,25,57,32,1,1,39,1,35:34,1,2018-19
2018-19,203083,Andre Drummond,Andre,1610612765,DET,Detroit Pistons,0021800764,2019-01-31T00:00:00,DET vs. DAL,W,36.598333333333336,11,13,0.846,0,0,0.0,2,2,1.0,6,14,20,0,2,1,1,1,4,2,24,2,52.0,1,0,48.0,1,1,1,1,30,5,41,4,6,30,6,45,67,1,27,8,12,58,34,41,36,26,41,63,10,37,28,1,1,22,1,36:36,1,2018-19
2018-19,203083,Andre Drummond,Andre,1610612765,DET,Detroit Pistons,0021800775,2019-02-02T00:00:00,DET vs. LAC,L,22.658333333333335,5,8,0.625,0,1,0.0,2,4,0.5,4,7,11,1,3,2,3,2,6,4,12,-2,38.7,1,0,34.0,1,41,41,41,77,58,70,22,6,8,6,45,42,42,44,63,62,33,18,25,11,57,76,30,63,45,59,1,1,59,1,22:40,1,2018-19
2018-19,203083,Andre Drummond,Andre,1610612765,DET,Detroit Pistons,0021800790,2019-02-04T00:00:00,DET vs. DEN,W,25.803333333333335,12,14,0.857,0,0,0.0,3,3,1.0,6,6,12,3,2,0,3,0,4,3,27,16,52.9,1,0,48.0,1,1,1,1,70,1,31,3,6,30,6,28,60,1,27,68,58,7,34,62,11,1,41,46,5,13,26,1,1,22,1,25:48,1,2018-19
2018-19,203083,Andre Drummond,Andre,1610612765,DET,Detroit Pistons,0021800799,2019-02-05T00:00:00,DET @ NYK,W,36.46666666666667,7,12,0.583,0,1,0.0,3,6,0.5,4,12,16,0,1,1,5,1,2,3,17,13,53.2,1,0,45.0,1,1,1,1,31,38,49,29,6,8,6,28,24,42,44,21,37,58,48,41,2,26,8,46,40,18,23,1,1,31,1,36:28,1,2018-19
2018-19,203083,Andre Drummond,Andre,1610612765,DET,Detroit Pistons,0021800817,2019-02-08T00:00:00,DET vs. NYK,W,33.21666666666667,12,15,0.8,0,0,0.0,5,6,0.833,3,17,20,2,1,1,3,2,4,3,29,39,67.0,1,0,59.0,1,1,1,1,45,1,23,5,6,30,6,11,24,13,60,2,12,16,48,41,11,57,41,46,3,1,6,1,1,4,1,33:13,1,2018-19
2018-19,203083,Andre Drummond,Andre,1610612765,DET,Detroit Pistons,0021800840,2019-02-11T00:00:00,DET vs. WAS,W,35.595,12,19,0.632,0,1,0.0,8,10,0.8,4,13,17,0,1,4,1,1,3,6,32,14,66.4,1,0,59.0,1,1,1,1,33,1,6,21,6,8,6,1,5,14,44,11,28,58,48,4,36,26,20,12,1,16,8,1,1,4,1,35:36,1,2018-19
2018-19,203083,Andre Drummond,Andre,1610612765,DET,Detroit Pistons,0021800855,2019-02-13T00:00:00,DET @ BOS,L,34.58833333333333,8,14,0.571,0,0,0.0,5,8,0.625,4,13,17,0,2,4,0,1,5,4,21,1,51.4,1,0,46.0,1,41,41,41,40,27,31,31,6,30,6,11,12,32,44,11,28,58,34,4,65,26,61,30,21,40,30,1,1,28,1,34:35,1,2018-19
2018-19,203083,Andre Drummond,Andre,1610612765,DET,Detroit Pistons,0021800877,2019-02-22T00:00:00,DET @ ATL,W,39.233333333333334,9,13,0.692,0,0,0.0,8,16,0.5,6,15,21,2,2,5,1,1,3,10,26,20,70.2,1,0,61.0,1,1,1,1,8,16,41,8,6,30,6,1,1,42,27,7,9,16,34,1,36,26,20,1,6,10,2,1,1,2,1,39:14,1,2018-19
2018-19,203083,Andre Drummond,Andre,1610612765,DET,Detroit Pistons,0021800888,2019-02-23T00:00:00,DET @ MIA,W,31.1,4,6,0.667,0,0,0.0,4,4,1.0,3,11,14,0,2,1,4,1,5,2,12,9,41.8,1,0,36.0,1,1,1,1,55,68,74,11,6,30,6,20,42,1,60,29,50,58,34,41,8,26,61,63,63,26,54,1,1,55,1,31:06,1,2018-19
2018-19,203083,Andre Drummond,Andre,1610612765,DET,Detroit Pistons,0021800899,2019-02-25T00:00:00,DET vs. IND,W,38.385,12,21,0.571,0,0,0.0,2,4,0.5,9,7,16,1,1,2,3,3,3,3,26,2,60.7,1,0,53.0,1,1,1,1,13,1,2,31,6,30,6,45,42,42,7,63,37,33,48,25,11,71,20,46,6,37,14,1,1,15,1,38:23,1,2018-19
2018-19,203083,Andre Drummond,Andre,1610612765,DET,Detroit Pistons,0021800917,2019-02-27T00:00:00,DET @ SAS,L,37.233333333333334,5,14,0.357,0,1,0.0,0,0,0.0,4,13,17,1,0,4,1,1,3,0,10,-14,46.9,1,0,38.0,1,41,41,41,23,58,31,69,6,8,6,70,74,70,44,11,28,33,69,4,36,26,20,76,70,71,41,1,1,51,1,37:14,1,2018-19
2018-19,203083,Andre Drummond,Andre,1610612765,DET,Detroit Pistons,0021800935,2019-03-02T00:00:00,DET @ CLE,W,25.55,3,5,0.6,0,0,0.0,7,8,0.875,1,9,10,2,1,0,1,0,4,5,13,26,30.0,1,0,27.0,1,1,1,1,72,73,76,27,6,30,6,6,12,12,74,46,69,16,48,62,36,1,41,18,58,3,68,1,1,67,1,25:33,1,2018-19
2018-19,203083,Andre Drummond,Andre,1610612765,DET,Detroit Pistons,0021800949,2019-03-03T00:00:00,DET vs. TOR,W,28.133333333333333,5,10,0.5,0,1,0.0,5,8,0.625,5,12,17,1,3,2,1,1,5,6,15,27,42.9,1,0,39.0,1,1,1,1,66,58,63,46,6,8,6,11,12,32,35,21,28,33,18,25,36,26,61,12,48,2,51,1,1,46,1,28:08,1,2018-19
2018-19,203083,Andre Drummond,Andre,1610612765,DET,Detroit Pistons,0021800966,2019-03-06T00:00:00,DET vs. MIN,W,38.95,11,18,0.611,1,1,1.0,8,10,0.8,8,7,15,3,2,1,2,0,5,9,31,12,60.5,1,0,56.0,1,1,1,1,9,5,10,26,1,8,1,1,5,14,15,63,45,7,34,41,22,1,61,2,2,20,15,1,1,8,1,38:57,1,2018-19
2018-19,203083,Andre Drummond,Andre,1610612765,DET,Detroit Pistons,0021800980,2019-03-08T00:00:00,DET @ CHI,W,43.2,9,15,0.6,0,1,0.0,2,5,0.4,3,21,24,2,2,2,2,1,3,4,20,8,61.8,1,0,54.0,1,1,1,1,4,16,23,27,6,8,6,45,33,56,60,1,1,16,34,25,22,26,20,30,25,28,12,1,1,11,1,43:12,1,2018-19
2018-19,203083,Andre Drummond,Andre,1610612765,DET,Detroit Pistons,0021800992,2019-03-10T00:00:00,DET vs. CHI,W,29.833333333333332,6,6,1.0,0,0,0.0,4,7,0.571,3,12,15,1,0,0,0,0,1,4,16,25,35.5,1,0,32.0,1,1,1,1,61,45,74,1,6,30,6,20,19,39,60,21,45,33,69,62,65,1,2,30,43,5,61,1,1,61,1,29:50,1,2018-19
2018-19,203083,Andre Drummond,Andre,1610612765,DET,Detroit Pistons,0021801003,2019-03-11T00:00:00,DET @ BKN,L,29.041666666666668,5,14,0.357,0,0,0.0,3,4,0.75,9,11,20,3,1,1,0,2,3,3,13,-27,43.5,1,0,38.0,1,41,41,41,64,58,31,69,6,30,6,28,42,20,7,29,12,7,48,41,65,57,20,46,58,79,49,1,1,51,1,29:03,1,2018-19
2018-19,203083,Andre Drummond,Andre,1610612765,DET,Detroit Pistons,0021801014,2019-03-13T00:00:00,DET @ MIA,L,24.0,1,3,0.333,0,0,0.0,3,4,0.75,4,5,9,0,5,0,2,0,6,2,5,-7,16.8,0,0,18.0,1,41,41,41,74,78,77,72,6,30,6,28,42,20,44,75,72,58,2,62,22,1,76,63,77,54,78,70,1,78,1,24:00,1,2018-19
2018-19,203083,Andre Drummond,Andre,1610612765,DET,Detroit Pistons,0021801026,2019-03-15T00:00:00,DET vs. LAL,W,37.166666666666664,8,15,0.533,0,0,0.0,3,6,0.5,11,12,23,0,0,0,2,0,1,6,19,25,52.6,1,0,46.0,1,1,1,1,26,27,23,43,6,30,6,28,24,42,1,21,3,58,69,62,22,1,2,12,31,5,27,1,1,28,1,37:10,1,2018-19
2018-19,203083,Andre Drummond,Andre,1610612765,DET,Detroit Pistons,0021801044,2019-03-17T00:00:00,DET vs. TOR,W,33.06666666666667,5,8,0.625,0,0,0.0,5,5,1.0,4,13,17,1,1,2,0,0,2,3,15,-7,41.9,1,0,37.0,1,1,1,1,46,58,70,22,6,30,6,11,33,1,44,11,28,33,48,25,65,1,8,46,48,54,52,1,1,53,2,33:04,1,2018-19
2018-19,203083,Andre Drummond,Andre,1610612765,DET,Detroit Pistons,0021801050,2019-03-18T00:00:00,DET @ CLE,L,38.36,9,20,0.45,0,0,0.0,3,6,0.5,9,12,21,5,1,2,1,1,2,5,21,2,61.7,1,0,53.0,1,41,41,41,14,16,4,56,6,30,6,28,24,42,7,21,9,1,48,25,36,26,8,18,21,37,13,1,1,15,1,38:22,1,2018-19
2018-19,203083,Andre Drummond,Andre,1610612765,DET,Detroit Pistons,0021801077,2019-03-21T00:00:00,DET @ PHX,W,32.02,7,18,0.389,0,0,0.0,2,3,0.667,11,8,19,1,1,3,1,0,4,3,16,12,51.3,1,0,44.0,1,1,1,1,51,38,10,64,6,30,6,45,60,26,1,53,19,33,48,9,36,1,41,46,43,20,31,1,1,36,1,32:01,1,2018-19
2018-19,203083,Andre Drummond,Andre,1610612765,DET,Detroit Pistons,0021801093,2019-03-23T00:00:00,DET @ POR,L,38.68833333333333,6,11,0.545,0,0,0.0,7,7,1.0,4,7,11,1,0,1,1,1,4,4,19,4,39.7,1,0,35.0,1,41,41,41,10,45,59,38,6,30,6,6,19,1,44,63,62,33,69,41,36,26,41,30,31,32,57,1,1,56,1,38:41,1,2018-19
2018-19,203083,Andre Drummond,Andre,1610612765,DET,Detroit Pistons,0021801101,2019-03-24T00:00:00,DET @ GSW,L,34.266666666666666,4,9,0.444,0,0,0.0,4,4,1.0,5,6,11,2,3,2,0,2,1,3,12,-14,31.2,1,0,29.0,1,41,41,41,41,68,67,57,6,30,6,20,42,1,35,68,62,16,18,25,65,57,2,46,63,71,66,1,1,64,1,34:16,1,2018-19
2018-19,203083,Andre Drummond,Andre,1610612765,DET,Detroit Pistons,0021801115,2019-03-26T00:00:00,DET @ DEN,L,29.381666666666668,5,15,0.333,0,0,0.0,3,5,0.6,7,10,17,3,1,2,2,1,6,5,13,11,48.9,1,0,41.0,1,41,41,41,63,58,23,72,6,30,6,28,33,36,20,39,28,7,48,25,22,26,76,18,58,23,39,1,1,42,1,29:23,1,2018-19
2018-19,203083,Andre Drummond,Andre,1610612765,DET,Detroit Pistons,0021801122,2019-03-28T00:00:00,DET vs. ORL,W,38.185,9,10,0.9,0,0,0.0,0,3,0.0,7,11,18,4,3,1,6,0,3,2,18,21,63.6,1,0,54.0,1,1,1,1,17,16,63,2,6,30,6,70,60,70,20,29,25,3,18,41,1,1,20,63,37,9,9,1,1,11,1,38:11,1,2018-19
2018-19,203083,Andre Drummond,Andre,1610612765,DET,Detroit Pistons,0021801139,2019-03-30T00:00:00,DET vs. POR,W,37.93333333333333,9,13,0.692,0,0,0.0,4,6,0.667,3,16,19,4,3,4,3,0,4,5,22,14,68.8,1,0,59.0,1,1,1,1,19,16,41,8,6,30,6,20,24,26,60,4,19,3,18,4,11,1,41,18,20,16,4,1,1,4,1,37:56,1,2018-19
2018-19,203083,Andre Drummond,Andre,1610612765,DET,Detroit Pistons,0021801152,2019-04-01T00:00:00,DET @ IND,L,37.233333333333334,8,18,0.444,0,1,0.0,2,5,0.4,7,10,17,5,3,4,0,4,4,5,18,-10,54.9,1,0,48.0,1,41,41,41,23,27,10,57,6,8,6,45,33,56,20,39,28,1,18,4,65,77,41,18,37,62,21,1,1,22,1,37:14,1,2018-19
2018-19,203083,Andre Drummond,Andre,1610612765,DET,Detroit Pistons,0021801165,2019-04-03T00:00:00,DET vs. IND,L,43.36666666666667,11,16,0.688,0,0,0.0,6,11,0.545,6,13,19,3,4,3,3,0,5,6,28,-12,69.3,1,0,62.0,1,41,41,41,3,5,18,10,6,30,6,10,3,41,27,11,19,7,9,9,11,1,61,12,4,65,3,1,1,1,1,43:22,1,2018-19
2018-19,203083,Andre Drummond,Andre,1610612765,DET,Detroit Pistons,0021801186,2019-04-05T00:00:00,DET @ OKC,L,26.883333333333333,2,3,0.667,0,0,0.0,0,2,0.0,2,7,9,0,5,1,5,0,3,3,4,-6,27.8,0,0,25.0,1,41,41,41,69,76,77,11,6,30,6,70,67,70,68,63,72,58,2,41,2,1,20,46,78,51,71,70,1,73,1,26:53,1,2018-19
2018-19,203083,Andre Drummond,Andre,1610612765,DET,Detroit Pistons,0021801198,2019-04-07T00:00:00,DET vs. CHA,L,42.265,6,12,0.5,0,0,0.0,3,4,0.75,9,14,23,1,0,0,3,0,3,3,15,-10,53.1,1,0,45.0,1,41,41,41,6,45,49,46,6,30,6,28,42,20,7,8,3,33,69,62,11,1,20,46,48,62,24,1,1,31,1,42:16,1,2018-19
2018-19,203083,Andre Drummond,Andre,1610612765,DET,Detroit Pistons,0021801210,2019-04-09T00:00:00,DET vs. MEM,W,38.233333333333334,6,11,0.545,0,0,0.0,8,12,0.667,7,10,17,1,3,5,3,2,5,9,20,17,62.9,1,0,54.0,1,1,1,1,16,45,59,38,6,30,6,1,2,26,20,39,28,33,18,1,11,57,61,2,25,12,10,1,1,11,1,38:14,1,2018-19
2018-19,203083,Andre Drummond,Andre,1610612765,DET,Detroit Pistons,0021801223,2019-04-10T00:00:00,DET @ NYK,W,27.55,10,15,0.667,0,0,0.0,0,1,0.0,5,13,18,3,5,2,0,0,4,2,20,26,47.1,1,0,45.0,1,1,1,1,68,10,23,11,6,30,6,70,73,70,35,11,25,7,2,25,65,1,41,63,25,3,40,1,1,31,1,27:33,1,2018-19
2019-20,203083,Andre Drummond,Andre,1610612765,DET,Detroit Pistons,0021900004,2019-10-23T00:00:00,DET @ IND,W,40.8,12,18,0.667,0,1,0.0,8,10,0.8,7,16,23,2,2,3,4,5,4,6,32,4,81.6,1,0,71.0,1,1,1,1,3,4,7,9,4,8,4,1,4,8,8,5,3,29,43,10,2,56,26,8,1,16,1,1,1,1,1,40:48,1,2019-20
2019-20,203083,Andre Drummond,Andre,1610612765,DET,Detroit Pistons,0021900014,2019-10-24T00:00:00,DET vs. ATL,L,36.75,8,12,0.667,0,0,0.0,5,6,0.833,1,11,12,2,4,4,1,0,4,5,21,-15,49.4,1,0,45.0,1,22,22,22,19,18,35,9,4,25,4,8,16,5,51,28,41,29,16,6,31,1,26,18,17,43,26,1,1,26,1,36:45,1,2019-20
2019-20,203083,Andre Drummond,Andre,1610612765,DET,Detroit Pistons,0021900027,2019-10-26T00:00:00,DET vs. PHI,L,24.626666666666665,5,10,0.5,0,0,0.0,3,10,0.3,3,9,12,1,2,0,2,1,6,7,13,-1,32.9,1,0,30.0,1,22,22,22,50,41,46,34,4,25,4,19,4,46,34,39,41,40,43,45,13,14,53,3,41,22,50,1,1,50,1,24:38,1,2019-20
2019-20,203083,Andre Drummond,Andre,1610612765,DET,Detroit Pistons,0021900041,2019-10-28T00:00:00,DET vs. IND,W,38.3,8,15,0.533,0,1,0.0,2,3,0.667,4,14,18,1,6,0,2,1,3,5,18,3,41.1,1,0,41.0,1,1,1,1,9,18,25,31,4,8,4,33,43,17,26,10,15,40,4,45,13,14,15,18,26,17,39,1,1,32,1,38:18,1,2019-20
2019-20,203083,Andre Drummond,Andre,1610612765,DET,Detroit Pistons,0021900060,2019-10-30T00:00:00,DET @ TOR,L,35.32333333333333,10,17,0.588,0,0,0.0,1,2,0.5,8,14,22,3,5,0,1,2,4,5,21,-22,49.9,1,0,48.0,1,22,22,22,23,11,8,20,4,25,4,42,49,30,2,10,5,19,7,45,31,31,26,18,17,54,25,1,1,16,1,35:19,1,2019-20
2019-20,203083,Andre Drummond,Andre,1610612765,DET,Detroit Pistons,0021900073,2019-11-01T00:00:00,DET @ CHI,L,35.1,11,17,0.647,0,2,0.0,3,5,0.6,6,18,24,2,5,2,3,0,4,6,25,-8,66.8,1,0,61.0,1,22,22,22,27,8,8,13,4,4,4,19,25,22,14,1,1,29,7,20,6,1,26,8,8,36,4,1,1,3,1,35:06,1,2019-20
2019-20,203083,Andre Drummond,Andre,1610612765,DET,Detroit Pistons,0021900078,2019-11-02T00:00:00,DET vs. BKN,W,38.85,10,16,0.625,0,1,0.0,5,6,0.833,3,17,20,6,4,3,5,1,4,6,25,8,78.0,1,0,67.0,1,1,1,1,6,11,15,16,4,8,4,8,16,5,34,3,9,5,16,10,1,14,26,8,8,13,2,1,1,2,1,38:51,1,2019-20
2019-20,203083,Andre Drummond,Andre,1610612765,DET,Detroit Pistons,0021900091,2019-11-04T00:00:00,DET @ WAS,L,38.803333333333335,6,20,0.3,0,1,0.0,3,3,1.0,8,16,24,4,4,2,2,4,5,5,15,-5,57.8,1,0,51.0,1,22,22,22,7,34,4,54,4,8,4,19,43,1,2,5,1,8,16,20,13,53,42,18,32,31,13,1,1,13,1,38:48,1,2019-20
2019-20,203083,Andre Drummond,Andre,1610612765,DET,Detroit Pistons,0021900103,2019-11-06T00:00:00,DET vs. NYK,W,34.9,12,16,0.75,0,0,0.0,3,4,0.75,4,8,12,7,4,1,0,0,1,4,27,24,50.9,1,0,48.0,1,1,1,1,28,4,15,5,4,25,4,19,30,11,26,42,41,2,16,32,46,1,3,29,5,2,22,1,1,16,1,34:54,1,2019-20
2019-20,203083,Andre Drummond,Andre,1610612765,DET,Detroit Pistons,0021900116,2019-11-08T00:00:00,DET @ IND,L,33.586666666666666,6,14,0.429,0,2,0.0,3,4,0.75,1,12,13,8,4,0,1,1,5,4,15,9,41.6,1,0,38.0,1,22,22,22,31,34,28,45,4,4,4,19,30,11,51,22,35,1,16,45,31,14,42,29,32,12,37,1,1,37,1,33:35,1,2019-20
2019-20,203083,Andre Drummond,Andre,1610612765,DET,Detroit Pistons,0021900140,2019-11-11T00:00:00,DET vs. MIN,L,28.985,4,12,0.333,0,0,0.0,3,3,1.0,8,4,12,1,3,4,3,1,5,2,11,8,44.9,1,0,38.0,1,22,22,22,41,49,35,51,4,25,4,19,43,1,2,54,41,40,32,6,6,14,42,50,50,13,33,1,1,37,1,28:59,1,2019-20
2019-20,203083,Andre Drummond,Andre,1610612765,DET,Detroit Pistons,0021900148,2019-11-12T00:00:00,DET @ MIA,L,27.65,6,9,0.667,0,0,0.0,4,6,0.667,4,5,9,0,5,2,2,0,6,6,16,-9,33.8,0,0,33.0,1,22,22,22,44,34,51,9,4,25,4,13,16,17,26,51,51,51,7,20,13,1,53,8,29,37,49,48,1,48,1,27:39,1,2019-20
2019-20,203083,Andre Drummond,Andre,1610612765,DET,Detroit Pistons,0021900167,2019-11-15T00:00:00,DET @ CHA,L,38.15,8,16,0.5,0,0,0.0,0,0,0.0,3,17,20,2,4,0,0,3,3,2,16,2,39.0,1,0,38.0,1,22,22,22,10,18,15,34,4,25,4,53,54,53,34,3,9,29,16,45,46,44,15,50,29,18,44,1,1,37,1,38:09,1,2019-20
2019-20,203083,Andre Drummond,Andre,1610612765,DET,Detroit Pistons,0021900209,2019-11-20T00:00:00,DET @ CHI,L,33.50333333333333,3,10,0.3,0,1,0.0,0,0,0.0,2,12,14,4,3,2,3,3,6,3,6,-7,40.8,0,0,34.0,1,22,22,22,32,52,46,54,4,8,4,53,54,53,45,22,31,8,32,20,6,44,53,37,56,34,40,48,1,45,1,33:30,1,2019-20
2019-20,203083,Andre Drummond,Andre,1610612765,DET,Detroit Pistons,0021900215,2019-11-22T00:00:00,DET vs. ATL,W,27.55,10,16,0.625,0,1,0.0,3,4,0.75,8,7,15,2,4,2,1,0,4,3,23,11,49.0,1,0,46.0,1,1,1,1,45,11,15,16,4,8,4,19,30,11,2,44,28,29,16,20,31,1,26,37,12,9,27,1,1,24,1,27:33,1,2019-20
2019-20,203083,Andre Drummond,Andre,1610612765,DET,Detroit Pistons,0021900233,2019-11-23T00:00:00,DET @ MIL,L,36.776666666666664,5,10,0.5,0,0,0.0,2,4,0.5,3,14,17,4,5,2,0,3,4,2,12,-18,39.4,1,0,37.0,1,22,22,22,18,41,46,34,4,25,4,33,30,30,34,10,22,8,7,20,46,44,26,50,45,47,42,1,1,40,1,36:47,1,2019-20
2019-20,203083,Andre Drummond,Andre,1610612765,DET,Detroit Pistons,0021900241,2019-11-25T00:00:00,DET vs. ORL,W,30.30666666666667,3,6,0.5,0,0,0.0,1,2,0.5,3,15,18,1,3,0,1,1,3,3,7,11,30.1,0,0,28.0,1,1,1,1,39,52,53,34,4,25,4,42,49,30,34,7,15,40,32,45,31,14,15,37,55,9,52,48,1,52,1,30:18,1,2019-20
2019-20,203083,Andre Drummond,Andre,1610612765,DET,Detroit Pistons,0021900254,2019-11-27T00:00:00,DET @ CHA,L,37.93333333333333,6,11,0.545,0,0,0.0,2,5,0.4,3,18,21,7,4,1,0,1,5,5,14,-5,48.7,1,0,44.0,1,22,22,22,12,34,41,27,4,25,4,33,25,40,34,1,7,2,16,32,46,14,42,18,37,31,28,1,1,28,1,37:56,1,2019-20
2019-20,203083,Andre Drummond,Andre,1610612765,DET,Detroit Pistons,0021900268,2019-11-29T00:00:00,DET vs. CHA,L,37.60666666666667,7,12,0.583,0,0,0.0,1,4,0.25,8,11,19,3,4,1,2,1,4,3,15,-3,47.3,1,0,43.0,1,22,22,22,14,25,35,21,4,25,4,42,30,47,2,28,13,19,16,32,13,14,26,37,32,28,29,1,1,30,1,37:36,1,2019-20
2019-20,203083,Andre Drummond,Andre,1610612765,DET,Detroit Pistons,0021900288,2019-12-01T00:00:00,DET vs. SAS,W,25.983333333333334,4,8,0.5,0,0,0.0,1,4,0.25,6,10,16,2,4,1,3,0,0,6,9,2,39.2,0,0,35.0,1,1,1,1,48,49,52,34,4,25,4,42,30,47,14,32,26,29,16,32,6,1,1,8,53,18,43,48,1,44,1,25:59,1,2019-20
2019-20,203083,Andre Drummond,Andre,1610612765,DET,Detroit Pistons,0021900299,2019-12-03T00:00:00,DET @ CLE,W,30.866666666666667,7,15,0.467,0,0,0.0,3,4,0.75,4,10,14,4,3,5,4,2,0,4,17,19,63.8,1,0,53.0,1,1,1,1,37,25,25,41,4,25,4,19,30,11,26,32,31,8,32,2,2,31,1,29,28,4,6,1,1,9,1,30:52,1,2019-20
2019-20,203083,Andre Drummond,Andre,1610612765,DET,Detroit Pistons,0021900307,2019-12-04T00:00:00,DET vs. MIL,L,32.9,11,17,0.647,0,1,0.0,1,4,0.25,5,9,14,5,3,2,3,2,3,3,23,-7,59.3,1,0,52.0,1,22,22,22,34,8,8,13,4,8,4,42,30,47,21,39,31,6,32,20,6,31,15,37,12,34,11,1,1,10,1,32:54,1,2019-20
2019-20,203083,Andre Drummond,Andre,1610612765,DET,Detroit Pistons,0021900322,2019-12-06T00:00:00,DET vs. IND,W,40.86,9,17,0.529,0,1,0.0,7,9,0.778,7,15,22,1,1,3,2,2,5,6,25,17,66.9,1,0,58.0,1,1,1,1,2,15,8,32,4,8,4,3,6,9,8,7,5,40,49,10,13,31,42,8,8,6,3,1,1,5,1,40:52,1,2019-20
2019-20,203083,Andre Drummond,Andre,1610612765,DET,Detroit Pistons,0021900348,2019-12-09T00:00:00,DET @ NOP,W,24.533333333333335,4,11,0.364,0,0,0.0,5,6,0.833,4,6,10,0,1,0,0,1,4,3,13,2,24.0,1,0,23.0,1,1,1,1,51,49,41,49,4,25,4,8,16,5,26,49,48,51,49,45,46,14,26,37,41,18,54,1,1,55,1,24:32,1,2019-20
2019-20,203083,Andre Drummond,Andre,1610612765,DET,Detroit Pistons,0021900369,2019-12-12T00:00:00,DET vs. DAL,L,34.416666666666664,10,14,0.714,0,1,0.0,3,6,0.5,2,13,15,1,2,3,1,0,4,3,23,-15,52.5,1,0,47.0,1,22,22,22,30,11,28,7,4,8,4,19,16,30,45,15,28,40,43,10,31,1,26,37,12,43,17,1,1,20,1,34:25,1,2019-20
2019-20,203083,Andre Drummond,Andre,1610612765,DET,Detroit Pistons,0021900408,2019-12-18T00:00:00,DET vs. TOR,L,37.225,9,16,0.563,0,0,0.0,4,7,0.571,6,12,18,0,4,2,2,1,2,4,22,-14,51.6,1,0,48.0,1,22,22,22,16,15,15,26,4,25,4,13,12,25,14,22,15,51,16,20,13,14,8,29,16,40,19,1,1,16,1,37:14,1,2019-20
2019-20,203083,Andre Drummond,Andre,1610612765,DET,Detroit Pistons,0021900422,2019-12-20T00:00:00,DET @ BOS,L,30.85,5,11,0.455,0,1,0.0,2,6,0.333,4,7,11,4,6,6,0,3,2,6,12,-14,43.2,1,0,39.0,1,22,22,22,38,41,41,43,4,8,4,33,16,42,26,44,47,8,4,1,46,44,8,8,45,40,36,1,1,36,1,30:51,1,2019-20
2019-20,203083,Andre Drummond,Andre,1610612765,DET,Detroit Pistons,0021900432,2019-12-21T00:00:00,DET vs. CHI,L,37.083333333333336,8,17,0.471,0,1,0.0,3,4,0.75,2,11,13,3,5,5,2,2,4,5,19,-9,55.1,1,0,49.0,1,22,22,22,17,18,8,40,4,8,4,19,30,11,45,28,35,19,7,2,13,31,26,18,24,37,15,1,1,14,1,37:05,1,2019-20
2019-20,203083,Andre Drummond,Andre,1610612765,DET,Detroit Pistons,0021900445,2019-12-23T00:00:00,DET vs. PHI,L,32.46333333333333,13,16,0.813,0,0,0.0,1,2,0.5,3,6,9,3,1,1,0,2,3,3,27,-2,44.3,0,0,41.0,1,22,22,22,35,2,15,4,4,25,4,42,49,30,34,49,51,19,49,32,46,31,15,37,5,26,34,48,1,32,1,32:28,1,2019-20
2019-20,203083,Andre Drummond,Andre,1610612765,DET,Detroit Pistons,0021900460,2019-12-26T00:00:00,DET vs. WAS,W,24.5,5,6,0.833,0,0,0.0,4,7,0.571,2,8,10,0,3,0,1,1,4,7,14,11,26.0,1,0,26.0,1,1,1,1,52,41,53,3,4,25,4,13,12,25,45,42,48,51,32,45,31,14,26,3,37,9,53,1,1,53,1,24:30,1,2019-20
2019-20,203083,Andre Drummond,Andre,1610612765,DET,Detroit Pistons,0021900481,2019-12-28T00:00:00,DET @ SAS,L,37.43333333333333,7,16,0.438,0,1,0.0,7,12,0.583,5,13,18,3,0,1,4,3,2,7,21,-29,62.1,1,0,52.0,1,22,22,22,15,25,15,44,4,8,4,3,1,24,21,15,15,19,57,32,2,44,8,3,17,57,8,1,1,10,1,37:26,1,2019-20
2019-20,203083,Andre Drummond,Andre,1610612765,DET,Detroit Pistons,0021900495,2019-12-30T00:00:00,DET @ UTA,L,36.49333333333333,5,16,0.313,0,0,0.0,5,8,0.625,3,10,13,3,7,5,3,1,5,5,15,-19,52.1,1,0,47.0,1,22,22,22,20,41,15,52,4,25,4,8,10,21,34,32,35,19,2,2,6,14,42,18,32,51,18,1,1,20,1,36:30,1,2019-20
2019-20,203083,Andre Drummond,Andre,1610612765,DET,Detroit Pistons,0021900516,2020-01-02T00:00:00,DET @ LAC,L,26.866666666666667,3,10,0.3,0,2,0.0,4,6,0.667,2,10,12,0,4,3,1,2,4,3,10,-21,32.4,1,0,30.0,1,22,22,22,47,52,46,54,4,4,4,13,16,17,45,32,41,51,16,10,31,31,26,37,52,53,51,1,1,50,1,26:52,1,2019-20
2019-20,203083,Andre Drummond,Andre,1610612765,DET,Detroit Pistons,0021900532,2020-01-04T00:00:00,DET @ GSW,W,28.65,7,14,0.5,0,0,0.0,0,0,0.0,5,13,18,3,4,3,2,2,6,0,14,12,51.1,1,0,45.0,1,1,1,1,43,25,28,34,4,25,4,53,54,53,21,15,15,19,16,10,13,31,53,57,37,8,21,1,1,26,1,28:39,1,2019-20
2019-20,203083,Andre Drummond,Andre,1610612765,DET,Detroit Pistons,0021900538,2020-01-05T00:00:00,DET @ LAL,L,40.515,2,13,0.154,0,1,0.0,8,9,0.889,3,15,18,0,2,1,4,6,5,6,12,-1,46.6,1,0,40.0,1,22,22,22,5,57,33,57,4,8,4,1,6,4,34,7,15,51,43,32,2,57,42,8,45,22,30,1,1,35,1,40:31,1,2019-20
2019-20,203083,Andre Drummond,Andre,1610612765,DET,Detroit Pistons,0021900548,2020-01-07T00:00:00,DET @ CLE,W,38.43333333333333,8,12,0.667,0,0,0.0,7,9,0.778,8,12,20,5,3,1,2,1,2,5,23,7,60.5,1,0,54.0,1,1,1,1,8,18,35,9,4,25,4,3,6,9,2,22,9,6,32,32,13,14,8,18,12,15,9,1,1,7,1,38:26,1,2019-20
2019-20,203083,Andre Drummond,Andre,1610612765,DET,Detroit Pistons,0021900563,2020-01-09T00:00:00,DET vs. CLE,L,49.0,13,24,0.542,0,0,0.0,2,5,0.4,10,13,23,1,3,1,1,2,2,7,28,-6,60.1,1,0,56.0,1,22,22,22,1,2,1,30,4,25,4,33,25,40,1,15,3,40,32,32,31,31,8,3,3,33,10,1,1,6,1,49:00,1,2019-20
2019-20,203083,Andre Drummond,Andre,1610612765,DET,Detroit Pistons,0021900579,2020-01-11T00:00:00,DET vs. CHI,L,19.383333333333333,3,5,0.6,1,1,1.0,2,6,0.333,1,3,4,2,1,1,0,0,1,3,9,-14,18.8,0,0,18.0,1,22,22,22,57,52,56,18,3,8,1,33,16,42,51,57,57,29,49,32,46,1,3,37,53,40,56,48,1,56,1,19:23,1,2019-20
2019-20,203083,Andre Drummond,Andre,1610612765,DET,Detroit Pistons,0021900591,2020-01-13T00:00:00,DET vs. NOP,L,22.483333333333334,5,14,0.357,0,0,0.0,1,4,0.25,3,7,10,2,3,3,2,1,3,3,11,-12,38.0,1,0,33.0,1,22,22,22,54,41,28,50,4,25,4,42,30,47,34,44,48,29,32,10,13,14,15,37,50,39,45,1,1,48,1,22:29,1,2019-20
2019-20,203083,Andre Drummond,Andre,1610612765,DET,Detroit Pistons,0021900604,2020-01-15T00:00:00,DET @ BOS,W,37.65,6,6,1.0,0,0,0.0,1,5,0.2,0,13,13,7,5,3,1,0,5,4,13,26,46.1,1,0,41.0,1,1,1,1,13,34,53,1,4,25,4,42,25,52,57,15,35,2,7,10,31,1,42,29,41,1,31,1,1,32,1,37:39,1,2019-20
2019-20,203083,Andre Drummond,Andre,1610612765,DET,Detroit Pistons,0021900629,2020-01-18T00:00:00,DET @ ATL,W,26.975,7,15,0.467,0,0,0.0,2,4,0.5,7,10,17,3,3,5,1,3,4,2,16,22,55.9,1,0,48.0,1,1,1,1,46,25,25,41,4,25,4,33,30,30,8,32,22,19,32,2,31,44,26,50,29,3,14,1,1,16,1,26:59,1,2019-20
2019-20,203083,Andre Drummond,Andre,1610612765,DET,Detroit Pistons,0021900639,2020-01-20T00:00:00,DET @ WAS,L,35.28666666666667,7,11,0.636,0,0,0.0,4,7,0.571,6,10,16,3,9,4,2,1,3,11,18,-2,50.7,1,0,49.0,1,22,22,22,24,25,41,15,4,25,4,13,12,25,14,32,26,19,1,6,13,14,15,1,26,26,23,1,1,14,1,35:17,1,2019-20
2019-20,203083,Andre Drummond,Andre,1610612765,DET,Detroit Pistons,0021900681,2020-01-25T00:00:00,DET vs. BKN,L,40.516666666666666,8,20,0.4,0,1,0.0,4,8,0.5,7,14,21,2,1,0,2,3,5,4,20,-20,53.2,1,0,47.0,1,22,22,22,4,18,4,47,4,8,4,13,10,30,8,10,7,29,49,45,13,44,42,29,22,52,16,1,1,20,1,40:31,1,2019-20
2019-20,203083,Andre Drummond,Andre,1610612765,DET,Detroit Pistons,0021900693,2020-01-27T00:00:00,DET vs. CLE,L,32.2,7,12,0.583,0,0,0.0,1,2,0.5,4,4,8,4,4,3,2,0,4,2,15,-18,41.6,0,0,37.0,1,22,22,22,36,25,35,21,4,25,4,42,49,30,26,54,53,8,16,10,13,1,26,50,32,47,37,48,1,40,1,32:12,1,2019-20
2019-20,203083,Andre Drummond,Andre,1610612765,DET,Detroit Pistons,0021900709,2020-01-29T00:00:00,DET @ BKN,L,35.13333333333333,5,16,0.313,0,0,0.0,2,6,0.333,6,7,13,4,5,2,2,4,4,5,12,-17,40.6,1,0,37.0,1,22,22,22,26,41,15,52,4,25,4,33,16,42,14,44,35,8,7,20,13,53,26,18,45,46,41,1,1,40,1,35:08,1,2019-20
2019-20,203083,Andre Drummond,Andre,1610612765,DET,Detroit Pistons,0021900720,2020-01-31T00:00:00,DET vs. TOR,L,35.2,7,12,0.583,0,0,0.0,6,12,0.5,6,14,20,1,5,1,0,1,2,7,20,-1,43.5,1,0,43.0,1,22,22,22,25,25,35,21,4,25,4,6,1,30,14,10,9,40,7,32,46,14,8,3,22,22,35,1,1,30,1,35:12,1,2019-20
2019-20,203083,Andre Drummond,Andre,1610612765,DET,Detroit Pistons,0021900737,2020-02-02T00:00:00,DET vs. DEN,W,30.2,9,17,0.529,0,0,0.0,3,4,0.75,6,11,17,4,2,0,2,3,6,3,21,-1,51.4,1,0,46.0,1,1,1,1,40,15,8,32,4,25,4,19,30,11,14,28,22,8,43,45,13,44,53,37,17,22,20,1,1,24,1,30:12,1,2019-20
2019-20,203083,Andre Drummond,Andre,1610612765,DET,Detroit Pistons,0021900748,2020-02-03T00:00:00,DET @ MEM,L,35.913333333333334,12,22,0.545,0,0,0.0,1,3,0.333,5,13,18,4,2,0,0,3,1,8,25,-18,50.6,1,0,47.0,1,22,22,22,21,4,2,27,4,25,4,42,43,42,21,15,15,8,43,45,46,44,3,2,8,47,24,1,1,20,1,35:55,1,2019-20
2019-20,203083,Andre Drummond,Andre,1610612765,DET,Detroit Pistons,0021900755,2020-02-05T00:00:00,DET vs. PHX,W,38.13333333333333,14,19,0.737,0,0,0.0,3,5,0.6,7,12,19,4,3,3,0,2,1,4,31,14,65.8,1,0,60.0,1,1,1,1,11,1,6,6,4,25,4,19,25,22,8,22,13,8,32,10,46,31,3,29,2,7,5,1,1,4,1,38:08,1,2019-20
2019-20,203083,Andre Drummond,Andre,1610612739,CLE,Cleveland Cavaliers,0021900791,2020-02-09T00:00:00,CLE vs. LAC,L,28.983333333333334,7,17,0.412,2,3,0.667,3,7,0.429,7,7,14,3,4,2,1,4,1,5,19,-22,45.3,1,0,44.0,1,22,22,22,42,25,8,46,1,2,2,19,12,39,8,44,31,19,16,20,31,53,3,18,24,54,32,1,1,28,1,28:59,1,2019-20
2019-20,203083,Andre Drummond,Andre,1610612739,CLE,Cleveland Cavaliers,0021900807,2020-02-12T00:00:00,CLE vs. ATL,W,22.133333333333333,6,10,0.6,0,1,0.0,2,3,0.667,5,10,15,1,5,0,2,1,2,5,14,0,34.5,1,0,34.0,1,1,1,1,55,34,46,18,4,8,4,33,43,17,21,32,28,40,7,45,13,14,8,18,37,21,47,1,1,45,1,22:08,1,2019-20
2019-20,203083,Andre Drummond,Andre,1610612739,CLE,Cleveland Cavaliers,0021900827,2020-02-21T00:00:00,CLE @ WAS,W,21.85,6,11,0.545,0,1,0.0,0,2,0.0,3,9,12,2,7,2,2,0,3,2,12,-4,34.4,1,0,34.0,1,1,1,1,56,34,41,27,4,8,4,53,49,53,34,39,41,29,2,20,13,1,15,50,45,29,48,1,1,45,1,21:51,1,2019-20
2019-20,203083,Andre Drummond,Andre,1610612739,CLE,Cleveland Cavaliers,0021900838,2020-02-22T00:00:00,CLE @ MIA,L,24.683333333333334,3,3,1.0,0,0,0.0,0,0,0.0,1,5,6,1,4,1,0,0,3,1,6,-25,13.7,0,0,15.0,1,22,22,22,49,52,57,1,4,25,4,53,54,53,51,51,55,40,16,32,46,1,15,56,56,56,57,48,1,57,1,24:41,1,2019-20
2019-20,203083,Andre Drummond,Andre,1610612739,CLE,Cleveland Cavaliers,0021900849,2020-02-24T00:00:00,CLE vs. MIA,W,23.64666666666667,5,13,0.385,2,4,0.5,1,4,0.25,1,4,5,0,1,1,1,2,3,3,13,-15,24.0,0,0,24.0,1,1,1,1,53,41,33,48,1,1,3,42,30,47,51,54,56,51,49,32,31,31,15,37,41,43,54,48,1,54,1,23:39,1,2019-20
2019-20,203083,Andre Drummond,Andre,1610612739,CLE,Cleveland Cavaliers,0021900890,2020-02-29T00:00:00,CLE vs. IND,L,35.6,12,21,0.571,0,3,0.0,3,3,1.0,1,12,13,4,1,4,1,2,3,4,27,-18,62.6,1,0,54.0,1,22,22,22,22,4,3,24,4,2,4,19,43,1,51,22,35,8,49,6,31,31,15,29,5,47,7,1,1,7,1,35:36,1,2019-20
2019-20,203083,Andre Drummond,Andre,1610612739,CLE,Cleveland Cavaliers,0021900954,2020-03-08T00:00:00,CLE vs. SAS,W,33.12166666666667,11,16,0.688,0,2,0.0,6,11,0.545,4,13,17,1,1,0,3,0,5,6,28,18,57.9,1,0,52.0,1,1,1,1,33,8,15,8,4,4,4,6,3,29,26,15,22,40,49,45,6,1,42,8,3,5,12,1,1,10,1,33:07,1,2019-20
2019-20,203083,Andre Drummond,Andre,1610612739,CLE,Cleveland Cavaliers,0021900962,2020-03-10T00:00:00,CLE @ CHI,L,34.53333333333333,8,14,0.571,0,0,0.0,5,9,0.556,2,5,7,2,6,2,1,2,5,6,21,-4,35.4,0,0,36.0,1,22,22,22,29,18,28,24,4,25,4,8,6,28,45,51,54,29,4,20,31,31,42,8,17,29,46,48,1,43,1,34:32,1,2019-20
2020-21,203083,Andre Drummond,Andre,1610612739,CLE,Cleveland Cavaliers,0022000010,2020-12-23T00:00:00,CLE vs. CHA,W,27.206666666666667,7,18,0.389,0,1,0.0,0,0,0.0,3,11,14,4,5,1,0,1,2,1,14,-5,34.8,1,0,34.0,1,1,1,1,21,18,7,33,1,2,1,36,39,36,27,10,15,2,3,19,29,16,9,43,24,28,29,1,1,20,1,27:12,1,2020-21
2020-21,203083,Andre Drummond,Andre,1610612739,CLE,Cleveland Cavaliers,0022000023,2020-12-26T00:00:00,CLE @ DET,W,43.67,7,21,0.333,0,2,0.0,9,14,0.643,2,14,16,5,4,4,3,0,2,10,23,10,66.7,1,0,58.0,1,1,1,1,1,18,3,37,1,1,1,2,2,19,35,4,8,1,5,2,2,1,9,1,8,7,2,1,1,2,1,43:40,1,2020-21
2020-21,203083,Andre Drummond,Andre,1610612739,CLE,Cleveland Cavaliers,0022000035,2020-12-27T00:00:00,CLE vs. PHI,W,25.666666666666668,11,18,0.611,0,0,0.0,2,4,0.5,6,8,14,3,1,3,2,0,1,7,24,27,59.3,1,0,51.0,1,1,1,1,25,2,7,8,1,8,1,24,21,23,4,23,15,9,37,3,4,1,2,5,7,1,6,1,1,7,1,25:40,1,2020-21
2020-21,203083,Andre Drummond,Andre,1610612739,CLE,Cleveland Cavaliers,0022000046,2020-12-29T00:00:00,CLE vs. NYK,L,33.46666666666667,7,13,0.538,0,1,0.0,4,10,0.4,5,12,17,2,4,3,6,0,5,6,18,-5,64.4,1,0,55.0,1,20,20,20,8,18,18,19,1,2,1,8,3,28,8,7,6,19,5,3,1,1,37,6,17,28,3,1,1,4,1,33:28,1,2020-21
2020-21,203083,Andre Drummond,Andre,1610612739,CLE,Cleveland Cavaliers,0022000062,2020-12-31T00:00:00,CLE @ IND,L,25.033333333333335,4,11,0.364,0,0,0.0,3,4,0.75,3,10,13,4,3,1,1,1,4,3,11,5,35.6,1,0,32.0,1,20,20,20,28,31,26,35,1,8,1,15,21,9,27,14,19,2,15,19,16,16,23,21,31,13,26,1,1,26,1,25:02,1,2020-21
2020-21,203083,Andre Drummond,Andre,1610612739,CLE,Cleveland Cavaliers,0022000083,2021-01-02T00:00:00,CLE @ ATL,W,20.336666666666666,6,10,0.6,0,0,0.0,0,0,0.0,4,7,11,0,4,0,0,2,2,2,12,-8,21.2,1,0,23.0,1,1,1,1,41,23,30,9,1,8,1,36,39,36,15,29,25,38,5,36,29,27,9,39,30,34,36,1,1,35,1,20:20,1,2020-21
2020-21,203083,Andre Drummond,Andre,1610612739,CLE,Cleveland Cavaliers,0022000093,2021-01-04T00:00:00,CLE @ ORL,L,32.21666666666667,5,14,0.357,0,1,0.0,0,2,0.0,4,9,13,4,1,1,1,3,1,3,10,-16,36.6,1,0,31.0,1,20,20,20,10,28,16,36,1,2,1,36,32,36,15,17,19,2,37,19,16,33,2,21,34,40,23,1,1,27,1,32:13,1,2020-21
2020-21,203083,Andre Drummond,Andre,1610612739,CLE,Cleveland Cavaliers,0022000108,2021-01-06T00:00:00,CLE @ ORL,L,26.3,9,16,0.563,0,0,0.0,1,4,0.25,6,9,15,1,5,1,1,3,4,4,19,-12,39.5,1,0,39.0,1,20,20,20,23,7,12,14,1,8,1,29,21,33,4,17,11,31,3,19,16,33,23,12,13,38,18,1,1,17,1,26:18,1,2020-21
2020-21,203083,Andre Drummond,Andre,1610612739,CLE,Cleveland Cavaliers,0022000119,2021-01-07T00:00:00,CLE @ MEM,W,37.35,9,20,0.45,0,0,0.0,4,6,0.667,3,12,15,3,6,2,0,3,2,6,22,0,44.5,1,0,44.0,1,1,1,1,4,7,5,29,1,8,1,8,10,16,27,7,11,9,1,8,29,33,9,6,10,20,16,1,1,10,1,37:21,1,2020-21
2020-21,203083,Andre Drummond,Andre,1610612739,CLE,Cleveland Cavaliers,0022000137,2021-01-09T00:00:00,CLE @ MIL,L,41.28333333333333,11,23,0.478,0,1,0.0,4,5,0.8,5,19,24,3,6,1,1,2,4,3,26,-2,59.3,1,0,57.0,1,20,20,20,2,2,2,26,1,2,1,8,15,7,8,1,1,9,1,19,16,27,23,21,4,23,6,1,1,3,1,41:17,1,2020-21
2020-21,203083,Andre Drummond,Andre,1610612739,CLE,Cleveland Cavaliers,0022000150,2021-01-11T00:00:00,CLE vs. MEM,L,34.63166666666667,8,16,0.5,0,0,0.0,3,9,0.333,5,9,14,3,4,1,2,3,6,8,19,-20,45.3,1,0,42.0,1,20,20,20,7,13,12,22,1,8,1,15,5,31,8,17,15,9,5,19,4,33,45,4,13,42,14,1,1,14,1,34:38,1,2020-21
2020-21,203083,Andre Drummond,Andre,1610612739,CLE,Cleveland Cavaliers,0022000181,2021-01-15T00:00:00,CLE vs. NYK,W,39.608333333333334,10,18,0.556,0,1,0.0,13,19,0.684,7,16,23,3,2,2,2,3,5,10,33,12,75.1,1,0,67.0,1,1,1,1,3,5,7,15,1,2,1,1,1,15,1,3,2,9,25,8,4,33,37,1,1,6,1,1,1,1,1,39:37,1,2020-21
2020-21,203083,Andre Drummond,Andre,1610612739,CLE,Cleveland Cavaliers,0022000216,2021-01-20T00:00:00,CLE vs. BKN,W,25.733333333333334,6,13,0.462,0,0,0.0,1,1,1.0,1,6,7,3,4,1,0,1,2,3,13,-5,24.9,0,0,25.0,1,1,1,1,24,23,18,28,1,8,1,29,37,1,40,34,38,9,5,19,29,16,9,21,26,28,35,29,1,32,1,25:44,1,2020-21
2020-21,203083,Andre Drummond,Andre,1610612739,CLE,Cleveland Cavaliers,0022000232,2021-01-22T00:00:00,CLE vs. BKN,W,27.466666666666665,8,13,0.615,0,0,0.0,3,4,0.75,5,11,16,4,4,2,1,1,3,3,19,13,49.2,1,0,45.0,1,1,1,1,20,13,18,7,1,8,1,15,21,9,8,10,8,2,5,8,16,16,17,21,13,5,9,1,1,8,1,27:28,1,2020-21
2020-21,203083,Andre Drummond,Andre,1610612739,CLE,Cleveland Cavaliers,0022000250,2021-01-24T00:00:00,CLE @ BOS,L,17.75,4,9,0.444,0,0,0.0,3,6,0.5,3,2,5,0,3,0,2,3,3,4,11,-29,20.0,0,0,20.0,1,20,20,20,43,31,32,30,1,8,1,15,10,23,27,43,42,38,15,36,4,33,17,12,31,45,38,29,1,37,1,17:45,1,2020-21
2020-21,203083,Andre Drummond,Andre,1610612739,CLE,Cleveland Cavaliers,0022000261,2021-01-25T00:00:00,CLE vs. LAL,L,28.033333333333335,11,21,0.524,0,0,0.0,3,3,1.0,7,10,17,1,2,0,0,3,4,3,25,4,44.9,1,0,43.0,1,20,20,20,18,2,3,21,1,8,1,15,29,1,1,14,6,31,25,36,29,33,23,21,5,14,15,1,1,13,1,28:02,1,2020-21
2020-21,203083,Andre Drummond,Andre,1610612739,CLE,Cleveland Cavaliers,0022000272,2021-01-27T00:00:00,CLE vs. DET,W,28.016666666666666,9,24,0.375,0,0,0.0,5,8,0.625,6,10,16,2,4,5,2,1,2,5,23,6,62.2,1,0,55.0,1,1,1,1,19,7,1,34,1,8,1,5,6,20,4,14,8,19,5,1,4,16,9,8,8,11,4,1,1,4,1,28:01,1,2020-21
2020-21,203083,Andre Drummond,Andre,1610612739,CLE,Cleveland Cavaliers,0022000291,2021-01-29T00:00:00,CLE @ NYK,L,23.916666666666668,2,7,0.286,0,0,0.0,0,0,0.0,4,11,15,2,2,2,2,3,0,3,4,1,35.0,0,0,29.0,1,20,20,20,32,39,37,42,1,8,1,36,39,36,15,10,11,19,25,8,4,33,1,21,40,18,28,29,1,30,1,23:55,1,2020-21
2020-21,203083,Andre Drummond,Andre,1610612739,CLE,Cleveland Cavaliers,0022000311,2021-01-31T00:00:00,CLE @ MIN,L,32.7,9,18,0.5,0,0,0.0,7,10,0.7,4,18,22,4,3,1,1,4,3,9,25,1,60.4,1,0,55.0,1,20,20,20,9,7,7,22,1,8,1,3,3,14,15,2,3,2,15,19,16,44,17,3,5,18,5,1,1,4,1,32:42,1,2020-21
2020-21,203083,Andre Drummond,Andre,1610612739,CLE,Cleveland Cavaliers,0022000328,2021-02-03T00:00:00,CLE vs. LAC,L,22.25,4,13,0.308,0,0,0.0,5,7,0.714,2,3,5,2,3,0,0,3,3,5,13,-33,19.0,0,0,20.0,1,20,20,20,35,31,18,41,1,8,1,5,8,13,35,40,42,19,15,36,29,33,17,8,26,46,39,29,1,37,1,22:15,1,2020-21
2020-21,203083,Andre Drummond,Andre,1610612739,CLE,Cleveland Cavaliers,0022000346,2021-02-05T00:00:00,CLE vs. MIL,L,29.7,9,19,0.474,0,1,0.0,0,0,0.0,3,6,9,4,1,2,0,4,1,1,18,-3,39.8,0,0,35.0,1,20,20,20,14,7,6,27,1,2,1,36,39,36,27,34,34,2,37,8,29,44,2,43,17,25,17,29,1,18,1,29:42,1,2020-21
2020-21,203083,Andre Drummond,Andre,1610612739,CLE,Cleveland Cavaliers,0022000357,2021-02-06T00:00:00,CLE vs. MIL,L,30.183333333333334,12,17,0.706,0,0,0.0,4,5,0.8,3,8,11,2,4,2,0,0,4,3,28,-4,46.2,1,0,45.0,1,20,20,20,13,1,11,2,1,8,1,8,15,7,27,23,25,19,5,8,29,1,23,21,2,27,13,1,1,8,1,30:11,1,2020-21
2020-21,203083,Andre Drummond,Andre,1610612739,CLE,Cleveland Cavaliers,0022000372,2021-02-08T00:00:00,CLE @ PHX,L,35.9,7,12,0.583,0,0,0.0,1,5,0.2,5,9,14,2,1,3,2,4,1,4,15,3,48.8,1,0,41.0,1,20,20,20,5,18,23,12,1,8,1,29,15,35,8,17,15,19,37,3,4,44,2,12,22,15,10,1,1,15,1,35:54,1,2020-21
2020-21,203083,Andre Drummond,Andre,1610612739,CLE,Cleveland Cavaliers,0022000388,2021-02-10T00:00:00,CLE @ DEN,L,16.233333333333334,2,7,0.286,0,0,0.0,0,0,0.0,4,2,6,1,4,1,0,1,1,1,4,-28,11.7,0,0,13.0,1,20,20,20,45,39,37,42,1,8,1,36,39,36,15,43,40,31,5,19,29,16,2,43,40,44,44,29,1,44,1,16:14,1,2020-21
2020-21,203083,Andre Drummond,Andre,1610612739,CLE,Cleveland Cavaliers,0022000404,2021-02-12T00:00:00,CLE @ POR,L,17.15,3,9,0.333,0,0,0.0,2,3,0.667,1,4,5,2,1,1,0,1,4,2,8,-20,19.0,0,0,17.0,1,20,20,20,44,35,32,37,1,8,1,24,29,16,40,38,42,19,37,19,29,16,23,39,36,42,39,29,1,41,1,17:09,1,2020-21
2020-21,203083,Andre Drummond,Andre,1610612747,LAL,Los Angeles Lakers,0022000729,2021-03-31T00:00:00,LAL vs. MIL,L,14.326666666666666,2,6,0.333,0,0,0.0,0,2,0.0,0,1,1,2,3,0,1,2,4,2,4,-8,8.2,0,0,9.0,1,20,20,20,46,39,41,37,1,8,1,36,32,36,44,45,45,19,15,36,16,27,23,39,40,34,46,29,1,45,1,14:20,1,2020-21
2020-21,203083,Andre Drummond,Andre,1610612747,LAL,Los Angeles Lakers,0022000784,2021-04-08T00:00:00,LAL @ MIA,L,26.85,5,9,0.556,0,0,0.0,5,6,0.833,4,8,12,3,3,2,0,2,5,4,15,-1,36.9,1,0,34.0,1,20,20,20,22,28,32,15,1,8,1,5,10,6,15,23,22,9,15,8,29,27,37,12,22,21,21,1,1,20,1,26:51,1,2020-21
2020-21,203083,Andre Drummond,Andre,1610612747,LAL,Los Angeles Lakers,0022000800,2021-04-10T00:00:00,LAL @ BKN,W,22.366666666666667,8,15,0.533,0,0,0.0,4,6,0.667,4,7,11,0,3,1,1,3,3,5,20,18,36.2,1,0,35.0,1,1,1,1,34,13,14,20,1,8,1,8,10,16,15,29,25,38,15,19,16,33,17,8,11,2,24,1,1,18,1,22:22,1,2020-21
2020-21,203083,Andre Drummond,Andre,1610612747,LAL,Los Angeles Lakers,0022000815,2021-04-12T00:00:00,LAL @ NYK,L,25.033333333333335,1,3,0.333,0,0,0.0,1,2,0.5,1,9,10,0,4,1,1,0,4,3,3,-5,17.0,0,0,17.0,1,20,20,20,28,46,46,37,1,8,1,29,32,23,40,17,31,38,5,19,16,1,23,21,46,28,42,29,1,41,1,25:02,1,2020-21
2020-21,203083,Andre Drummond,Andre,1610612747,LAL,Los Angeles Lakers,0022000825,2021-04-13T00:00:00,LAL @ CHA,W,24.333333333333332,2,7,0.286,0,0,0.0,0,0,0.0,4,8,12,1,2,3,0,0,4,3,4,-5,26.9,0,0,23.0,1,1,1,1,31,39,37,42,1,8,1,36,39,36,15,23,22,31,25,3,29,1,23,21,40,28,34,29,1,35,1,24:20,1,2020-21
2020-21,203083,Andre Drummond,Andre,1610612747,LAL,Los Angeles Lakers,0022000855,2021-04-17T00:00:00,LAL vs. UTA,W,30.466666666666665,10,15,0.667,0,0,0.0,7,8,0.875,2,6,8,3,2,2,1,0,4,4,27,18,48.1,0,0,44.0,1,1,1,1,12,5,14,4,1,8,1,3,6,5,35,34,36,9,25,8,16,1,23,12,3,2,11,29,1,10,1,30:28,1,2020-21
2020-21,203083,Andre Drummond,Andre,1610612747,LAL,Los Angeles Lakers,0022000875,2021-04-19T00:00:00,LAL vs. UTA,L,28.2,3,12,0.25,0,0,0.0,2,5,0.4,3,5,8,4,2,2,0,1,5,4,8,-15,27.6,0,0,24.0,1,20,20,20,17,35,23,46,1,8,1,24,15,28,27,37,36,2,25,8,29,16,37,12,36,39,33,29,1,34,1,28:12,1,2020-21
2020-21,203083,Andre Drummond,Andre,1610612747,LAL,Los Angeles Lakers,0022000897,2021-04-22T00:00:00,LAL @ DAL,L,30.666666666666668,5,10,0.5,0,0,0.0,4,4,1.0,6,13,19,3,3,1,3,0,4,3,14,14,50.3,1,0,44.0,1,20,20,20,11,28,30,22,1,8,1,8,21,1,4,5,4,9,15,19,2,1,23,21,24,4,8,1,1,10,1,30:40,1,2020-21
2020-21,203083,Andre Drummond,Andre,1610612747,LAL,Los Angeles Lakers,0022000908,2021-04-24T00:00:00,LAL @ DAL,L,29.518333333333334,3,5,0.6,0,0,0.0,0,0,0.0,0,12,12,1,2,3,0,0,2,3,6,-19,28.9,0,0,25.0,1,20,20,20,15,35,42,9,1,8,1,36,39,36,44,7,22,31,25,3,29,1,9,21,38,41,32,29,1,32,1,29:31,1,2020-21
2020-21,203083,Andre Drummond,Andre,1610612747,LAL,Los Angeles Lakers,0022000917,2021-04-26T00:00:00,LAL @ ORL,W,25.15,6,8,0.75,0,0,0.0,1,2,0.5,2,9,11,0,0,1,2,0,3,2,13,6,35.2,1,0,30.0,1,1,1,1,27,23,36,1,1,8,1,29,32,23,35,17,25,38,45,19,4,1,17,39,26,11,27,1,1,28,1,25:09,1,2020-21
2020-21,203083,Andre Drummond,Andre,1610612747,LAL,Los Angeles Lakers,0022000935,2021-04-28T00:00:00,LAL @ WAS,L,20.483333333333334,8,12,0.667,0,0,0.0,1,4,0.25,4,7,11,2,2,1,1,0,2,3,17,-9,37.2,1,0,34.0,1,20,20,20,40,13,23,4,1,8,1,29,21,33,15,29,25,19,25,19,16,1,9,21,19,36,20,1,1,20,1,20:29,1,2020-21
2020-21,203083,Andre Drummond,Andre,1610612747,LAL,Los Angeles Lakers,0022000956,2021-04-30T00:00:00,LAL vs. SAC,L,24.416666666666668,7,11,0.636,0,0,0.0,3,4,0.75,4,3,7,0,2,0,2,1,5,3,17,-3,29.4,0,0,28.0,1,20,20,20,30,18,26,6,1,8,1,15,21,9,15,40,38,38,25,36,4,16,37,21,19,25,31,29,1,31,1,24:25,1,2020-21
2020-21,203083,Andre Drummond,Andre,1610612747,LAL,Los Angeles Lakers,0022000974,2021-05-02T00:00:00,LAL vs. TOR,L,25.588333333333335,8,14,0.571,0,0,0.0,3,4,0.75,4,7,11,1,0,1,0,0,4,3,19,3,36.7,1,0,33.0,1,20,20,20,26,13,16,13,1,8,1,15,21,9,15,29,25,31,45,19,29,1,23,21,13,15,22,1,1,25,1,25:35,1,2020-21
2020-21,203083,Andre Drummond,Andre,1610612747,LAL,Los Angeles Lakers,0022000982,2021-05-03T00:00:00,LAL vs. DEN,W,21.516666666666666,2,5,0.4,0,0,0.0,0,1,0.0,0,0,0,1,3,2,0,2,5,3,4,-11,8.5,0,0,9.0,1,1,1,1,38,39,42,32,1,8,1,36,37,36,44,46,46,31,15,8,29,27,37,21,40,37,45,29,1,45,1,21:31,1,2020-21
2020-21,203083,Andre Drummond,Andre,1610612747,LAL,Los Angeles Lakers,0022001002,2021-05-06T00:00:00,LAL @ LAC,L,22.436666666666667,3,5,0.6,0,0,0.0,3,6,0.5,2,4,6,0,1,1,1,1,5,4,9,-7,21.2,0,0,19.0,1,20,20,20,33,35,42,9,1,8,1,15,10,23,35,38,40,38,37,19,16,16,37,12,35,33,36,29,1,39,1,22:26,1,2020-21
2020-21,203083,Andre Drummond,Andre,1610612747,LAL,Los Angeles Lakers,0022001010,2021-05-07T00:00:00,LAL @ POR,L,21.666666666666668,2,4,0.5,0,0,0.0,0,0,0.0,1,8,9,2,3,0,0,0,6,0,4,-2,14.8,0,0,15.0,1,20,20,20,37,39,45,22,1,8,1,36,39,36,40,23,34,19,15,36,29,1,45,46,40,23,43,29,1,43,1,21:40,1,2020-21
2020-21,203083,Andre Drummond,Andre,1610612747,LAL,Los Angeles Lakers,0022001024,2021-05-09T00:00:00,LAL vs. PHX,W,19.65,2,7,0.286,0,0,0.0,2,2,1.0,7,3,10,2,2,0,0,2,4,3,6,3,19.0,0,0,18.0,1,1,1,1,42,39,37,42,1,8,1,24,32,1,1,40,31,19,25,36,29,27,23,21,38,15,39,29,1,40,1,19:39,1,2020-21
2020-21,203083,Andre Drummond,Andre,1610612747,LAL,Los Angeles Lakers,0022001041,2021-05-11T00:00:00,LAL vs. NYK,W,35.51166666666666,6,11,0.545,0,0,0.0,4,7,0.571,5,13,18,3,1,0,2,0,1,5,16,8,47.1,1,0,41.0,1,1,1,1,6,23,26,17,1,8,1,8,8,22,8,5,5,9,37,36,4,1,2,8,21,10,12,1,1,15,1,35:31,1,2020-21
2020-21,203083,Andre Drummond,Andre,1610612747,LAL,Los Angeles Lakers,0022001046,2021-05-12T00:00:00,LAL vs. HOU,W,21.75,9,13,0.692,0,0,0.0,2,5,0.4,3,7,10,2,2,0,1,1,4,4,20,9,36.0,1,0,34.0,1,1,1,1,36,7,18,3,1,8,1,24,15,28,27,29,31,19,25,36,16,16,23,12,11,9,25,1,1,20,1,21:45,1,2020-21
2020-21,203083,Andre Drummond,Andre,1610612747,LAL,Los Angeles Lakers,0022001061,2021-05-15T00:00:00,LAL @ IND,W,28.82,4,9,0.444,0,0,0.0,3,5,0.6,4,11,15,0,1,0,2,3,1,3,11,10,34.0,1,0,30.0,1,1,1,1,16,31,32,30,1,8,1,15,15,21,15,10,11,38,37,36,4,33,2,21,31,7,30,1,1,28,1,28:49,1,2020-21
2020-21,203083,Andre Drummond,Andre,1610612747,LAL,Los Angeles Lakers,0022001072,2021-05-16T00:00:00,LAL @ NOP,W,21.033333333333335,6,11,0.545,0,0,0.0,1,3,0.333,5,8,13,0,2,2,2,0,5,4,13,-1,38.6,1,0,34.0,1,1,1,1,39,23,26,17,1,8,1,29,29,31,8,23,19,38,25,8,4,1,37,12,26,21,19,1,1,20,1,21:02,1,2020-21
2021-22,203083,Andre Drummond,Andre,1610612755,PHI,Philadelphia 76ers,0022100009,2021-10-20T00:00:00,PHI @ NOP,W,19.05,2,4,0.5,0,0,0.0,2,3,0.667,2,15,17,3,4,2,2,0,2,3,6,22,38.9,0,0,34.0,1,1,1,1,30,43,47,39,1,4,1,14,19,13,43,3,6,9,2,7,7,1,19,14,37,2,11,19,1,11,1,19:03,1,2021-22
2021-22,203083,Andre Drummond,Andre,1610612755,PHI,Philadelphia 76ers,0022100021,2021-10-22T00:00:00,PHI vs. BKN,L,18.283333333333335,2,3,0.667,0,1,0.0,0,0,0.0,3,7,10,2,1,2,2,0,2,4,4,-1,30.0,0,0,24.0,1,43,43,43,33,43,55,20,1,1,1,40,51,40,26,20,23,19,38,7,7,1,19,7,49,34,24,19,1,26,1,18:17,1,2021-22
2021-22,203083,Andre Drummond,Andre,1610612755,PHI,Philadelphia 76ers,0022100050,2021-10-26T00:00:00,PHI @ NYK,L,14.383333333333333,2,5,0.4,0,0,0.0,2,2,1.0,5,4,9,2,2,1,0,1,3,2,6,-9,20.8,0,0,19.0,1,43,43,43,58,43,35,56,1,4,1,14,24,1,12,46,30,19,17,22,45,42,38,25,37,62,43,19,1,40,1,14:23,1,2021-22
2021-22,203083,Andre Drummond,Andre,1610612755,PHI,Philadelphia 76ers,0022100065,2021-10-28T00:00:00,PHI vs. DET,W,14.406666666666666,1,2,0.5,0,0,0.0,0,0,0.0,0,4,4,0,4,0,1,0,6,1,2,0,5.8,0,0,8.0,1,1,1,1,57,60,62,39,1,4,1,40,51,40,65,46,64,64,2,50,18,1,73,39,63,32,72,19,1,69,1,14:24,1,2021-22
2021-22,203083,Andre Drummond,Andre,1610612755,PHI,Philadelphia 76ers,0022100082,2021-10-30T00:00:00,PHI vs. ATL,W,13.066666666666666,4,6,0.667,0,0,0.0,0,0,0.0,1,4,5,1,2,2,0,0,1,0,8,7,19.5,0,0,18.0,1,1,1,1,64,21,30,20,1,4,1,40,51,40,56,46,58,37,17,7,45,1,4,66,29,19,47,19,1,43,1,13:04,1,2021-22
2021-22,203083,Andre Drummond,Andre,1610612755,PHI,Philadelphia 76ers,0022100096,2021-11-01T00:00:00,PHI vs. POR,W,33.55166666666667,5,11,0.455,0,0,0.0,4,4,1.0,4,11,15,7,0,5,1,0,4,2,14,15,60.5,1,0,48.0,1,1,1,1,3,14,5,52,1,4,1,4,13,1,19,8,10,1,57,1,18,1,52,25,11,8,2,1,1,2,1,33:33,1,2021-22
2021-22,203083,Andre Drummond,Andre,1610612755,PHI,Philadelphia 76ers,0022100111,2021-11-03T00:00:00,PHI vs. CHI,W,13.921666666666667,0,3,0.0,0,0,0.0,2,2,1.0,2,3,5,3,3,1,0,1,0,1,2,-5,12.5,0,0,12.0,1,1,1,1,60,69,55,69,1,4,1,14,24,1,43,61,58,9,6,22,45,42,1,39,63,47,66,19,1,64,1,13:55,1,2021-22
2021-22,203083,Andre Drummond,Andre,1610612755,PHI,Philadelphia 76ers,0022100119,2021-11-04T00:00:00,PHI @ DET,W,17.966666666666665,3,6,0.5,0,0,0.0,2,6,0.333,5,5,10,3,1,1,0,0,2,3,8,20,26.5,0,0,23.0,1,1,1,1,37,31,30,39,1,4,1,14,4,35,12,39,23,9,38,22,45,1,19,14,29,3,32,19,1,30,1,17:58,1,2021-22
2021-22,203083,Andre Drummond,Andre,1610612755,PHI,Philadelphia 76ers,0022100135,2021-11-06T00:00:00,PHI @ CHI,W,13.966666666666667,1,3,0.333,0,0,0.0,1,2,0.5,0,2,2,1,1,0,0,0,5,1,3,-7,5.9,0,0,6.0,1,1,1,1,59,60,55,62,1,4,1,23,24,19,65,68,73,37,38,50,45,1,66,39,60,54,71,19,1,71,1,13:58,1,2021-22
2021-22,203083,Andre Drummond,Andre,1610612755,PHI,Philadelphia 76ers,0022100147,2021-11-08T00:00:00,PHI vs. NYK,L,38.37,5,9,0.556,0,0,0.0,4,6,0.667,8,17,25,1,1,0,2,2,2,4,14,-5,50.5,1,0,44.0,1,43,43,43,2,14,13,36,1,4,1,4,4,13,2,1,1,37,38,50,7,64,19,7,11,47,6,1,1,5,1,38:22,1,2021-22
2021-22,203083,Andre Drummond,Andre,1610612755,PHI,Philadelphia 76ers,0022100155,2021-11-09T00:00:00,PHI vs. MIL,L,33.08833333333333,8,13,0.615,0,0,0.0,1,2,0.5,7,13,20,3,3,1,2,1,3,1,17,-12,51.5,1,0,46.0,1,43,43,43,4,2,1,26,1,4,1,23,24,19,5,5,4,9,6,22,7,42,38,39,5,67,4,1,1,4,1,33:05,1,2021-22
2021-22,203083,Andre Drummond,Andre,1610612755,PHI,Philadelphia 76ers,0022100171,2021-11-11T00:00:00,PHI vs. TOR,L,30.391666666666666,2,8,0.25,0,0,0.0,0,0,0.0,5,7,12,3,0,0,4,1,1,1,4,-2,34.9,0,0,27.0,1,43,43,43,8,43,17,68,1,4,1,40,51,40,12,20,15,9,57,50,1,42,4,39,49,37,16,19,1,23,1,30:24,1,2021-22
2021-22,203083,Andre Drummond,Andre,1610612755,PHI,Philadelphia 76ers,0022100186,2021-11-13T00:00:00,PHI @ IND,L,30.783333333333335,4,12,0.333,0,0,0.0,3,6,0.5,8,8,16,2,1,1,1,3,2,4,11,11,38.2,1,0,33.0,1,43,43,43,7,21,3,62,1,4,1,8,4,19,2,14,8,19,38,22,18,70,19,7,18,14,12,1,1,13,1,30:47,1,2021-22
2021-22,203083,Andre Drummond,Andre,1610612755,PHI,Philadelphia 76ers,0022100211,2021-11-16T00:00:00,PHI @ UTA,L,12.3,3,6,0.5,0,0,0.0,0,1,0.0,1,5,6,1,2,1,1,1,1,2,6,-22,18.7,0,0,17.0,1,43,43,43,68,31,30,39,1,4,1,40,43,40,56,39,51,37,17,22,18,42,4,25,37,73,53,19,1,48,1,12:18,1,2021-22
2021-22,203083,Andre Drummond,Andre,1610612755,PHI,Philadelphia 76ers,0022100228,2021-11-18T00:00:00,PHI @ DEN,W,28.7,2,5,0.4,0,0,0.0,0,1,0.0,0,6,6,1,1,0,0,0,5,1,4,-6,11.7,0,0,11.0,1,1,1,1,11,43,35,56,1,4,1,40,43,40,65,27,51,37,38,50,45,1,66,39,49,51,67,19,1,67,1,28:42,1,2021-22
2021-22,203083,Andre Drummond,Andre,1610612755,PHI,Philadelphia 76ers,0022100246,2021-11-20T00:00:00,PHI @ POR,L,22.85,3,3,1.0,0,0,0.0,0,0,0.0,0,4,4,3,0,1,1,0,4,0,6,-8,21.3,0,0,17.0,1,43,43,43,20,31,55,1,1,4,1,40,51,40,65,46,64,9,57,22,18,1,52,66,37,57,41,19,1,48,1,22:51,1,2021-22
2021-22,203083,Andre Drummond,Andre,1610612755,PHI,Philadelphia 76ers,0022100262,2021-11-22T00:00:00,PHI @ SAC,W,31.2,3,8,0.375,0,0,0.0,3,6,0.5,7,16,23,3,2,1,3,0,4,3,9,19,51.1,0,0,43.0,1,1,1,1,5,31,17,59,1,4,1,8,4,19,5,2,2,9,17,22,2,1,52,14,25,5,5,19,1,6,1,31:12,1,2021-22
2021-22,203083,Andre Drummond,Andre,1610612755,PHI,Philadelphia 76ers,0022100278,2021-11-24T00:00:00,PHI @ GSW,L,27.2,0,5,0.0,0,0,0.0,1,2,0.5,3,9,12,2,5,0,0,2,4,4,1,-12,13.4,0,0,15.0,1,43,43,43,14,69,35,69,1,4,1,23,24,19,26,9,15,19,1,50,45,64,52,7,70,67,64,19,1,55,1,27:12,1,2021-22
2021-22,203083,Andre Drummond,Andre,1610612755,PHI,Philadelphia 76ers,0022100292,2021-11-27T00:00:00,PHI vs. MIN,L,12.601666666666667,1,1,1.0,0,0,0.0,0,0,0.0,1,2,3,1,2,0,1,0,3,0,2,-10,8.1,0,0,8.0,1,43,43,43,66,60,69,1,1,4,1,40,51,40,56,68,68,37,17,50,18,1,38,66,63,63,69,19,1,69,1,12:36,1,2021-22
2021-22,203083,Andre Drummond,Andre,1610612755,PHI,Philadelphia 76ers,0022100305,2021-11-29T00:00:00,PHI vs. ORL,W,18.13,3,4,0.75,0,0,0.0,1,3,0.333,6,6,12,1,3,0,2,1,1,4,7,2,25.9,0,0,24.0,1,1,1,1,35,31,47,16,1,4,1,23,19,35,9,27,15,37,6,50,7,42,4,7,35,29,33,19,1,26,1,18:08,1,2021-22
2021-22,203083,Andre Drummond,Andre,1610612755,PHI,Philadelphia 76ers,0022100322,2021-12-01T00:00:00,PHI @ BOS,L,14.766666666666667,2,2,1.0,0,0,0.0,0,0,0.0,3,6,9,1,0,0,2,0,3,0,4,8,22.3,0,0,18.0,1,43,43,43,55,43,62,1,1,4,1,40,51,40,26,27,30,37,57,50,7,1,38,66,49,16,40,19,1,43,1,14:46,1,2021-22
2021-22,203083,Andre Drummond,Andre,1610612755,PHI,Philadelphia 76ers,0022100335,2021-12-03T00:00:00,PHI @ ATL,W,11.866666666666667,2,2,1.0,0,0,0.0,0,1,0.0,3,4,7,1,1,2,0,0,0,1,4,-13,18.9,0,0,16.0,1,1,1,1,69,43,62,1,1,4,1,40,43,40,26,46,43,37,38,7,45,1,1,39,49,71,51,19,1,52,1,11:52,1,2021-22
2021-22,203083,Andre Drummond,Andre,1610612755,PHI,Philadelphia 76ers,0022100353,2021-12-06T00:00:00,PHI @ CHA,W,12.346666666666666,3,5,0.6,0,0,0.0,0,2,0.0,2,1,3,2,1,1,2,1,3,1,6,-4,20.6,0,0,17.0,1,1,1,1,67,31,35,27,1,4,1,40,24,40,43,72,68,19,38,22,7,42,38,39,37,45,45,19,1,48,1,12:21,1,2021-22
2021-22,203083,Andre Drummond,Andre,1610612755,PHI,Philadelphia 76ers,0022100366,2021-12-08T00:00:00,PHI @ CHA,W,15.48,2,2,1.0,0,0,0.0,4,4,1.0,3,2,5,2,3,2,1,0,3,2,8,5,23.0,0,0,21.0,1,1,1,1,51,43,62,1,1,4,1,4,13,1,26,68,58,19,6,7,18,1,38,25,29,22,38,19,1,37,1,15:29,1,2021-22
2021-22,203083,Andre Drummond,Andre,1610612755,PHI,Philadelphia 76ers,0022100379,2021-12-09T00:00:00,PHI vs. UTA,L,10.126666666666667,0,1,0.0,0,0,0.0,0,0,0.0,0,3,3,1,2,0,0,1,2,0,0,-11,3.1,0,0,4.0,1,43,43,43,73,69,69,69,1,4,1,40,51,40,65,61,68,37,17,50,45,42,19,66,72,65,73,19,1,73,1,10:08,1,2021-22
2021-22,203083,Andre Drummond,Andre,1610612755,PHI,Philadelphia 76ers,0022100396,2021-12-11T00:00:00,PHI vs. GSW,W,15.483333333333333,4,5,0.8,0,0,0.0,1,2,0.5,3,6,9,1,0,2,0,0,1,1,9,18,27.3,0,0,23.0,1,1,1,1,50,21,35,11,1,4,1,23,24,19,26,27,30,37,57,7,45,1,4,39,25,6,30,19,1,30,1,15:29,1,2021-22
2021-22,203083,Andre Drummond,Andre,1610612755,PHI,Philadelphia 76ers,0022100409,2021-12-13T00:00:00,PHI @ MEM,L,20.73,3,7,0.429,0,0,0.0,0,0,0.0,3,6,9,3,2,0,3,1,1,3,6,-13,28.3,0,0,24.0,1,43,43,43,23,31,26,55,1,4,1,40,51,40,26,27,30,9,17,50,2,42,4,14,37,71,26,19,1,26,1,20:44,1,2021-22
2021-22,203083,Andre Drummond,Andre,1610612755,PHI,Philadelphia 76ers,0022100419,2021-12-15T00:00:00,PHI vs. MIA,L,10.771666666666667,0,0,0.0,0,0,0.0,0,0,0.0,1,3,4,0,0,1,0,0,2,1,0,-12,7.8,0,0,6.0,1,43,43,43,72,69,72,69,1,4,1,40,51,40,56,61,64,64,57,22,45,1,19,39,72,67,70,19,1,71,1,10:46,1,2021-22
2021-22,203083,Andre Drummond,Andre,1610612755,PHI,Philadelphia 76ers,0022100429,2021-12-16T00:00:00,PHI @ BKN,L,14.786666666666667,2,2,1.0,0,0,0.0,0,0,0.0,0,6,6,2,2,3,0,0,2,1,4,-4,21.2,0,0,18.0,1,43,43,43,54,43,62,1,1,4,1,40,51,40,65,27,51,19,17,2,45,1,19,39,49,45,42,19,1,43,1,14:47,1,2021-22
2021-22,203083,Andre Drummond,Andre,1610612755,PHI,Philadelphia 76ers,0022100525,2021-12-30T00:00:00,PHI @ BKN,W,15.966666666666667,5,8,0.625,0,0,0.0,0,1,0.0,5,5,10,1,2,1,1,0,2,3,10,8,27.5,1,0,25.0,1,1,1,1,47,14,17,24,1,4,1,40,43,40,12,39,23,37,17,22,18,1,19,14,22,16,28,1,1,25,1,15:58,1,2021-22
2021-22,203083,Andre Drummond,Andre,1610612755,PHI,Philadelphia 76ers,0022100552,2022-01-03T00:00:00,PHI vs. HOU,W,16.65,3,5,0.6,0,0,0.0,2,2,1.0,2,5,7,2,0,1,1,2,1,1,8,6,25.4,0,0,21.0,1,1,1,1,42,31,35,27,1,4,1,14,24,1,43,39,43,19,57,22,18,64,4,39,29,20,34,19,1,37,1,16:39,1,2021-22
2021-22,203083,Andre Drummond,Andre,1610612755,PHI,Philadelphia 76ers,0022100568,2022-01-05T00:00:00,PHI @ ORL,W,18.266666666666666,5,8,0.625,0,0,0.0,2,3,0.667,4,4,8,4,0,2,1,0,2,5,12,14,36.6,0,0,30.0,1,1,1,1,34,14,17,24,1,4,1,14,19,13,19,46,38,5,57,7,18,1,19,4,17,9,15,19,1,15,1,18:16,1,2021-22
2021-22,203083,Andre Drummond,Andre,1610612755,PHI,Philadelphia 76ers,0022100582,2022-01-07T00:00:00,PHI vs. SAS,W,13.616666666666667,2,4,0.5,0,0,0.0,1,2,0.5,3,3,6,2,4,3,0,1,3,2,5,-7,20.2,0,0,19.0,1,1,1,1,61,43,47,39,1,4,1,23,24,19,26,61,51,19,2,2,45,42,38,25,47,54,46,19,1,40,1,13:37,1,2021-22
2021-22,203083,Andre Drummond,Andre,1610612755,PHI,Philadelphia 76ers,0022100711,2022-01-10T00:00:00,PHI @ HOU,W,17.083333333333332,6,8,0.75,0,0,0.0,1,3,0.333,4,6,10,3,1,1,1,0,2,3,13,13,34.5,1,0,30.0,1,1,1,1,41,11,17,16,1,4,1,23,19,35,19,27,23,9,38,22,18,1,19,14,15,11,18,1,1,15,1,17:05,1,2021-22
2021-22,203083,Andre Drummond,Andre,1610612755,PHI,Philadelphia 76ers,0022100619,2022-01-12T00:00:00,PHI vs. CHA,L,19.683333333333334,1,2,0.5,0,0,0.0,0,4,0.0,0,8,8,1,1,1,0,0,1,3,2,4,15.1,0,0,13.0,1,43,43,43,27,60,62,39,1,4,1,40,13,40,65,14,38,37,38,22,45,1,4,14,63,24,60,19,1,61,1,19:41,1,2021-22
2021-22,203083,Andre Drummond,Andre,1610612755,PHI,Philadelphia 76ers,0022100635,2022-01-14T00:00:00,PHI vs. BOS,W,15.6,4,5,0.8,0,0,0.0,1,2,0.5,3,5,8,2,1,1,0,0,4,2,9,-8,23.6,0,0,21.0,1,1,1,1,48,21,35,11,1,4,1,23,24,19,26,39,38,19,38,22,45,1,52,25,25,57,36,19,1,37,1,15:36,1,2021-22
2021-22,203083,Andre Drummond,Andre,1610612755,PHI,Philadelphia 76ers,0022100645,2022-01-15T00:00:00,PHI @ MIA,W,11.146666666666667,0,0,0.0,0,0,0.0,1,2,0.5,0,4,4,2,3,2,1,0,2,1,1,-5,14.8,0,0,13.0,1,1,1,1,71,69,72,69,1,4,1,23,24,19,65,46,64,19,6,7,18,1,19,39,70,47,61,19,1,61,1,11:09,1,2021-22
2021-22,203083,Andre Drummond,Andre,1610612755,PHI,Philadelphia 76ers,0022100656,2022-01-17T00:00:00,PHI @ WAS,L,15.033333333333333,1,2,0.5,0,0,0.0,0,0,0.0,1,6,7,1,2,3,0,0,5,2,2,-6,18.9,0,0,16.0,1,43,43,43,52,60,62,39,1,4,1,40,51,40,56,27,43,37,17,2,45,1,66,25,63,51,51,19,1,52,1,15:02,1,2021-22
2021-22,203083,Andre Drummond,Andre,1610612755,PHI,Philadelphia 76ers,0022100668,2022-01-19T00:00:00,PHI vs. ORL,W,17.186666666666667,4,8,0.5,0,0,0.0,1,1,1.0,1,4,5,0,4,2,2,1,3,1,9,-2,23.0,0,0,22.0,1,1,1,1,40,21,17,39,1,4,1,23,43,1,56,46,58,64,2,7,7,42,38,39,25,37,38,19,1,33,1,17:11,1,2021-22
2021-22,203083,Andre Drummond,Andre,1610612755,PHI,Philadelphia 76ers,0022100686,2022-01-21T00:00:00,PHI vs. LAC,L,11.466666666666667,2,5,0.4,0,0,0.0,1,2,0.5,4,7,11,1,2,0,1,0,1,1,5,5,20.7,0,0,19.0,1,43,43,43,70,43,35,56,1,4,1,23,24,19,19,20,20,37,17,50,18,1,4,39,47,22,44,19,1,40,1,11:28,1,2021-22
2021-22,203083,Andre Drummond,Andre,1610612755,PHI,Philadelphia 76ers,0022100704,2022-01-23T00:00:00,PHI @ SAS,W,16.333333333333332,3,5,0.6,0,0,0.0,0,2,0.0,3,4,7,0,2,0,1,0,3,1,6,-2,15.4,0,0,15.0,1,1,1,1,44,31,35,27,1,4,1,40,24,40,26,46,43,64,17,50,18,1,38,39,37,37,59,19,1,55,1,16:20,1,2021-22
2021-22,203083,Andre Drummond,Andre,1610612755,PHI,Philadelphia 76ers,0022100454,2022-01-25T00:00:00,PHI vs. NOP,W,14.648333333333333,2,4,0.5,0,1,0.0,0,0,0.0,1,4,5,1,0,1,0,0,2,1,4,4,14.5,0,0,12.0,1,1,1,1,56,43,47,39,1,1,1,40,51,40,56,46,58,37,57,22,45,1,19,39,49,24,62,19,1,64,1,14:39,1,2021-22
2021-22,203083,Andre Drummond,Andre,1610612755,PHI,Philadelphia 76ers,0022100733,2022-01-27T00:00:00,PHI vs. LAL,W,13.338333333333333,1,3,0.333,0,0,0.0,0,0,0.0,2,8,10,2,1,1,0,1,2,0,2,-3,19.0,0,0,16.0,1,1,1,1,62,60,55,62,1,4,1,40,51,40,43,14,23,19,38,22,45,42,19,66,63,42,50,19,1,52,1,13:20,1,2021-22
2021-22,203083,Andre Drummond,Andre,1610612755,PHI,Philadelphia 76ers,0022100747,2022-01-29T00:00:00,PHI vs. SAC,W,13.083333333333334,1,1,1.0,0,0,0.0,1,2,0.5,0,8,8,0,2,1,1,0,1,1,3,-3,16.6,0,0,15.0,1,1,1,1,63,60,69,1,1,4,1,23,24,19,65,14,38,64,17,22,18,1,4,39,60,42,57,19,1,55,1,13:05,1,2021-22
2021-22,203083,Andre Drummond,Andre,1610612755,PHI,Philadelphia 76ers,0022100761,2022-01-31T00:00:00,PHI vs. MEM,W,43.001666666666665,8,11,0.727,0,0,0.0,0,1,0.0,10,13,23,5,3,2,3,1,5,4,16,-1,63.1,1,0,54.0,1,1,1,1,1,2,5,18,1,4,1,40,43,40,1,5,2,2,6,7,2,42,66,7,8,34,1,1,1,1,1,43:00,1,2021-22
2021-22,203083,Andre Drummond,Andre,1610612755,PHI,Philadelphia 76ers,0022100774,2022-02-02T00:00:00,PHI vs. WAS,L,12.883333333333333,2,4,0.5,0,0,0.0,0,0,0.0,2,1,3,4,0,0,0,0,4,1,4,-7,13.6,0,0,11.0,1,43,43,43,65,43,47,39,1,4,1,40,51,40,43,72,68,5,57,50,45,1,52,39,49,54,63,19,1,67,1,12:53,1,2021-22
2021-22,203083,Andre Drummond,Andre,1610612755,PHI,Philadelphia 76ers,0022100791,2022-02-04T00:00:00,PHI @ DAL,L,15.003333333333334,3,5,0.6,0,0,0.0,0,0,0.0,2,5,7,2,1,1,0,0,2,1,6,8,19.4,0,0,17.0,1,43,43,43,53,31,35,27,1,4,1,40,51,40,43,39,43,19,38,22,45,1,19,39,37,16,48,19,1,48,1,15:00,1,2021-22
2021-22,203083,Andre Drummond,Andre,1610612755,PHI,Philadelphia 76ers,0022100802,2022-02-06T00:00:00,PHI @ CHI,W,15.983333333333333,1,3,0.333,0,0,0.0,0,0,0.0,1,7,8,3,0,0,1,1,1,0,2,0,19.1,0,0,15.0,1,1,1,1,46,60,55,62,1,4,1,40,51,40,56,20,38,9,57,50,18,42,4,66,63,32,49,19,1,55,1,15:59,1,2021-22
2021-22,203083,Andre Drummond,Andre,1610612755,PHI,Philadelphia 76ers,0022100815,2022-02-08T00:00:00,PHI vs. PHX,L,15.5,2,4,0.5,0,0,0.0,0,0,0.0,2,5,7,5,1,3,0,0,3,1,4,-3,27.9,0,0,22.0,1,43,43,43,49,43,47,39,1,4,1,40,51,40,43,39,43,2,38,2,45,1,38,39,49,42,27,19,1,33,1,15:30,1,2021-22
2021-22,203083,Andre Drummond,Andre,1610612751,BKN,Brooklyn Nets,0022100859,2022-02-14T00:00:00,BKN vs. SAC,W,24.116666666666667,4,7,0.571,0,0,0.0,3,4,0.75,3,6,9,4,2,2,1,1,5,3,11,23,34.8,0,0,30.0,1,1,1,1,17,21,26,34,1,4,1,8,13,11,26,27,30,5,17,7,18,42,66,14,18,1,17,19,1,15,1,24:07,1,2021-22
2021-22,203083,Andre Drummond,Andre,1610612751,BKN,Brooklyn Nets,0022100877,2022-02-16T00:00:00,BKN @ NYK,W,22.583333333333332,5,11,0.455,0,0,0.0,1,5,0.2,5,14,19,2,0,1,1,3,1,3,11,4,42.8,1,0,36.0,1,1,1,1,21,14,5,52,1,4,1,23,10,38,12,4,5,19,57,22,18,70,4,14,18,24,9,1,1,10,1,22:35,1,2021-22
2021-22,203083,Andre Drummond,Andre,1610612751,BKN,Brooklyn Nets,0022100464,2022-02-17T00:00:00,BKN vs. WAS,L,18.55,3,8,0.375,0,0,0.0,0,2,0.0,3,6,9,1,3,1,0,2,4,2,6,-8,18.3,0,0,18.0,1,43,43,43,31,31,17,59,1,4,1,40,24,40,26,27,30,37,6,22,45,64,52,25,37,57,54,19,1,43,1,18:33,1,2021-22
2021-22,203083,Andre Drummond,Andre,1610612751,BKN,Brooklyn Nets,0022100890,2022-02-24T00:00:00,BKN vs. BOS,L,19.616666666666667,4,6,0.667,0,1,0.0,3,4,0.75,2,4,6,1,2,1,1,0,0,2,11,-5,23.7,0,0,22.0,1,43,43,43,29,21,30,20,1,1,1,8,13,11,43,46,51,37,17,22,18,1,1,25,18,47,35,19,1,33,1,19:37,1,2021-22
2021-22,203083,Andre Drummond,Andre,1610612751,BKN,Brooklyn Nets,0022100910,2022-02-26T00:00:00,BKN @ MIL,W,29.358333333333334,7,9,0.778,0,0,0.0,3,7,0.429,4,8,12,5,2,2,1,0,5,5,17,20,45.9,1,0,40.0,1,1,1,1,9,5,13,14,1,4,1,8,3,33,19,14,15,2,17,7,18,1,66,4,5,3,8,1,1,8,1,29:22,1,2021-22
2021-22,203083,Andre Drummond,Andre,1610612751,BKN,Brooklyn Nets,0022100726,2022-02-28T00:00:00,BKN vs. TOR,L,16.016666666666666,1,3,0.333,0,0,0.0,1,2,0.5,3,3,6,2,3,0,1,1,1,3,3,-12,13.2,0,0,13.0,1,43,43,43,45,60,55,62,1,4,1,23,24,19,26,61,51,19,6,50,18,42,4,14,60,67,65,19,1,61,1,16:01,1,2021-22
2021-22,203083,Andre Drummond,Andre,1610612751,BKN,Brooklyn Nets,0022100941,2022-03-03T00:00:00,BKN vs. MIA,L,19.683333333333334,4,5,0.8,0,0,0.0,0,0,0.0,1,2,3,1,2,0,0,1,4,1,8,-10,11.1,0,0,12.0,1,43,43,43,27,21,35,11,1,4,1,40,51,40,56,68,68,37,17,50,45,42,52,39,29,63,68,19,1,64,1,19:41,1,2021-22
2021-22,203083,Andre Drummond,Andre,1610612751,BKN,Brooklyn Nets,0022100960,2022-03-06T00:00:00,BKN @ BOS,L,16.55,3,5,0.6,0,0,0.0,0,0,0.0,3,4,7,1,0,0,0,0,2,1,6,-8,15.9,0,0,14.0,1,43,43,43,43,31,35,27,1,4,1,40,51,40,26,46,43,37,57,50,45,1,19,39,37,57,58,19,1,60,1,16:33,1,2021-22
2021-22,203083,Andre Drummond,Andre,1610612751,BKN,Brooklyn Nets,0022100975,2022-03-08T00:00:00,BKN @ CHA,W,24.4,7,13,0.538,0,0,0.0,6,10,0.6,2,12,14,2,1,1,2,3,1,6,20,4,47.8,1,0,42.0,1,1,1,1,16,5,1,38,1,4,1,1,2,17,43,7,11,19,38,22,7,70,4,2,1,24,7,1,1,7,1,24:24,1,2021-22
2021-22,203083,Andre Drummond,Andre,1610612751,BKN,Brooklyn Nets,0022100993,2022-03-10T00:00:00,BKN @ PHI,W,20.55,2,4,0.5,0,0,0.0,3,6,0.5,3,4,7,2,0,0,3,0,3,3,7,16,27.4,0,0,22.0,1,1,1,1,24,43,47,39,1,4,1,8,4,19,26,46,43,19,57,50,2,1,38,14,35,7,29,19,1,33,1,20:33,1,2021-22
2021-22,203083,Andre Drummond,Andre,1610612751,BKN,Brooklyn Nets,0022101012,2022-03-13T00:00:00,BKN vs. NYK,W,26.533333333333335,8,8,1.0,0,0,0.0,2,5,0.4,3,7,10,0,3,0,1,0,2,4,18,-1,30.0,1,0,30.0,1,1,1,1,15,2,17,1,1,4,1,14,10,34,26,20,23,64,6,50,18,1,19,7,4,34,24,1,1,15,1,26:32,1,2021-22
2021-22,203083,Andre Drummond,Andre,1610612751,BKN,Brooklyn Nets,0022101030,2022-03-15T00:00:00,BKN @ ORL,W,18.483333333333334,4,7,0.571,0,0,0.0,2,3,0.667,2,4,6,0,3,0,1,0,4,2,10,6,17.2,0,0,18.0,1,1,1,1,32,21,26,34,1,4,1,14,19,13,43,46,51,64,6,50,18,1,52,25,22,20,55,19,1,43,1,18:29,1,2021-22
2021-22,203083,Andre Drummond,Andre,1610612751,BKN,Brooklyn Nets,0022101036,2022-03-16T00:00:00,BKN vs. DAL,L,21.715,7,8,0.875,0,0,0.0,0,1,0.0,8,9,17,1,2,0,1,0,4,2,14,-11,36.9,1,0,34.0,1,43,43,43,22,5,17,10,1,4,1,40,43,40,2,9,6,37,17,50,18,1,52,25,11,65,14,1,1,11,1,21:43,1,2021-22
2021-22,203083,Andre Drummond,Andre,1610612751,BKN,Brooklyn Nets,0022101048,2022-03-18T00:00:00,BKN vs. POR,W,23.466666666666665,6,10,0.6,0,0,0.0,5,6,0.833,6,3,9,1,2,0,0,2,1,6,17,1,27.3,0,0,27.0,1,1,1,1,19,11,12,27,1,4,1,3,4,10,9,61,30,37,17,50,45,64,4,2,5,30,30,19,1,23,1,23:28,1,2021-22
2021-22,203083,Andre Drummond,Andre,1610612751,BKN,Brooklyn Nets,0022101089,2022-03-23T00:00:00,BKN @ MEM,L,27.7,7,9,0.778,0,0,0.0,1,2,0.5,2,3,5,1,2,1,0,1,4,1,15,14,23.5,0,0,23.0,1,43,43,43,13,5,13,14,1,4,1,23,24,19,43,61,58,37,17,22,45,42,52,39,9,9,37,19,1,30,1,27:42,1,2021-22
2021-22,203083,Andre Drummond,Andre,1610612751,BKN,Brooklyn Nets,0022101111,2022-03-26T00:00:00,BKN @ MIA,W,17.866666666666667,6,11,0.545,0,0,0.0,1,5,0.2,7,4,11,1,0,2,0,0,4,5,13,4,33.7,1,0,29.0,1,1,1,1,38,11,5,37,1,4,1,23,10,38,5,46,20,37,57,7,45,1,52,4,15,24,20,1,1,20,1,17:52,1,2021-22
2021-22,203083,Andre Drummond,Andre,1610612751,BKN,Brooklyn Nets,0022101120,2022-03-27T00:00:00,BKN vs. CHA,L,31.016666666666666,7,12,0.583,0,0,0.0,6,11,0.545,7,9,16,0,3,3,3,1,4,8,20,-8,54.2,1,0,48.0,1,43,43,43,6,5,3,33,1,4,1,1,1,18,5,9,8,64,6,2,2,42,52,1,1,57,3,1,1,2,1,31:01,1,2021-22
2021-22,203083,Andre Drummond,Andre,1610612751,BKN,Brooklyn Nets,0022101133,2022-03-29T00:00:00,BKN vs. DET,W,28.35,5,7,0.714,0,0,0.0,4,4,1.0,4,9,13,1,0,1,0,1,3,2,14,12,34.1,1,0,30.0,1,1,1,1,12,14,26,19,1,4,1,4,13,1,19,9,12,37,57,22,45,42,38,25,11,12,19,1,1,15,1,28:21,1,2021-22
2021-22,203083,Andre Drummond,Andre,1610612751,BKN,Brooklyn Nets,0022101148,2022-03-31T00:00:00,BKN vs. MIL,L,28.85,2,4,0.5,0,0,0.0,0,2,0.0,2,8,10,4,0,2,1,0,3,1,4,-2,31.0,0,0,24.0,1,43,43,43,10,43,47,39,1,4,1,40,24,40,43,14,23,5,57,7,18,1,38,39,49,37,23,19,1,26,1,28:51,1,2021-22
2021-22,203083,Andre Drummond,Andre,1610612751,BKN,Brooklyn Nets,0022101163,2022-04-02T00:00:00,BKN @ ATL,L,18.066666666666666,4,11,0.364,0,0,0.0,0,0,0.0,6,7,13,1,1,2,1,1,2,0,8,-6,33.1,0,0,28.0,1,43,43,43,36,21,5,61,1,4,1,40,51,40,9,20,12,37,38,7,18,42,19,66,29,51,21,19,1,21,1,18:04,1,2021-22
2021-22,203083,Andre Drummond,Andre,1610612751,BKN,Brooklyn Nets,0022101180,2022-04-05T00:00:00,BKN vs. HOU,W,20.3,5,11,0.455,0,0,0.0,0,0,0.0,5,6,11,1,2,1,2,4,5,1,10,12,31.7,1,0,28.0,1,1,1,1,25,14,5,52,1,4,1,40,51,40,12,27,20,37,17,22,7,73,66,39,22,12,22,1,1,21,1,20:18,1,2021-22
2021-22,203083,Andre Drummond,Andre,1610612751,BKN,Brooklyn Nets,0022101191,2022-04-06T00:00:00,BKN @ NYK,W,17.566666666666666,2,6,0.333,0,0,0.0,0,0,0.0,3,6,9,0,1,1,0,1,2,1,4,1,16.8,0,0,15.0,1,1,1,1,39,43,30,62,1,4,1,40,51,40,26,27,30,64,38,22,45,42,19,39,49,30,56,19,1,55,1,17:34,1,2021-22
2021-22,203083,Andre Drummond,Andre,1610612751,BKN,Brooklyn Nets,0022101205,2022-04-08T00:00:00,BKN vs. CLE,W,23.533333333333335,7,11,0.636,0,0,0.0,1,1,1.0,5,7,12,2,1,1,1,2,4,2,15,9,37.4,1,0,33.0,1,1,1,1,18,5,5,23,1,4,1,23,43,1,12,20,15,19,38,22,18,64,52,25,9,15,13,1,1,13,1,23:32,1,2021-22
2021-22,203083,Andre Drummond,Andre,1610612751,BKN,Brooklyn Nets,0022101216,2022-04-10T00:00:00,BKN vs. IND,W,19.866666666666667,9,9,1.0,0,0,0.0,2,2,1.0,4,9,13,0,1,0,2,0,3,2,20,-2,40.6,1,0,37.0,1,1,1,1,26,1,13,1,1,4,1,14,24,1,19,9,12,64,38,50,7,1,38,25,1,37,10,1,1,9,1,19:52,1,2021-22
2022-23,203083,Andre Drummond,Andre,1610612741,CHI,Chicago Bulls,0022200007,2022-10-19T00:00:00,CHI @ MIA,W,14.883333333333333,2,7,0.286,0,1,0.0,5,5,1.0,3,2,5,1,3,1,1,0,4,5,9,-8,19.5,0,0,19.0,1,1,1,1,20,30,11,55,1,1,1,1,2,1,13,53,37,5,3,13,6,1,61,1,15,53,22,9,1,18,1,14:53,1,2022-23
2022-23,203083,Andre Drummond,Andre,1610612741,CHI,Chicago Bulls,0022200019,2022-10-21T00:00:00,CHI @ WAS,L,18.016666666666666,5,6,0.833,0,0,0.0,0,2,0.0,3,7,10,1,3,0,1,1,2,1,10,8,23.5,1,0,23.0,1,33,33,33,7,7,15,13,1,4,1,36,21,36,13,8,12,5,3,28,6,44,34,36,13,13,16,1,1,12,1,18:01,1,2022-23
2022-23,203083,Andre Drummond,Andre,1610612741,CHI,Chicago Bulls,0022200032,2022-10-22T00:00:00,CHI vs. CLE,L,13.1,3,8,0.375,0,1,0.0,2,2,1.0,3,4,7,0,3,2,0,1,2,2,8,-16,19.4,0,0,19.0,1,33,33,33,35,19,6,50,1,1,1,10,21,1,13,33,26,30,3,5,23,44,34,16,17,67,23,9,1,18,1,13:06,1,2022-23
2022-23,203083,Andre Drummond,Andre,1610612741,CHI,Chicago Bulls,0022200047,2022-10-24T00:00:00,CHI vs. BOS,W,15.283333333333333,1,2,0.5,0,0,0.0,0,0,0.0,2,10,12,0,1,0,0,1,2,0,2,16,15.4,0,0,14.0,1,1,1,1,17,40,43,35,1,4,1,36,44,36,25,2,4,30,21,28,23,44,34,53,46,4,34,9,1,33,1,15:17,1,2022-23
2022-23,203083,Andre Drummond,Andre,1610612741,CHI,Chicago Bulls,0022200061,2022-10-26T00:00:00,CHI vs. IND,W,16.75,4,8,0.5,0,0,0.0,0,0,0.0,4,9,13,1,0,0,1,3,4,0,8,16,28.1,0,0,24.0,1,1,1,1,11,13,6,35,1,4,1,36,44,36,7,5,3,5,44,28,6,67,61,53,17,4,9,9,1,9,1,16:45,1,2022-23
2022-23,203083,Andre Drummond,Andre,1610612741,CHI,Chicago Bulls,0022200077,2022-10-28T00:00:00,CHI @ SAS,L,22.49,8,12,0.667,0,0,0.0,1,3,0.333,7,7,14,2,1,3,0,0,3,2,17,13,44.8,1,0,39.0,1,33,33,33,1,2,1,22,1,4,1,22,16,31,1,8,2,1,21,2,23,1,48,16,2,7,2,1,1,2,1,22:29,1,2022-23
2022-23,203083,Andre Drummond,Andre,1610612741,CHI,Chicago Bulls,0022200166,2022-11-09T00:00:00,CHI vs. NOP,L,12.133333333333333,1,2,0.5,0,0,0.0,0,0,0.0,0,5,5,1,2,0,0,0,1,0,2,11,7.5,0,0,8.0,1,33,33,33,43,40,43,35,1,4,1,36,44,36,56,24,37,5,11,28,23,1,14,53,46,10,54,9,1,51,1,12:08,1,2022-23
2022-23,203083,Andre Drummond,Andre,1610612741,CHI,Chicago Bulls,0022200196,2022-11-13T00:00:00,CHI vs. DEN,L,21.516666666666666,5,8,0.625,0,0,0.0,3,3,1.0,4,7,11,1,1,1,0,0,3,3,13,-8,29.7,1,0,27.0,1,33,33,33,2,7,6,30,1,4,1,2,16,1,7,8,8,5,21,13,23,1,48,5,5,53,7,1,1,7,1,21:31,1,2022-23
2022-23,203083,Andre Drummond,Andre,1610612741,CHI,Chicago Bulls,0022200217,2022-11-16T00:00:00,CHI @ NOP,L,14.966666666666667,4,6,0.667,0,0,0.0,0,0,0.0,1,3,4,0,0,0,0,1,2,0,8,-1,12.8,0,0,12.0,1,33,33,33,19,13,15,22,1,4,1,36,44,36,37,42,50,30,44,28,23,44,34,53,17,31,43,9,1,40,1,14:58,1,2022-23
2022-23,203083,Andre Drummond,Andre,1610612741,CHI,Chicago Bulls,0022200227,2022-11-18T00:00:00,CHI vs. ORL,L,14.606666666666667,3,5,0.6,0,0,0.0,1,2,0.5,4,2,6,1,2,0,0,0,1,1,7,-10,13.7,0,0,14.0,1,33,33,33,23,19,22,32,1,4,1,22,21,17,7,53,32,5,11,28,23,1,14,36,23,62,38,9,1,33,1,14:36,1,2022-23
2022-23,203083,Andre Drummond,Andre,1610612741,CHI,Chicago Bulls,0022200250,2022-11-21T00:00:00,CHI vs. BOS,W,12.95,1,2,0.5,0,0,0.0,3,4,0.75,4,8,12,1,2,0,0,0,1,3,5,-6,18.9,0,0,18.0,1,1,1,1,37,40,43,35,1,4,1,2,6,9,7,7,4,5,11,28,23,1,14,5,34,46,25,9,1,22,1,12:57,1,2022-23
2022-23,203083,Andre Drummond,Andre,1610612741,CHI,Chicago Bulls,0022200267,2022-11-23T00:00:00,CHI @ MIL,W,16.95,1,3,0.333,0,0,0.0,0,0,0.0,1,7,8,1,0,0,2,0,3,0,2,-4,19.1,0,0,15.0,1,1,1,1,10,40,36,51,1,4,1,36,44,36,37,8,20,5,44,28,1,1,48,53,46,40,24,9,1,30,1,16:57,1,2022-23
2022-23,203083,Andre Drummond,Andre,1610612741,CHI,Chicago Bulls,0022200281,2022-11-25T00:00:00,CHI @ OKC,L,6.55,1,4,0.25,0,0,0.0,2,2,1.0,3,1,4,1,0,0,0,1,0,1,4,-10,10.3,0,0,9.0,1,33,33,33,59,40,27,56,1,4,1,10,21,1,13,62,50,5,44,28,23,44,1,36,37,62,50,9,1,49,1,6:33,1,2022-23
2022-23,203083,Andre Drummond,Andre,1610612741,CHI,Chicago Bulls,0022200306,2022-11-28T00:00:00,CHI @ UTA,W,14.433333333333334,5,8,0.625,0,0,0.0,0,0,0.0,4,6,10,0,1,1,0,0,3,0,10,4,24.0,1,0,22.0,1,1,1,1,24,7,6,30,1,4,1,36,44,36,7,14,12,30,21,13,23,1,48,53,13,21,14,1,1,15,1,14:26,1,2022-23
2022-23,203083,Andre Drummond,Andre,1610612741,CHI,Chicago Bulls,0022200321,2022-11-30T00:00:00,CHI @ PHX,L,15.366666666666667,2,2,1.0,0,0,0.0,0,0,0.0,1,6,7,2,1,1,2,0,3,2,4,-9,23.4,0,0,19.0,1,33,33,33,16,30,43,1,1,4,1,36,44,36,37,14,26,1,21,13,1,1,48,16,37,57,17,9,1,18,1,15:22,1,2022-23
2022-23,203083,Andre Drummond,Andre,1610612741,CHI,Chicago Bulls,0022200336,2022-12-02T00:00:00,CHI @ GSW,L,5.466666666666667,0,2,0.0,0,0,0.0,0,2,0.0,1,1,2,1,0,0,0,0,0,1,0,-4,3.9,0,0,3.0,1,33,33,33,65,58,43,58,1,4,1,36,21,36,37,62,60,5,44,28,23,1,1,36,63,40,63,9,1,63,1,5:28,1,2022-23
2022-23,203083,Andre Drummond,Andre,1610612741,CHI,Chicago Bulls,0022200350,2022-12-04T00:00:00,CHI @ SAC,L,5.533333333333333,1,2,0.5,0,0,0.0,0,1,0.0,0,1,1,0,0,0,0,0,0,1,2,-12,3.2,0,0,3.0,1,33,33,33,64,40,43,35,1,4,1,36,42,36,56,62,64,30,44,28,23,1,1,36,46,66,65,9,1,63,1,5:32,1,2022-23
2022-23,203083,Andre Drummond,Andre,1610612741,CHI,Chicago Bulls,0022200367,2022-12-07T00:00:00,CHI vs. WAS,W,8.466666666666667,2,5,0.4,0,0,0.0,0,0,0.0,1,2,3,1,1,0,1,1,5,0,4,-7,11.1,0,0,10.0,1,1,1,1,52,30,22,49,1,4,1,36,44,36,37,53,56,5,21,28,6,44,66,53,37,50,49,9,1,46,1,8:28,1,2022-23
2022-23,203083,Andre Drummond,Andre,1610612741,CHI,Chicago Bulls,0022200391,2022-12-10T00:00:00,CHI vs. DAL,W,18.383333333333333,4,5,0.8,0,0,0.0,1,5,0.2,1,6,7,1,1,0,0,1,0,3,9,12,17.9,0,0,17.0,1,1,1,1,5,13,22,15,1,4,1,22,2,34,37,14,26,5,21,28,23,44,1,5,15,8,27,9,1,25,1,18:23,1,2022-23
2022-23,203083,Andre Drummond,Andre,1610612741,CHI,Chicago Bulls,0022200400,2022-12-11T00:00:00,CHI @ ATL,L,16.15,6,9,0.667,0,0,0.0,2,3,0.667,3,6,9,0,1,5,0,0,2,3,14,4,38.8,0,0,33.0,1,33,33,33,14,3,3,22,1,4,1,10,16,14,13,14,17,30,21,1,23,1,34,5,4,21,3,9,1,3,1,16:09,1,2022-23
2022-23,203083,Andre Drummond,Andre,1610612741,CHI,Chicago Bulls,0022200418,2022-12-14T00:00:00,CHI vs. NYK,L,11.883333333333333,1,1,1.0,0,0,0.0,0,0,0.0,0,2,2,2,2,0,0,0,2,2,2,-5,5.4,0,0,6.0,1,33,33,33,44,40,56,1,1,4,1,36,44,36,56,53,60,1,11,28,23,1,34,16,46,42,59,9,1,56,1,11:53,1,2022-23
2022-23,203083,Andre Drummond,Andre,1610612741,CHI,Chicago Bulls,0022200434,2022-12-16T00:00:00,CHI vs. NYK,L,9.628333333333334,0,0,0.0,0,0,0.0,0,0,0.0,0,5,5,1,1,0,0,0,4,1,0,-6,6.5,0,0,6.0,1,33,33,33,50,58,63,58,1,4,1,36,44,36,56,24,37,5,21,28,23,1,61,36,63,46,55,9,1,56,1,9:38,1,2022-23
2022-23,203083,Andre Drummond,Andre,1610612741,CHI,Chicago Bulls,0022200462,2022-12-20T00:00:00,CHI @ MIA,W,7.04,0,0,0.0,0,0,0.0,1,2,0.5,0,1,1,0,0,0,0,0,1,1,1,2,2.2,0,0,2.0,1,1,1,1,56,58,63,58,1,4,1,22,21,17,56,62,64,30,44,28,23,1,14,36,61,26,67,9,1,67,1,7:02,1,2022-23
2022-23,203083,Andre Drummond,Andre,1610612741,CHI,Chicago Bulls,0022200468,2022-12-21T00:00:00,CHI @ ATL,W,14.866666666666667,2,3,0.667,0,0,0.0,1,2,0.5,1,10,11,0,2,0,0,0,0,1,5,15,16.2,0,0,16.0,1,1,1,1,21,30,36,22,1,4,1,22,21,17,37,2,8,30,11,28,23,1,1,36,34,6,31,9,1,28,1,14:52,1,2022-23
2022-23,203083,Andre Drummond,Andre,1610612741,CHI,Chicago Bulls,0022200485,2022-12-23T00:00:00,CHI @ NYK,W,20.073333333333334,3,7,0.429,0,0,0.0,0,2,0.0,5,3,8,0,0,0,0,1,2,2,6,-10,15.6,0,0,14.0,1,1,1,1,4,19,11,47,1,4,1,36,21,36,4,42,20,30,44,28,23,44,34,16,27,62,32,9,1,33,1,20:04,1,2022-23
2022-23,203083,Andre Drummond,Andre,1610612741,CHI,Chicago Bulls,0022200501,2022-12-26T00:00:00,CHI vs. HOU,L,18.166666666666668,3,5,0.6,0,0,0.0,2,2,1.0,4,5,9,2,1,1,0,0,2,1,8,-2,23.8,0,0,21.0,1,33,33,33,6,19,22,32,1,4,1,10,21,1,7,24,17,1,21,13,23,1,34,36,17,35,15,9,1,16,1,18:10,1,2022-23
2022-23,203083,Andre Drummond,Andre,1610612741,CHI,Chicago Bulls,0022200519,2022-12-28T00:00:00,CHI vs. MIL,W,16.3,2,3,0.667,0,0,0.0,3,4,0.75,2,10,12,1,3,2,2,1,3,2,7,8,31.9,0,0,28.0,1,1,1,1,13,30,36,22,1,4,1,2,6,9,25,2,4,5,3,5,1,44,48,16,23,13,4,9,1,5,1,16:18,1,2022-23
2022-23,203083,Andre Drummond,Andre,1610612741,CHI,Chicago Bulls,0022200532,2022-12-30T00:00:00,CHI vs. DET,W,15.183333333333334,5,7,0.714,0,0,0.0,2,2,1.0,3,4,7,0,1,2,0,1,1,3,12,-2,25.4,0,0,23.0,1,1,1,1,18,7,11,21,1,4,1,10,21,1,13,33,26,30,21,5,23,44,14,5,8,35,13,9,1,12,1,15:11,1,2022-23
2022-23,203083,Andre Drummond,Andre,1610612741,CHI,Chicago Bulls,0022200540,2022-12-31T00:00:00,CHI vs. CLE,L,13.09,1,1,1.0,0,0,0.0,0,0,0.0,1,0,1,0,0,0,1,0,0,0,2,-8,6.2,0,0,5.0,1,33,33,33,36,40,56,1,1,4,1,36,44,36,37,66,64,30,44,28,6,1,1,53,46,53,56,9,1,58,1,13:05,1,2022-23
2022-23,203083,Andre Drummond,Andre,1610612741,CHI,Chicago Bulls,0022200552,2023-01-02T00:00:00,CHI @ CLE,L,6.806666666666667,3,3,1.0,0,0,0.0,0,0,0.0,1,3,4,0,0,1,0,0,2,1,6,5,13.8,0,0,12.0,1,33,33,33,57,19,36,1,1,4,1,36,44,36,37,42,50,30,44,13,23,1,34,36,27,19,37,9,1,40,1,6:48,1,2022-23
2022-23,203083,Andre Drummond,Andre,1610612741,CHI,Chicago Bulls,0022200581,2023-01-06T00:00:00,CHI @ PHI,W,8.316666666666666,3,3,1.0,0,0,0.0,0,2,0.0,2,4,6,0,1,0,0,0,1,2,6,-3,12.2,0,0,12.0,1,1,1,1,53,19,36,1,1,4,1,36,21,36,25,33,32,30,21,28,23,1,14,16,27,39,46,9,1,40,1,8:19,1,2022-23
2022-23,203083,Andre Drummond,Andre,1610612741,CHI,Chicago Bulls,0022200592,2023-01-07T00:00:00,CHI vs. UTA,W,11.833333333333334,5,5,1.0,0,0,0.0,1,3,0.333,2,2,4,0,1,1,0,0,2,2,11,-2,17.8,0,0,17.0,1,1,1,1,45,7,22,1,1,4,1,22,16,31,25,53,50,30,21,13,23,1,34,16,10,35,28,9,1,25,1,11:50,1,2022-23
2022-23,203083,Andre Drummond,Andre,1610612741,CHI,Chicago Bulls,0022200606,2023-01-09T00:00:00,CHI @ BOS,L,14.366666666666667,2,4,0.5,0,0,0.0,2,4,0.5,3,6,9,0,0,1,0,1,3,2,6,10,19.8,0,0,17.0,1,33,33,33,26,30,27,35,1,4,1,10,6,17,13,14,17,30,44,13,23,44,48,16,27,11,21,9,1,25,1,14:22,1,2022-23
2022-23,203083,Andre Drummond,Andre,1610612741,CHI,Chicago Bulls,0022200619,2023-01-11T00:00:00,CHI @ WAS,L,8.193333333333333,0,0,0.0,0,0,0.0,0,0,0.0,0,2,2,1,1,0,0,0,5,0,0,1,2.9,0,0,3.0,1,33,33,33,54,58,63,58,1,4,1,36,44,36,56,53,60,5,21,28,23,1,66,53,63,29,66,9,1,63,1,8:12,1,2022-23
2022-23,203083,Andre Drummond,Andre,1610612741,CHI,Chicago Bulls,0022200708,2023-01-23T00:00:00,CHI vs. ATL,W,3.45,2,2,1.0,0,0,0.0,0,0,0.0,1,0,1,0,0,0,0,0,0,0,4,2,5.2,0,0,5.0,1,1,1,1,67,30,43,1,1,4,1,36,44,36,37,66,64,30,44,28,23,1,1,53,37,26,61,9,1,58,1,3:27,1,2022-23
2022-23,203083,Andre Drummond,Andre,1610612741,CHI,Chicago Bulls,0022200713,2023-01-24T00:00:00,CHI @ IND,L,5.7,3,4,0.75,0,0,0.0,1,5,0.2,3,2,5,0,1,0,0,0,1,5,7,-7,12.0,0,0,12.0,1,33,33,33,63,19,27,16,1,4,1,22,2,34,13,53,37,30,21,28,23,1,14,1,23,50,47,9,1,40,1,5:42,1,2022-23
2022-23,203083,Andre Drummond,Andre,1610612741,CHI,Chicago Bulls,0022200766,2023-01-31T00:00:00,CHI vs. LAC,L,3.5166666666666666,0,0,0.0,0,0,0.0,2,4,0.5,2,3,5,0,0,0,0,0,1,2,2,-2,8.0,0,0,7.0,1,33,33,33,66,58,63,58,1,4,1,10,6,17,25,42,37,30,44,28,23,1,14,16,46,35,52,9,1,53,1,3:31,1,2022-23
2022-23,203083,Andre Drummond,Andre,1610612741,CHI,Chicago Bulls,0022200781,2023-02-02T00:00:00,CHI vs. CHA,W,14.733333333333333,6,9,0.667,0,0,0.0,3,5,0.6,5,6,11,0,1,0,0,2,2,3,15,12,27.2,1,0,26.0,1,1,1,1,22,3,3,22,1,4,1,2,2,16,4,14,8,30,21,28,23,66,34,5,3,8,11,1,1,8,1,14:44,1,2022-23
2022-23,203083,Andre Drummond,Andre,1610612741,CHI,Chicago Bulls,0022200796,2023-02-04T00:00:00,CHI vs. POR,W,13.433333333333334,3,4,0.75,0,0,0.0,1,4,0.25,1,4,5,1,1,0,0,0,1,3,7,9,13.5,0,0,13.0,1,1,1,1,32,19,27,16,1,4,1,22,6,33,37,33,37,5,21,28,23,1,14,5,23,12,39,9,1,37,1,13:26,1,2022-23
2022-23,203083,Andre Drummond,Andre,1610612741,CHI,Chicago Bulls,0022200811,2023-02-06T00:00:00,CHI vs. SAS,W,20.9,9,9,1.0,0,0,0.0,3,4,0.75,3,12,15,1,3,3,1,0,1,4,21,30,49.5,1,0,45.0,1,1,1,1,3,1,3,1,1,4,1,2,6,9,13,1,1,5,3,2,6,1,14,4,1,1,1,1,1,1,1,20:54,1,2022-23
2022-23,203083,Andre Drummond,Andre,1610612741,CHI,Chicago Bulls,0022200819,2023-02-07T00:00:00,CHI @ MEM,L,12.55,1,3,0.333,0,0,0.0,1,2,0.5,1,5,6,1,4,2,1,0,3,2,3,-6,16.7,0,0,16.0,1,33,33,33,41,40,36,51,1,4,1,22,21,17,37,24,32,5,1,5,6,1,48,16,43,46,30,9,1,28,1,12:33,1,2022-23
2022-23,203083,Andre Drummond,Andre,1610612741,CHI,Chicago Bulls,0022200833,2023-02-09T00:00:00,CHI @ BKN,L,10.783333333333333,2,4,0.5,0,0,0.0,0,0,0.0,1,4,5,0,0,1,0,0,1,2,4,-8,13.0,0,0,11.0,1,33,33,33,49,30,27,35,1,4,1,36,44,36,37,33,37,30,44,13,23,1,14,16,37,53,40,9,1,45,1,10:47,1,2022-23
2022-23,203083,Andre Drummond,Andre,1610612741,CHI,Chicago Bulls,0022200852,2023-02-11T00:00:00,CHI @ CLE,L,11.566666666666666,4,6,0.667,0,0,0.0,0,1,0.0,0,5,5,0,4,0,1,1,3,1,8,-5,13.0,0,0,15.0,1,33,33,33,46,13,15,22,1,4,1,36,42,36,56,24,37,30,1,28,6,44,48,36,17,42,40,9,1,30,1,11:34,1,2022-23
2022-23,203083,Andre Drummond,Andre,1610612741,CHI,Chicago Bulls,0022200863,2023-02-13T00:00:00,CHI vs. ORL,L,13.793333333333333,3,4,0.75,0,0,0.0,0,0,0.0,2,5,7,0,0,0,0,1,1,0,6,4,14.4,0,0,13.0,1,33,33,33,30,19,27,16,1,4,1,36,44,36,25,24,26,30,44,28,23,44,14,53,27,21,35,9,1,37,1,13:48,1,2022-23
2022-23,203083,Andre Drummond,Andre,1610612741,CHI,Chicago Bulls,0022200874,2023-02-15T00:00:00,CHI @ IND,L,11.483333333333333,1,2,0.5,0,0,0.0,1,2,0.5,1,6,7,0,2,3,1,0,1,3,3,6,21.4,0,0,18.0,1,33,33,33,47,40,43,35,1,4,1,22,21,17,37,14,26,30,11,2,6,1,14,5,43,15,19,9,1,22,1,11:29,1,2022-23
2022-23,203083,Andre Drummond,Andre,1610612741,CHI,Chicago Bulls,0022200883,2023-02-16T00:00:00,CHI vs. MIL,L,13.133333333333333,1,3,0.333,0,0,0.0,3,4,0.75,3,2,5,0,1,0,1,0,1,3,5,2,13.0,0,0,12.0,1,33,33,33,34,40,36,51,1,4,1,2,6,9,13,53,37,30,21,28,6,1,14,5,34,26,40,9,1,40,1,13:08,1,2022-23
2022-23,203083,Andre Drummond,Andre,1610612741,CHI,Chicago Bulls,0022200900,2023-02-24T00:00:00,CHI vs. BKN,W,14.433333333333334,6,10,0.6,0,0,0.0,1,2,0.5,7,3,10,1,2,2,0,1,3,2,13,3,30.5,1,0,28.0,1,1,1,1,24,3,2,32,1,4,1,22,21,17,1,42,12,5,11,5,23,44,48,16,5,24,6,1,1,5,1,14:26,1,2022-23
2022-23,203083,Andre Drummond,Andre,1610612741,CHI,Chicago Bulls,0022200912,2023-02-26T00:00:00,CHI vs. WAS,W,13.883333333333333,1,2,0.5,0,0,0.0,0,2,0.0,1,4,5,0,0,0,0,0,1,2,2,19,8.0,0,0,7.0,1,1,1,1,29,40,43,35,1,4,1,36,21,36,37,33,37,30,44,28,23,1,14,16,46,3,52,9,1,53,1,13:53,1,2022-23
2022-23,203083,Andre Drummond,Andre,1610612741,CHI,Chicago Bulls,0022200925,2023-02-28T00:00:00,CHI @ TOR,L,16.483333333333334,2,4,0.5,0,0,0.0,2,2,1.0,3,7,10,1,2,0,1,1,1,2,6,-5,20.5,0,0,19.0,1,33,33,33,12,30,27,35,1,4,1,10,21,1,13,8,12,5,11,28,6,44,14,16,27,42,20,9,1,18,1,16:29,1,2022-23
2022-23,203083,Andre Drummond,Andre,1610612741,CHI,Chicago Bulls,0022200934,2023-03-01T00:00:00,CHI @ DET,W,12.533333333333333,0,1,0.0,0,0,0.0,1,2,0.5,2,4,6,0,3,0,0,0,4,1,1,-9,5.2,0,0,7.0,1,1,1,1,42,58,56,58,1,4,1,22,21,17,25,33,32,30,3,28,23,1,61,36,61,57,61,9,1,53,1,12:32,1,2022-23
2022-23,203083,Andre Drummond,Andre,1610612741,CHI,Chicago Bulls,0022200950,2023-03-03T00:00:00,CHI vs. PHX,L,15.466666666666667,2,6,0.333,0,0,0.0,0,0,0.0,1,7,8,1,1,1,0,1,3,0,4,-7,17.1,0,0,15.0,1,33,33,33,15,30,15,51,1,4,1,36,44,36,37,8,20,5,21,13,23,44,48,53,37,50,29,9,1,30,1,15:28,1,2022-23
2022-23,203083,Andre Drummond,Andre,1610612741,CHI,Chicago Bulls,0022200963,2023-03-05T00:00:00,CHI vs. IND,L,6.066666666666666,1,1,1.0,0,0,0.0,0,0,0.0,0,3,3,0,0,0,0,0,0,1,2,-6,5.6,0,0,5.0,1,33,33,33,62,40,56,1,1,4,1,36,44,36,56,42,56,30,44,28,23,1,1,36,46,46,57,9,1,58,1,6:04,1,2022-23
2022-23,203083,Andre Drummond,Andre,1610612741,CHI,Chicago Bulls,0022200989,2023-03-08T00:00:00,CHI @ DEN,W,11.066666666666666,1,2,0.5,0,0,0.0,0,0,0.0,1,4,5,1,0,0,1,0,1,0,2,3,12.5,0,0,10.0,1,1,1,1,48,40,43,35,1,4,1,36,44,36,37,33,37,5,44,28,6,1,14,53,46,24,45,9,1,46,1,11:04,1,2022-23
2022-23,203083,Andre Drummond,Andre,1610612741,CHI,Chicago Bulls,0022201009,2023-03-11T00:00:00,CHI @ HOU,W,13.683333333333334,4,4,1.0,0,0,0.0,3,4,0.75,2,3,5,0,2,1,0,0,3,3,11,-1,18.0,0,0,18.0,1,1,1,1,31,13,27,1,1,4,1,2,6,9,25,42,37,30,11,13,23,1,48,5,10,31,26,9,1,22,1,13:41,1,2022-23
2022-23,203083,Andre Drummond,Andre,1610612741,CHI,Chicago Bulls,0022201037,2023-03-15T00:00:00,CHI vs. SAC,L,12.633333333333333,1,1,1.0,0,0,0.0,0,0,0.0,1,3,4,1,3,2,1,0,4,0,2,6,14.3,0,0,13.0,1,33,33,33,39,40,56,1,1,4,1,36,44,36,37,42,50,5,3,5,6,1,61,53,46,15,36,9,1,37,1,12:38,1,2022-23
2022-23,203083,Andre Drummond,Andre,1610612741,CHI,Chicago Bulls,0022201050,2023-03-17T00:00:00,CHI vs. MIN,W,9.6,0,2,0.0,0,0,0.0,0,2,0.0,0,5,5,0,0,1,1,1,0,1,0,-9,12.0,0,0,9.0,1,1,1,1,51,58,43,58,1,4,1,36,21,36,56,24,37,30,44,13,6,44,1,36,63,57,47,9,1,49,1,9:36,1,2022-23
2022-23,203083,Andre Drummond,Andre,1610612741,CHI,Chicago Bulls,0022201060,2023-03-18T00:00:00,CHI vs. MIA,W,6.466666666666667,0,2,0.0,0,0,0.0,2,2,1.0,2,4,6,0,1,0,0,1,2,2,2,6,8.2,0,0,8.0,1,1,1,1,61,58,43,58,1,4,1,10,21,1,25,33,32,30,21,28,23,44,34,16,46,15,51,9,1,51,1,6:28,1,2022-23
2022-23,203083,Andre Drummond,Andre,1610612741,CHI,Chicago Bulls,0022201072,2023-03-20T00:00:00,CHI @ PHI,W,6.55,0,1,0.0,0,0,0.0,0,0,0.0,0,3,3,0,0,0,0,0,2,0,0,-1,3.6,0,0,3.0,1,1,1,1,59,58,56,58,1,4,1,36,44,36,56,42,56,30,44,28,23,1,34,53,63,31,64,9,1,63,1,6:33,1,2022-23
2022-23,203083,Andre Drummond,Andre,1610612741,CHI,Chicago Bulls,0022201087,2023-03-22T00:00:00,CHI vs. PHI,L,16.966666666666665,6,8,0.75,0,0,0.0,1,2,0.5,6,6,12,1,3,0,2,0,0,1,13,5,31.9,1,0,30.0,1,33,33,33,9,3,6,16,1,4,1,22,21,17,3,14,4,5,3,28,1,1,1,36,5,19,4,1,1,4,1,16:58,1,2022-23
2022-23,203083,Andre Drummond,Andre,1610612741,CHI,Chicago Bulls,0022201104,2023-03-24T00:00:00,CHI @ POR,W,12.625,1,6,0.167,0,1,0.0,0,0,0.0,2,6,8,0,2,1,1,0,2,1,2,-10,15.6,0,0,14.0,1,1,1,1,40,40,15,57,1,1,1,36,44,36,25,14,20,30,11,13,6,1,34,36,46,62,32,9,1,33,1,12:38,1,2022-23
2022-23,203083,Andre Drummond,Andre,1610612741,CHI,Chicago Bulls,0022201114,2023-03-26T00:00:00,CHI @ LAL,W,17.6,5,6,0.833,0,0,0.0,2,3,0.667,2,6,8,0,0,2,0,1,3,3,12,20,27.6,0,0,24.0,1,1,1,1,8,7,15,13,1,4,1,10,16,14,25,14,20,30,44,5,23,44,48,5,8,2,10,9,1,9,1,17:36,1,2022-23
2022-23,203083,Andre Drummond,Andre,1610612741,CHI,Chicago Bulls,0022201129,2023-03-27T00:00:00,CHI @ LAC,L,14.116666666666667,4,6,0.667,0,0,0.0,3,6,0.5,3,5,8,0,1,1,1,0,0,5,11,-1,25.6,0,0,23.0,1,33,33,33,27,13,15,22,1,4,1,2,1,17,13,24,20,30,21,13,6,1,1,1,10,31,12,9,1,12,1,14:07,1,2022-23
2022-23,203083,Andre Drummond,Andre,1610612741,CHI,Chicago Bulls,0022201148,2023-03-31T00:00:00,CHI @ CHA,W,13.933333333333334,3,4,0.75,0,0,0.0,0,0,0.0,2,9,11,1,1,2,1,1,1,2,6,6,28.7,0,0,24.0,1,1,1,1,28,19,27,16,1,4,1,36,44,36,25,5,8,5,21,5,6,44,14,16,27,15,8,9,1,9,1,13:56,1,2022-23
2022-23,203083,Andre Drummond,Andre,1610612741,CHI,Chicago Bulls,0022201165,2023-04-02T00:00:00,CHI vs. MEM,W,6.658333333333333,1,2,0.5,0,0,0.0,0,0,0.0,0,3,3,0,0,0,0,1,0,1,2,-9,5.6,0,0,5.0,1,1,1,1,58,40,43,35,1,4,1,36,44,36,56,42,56,30,44,28,23,44,1,36,46,57,57,9,1,58,1,6:40,1,2022-23
2022-23,203083,Andre Drummond,Andre,1610612741,CHI,Chicago Bulls,0022201182,2023-04-04T00:00:00,CHI vs. ATL,L,7.5,0,0,0.0,0,0,0.0,2,4,0.5,1,3,4,0,0,0,2,0,0,2,2,0,12.8,0,0,10.0,1,33,33,33,55,58,63,58,1,4,1,10,6,17,37,42,50,30,44,28,1,1,1,16,46,30,43,9,1,46,1,7:30,1,2022-23
2022-23,203083,Andre Drummond,Andre,1610612741,CHI,Chicago Bulls,0022201193,2023-04-05T00:00:00,CHI @ MIL,L,13.416666666666666,1,1,1.0,0,0,0.0,1,2,0.5,0,2,2,0,0,0,0,0,1,2,3,-5,5.4,0,0,5.0,1,33,33,33,33,40,56,1,1,4,1,22,21,17,56,53,60,30,44,28,23,1,14,16,43,42,59,9,1,58,1,13:25,1,2022-23
2022-23,203083,Andre Drummond,Andre,1610612741,CHI,Chicago Bulls,0022201223,2023-04-09T00:00:00,CHI vs. DET,W,12.666666666666666,3,7,0.429,0,0,0.0,2,4,0.5,5,5,10,0,1,1,0,1,1,2,8,-9,22.0,0,0,20.0,1,1,1,1,38,19,11,47,1,4,1,10,6,17,4,24,12,30,21,13,23,44,14,16,17,57,18,9,1,17,1,12:40,1,2022-23
2023-24,203083,Andre Drummond,Andre,1610612741,CHI,Chicago Bulls,0022300070,2023-10-25T00:00:00,CHI vs. OKC,L,15.966666666666667,3,4,0.75,0,0,0.0,0,0,0.0,3,2,5,1,1,1,0,0,1,0,6,-1,15.5,0,0,14.0,1,38,38,38,37,29,48,17,1,4,1,64,65,64,31,67,58,5,24,18,34,1,15,69,50,43,54,19,1,54,1,15:58,1,2023-24
2023-24,203083,Andre Drummond,Andre,1610612741,CHI,Chicago Bulls,0022300082,2023-10-27T00:00:00,CHI vs. TOR,W,12.325,3,6,0.5,0,0,0.0,2,2,1.0,2,0,2,0,2,0,0,0,2,1,8,1,8.4,0,0,10.0,1,1,1,1,65,29,36,40,1,4,1,21,39,1,52,78,77,33,9,48,34,1,35,51,34,37,75,19,1,66,1,12:20,1,2023-24
2023-24,203083,Andre Drummond,Andre,1610612741,CHI,Chicago Bulls,0022300088,2023-10-28T00:00:00,CHI @ DET,L,14.466666666666667,1,6,0.167,0,0,0.0,0,0,0.0,3,2,5,2,0,3,1,1,0,0,2,-5,23.0,0,0,17.0,1,38,38,38,45,63,36,76,1,4,1,64,65,64,31,67,58,2,51,3,11,50,1,69,72,54,35,19,1,45,1,14:28,1,2023-24
2023-24,203083,Andre Drummond,Andre,1610612741,CHI,Chicago Bulls,0022300102,2023-10-30T00:00:00,CHI @ IND,W,13.716666666666667,2,4,0.5,0,0,0.0,1,2,0.5,2,1,3,2,1,1,0,0,0,2,5,7,13.6,0,0,12.0,1,1,1,1,53,49,48,40,1,4,1,37,39,31,52,76,73,2,24,18,34,1,1,36,55,19,58,19,1,59,1,13:43,1,2023-24
2023-24,203083,Andre Drummond,Andre,1610612741,CHI,Chicago Bulls,0022300124,2023-11-01T00:00:00,CHI @ DAL,L,12.35,4,5,0.8,0,0,0.0,0,0,0.0,1,2,3,0,0,2,0,0,2,0,8,-3,17.6,0,0,15.0,1,38,38,38,63,22,39,13,1,4,1,64,65,64,60,67,73,33,51,7,34,1,35,69,34,49,51,19,1,52,1,12:21,1,2023-24
2023-24,203083,Andre Drummond,Andre,1610612741,CHI,Chicago Bulls,0022300004,2023-11-03T00:00:00,CHI vs. BKN,L,12.348333333333333,3,3,1.0,0,0,0.0,1,4,0.25,0,4,4,0,1,1,0,0,1,3,7,-9,13.8,0,0,13.0,1,38,38,38,64,29,57,1,1,4,1,37,12,58,73,41,67,33,24,18,34,1,15,23,38,65,57,19,1,55,1,12:21,1,2023-24
2023-24,203083,Andre Drummond,Andre,1610612741,CHI,Chicago Bulls,0022300139,2023-11-04T00:00:00,CHI @ DEN,L,15.083333333333334,2,3,0.667,0,0,0.0,1,2,0.5,4,7,11,0,0,1,0,0,1,1,5,7,21.2,0,0,18.0,1,38,38,38,40,49,57,24,1,4,1,37,39,31,21,19,18,33,51,18,34,1,15,51,55,19,41,19,1,41,1,15:05,1,2023-24
2023-24,203083,Andre Drummond,Andre,1610612741,CHI,Chicago Bulls,0022300152,2023-11-06T00:00:00,CHI vs. UTA,W,13.8,5,10,0.5,0,0,0.0,2,3,0.667,5,2,7,1,2,1,1,0,2,4,12,4,25.9,0,0,24.0,1,1,1,1,51,12,13,40,1,4,1,21,29,24,12,67,45,5,9,18,11,1,35,8,16,27,28,19,1,27,1,13:48,1,2023-24
2023-24,203083,Andre Drummond,Andre,1610612741,CHI,Chicago Bulls,0022300162,2023-11-08T00:00:00,CHI vs. PHX,L,11.65,1,1,1.0,0,0,0.0,0,0,0.0,1,2,3,1,2,1,0,0,2,0,2,15,8.1,0,0,8.0,1,38,38,38,70,63,75,1,1,4,1,64,65,64,60,67,73,5,9,18,34,1,35,69,72,6,76,19,1,74,1,11:39,1,2023-24
2023-24,203083,Andre Drummond,Andre,1610612741,CHI,Chicago Bulls,0022300181,2023-11-12T00:00:00,CHI vs. DET,W,14.816666666666666,5,8,0.625,0,0,0.0,1,2,0.5,5,8,13,1,1,2,0,0,2,1,11,5,33.1,1,0,29.0,1,1,1,1,44,12,20,30,1,4,1,37,39,31,12,16,15,5,24,7,34,1,35,51,18,26,15,1,1,15,1,14:49,1,2023-24
2023-24,203083,Andre Drummond,Andre,1610612741,CHI,Chicago Bulls,0022300190,2023-11-13T00:00:00,CHI @ MIL,L,11.65,2,5,0.4,0,0,0.0,0,0,0.0,1,2,3,0,1,2,0,0,2,0,4,-8,12.6,0,0,11.0,1,38,38,38,70,49,39,59,1,4,1,64,65,64,60,67,73,33,24,7,34,1,35,69,62,63,62,19,1,62,1,11:39,1,2023-24
2023-24,203083,Andre Drummond,Andre,1610612741,CHI,Chicago Bulls,0022300196,2023-11-15T00:00:00,CHI vs. ORL,L,12.4,3,5,0.6,0,0,0.0,3,4,0.75,5,9,14,1,2,1,0,1,3,5,9,-6,28.3,0,0,26.0,1,38,38,38,62,29,39,34,1,4,1,7,12,16,12,11,13,5,9,18,34,50,61,3,29,59,24,19,1,22,1,12:24,1,2023-24
2023-24,203083,Andre Drummond,Andre,1610612741,CHI,Chicago Bulls,0022300033,2023-11-17T00:00:00,CHI vs. ORL,L,17.833333333333332,1,2,0.5,0,1,0.0,3,4,0.75,2,4,6,0,2,2,1,0,1,2,5,-2,19.2,0,0,17.0,1,38,38,38,22,63,67,40,1,1,1,7,12,16,52,41,52,33,9,7,11,1,15,36,55,45,49,19,1,45,1,17:50,1,2023-24
2023-24,203083,Andre Drummond,Andre,1610612741,CHI,Chicago Bulls,0022300204,2023-11-18T00:00:00,CHI vs. MIA,W,15.083333333333334,2,3,0.667,0,0,0.0,2,2,1.0,3,6,9,0,1,1,1,0,3,1,6,10,21.8,0,0,19.0,1,1,1,1,40,49,57,24,1,4,1,21,39,1,31,28,31,33,24,18,11,1,61,51,50,9,39,19,1,38,1,15:05,1,2023-24
2023-24,203083,Andre Drummond,Andre,1610612741,CHI,Chicago Bulls,0022300220,2023-11-20T00:00:00,CHI vs. MIA,L,13.616666666666667,1,3,0.333,0,0,0.0,0,0,0.0,1,4,5,1,1,0,1,0,1,0,2,-2,11.5,0,0,10.0,1,38,38,38,55,63,57,66,1,4,1,64,65,64,60,41,58,5,24,48,11,1,15,69,72,45,65,19,1,66,1,13:37,1,2023-24
2023-24,203083,Andre Drummond,Andre,1610612741,CHI,Chicago Bulls,0022300234,2023-11-22T00:00:00,CHI @ OKC,L,10.7,1,3,0.333,0,0,0.0,0,0,0.0,1,4,5,1,0,0,0,2,2,0,2,-11,9.5,0,0,8.0,1,38,38,38,75,63,57,66,1,4,1,64,65,64,60,41,58,5,51,48,34,70,35,69,72,68,72,19,1,74,1,10:42,1,2023-24
2023-24,203083,Andre Drummond,Andre,1610612741,CHI,Chicago Bulls,0022300046,2023-11-24T00:00:00,CHI @ TOR,L,6.15,1,4,0.25,0,0,0.0,0,0,0.0,3,2,5,0,0,0,0,0,2,0,2,-10,8.0,0,0,7.0,1,38,38,38,78,63,48,71,1,4,1,64,65,64,31,67,58,33,51,48,34,1,35,69,72,66,77,19,1,78,1,6:09,1,2023-24
2023-24,203083,Andre Drummond,Andre,1610612741,CHI,Chicago Bulls,0022300250,2023-11-26T00:00:00,CHI @ BKN,L,11.366666666666667,1,2,0.5,0,0,0.0,2,3,0.667,2,3,5,0,2,1,0,0,3,2,4,-11,11.0,0,0,11.0,1,38,38,38,72,63,67,40,1,4,1,21,29,24,52,61,58,33,9,18,34,1,61,36,62,68,67,19,1,62,1,11:22,1,2023-24
2023-24,203083,Andre Drummond,Andre,1610612741,CHI,Chicago Bulls,0022300053,2023-11-28T00:00:00,CHI @ BOS,L,12.966666666666667,2,5,0.4,0,0,0.0,1,6,0.167,2,4,6,0,0,0,1,0,1,4,5,-11,15.2,0,0,13.0,1,38,38,38,59,49,39,59,1,4,1,37,4,62,52,41,52,33,51,48,11,1,15,8,55,68,55,19,1,55,1,12:58,1,2023-24
2023-24,203083,Andre Drummond,Andre,1610612741,CHI,Chicago Bulls,0022300269,2023-11-30T00:00:00,CHI vs. MIL,W,13.483333333333333,2,2,1.0,0,0,0.0,6,8,0.75,5,9,14,1,2,1,0,0,1,7,10,13,29.3,1,0,27.0,1,1,1,1,57,49,67,1,1,4,1,1,2,16,12,11,13,5,9,18,34,1,15,1,23,7,22,1,1,19,1,13:29,1,2023-24
2023-24,203083,Andre Drummond,Andre,1610612741,CHI,Chicago Bulls,0022300285,2023-12-02T00:00:00,CHI vs. NOP,W,15.033333333333333,3,7,0.429,0,0,0.0,1,2,0.5,3,5,8,1,1,0,1,0,2,1,7,0,20.1,0,0,18.0,1,1,1,1,42,29,28,52,1,4,1,37,39,31,31,32,36,5,24,48,11,1,35,51,38,41,45,19,1,41,1,15:02,1,2023-24
2023-24,203083,Andre Drummond,Andre,1610612741,CHI,Chicago Bulls,0022301211,2023-12-06T00:00:00,CHI vs. CHA,W,13.8,3,8,0.375,0,0,0.0,1,2,0.5,5,4,9,1,3,1,0,1,3,1,7,10,19.3,0,0,19.0,1,1,1,1,51,29,20,64,1,4,1,37,39,31,12,41,31,5,1,18,34,50,61,51,38,9,48,19,1,38,1,13:48,1,2023-24
2023-24,203083,Andre Drummond,Andre,1610612741,CHI,Chicago Bulls,0022301223,2023-12-08T00:00:00,CHI @ SAS,W,12.0,3,7,0.429,0,0,0.0,1,4,0.25,6,2,8,0,0,0,0,1,2,2,7,-6,16.6,0,0,15.0,1,1,1,1,68,29,28,52,1,4,1,37,12,58,9,67,36,33,51,48,34,50,35,36,38,59,53,19,1,52,1,12:00,1,2023-24
2023-24,203083,Andre Drummond,Andre,1610612741,CHI,Chicago Bulls,0022300300,2023-12-11T00:00:00,CHI @ MIL,L,14.466666666666667,3,12,0.25,0,0,0.0,3,3,1.0,11,5,16,1,0,1,0,0,1,4,9,-2,32.7,0,0,28.0,1,38,38,38,45,29,5,71,1,4,1,7,29,1,1,32,6,5,51,18,34,1,15,8,29,45,16,19,1,17,1,14:28,1,2023-24
2023-24,203083,Andre Drummond,Andre,1610612741,CHI,Chicago Bulls,0022300307,2023-12-12T00:00:00,CHI vs. DEN,L,14.366666666666667,3,4,0.75,0,0,0.0,2,3,0.667,1,3,4,0,1,2,2,0,1,4,8,-5,23.8,0,0,20.0,1,38,38,38,48,29,48,17,1,4,1,21,29,24,60,61,67,33,24,7,5,1,15,8,34,54,33,19,1,36,1,14:22,1,2023-24
2023-24,203083,Andre Drummond,Andre,1610612741,CHI,Chicago Bulls,0022300320,2023-12-14T00:00:00,CHI @ MIA,W,12.016666666666667,3,4,0.75,0,0,0.0,1,2,0.5,1,4,5,0,0,0,0,0,3,1,7,-4,13.0,0,0,12.0,1,1,1,1,67,29,48,17,1,4,1,37,39,31,60,41,58,33,51,48,34,1,61,51,38,52,60,19,1,59,1,12:01,1,2023-24
2023-24,203083,Andre Drummond,Andre,1610612741,CHI,Chicago Bulls,0022300337,2023-12-16T00:00:00,CHI @ MIA,L,10.733333333333333,1,2,0.5,0,0,0.0,2,2,1.0,0,4,4,0,1,1,0,0,1,1,4,-3,10.8,0,0,10.0,1,38,38,38,74,63,67,40,1,4,1,21,39,1,73,41,67,33,24,18,34,1,15,51,62,49,69,19,1,66,1,10:44,1,2023-24
2023-24,203083,Andre Drummond,Andre,1610612741,CHI,Chicago Bulls,0022300351,2023-12-18T00:00:00,CHI @ PHI,W,14.39,2,3,0.667,0,0,0.0,1,2,0.5,3,5,8,0,0,1,1,1,0,4,5,8,20.6,0,0,17.0,1,1,1,1,47,49,57,24,1,4,1,37,39,31,31,32,36,33,51,18,11,50,1,8,55,15,43,19,1,45,1,14:23,1,2023-24
2023-24,203083,Andre Drummond,Andre,1610612741,CHI,Chicago Bulls,0022300370,2023-12-20T00:00:00,CHI vs. LAL,W,16.166666666666668,4,5,0.8,0,0,0.0,3,4,0.75,0,7,7,1,2,1,0,1,2,2,11,12,21.9,0,0,21.0,1,1,1,1,35,22,39,13,1,4,1,7,12,16,73,19,45,5,9,18,34,50,35,36,18,8,38,19,1,32,1,16:10,1,2023-24
2023-24,203083,Andre Drummond,Andre,1610612741,CHI,Chicago Bulls,0022300376,2023-12-21T00:00:00,CHI vs. SAS,W,19.0,5,10,0.5,0,0,0.0,2,3,0.667,4,4,8,1,1,5,2,3,0,4,12,17,43.1,0,0,35.0,1,1,1,1,19,12,13,40,1,4,1,21,29,24,21,41,36,5,24,1,5,78,1,8,16,3,5,19,1,7,1,19:00,1,2023-24
2023-24,203083,Andre Drummond,Andre,1610612741,CHI,Chicago Bulls,0022300396,2023-12-23T00:00:00,CHI vs. CLE,L,13.4,0,0,0.0,0,0,0.0,1,2,0.5,2,4,6,0,1,1,0,0,4,3,1,-10,10.2,0,0,9.0,1,38,38,38,58,77,79,77,1,4,1,37,39,31,52,41,52,33,24,18,34,1,70,23,78,66,71,19,1,72,1,13:24,1,2023-24
2023-24,203083,Andre Drummond,Andre,1610612741,CHI,Chicago Bulls,0022300408,2023-12-26T00:00:00,CHI vs. ATL,W,38.495,11,13,0.846,0,0,0.0,2,2,1.0,10,15,25,1,2,3,2,0,4,3,24,4,68.5,1,0,60.0,1,1,1,1,1,1,2,12,1,4,1,21,39,1,2,3,2,5,9,3,5,1,70,23,1,27,1,1,1,1,1,38:30,1,2023-24
2023-24,203083,Andre Drummond,Andre,1610612741,CHI,Chicago Bulls,0022300422,2023-12-28T00:00:00,CHI vs. IND,L,21.116666666666667,3,9,0.333,0,0,0.0,1,4,0.25,7,9,16,0,1,1,0,1,4,3,7,-8,28.2,0,0,25.0,1,38,38,38,17,29,16,66,1,4,1,37,12,58,7,11,6,33,24,18,34,50,70,23,38,63,25,19,1,24,1,21:07,1,2023-24
2023-24,203083,Andre Drummond,Andre,1610612741,CHI,Chicago Bulls,0022300442,2023-12-30T00:00:00,CHI vs. PHI,W,29.616666666666667,6,8,0.75,0,0,0.0,3,10,0.3,3,20,23,2,3,2,3,0,4,7,15,16,57.6,1,0,50.0,1,1,1,1,6,10,20,17,1,4,1,7,1,57,31,1,3,2,1,7,2,1,70,1,7,4,2,1,1,2,1,29:37,1,2023-24
2023-24,203083,Andre Drummond,Andre,1610612741,CHI,Chicago Bulls,0022300459,2024-01-02T00:00:00,CHI @ PHI,L,28.4,5,13,0.385,0,1,0.0,1,4,0.25,10,7,17,0,2,1,1,1,2,3,11,-31,35.4,1,0,32.0,1,38,38,38,7,12,2,63,1,1,1,37,12,58,2,19,5,33,9,18,11,50,35,23,18,79,12,1,1,13,1,28:24,1,2023-24
2023-24,203083,Andre Drummond,Andre,1610612741,CHI,Chicago Bulls,0022300468,2024-01-03T00:00:00,CHI @ NYK,L,30.45,5,12,0.417,0,0,0.0,3,6,0.5,8,8,16,0,1,2,1,2,3,4,13,-15,40.2,1,0,35.0,1,38,38,38,5,12,5,58,1,4,1,7,4,31,5,16,6,33,24,7,11,70,61,8,13,77,8,1,1,7,1,30:27,1,2023-24
2023-24,203083,Andre Drummond,Andre,1610612741,CHI,Chicago Bulls,0022300484,2024-01-05T00:00:00,CHI vs. CHA,W,23.083333333333332,3,7,0.429,0,0,0.0,1,2,0.5,3,7,10,0,2,1,3,0,1,4,7,8,29.0,0,0,25.0,1,1,1,1,14,29,28,52,1,4,1,37,39,31,31,19,24,33,9,18,2,1,15,8,38,15,23,19,1,24,1,23:05,1,2023-24
2023-24,203083,Andre Drummond,Andre,1610612741,CHI,Chicago Bulls,0022300506,2024-01-08T00:00:00,CHI @ CHA,W,22.516666666666666,9,12,0.75,0,0,0.0,3,3,1.0,5,10,15,0,2,0,0,0,1,3,21,16,37.0,1,0,36.0,1,1,1,1,15,3,5,17,1,4,1,7,29,1,12,6,11,33,9,48,34,1,15,23,2,4,11,1,1,6,1,22:31,1,2023-24
2023-24,203083,Andre Drummond,Andre,1610612741,CHI,Chicago Bulls,0022300523,2024-01-10T00:00:00,CHI vs. HOU,W,12.5,2,2,1.0,0,0,0.0,0,0,0.0,0,0,0,1,3,2,0,0,1,1,4,-11,8.5,0,0,9.0,1,1,1,1,61,49,67,1,1,4,1,64,65,64,73,78,79,5,1,7,34,1,15,51,62,68,74,19,1,72,1,12:30,1,2023-24
2023-24,203083,Andre Drummond,Andre,1610612741,CHI,Chicago Bulls,0022300536,2024-01-12T00:00:00,CHI vs. GSW,L,12.1,2,2,1.0,0,0,0.0,1,2,0.5,0,4,4,1,0,0,1,0,0,1,5,-6,14.3,0,0,12.0,1,38,38,38,66,49,67,1,1,4,1,37,39,31,73,41,67,5,51,48,11,1,1,51,55,59,56,19,1,59,1,12:06,1,2023-24
2023-24,203083,Andre Drummond,Andre,1610612741,CHI,Chicago Bulls,0022300548,2024-01-13T00:00:00,CHI @ SAS,W,16.85,3,7,0.429,0,0,0.0,1,3,0.333,4,6,10,1,0,1,1,1,2,3,7,-7,26.5,0,0,22.0,1,1,1,1,29,29,28,52,1,4,1,37,29,55,21,28,24,5,51,18,11,50,35,23,38,62,27,19,1,31,1,16:51,1,2023-24
2023-24,203083,Andre Drummond,Andre,1610612741,CHI,Chicago Bulls,0022300561,2024-01-15T00:00:00,CHI @ CLE,L,22.216666666666665,3,3,1.0,0,0,0.0,2,4,0.5,3,7,10,1,2,2,2,0,2,2,8,4,31.5,0,0,27.0,1,38,38,38,16,29,57,1,1,4,1,21,12,31,31,19,24,5,9,7,5,1,35,36,34,27,19,19,1,19,1,22:13,1,2023-24
2023-24,203083,Andre Drummond,Andre,1610612741,CHI,Chicago Bulls,0022300580,2024-01-18T00:00:00,CHI @ TOR,W,9.7,1,1,1.0,0,0,0.0,3,4,0.75,0,4,4,0,1,0,1,0,1,2,5,-12,11.8,0,0,11.0,1,1,1,1,77,63,75,1,1,4,1,7,12,16,73,41,67,33,24,48,11,1,15,36,55,75,63,19,1,62,1,9:42,1,2023-24
2023-24,203083,Andre Drummond,Andre,1610612741,CHI,Chicago Bulls,0022300597,2024-01-20T00:00:00,CHI vs. MEM,W,18.866666666666667,7,11,0.636,0,0,0.0,1,2,0.5,5,5,10,1,0,4,0,1,2,1,15,18,40.5,1,0,34.0,1,1,1,1,20,6,9,29,1,4,1,37,39,31,12,32,24,5,51,2,34,50,35,51,7,2,7,1,1,9,1,18:52,1,2023-24
2023-24,203083,Andre Drummond,Andre,1610612741,CHI,Chicago Bulls,0022300612,2024-01-22T00:00:00,CHI @ PHX,L,11.31,2,4,0.5,0,0,0.0,2,4,0.5,3,2,5,0,1,0,0,0,0,2,6,-12,11.0,0,0,11.0,1,38,38,38,73,49,48,40,1,4,1,21,12,31,31,67,58,33,24,48,34,1,1,36,50,75,67,19,1,62,1,11:19,1,2023-24
2023-24,203083,Andre Drummond,Andre,1610612741,CHI,Chicago Bulls,0022300633,2024-01-25T00:00:00,CHI @ LAL,L,16.85,5,7,0.714,0,0,0.0,1,2,0.5,5,4,9,1,1,1,0,2,0,1,11,0,25.3,0,0,23.0,1,38,38,38,29,12,28,23,1,4,1,37,39,31,12,41,31,5,24,18,34,70,1,51,18,41,29,19,1,28,1,16:51,1,2023-24
2023-24,203083,Andre Drummond,Andre,1610612741,CHI,Chicago Bulls,0022300656,2024-01-28T00:00:00,CHI @ POR,W,17.15,6,11,0.545,0,0,0.0,3,3,1.0,4,3,7,0,0,1,1,1,3,4,15,3,29.4,0,0,26.0,1,1,1,1,26,10,9,38,1,4,1,7,29,1,21,61,45,33,51,18,11,50,61,8,7,35,21,19,1,22,1,17:09,1,2023-24
2023-24,203083,Andre Drummond,Andre,1610612741,CHI,Chicago Bulls,0022300672,2024-01-30T00:00:00,CHI vs. TOR,L,14.1,3,4,0.75,0,0,0.0,1,2,0.5,3,4,7,0,0,1,1,1,0,2,7,4,21.4,0,0,18.0,1,38,38,38,50,29,48,17,1,4,1,37,39,31,31,41,45,33,51,18,11,50,1,36,38,27,40,19,1,41,1,14:06,1,2023-24
2023-24,203083,Andre Drummond,Andre,1610612741,CHI,Chicago Bulls,0022300674,2024-01-31T00:00:00,CHI @ CHA,W,15.216666666666667,5,8,0.625,0,0,0.0,0,1,0.0,3,5,8,1,0,0,0,1,2,2,10,4,21.1,0,0,19.0,1,1,1,1,39,12,20,30,1,4,1,64,61,64,31,32,36,5,51,48,34,50,35,36,23,27,42,19,1,38,1,15:13,1,2023-24
2023-24,203083,Andre Drummond,Andre,1610612741,CHI,Chicago Bulls,0022300700,2024-02-03T00:00:00,CHI vs. SAC,L,13.566666666666666,1,4,0.25,0,0,0.0,0,0,0.0,4,4,8,0,0,0,0,0,0,1,2,-5,11.6,0,0,10.0,1,38,38,38,56,63,48,71,1,4,1,64,65,64,21,41,36,33,51,48,34,1,1,51,72,54,64,19,1,66,1,13:34,1,2023-24
2023-24,203083,Andre Drummond,Andre,1610612741,CHI,Chicago Bulls,0022300723,2024-02-06T00:00:00,CHI vs. MIN,W,35.45,7,13,0.538,0,0,0.0,2,4,0.5,6,10,16,0,1,0,4,3,4,5,16,4,46.2,1,0,40.0,1,1,1,1,3,6,2,39,1,4,1,21,12,31,9,6,6,33,24,48,1,78,70,3,6,27,4,1,1,4,1,35:27,1,2023-24
2023-24,203083,Andre Drummond,Andre,1610612741,CHI,Chicago Bulls,0022300737,2024-02-08T00:00:00,CHI @ MEM,W,31.331666666666667,10,11,0.909,0,0,0.0,1,3,0.333,3,10,13,1,1,1,1,0,1,3,21,7,43.1,1,0,39.0,1,1,1,1,4,2,9,10,1,4,1,37,29,55,31,6,15,5,24,18,11,1,15,23,2,19,5,1,1,5,1,31:20,1,2023-24
2023-24,203083,Andre Drummond,Andre,1610612741,CHI,Chicago Bulls,0022300752,2024-02-10T00:00:00,CHI @ ORL,L,16.85,1,3,0.333,0,0,0.0,2,4,0.5,2,3,5,0,3,2,0,1,4,3,4,-11,13.0,0,0,13.0,1,38,38,38,29,63,57,66,1,4,1,21,12,31,52,61,58,33,1,7,34,50,70,23,62,68,60,19,1,55,1,16:51,1,2023-24
2023-24,203083,Andre Drummond,Andre,1610612741,CHI,Chicago Bulls,0022300763,2024-02-12T00:00:00,CHI @ ATL,W,16.166666666666668,3,7,0.429,0,1,0.0,1,2,0.5,3,8,11,0,0,0,0,1,2,1,7,4,20.2,0,0,18.0,1,1,1,1,35,29,28,52,1,1,1,37,39,31,31,16,18,33,51,48,34,50,35,51,38,27,44,19,1,41,1,16:10,1,2023-24
2023-24,203083,Andre Drummond,Andre,1610612741,CHI,Chicago Bulls,0022300781,2024-02-14T00:00:00,CHI @ CLE,L,28.05,4,9,0.444,0,0,0.0,2,2,1.0,4,11,15,0,3,1,1,1,2,2,10,8,31.0,1,0,29.0,1,38,38,38,8,22,16,51,1,4,1,21,39,1,21,4,11,33,1,18,11,50,35,36,23,15,20,1,1,15,1,28:03,1,2023-24
2023-24,203083,Andre Drummond,Andre,1610612741,CHI,Chicago Bulls,0022300797,2024-02-22T00:00:00,CHI vs. BOS,L,17.383333333333333,4,8,0.5,0,0,0.0,3,4,0.75,4,4,8,0,0,0,1,2,0,3,11,-11,23.6,0,0,21.0,1,38,38,38,24,22,20,40,1,4,1,7,12,16,21,41,36,33,51,48,11,70,1,23,18,68,34,19,1,32,1,17:23,1,2023-24
2023-24,203083,Andre Drummond,Andre,1610612741,CHI,Chicago Bulls,0022300823,2024-02-25T00:00:00,CHI @ NOP,W,14.25,2,5,0.4,0,0,0.0,3,3,1.0,1,7,8,1,0,0,0,1,2,3,7,6,18.1,0,0,16.0,1,1,1,1,49,49,39,59,1,4,1,7,29,1,60,19,36,5,51,48,34,50,35,23,38,24,50,19,1,50,1,14:15,1,2023-24
2023-24,203083,Andre Drummond,Andre,1610612741,CHI,Chicago Bulls,0022300839,2024-02-27T00:00:00,CHI vs. DET,L,27.775,9,14,0.643,0,0,0.0,2,2,1.0,6,5,11,0,1,0,1,2,2,4,20,8,35.2,1,0,33.0,1,38,38,38,9,3,1,28,1,4,1,21,39,1,9,32,18,33,24,48,11,70,35,8,4,15,13,1,1,12,1,27:47,1,2023-24
2023-24,203083,Andre Drummond,Andre,1610612741,CHI,Chicago Bulls,0022300846,2024-02-28T00:00:00,CHI vs. CLE,W,36.16166666666667,8,12,0.667,0,0,0.0,1,2,0.5,9,17,26,1,3,0,3,2,3,1,17,1,55.7,1,0,50.0,1,1,1,1,2,5,5,24,1,4,1,37,39,31,4,2,1,5,1,48,2,70,61,51,5,37,3,1,1,2,1,36:10,1,2023-24
2023-24,203083,Andre Drummond,Andre,1610612741,CHI,Chicago Bulls,0022300864,2024-03-01T00:00:00,CHI vs. MIL,L,24.083333333333332,4,11,0.364,0,0,0.0,1,1,1.0,3,7,10,0,3,1,1,1,4,2,9,-5,24.0,0,0,23.0,1,38,38,38,11,22,9,65,1,4,1,37,61,1,31,19,24,33,1,18,11,50,70,36,29,54,32,19,1,28,1,24:05,1,2023-24
2023-24,203083,Andre Drummond,Andre,1610612741,CHI,Chicago Bulls,0022300883,2024-03-04T00:00:00,CHI @ SAC,W,16.233333333333334,2,5,0.4,0,0,0.0,0,0,0.0,0,6,6,0,0,0,0,1,5,0,4,9,11.2,0,0,10.0,1,1,1,1,34,49,39,59,1,4,1,64,65,64,73,28,52,33,51,48,34,50,79,69,62,13,66,19,1,66,1,16:14,1,2023-24
2023-24,203083,Andre Drummond,Andre,1610612741,CHI,Chicago Bulls,0022300898,2024-03-06T00:00:00,CHI @ UTA,W,17.15,4,7,0.571,0,0,0.0,2,4,0.5,3,3,6,0,0,0,0,1,1,3,10,-2,17.2,0,0,16.0,1,1,1,1,26,22,28,36,1,4,1,21,12,31,31,61,52,33,51,48,34,50,15,23,23,45,52,19,1,50,1,17:09,1,2023-24
2023-24,203083,Andre Drummond,Andre,1610612741,CHI,Chicago Bulls,0022300907,2024-03-07T00:00:00,CHI @ GSW,W,12.833333333333334,0,1,0.0,0,0,0.0,1,6,0.167,3,4,7,0,2,0,0,0,1,4,1,10,7.4,0,0,8.0,1,1,1,1,60,77,75,77,1,4,1,37,4,62,31,41,45,33,9,48,34,1,15,8,78,9,78,19,1,74,1,12:50,1,2023-24
2023-24,203083,Andre Drummond,Andre,1610612741,CHI,Chicago Bulls,0022300917,2024-03-09T00:00:00,CHI @ LAC,L,11.916666666666666,0,1,0.0,0,0,0.0,3,4,0.75,3,4,7,0,1,0,0,0,1,2,3,1,10.4,0,0,10.0,1,38,38,38,69,77,75,77,1,4,1,7,12,16,31,41,45,33,24,48,34,1,15,36,70,37,70,19,1,66,1,11:55,1,2023-24
2023-24,203083,Andre Drummond,Andre,1610612741,CHI,Chicago Bulls,0022300935,2024-03-11T00:00:00,CHI vs. DAL,L,16.466666666666665,1,3,0.333,0,0,0.0,2,4,0.5,1,9,10,1,1,1,0,0,0,4,4,-11,19.5,0,0,17.0,1,38,38,38,32,63,57,66,1,4,1,21,12,31,60,11,24,5,24,18,34,1,1,8,62,68,47,19,1,45,1,16:28,1,2023-24
2023-24,203083,Andre Drummond,Andre,1610612741,CHI,Chicago Bulls,0022300948,2024-03-13T00:00:00,CHI @ IND,W,9.896666666666667,1,4,0.25,0,0,0.0,1,2,0.5,1,3,4,0,1,0,0,0,3,2,3,-18,6.8,0,0,7.0,1,1,1,1,76,63,48,71,1,4,1,37,39,31,60,61,67,33,24,48,34,1,61,36,70,78,79,19,1,78,1,9:54,1,2023-24
2023-24,203083,Andre Drummond,Andre,1610612741,CHI,Chicago Bulls,0022300956,2024-03-14T00:00:00,CHI vs. LAC,L,16.3,7,8,0.875,0,0,0.0,1,1,1.0,3,4,7,1,0,0,1,0,2,2,15,2,27.9,0,0,25.0,1,38,38,38,33,6,20,11,1,4,1,37,61,1,31,41,45,5,51,48,11,1,35,36,7,36,26,19,1,24,1,16:18,1,2023-24
2023-24,203083,Andre Drummond,Andre,1610612741,CHI,Chicago Bulls,0022300971,2024-03-16T00:00:00,CHI vs. WAS,W,14.933333333333334,4,5,0.8,0,0,0.0,5,8,0.625,4,5,9,1,0,0,0,0,2,5,13,10,25.3,0,0,23.0,1,1,1,1,43,22,39,13,1,4,1,2,2,30,21,32,31,5,51,48,34,1,35,3,13,9,29,19,1,28,1,14:56,1,2023-24
2023-24,203083,Andre Drummond,Andre,1610612741,CHI,Chicago Bulls,0022300986,2024-03-18T00:00:00,CHI vs. POR,W,13.716666666666667,2,10,0.2,0,0,0.0,5,5,1.0,7,4,11,0,0,0,0,0,2,5,9,6,22.2,0,0,20.0,1,1,1,1,53,49,13,75,1,4,1,2,10,1,7,41,18,33,51,48,34,1,35,3,29,24,37,19,1,36,1,13:43,1,2023-24
2023-24,203083,Andre Drummond,Andre,1610612741,CHI,Chicago Bulls,0022301006,2024-03-21T00:00:00,CHI @ HOU,L,23.9,3,5,0.6,0,0,0.0,3,4,0.75,3,5,8,0,2,1,1,2,1,3,9,-3,22.6,0,0,21.0,1,38,38,38,13,29,39,34,1,4,1,7,12,16,31,32,36,33,9,18,11,70,15,23,29,49,36,19,1,32,1,23:54,1,2023-24
2023-24,203083,Andre Drummond,Andre,1610612741,CHI,Chicago Bulls,0022301023,2024-03-23T00:00:00,CHI vs. BOS,L,15.633333333333333,3,3,1.0,0,0,0.0,1,1,1.0,1,5,6,0,1,0,0,0,0,1,7,-5,13.2,0,0,13.0,1,38,38,38,38,29,57,1,1,4,1,37,61,1,60,32,52,33,24,48,34,1,1,51,38,54,59,19,1,55,1,15:38,1,2023-24
2023-24,203083,Andre Drummond,Andre,1610612741,CHI,Chicago Bulls,0022301037,2024-03-25T00:00:00,CHI vs. WAS,L,18.551666666666666,5,9,0.556,0,0,0.0,0,0,0.0,3,9,12,1,0,0,2,0,0,0,10,9,31.9,1,0,27.0,1,38,38,38,21,12,16,37,1,4,1,64,65,64,31,11,17,5,51,48,5,1,1,69,23,13,18,1,1,19,1,18:33,1,2023-24
2023-24,203083,Andre Drummond,Andre,1610612741,CHI,Chicago Bulls,0022301054,2024-03-27T00:00:00,CHI vs. IND,W,17.5,5,8,0.625,0,0,0.0,4,5,0.8,4,7,11,3,1,3,0,0,2,4,14,23,39.7,1,0,34.0,1,1,1,1,23,12,20,30,1,4,1,4,10,15,21,19,18,1,24,3,34,1,35,8,11,1,9,1,1,9,1,17:30,1,2023-24
2023-24,203083,Andre Drummond,Andre,1610612741,CHI,Chicago Bulls,0022301066,2024-03-29T00:00:00,CHI @ BKN,L,17.35,1,2,0.5,0,0,0.0,4,6,0.667,1,10,11,0,1,0,2,0,1,4,6,7,24.2,0,0,21.0,1,38,38,38,25,63,67,40,1,4,1,4,4,24,60,6,18,33,24,48,5,1,15,8,50,19,31,19,1,32,1,17:21,1,2023-24
2023-24,203083,Andre Drummond,Andre,1610612741,CHI,Chicago Bulls,0022301084,2024-03-31T00:00:00,CHI @ MIN,W,16.916666666666668,3,6,0.5,0,0,0.0,0,0,0.0,2,7,9,0,0,1,0,2,4,0,6,-1,19.8,0,0,17.0,1,1,1,1,28,29,36,40,1,4,1,64,65,64,52,19,31,33,51,18,34,70,70,69,50,43,46,19,1,45,1,16:55,1,2023-24
2023-24,203083,Andre Drummond,Andre,1610612741,CHI,Chicago Bulls,0022301091,2024-04-01T00:00:00,CHI vs. ATL,L,20.066666666666666,5,8,0.625,0,0,0.0,3,6,0.5,8,10,18,0,1,0,0,0,2,5,13,-4,33.6,1,0,31.0,1,38,38,38,18,12,20,30,1,4,1,7,4,31,5,6,4,33,24,48,34,1,35,3,13,52,14,1,1,14,1,20:04,1,2023-24
2023-24,203083,Andre Drummond,Andre,1610612741,CHI,Chicago Bulls,0022301119,2024-04-05T00:00:00,CHI vs. NYK,W,24.05,3,7,0.429,0,0,0.0,4,6,0.667,5,11,16,0,3,3,1,0,4,4,10,7,38.2,1,0,34.0,1,1,1,1,12,29,28,52,1,4,1,4,4,24,12,4,6,33,1,3,11,1,70,8,23,19,10,1,1,9,1,24:03,1,2023-24
2023-24,203083,Andre Drummond,Andre,1610612741,CHI,Chicago Bulls,0022301136,2024-04-07T00:00:00,CHI @ ORL,L,24.516666666666666,7,9,0.778,0,0,0.0,0,0,0.0,4,6,10,0,0,2,0,0,2,1,14,4,32.0,1,0,28.0,1,38,38,38,10,6,16,16,1,4,1,64,65,64,21,28,24,33,51,7,34,1,35,51,11,27,17,1,1,17,1,24:31,1,2023-24
2023-24,203083,Andre Drummond,Andre,1610612741,CHI,Chicago Bulls,0022301149,2024-04-09T00:00:00,CHI vs. NYK,L,4.566666666666666,2,2,1.0,0,0,0.0,0,0,0.0,1,1,2,0,0,1,0,0,0,1,4,1,9.4,0,0,8.0,1,38,38,38,79,49,67,1,1,4,1,64,65,64,60,76,77,33,51,18,34,1,1,51,62,37,73,19,1,74,1,4:34,1,2023-24
2024-25,203083,Andre Drummond,Andre,1610612755,PHI,Philadelphia 76ers,0022400066,2024-10-23T00:00:00,PHI vs. MIL,L,25.05,4,8,0.5,0,1,0.0,2,2,1.0,5,8,13,0,1,0,0,0,5,1,10,-6,24.6,1,0,23.0,1,13,13,13,12,5,6,18,4,4,4,6,12,1,3,5,5,22,17,23,16,1,37,20,6,19,12,1,1,10,1,25:03,1,2024-25
2024-25,203083,Andre Drummond,Andre,1610612755,PHI,Philadelphia 76ers,0022400078,2024-10-25T00:00:00,PHI @ TOR,L,22.363333333333333,4,11,0.364,0,0,0.0,3,8,0.375,6,3,9,0,2,4,2,3,5,6,11,-15,37.8,0,0,32.0,1,13,13,13,16,5,3,32,4,18,4,3,1,24,1,28,12,22,8,1,1,39,37,1,4,32,2,6,1,3,1,22:22,1,2024-25
2024-25,203083,Andre Drummond,Andre,1610612755,PHI,Philadelphia 76ers,0022400097,2024-10-27T00:00:00,PHI @ IND,W,37.23833333333334,4,6,0.667,0,1,0.0,1,1,1.0,5,12,17,1,4,2,1,0,5,1,9,0,35.9,0,0,33.0,1,1,1,1,1,5,14,3,4,4,4,20,26,1,3,1,2,10,2,6,4,1,37,20,11,12,4,6,1,2,1,37:14,1,2024-25
2024-25,203083,Andre Drummond,Andre,1610612755,PHI,Philadelphia 76ers,0022400120,2024-10-30T00:00:00,PHI vs. DET,L,27.826666666666668,3,5,0.6,0,0,0.0,3,6,0.5,4,7,11,0,1,1,0,0,3,6,9,-8,24.2,0,0,22.0,1,13,13,13,8,16,22,11,4,18,4,3,4,15,9,6,7,22,17,11,16,1,22,1,11,22,14,6,1,14,1,27:50,1,2024-25
2024-25,203083,Andre Drummond,Andre,1610612755,PHI,Philadelphia 76ers,0022400142,2024-11-02T00:00:00,PHI vs. MEM,L,29.275,1,7,0.143,0,1,0.0,2,2,1.0,2,7,9,2,4,1,0,1,3,5,4,-15,16.8,0,0,17.0,1,13,13,13,4,32,10,38,4,4,4,6,12,1,22,6,12,3,2,11,16,22,22,3,30,32,26,6,1,21,1,29:17,1,2024-25
2024-25,203083,Andre Drummond,Andre,1610612755,PHI,Philadelphia 76ers,0022400167,2024-11-04T00:00:00,PHI @ PHX,L,15.05,3,5,0.6,0,0,0.0,2,2,1.0,0,5,5,0,5,3,0,0,2,1,8,-11,18.0,0,0,19.0,1,13,13,13,24,16,22,11,4,18,4,6,12,1,36,16,27,22,1,3,16,1,14,20,16,28,24,6,1,19,1,15:03,1,2024-25
2024-25,203083,Andre Drummond,Andre,1610612755,PHI,Philadelphia 76ers,0022400179,2024-11-06T00:00:00,PHI @ LAC,L,32.483333333333334,4,6,0.667,1,1,1.0,0,2,0.0,4,6,10,1,1,0,1,0,2,1,9,-12,24.5,0,0,23.0,1,13,13,13,2,5,14,3,1,4,1,27,12,27,9,11,9,10,17,23,4,1,14,20,11,30,13,6,1,10,1,32:29,1,2024-25
2024-25,203083,Andre Drummond,Andre,1610612755,PHI,Philadelphia 76ers,0022400195,2024-11-08T00:00:00,PHI @ LAL,L,22.333333333333332,6,12,0.5,0,0,0.0,2,7,0.286,5,7,12,0,0,3,0,5,4,5,14,-19,37.4,1,0,32.0,1,13,13,13,17,2,2,18,4,18,4,6,3,26,3,6,6,22,27,3,16,40,30,3,2,38,3,1,1,3,1,22:20,1,2024-25
2024-25,203083,Andre Drummond,Andre,1610612755,PHI,Philadelphia 76ers,0022400205,2024-11-10T00:00:00,PHI vs. CHA,W,23.845,5,8,0.625,0,0,0.0,3,4,0.75,3,7,10,0,2,0,0,1,4,3,13,-10,23.0,1,0,23.0,1,1,1,1,14,3,6,10,4,18,4,3,6,13,15,6,9,22,8,23,16,22,30,6,3,25,17,1,1,10,1,23:51,1,2024-25
2024-25,203083,Andre Drummond,Andre,1610612755,PHI,Philadelphia 76ers,0022400004,2024-11-12T00:00:00,PHI vs. NYK,L,18.043333333333333,2,4,0.5,0,0,0.0,1,2,0.5,1,3,4,1,0,0,1,1,1,1,5,-7,14.3,0,0,12.0,1,13,13,13,22,23,27,18,4,18,4,20,12,15,30,28,32,10,27,23,4,22,8,20,29,20,28,6,1,30,1,18:03,1,2024-25
2024-25,203083,Andre Drummond,Andre,1610612755,PHI,Philadelphia 76ers,0022400010,2024-11-15T00:00:00,PHI @ ORL,L,3.816666666666667,1,3,0.333,0,0,0.0,0,0,0.0,1,4,5,0,1,0,0,1,0,0,2,2,7.0,0,0,7.0,1,13,13,13,39,32,30,33,4,18,4,27,30,27,30,22,27,22,17,23,16,22,1,31,36,9,39,6,1,38,1,3:49,1,2024-25
2024-25,203083,Andre Drummond,Andre,1610612755,PHI,Philadelphia 76ers,0022400245,2024-11-18T00:00:00,PHI @ MIA,L,11.666666666666666,3,4,0.75,0,1,0.0,0,0,0.0,0,5,5,1,1,1,1,0,2,0,6,13,18.5,0,0,16.0,1,13,13,13,31,16,27,2,4,4,4,27,30,27,36,16,27,10,17,11,4,1,14,31,23,1,23,6,1,23,1,11:40,1,2024-25
2024-25,203083,Andre Drummond,Andre,1610612755,PHI,Philadelphia 76ers,0022400255,2024-11-20T00:00:00,PHI @ MEM,L,12.933333333333334,5,9,0.556,0,0,0.0,1,3,0.333,4,2,6,0,2,3,0,2,0,2,11,-13,25.2,0,0,23.0,1,13,13,13,29,3,5,17,4,18,4,20,11,25,9,34,24,22,8,3,16,35,1,10,4,31,9,6,1,10,1,12:56,1,2024-25
2024-25,203083,Andre Drummond,Andre,1610612755,PHI,Philadelphia 76ers,0022400027,2024-11-22T00:00:00,PHI vs. BKN,W,16.916666666666668,4,8,0.5,0,0,0.0,2,4,0.5,3,3,6,1,0,1,1,0,1,3,10,5,24.7,0,0,21.0,1,1,1,1,23,5,6,18,4,18,4,6,6,15,15,28,24,10,27,11,4,1,8,6,6,4,11,6,1,15,1,16:55,1,2024-25
2024-25,203083,Andre Drummond,Andre,1610612755,PHI,Philadelphia 76ers,0022400274,2024-11-24T00:00:00,PHI vs. LAC,L,14.273333333333333,2,3,0.667,0,0,0.0,2,2,1.0,2,3,5,1,3,0,1,0,3,2,6,-9,13.5,0,0,14.0,1,13,13,13,27,23,30,3,4,18,4,6,12,1,22,28,27,10,6,23,4,1,22,10,23,24,29,6,1,28,1,14:16,1,2024-25
2024-25,203083,Andre Drummond,Andre,1610612755,PHI,Philadelphia 76ers,0022400290,2024-11-27T00:00:00,PHI vs. HOU,L,29.128333333333334,2,3,0.667,0,0,0.0,2,2,1.0,3,6,9,2,2,2,0,1,3,2,6,-7,23.8,0,0,21.0,1,13,13,13,5,23,30,3,4,18,4,6,12,1,15,11,12,3,8,6,16,22,22,10,23,20,16,6,1,15,1,29:08,1,2024-25
2024-25,203083,Andre Drummond,Andre,1610612755,PHI,Philadelphia 76ers,0022400301,2024-11-30T00:00:00,PHI @ DET,W,3.55,2,3,0.667,0,1,0.0,0,0,0.0,1,2,3,0,0,1,0,0,0,0,4,4,10.6,0,0,9.0,1,1,1,1,40,23,30,3,4,4,4,27,30,27,30,34,35,22,27,11,16,1,1,31,30,5,36,6,1,36,1,3:33,1,2024-25
2024-25,203083,Andre Drummond,Andre,1610612755,PHI,Philadelphia 76ers,0022400333,2024-12-06T00:00:00,PHI vs. ORL,W,27.481666666666666,3,7,0.429,0,0,0.0,1,2,0.5,5,6,11,0,4,4,0,0,4,2,7,3,28.2,0,0,26.0,1,1,1,1,9,16,10,29,4,18,4,20,12,15,3,11,7,22,2,1,16,1,30,10,20,6,7,6,1,7,1,27:29,1,2024-25
2024-25,203083,Andre Drummond,Andre,1610612755,PHI,Philadelphia 76ers,0022400347,2024-12-08T00:00:00,PHI @ CHI,W,6.766666666666667,1,2,0.5,0,0,0.0,2,2,1.0,2,5,7,0,0,0,0,0,0,1,4,-5,12.4,0,0,11.0,1,1,1,1,36,32,36,18,4,18,4,6,12,1,22,16,21,22,27,23,16,1,1,20,30,16,32,6,1,32,1,6:46,1,2024-25
2024-25,203083,Andre Drummond,Andre,1610612755,PHI,Philadelphia 76ers,0022401209,2024-12-13T00:00:00,PHI vs. IND,L,23.166666666666668,3,6,0.5,0,0,0.0,1,2,0.5,5,3,8,0,0,1,0,1,1,2,7,0,19.6,0,0,17.0,1,13,13,13,15,16,14,18,4,18,4,20,12,15,3,28,17,22,27,11,16,22,8,10,20,12,21,6,1,21,1,23:10,1,2024-25
2024-25,203083,Andre Drummond,Andre,1610612755,PHI,Philadelphia 76ers,0022401222,2024-12-16T00:00:00,PHI @ CHA,W,28.233333333333334,4,7,0.571,0,2,0.0,1,1,1.0,3,12,15,1,4,2,1,0,3,2,9,9,33.5,0,0,31.0,1,1,1,1,7,5,10,15,4,1,4,20,26,1,15,1,3,10,2,6,4,1,22,10,11,2,5,6,1,5,1,28:14,1,2024-25
2024-25,203083,Andre Drummond,Andre,1610612755,PHI,Philadelphia 76ers,0022400373,2024-12-20T00:00:00,PHI vs. CHA,W,10.008333333333333,0,2,0.0,0,1,0.0,0,0,0.0,0,2,2,0,2,1,0,0,5,0,0,1,3.4,0,0,4.0,1,1,1,1,32,39,36,39,4,4,4,27,30,27,36,34,39,22,8,11,16,1,37,31,39,10,40,6,1,40,1,10:01,1,2024-25
2024-25,203083,Andre Drummond,Andre,1610612755,PHI,Philadelphia 76ers,0022400380,2024-12-21T00:00:00,PHI @ CLE,L,14.4,0,3,0.0,0,0,0.0,0,0,0.0,2,6,8,0,1,0,1,0,4,0,0,-11,11.6,0,0,10.0,1,13,13,13,26,39,30,39,4,18,4,27,30,27,22,11,17,22,17,23,4,1,30,31,39,28,33,6,1,33,1,14:24,1,2024-25
2024-25,203083,Andre Drummond,Andre,1610612755,PHI,Philadelphia 76ers,0022400394,2024-12-23T00:00:00,PHI vs. SAS,W,6.65,1,2,0.5,0,0,0.0,0,0,0.0,1,2,3,1,0,0,0,1,0,0,2,-5,7.1,0,0,6.0,1,1,1,1,37,32,36,18,4,18,4,27,30,27,30,34,35,10,27,23,16,22,1,31,36,16,38,6,1,39,1,6:39,1,2024-25
2024-25,203083,Andre Drummond,Andre,1610612755,PHI,Philadelphia 76ers,0022400462,2025-01-01T00:00:00,PHI @ SAC,L,20.39666666666667,4,6,0.667,0,0,0.0,2,4,0.5,2,7,9,2,2,0,0,0,2,2,10,3,21.8,0,0,21.0,1,13,13,13,20,5,14,3,4,18,4,6,6,15,22,6,12,3,8,23,16,1,14,10,6,6,18,6,1,15,1,20:24,1,2024-25
2024-25,203083,Andre Drummond,Andre,1610612755,PHI,Philadelphia 76ers,0022400478,2025-01-04T00:00:00,PHI @ BKN,W,8.15,2,4,0.5,0,1,0.0,2,2,1.0,0,4,4,0,1,1,0,1,1,1,6,1,12.8,0,0,12.0,1,1,1,1,34,23,27,18,4,4,4,6,12,1,36,22,32,22,17,11,16,22,8,20,23,10,30,6,1,30,1,8:09,1,2024-25
2024-25,203083,Andre Drummond,Andre,1610612755,PHI,Philadelphia 76ers,0022400588,2025-01-18T00:00:00,PHI @ IND,L,26.5,4,8,0.5,0,1,0.0,0,1,0.0,1,2,3,0,3,1,0,1,3,1,8,-15,11.6,0,0,13.0,1,13,13,13,10,5,6,18,4,4,4,27,26,27,30,34,35,22,6,11,16,22,22,20,16,32,33,6,1,29,1,26:30,1,2024-25
2024-25,203083,Andre Drummond,Andre,1610612755,PHI,Philadelphia 76ers,0022400609,2025-01-21T00:00:00,PHI @ DEN,L,20.483333333333334,4,7,0.571,0,0,0.0,0,0,0.0,0,5,5,2,1,0,0,1,2,1,8,-16,16.0,0,0,15.0,1,13,13,13,19,5,10,15,4,18,4,27,30,27,36,16,27,3,17,23,16,22,14,20,16,36,27,6,1,26,1,20:29,1,2024-25
2024-25,203083,Andre Drummond,Andre,1610612755,PHI,Philadelphia 76ers,0022400738,2025-02-07T00:00:00,PHI @ DET,L,7.683333333333334,1,2,0.5,0,0,0.0,0,0,0.0,1,3,4,2,0,0,1,0,1,0,2,7,12.8,0,0,10.0,1,13,13,13,35,32,36,18,4,18,4,27,30,27,30,28,32,3,27,23,4,1,8,31,36,3,30,6,1,33,1,7:41,1,2024-25
2024-25,203083,Andre Drummond,Andre,1610612755,PHI,Philadelphia 76ers,0022400772,2025-02-12T00:00:00,PHI @ BKN,L,14.8,2,5,0.4,0,1,0.0,0,0,0.0,3,5,8,1,0,1,2,0,2,0,4,-8,24.1,0,0,19.0,1,13,13,13,25,23,22,30,4,4,4,27,30,27,15,16,17,10,27,11,1,1,14,31,30,22,15,6,1,19,1,14:48,1,2024-25
2024-25,203083,Andre Drummond,Andre,1610612755,PHI,Philadelphia 76ers,0022400789,2025-02-20T00:00:00,PHI vs. BOS,L,12.883333333333333,4,6,0.667,0,0,0.0,0,1,0.0,3,4,7,1,1,0,0,0,0,1,8,-5,16.9,0,0,16.0,1,13,13,13,30,5,14,3,4,18,4,27,26,27,15,22,21,10,17,23,16,1,1,20,16,16,25,6,1,23,1,12:53,1,2024-25
2024-25,203083,Andre Drummond,Andre,1610612755,PHI,Philadelphia 76ers,0022400807,2025-02-22T00:00:00,PHI vs. BKN,L,4.65,2,2,1.0,0,0,0.0,2,4,0.5,2,1,3,0,0,0,0,0,3,2,6,0,9.6,0,0,9.0,1,13,13,13,38,23,36,1,4,18,4,6,6,15,22,39,35,22,27,23,16,1,22,10,23,12,37,6,1,36,1,4:39,1,2024-25
2024-25,203083,Andre Drummond,Andre,1610612755,PHI,Philadelphia 76ers,0022400823,2025-02-24T00:00:00,PHI vs. CHI,L,14.19,1,3,0.333,0,0,0.0,8,8,1.0,4,4,8,0,2,1,0,0,3,4,10,-18,20.6,0,0,20.0,1,13,13,13,28,32,30,33,4,18,4,1,1,1,9,22,17,22,8,11,16,1,22,5,6,37,19,6,1,18,1,14:11,1,2024-25
2024-25,203083,Andre Drummond,Andre,1610612755,PHI,Philadelphia 76ers,0022400838,2025-02-26T00:00:00,PHI @ NYK,L,29.363333333333333,3,6,0.5,0,0,0.0,1,2,0.5,4,5,9,5,1,2,1,1,1,1,7,0,33.3,0,0,27.0,1,13,13,13,3,16,14,18,4,18,4,20,12,15,9,16,12,1,17,6,4,22,8,20,20,12,6,6,1,6,1,29:22,1,2024-25
2024-25,203083,Andre Drummond,Andre,1610612755,PHI,Philadelphia 76ers,0022400864,2025-03-01T00:00:00,PHI vs. GSW,W,20.85,3,5,0.6,0,1,0.0,4,6,0.667,5,9,14,2,2,0,0,0,4,3,10,3,27.8,1,0,26.0,1,1,1,1,18,16,22,11,4,4,4,2,4,14,3,4,4,3,8,23,16,1,30,6,6,6,8,1,1,7,1,20:51,1,2024-25
2024-25,203083,Andre Drummond,Andre,1610612755,PHI,Philadelphia 76ers,0022400876,2025-03-03T00:00:00,PHI vs. POR,L,28.733333333333334,11,19,0.579,1,2,0.5,2,4,0.5,6,12,18,1,0,2,0,2,4,2,25,-10,54.1,1,0,49.0,1,13,13,13,6,1,1,14,1,1,2,6,6,15,1,1,1,10,27,6,16,35,30,10,1,25,1,1,1,1,1,28:44,1,2024-25
2024-25,203083,Andre Drummond,Andre,1610612755,PHI,Philadelphia 76ers,0022400887,2025-03-04T00:00:00,PHI @ MIN,L,19.316666666666666,1,5,0.2,0,1,0.0,2,2,1.0,3,4,7,3,0,0,1,2,4,3,4,-15,19.9,0,0,16.0,1,13,13,13,21,32,22,37,4,4,4,6,12,1,15,22,21,2,27,23,4,35,30,6,30,32,20,6,1,23,1,19:19,1,2024-25
2024-25,203083,Andre Drummond,Andre,1610612755,PHI,Philadelphia 76ers,0022400900,2025-03-06T00:00:00,PHI @ BOS,L,24.733333333333334,4,10,0.4,1,2,0.5,0,0,0.0,4,6,10,2,2,1,0,1,2,0,9,-21,25.0,0,0,24.0,1,13,13,13,13,5,4,30,1,1,2,27,30,27,9,11,9,3,8,11,16,22,14,31,11,39,10,6,1,9,1,24:44,1,2024-25
2024-25,203083,Andre Drummond,Andre,1610612755,PHI,Philadelphia 76ers,0022400924,2025-03-09T00:00:00,PHI vs. UTA,W,10.0,2,6,0.333,0,1,0.0,2,2,1.0,2,0,2,0,0,0,1,1,0,2,6,-10,11.4,0,0,10.0,1,1,1,1,33,23,14,33,4,4,4,6,12,1,22,40,39,22,27,23,4,22,1,10,23,25,35,6,1,33,1,10:00,1,2024-25
2024-25,203083,Andre Drummond,Andre,1610612755,PHI,Philadelphia 76ers,0022400947,2025-03-12T00:00:00,PHI @ TOR,L,25.4,2,6,0.333,0,1,0.0,0,0,0.0,2,4,6,1,0,0,2,2,2,0,4,-25,18.7,0,0,15.0,1,13,13,13,11,23,14,33,4,4,4,27,30,27,22,22,24,10,27,23,1,35,14,31,30,40,22,6,1,26,1,25:24,1,2024-25
2025-26,203083,Andre Drummond,Andre,1610612755,PHI,Philadelphia 76ers,0022500083,2025-10-22T00:00:00,PHI @ BOS,W,2.72,0,0,0.0,0,0,0.0,0,0,0.0,0,1,1,0,0,0,0,0,2,0,0,2,1.2,0,0,1.0,1,1,1,1,29,27,29,27,12,23,12,18,19,18,27,27,28,16,16,14,20,1,15,25,27,14,29,12,1,29,1,2:43,1,2025-26
2025-26,203083,Andre Drummond,Andre,1610612755,PHI,Philadelphia 76ers,0022500102,2025-10-25T00:00:00,PHI vs. CHA,W,15.801666666666666,3,6,0.5,0,1,0.0,1,3,0.333,6,7,13,2,0,2,0,0,2,2,7,12,31.6,0,0,26.0,1,1,1,1,23,12,11,12,12,13,12,9,5,16,5,9,3,4,16,1,20,1,15,5,12,2,9,12,1,10,1,15:48,1,2025-26
2025-26,203083,Andre Drummond,Andre,1610612755,PHI,Philadelphia 76ers,0022500114,2025-10-27T00:00:00,PHI vs. ORL,W,23.366666666666667,2,4,0.5,0,1,0.0,0,2,0.0,4,2,6,1,0,1,2,0,3,1,4,-9,21.7,0,0,17.0,1,1,1,1,10,14,17,12,12,13,12,18,8,18,8,22,21,8,16,4,2,1,19,17,20,22,15,12,1,17,1,23:22,1,2025-26
2025-26,203083,Andre Drummond,Andre,1610612755,PHI,Philadelphia 76ers,0022500123,2025-10-28T00:00:00,PHI @ WAS,W,11.52,3,4,0.75,0,0,0.0,0,0,0.0,4,6,10,0,0,0,1,1,1,0,6,-5,21.0,0,0,18.0,1,1,1,1,25,12,17,5,12,23,12,18,19,18,8,12,14,16,16,14,7,23,3,25,14,20,17,12,1,16,1,11:31,1,2025-26
2025-26,203083,Andre Drummond,Andre,1610612755,PHI,Philadelphia 76ers,0022500021,2025-10-31T00:00:00,PHI vs. BOS,L,11.7,1,3,0.333,1,2,0.5,3,4,0.75,0,2,2,0,0,1,1,0,1,2,6,7,14.4,0,0,13.0,1,17,17,17,24,21,24,21,4,3,5,1,1,6,27,22,26,16,16,4,7,1,3,5,14,9,24,12,1,24,1,11:42,1,2025-26
2025-26,203083,Andre Drummond,Andre,1610612755,PHI,Philadelphia 76ers,0022500149,2025-11-02T00:00:00,PHI @ BKN,W,23.255,2,4,0.5,0,1,0.0,1,2,0.5,1,7,8,0,1,1,1,0,3,2,5,20,19.6,0,0,17.0,1,1,1,1,11,14,17,12,12,13,12,9,8,10,25,9,18,16,8,4,7,1,19,5,17,1,18,12,1,17,1,23:15,1,2025-26
2025-26,203083,Andre Drummond,Andre,1610612755,PHI,Philadelphia 76ers,0022500171,2025-11-05T00:00:00,PHI @ CLE,L,28.143333333333334,6,7,0.857,1,1,1.0,0,0,0.0,4,9,13,1,1,1,2,0,2,2,13,3,38.1,1,0,34.0,1,17,17,17,8,1,9,3,4,13,1,18,19,18,8,5,3,8,8,4,2,1,15,5,6,12,3,1,1,4,1,28:09,1,2025-26
2025-26,203083,Andre Drummond,Andre,1610612755,PHI,Philadelphia 76ers,0022500184,2025-11-08T00:00:00,PHI vs. TOR,W,16.066666666666666,1,5,0.2,0,0,0.0,2,2,1.0,3,5,8,1,1,0,1,0,1,1,4,8,17.1,0,0,15.0,1,1,1,1,21,21,15,25,12,23,12,5,8,1,16,15,18,8,8,14,7,1,3,17,20,7,22,12,1,21,1,16:04,1,2025-26
2025-26,203083,Andre Drummond,Andre,1610612755,PHI,Philadelphia 76ers,0022500195,2025-11-09T00:00:00,PHI vs. DET,L,34.56666666666667,6,9,0.667,2,4,0.5,3,4,0.75,3,9,12,2,0,1,1,1,3,4,17,-11,40.4,1,0,37.0,1,17,17,17,4,1,5,6,2,1,5,1,1,6,16,5,8,4,16,4,7,23,19,1,1,25,2,1,1,2,1,34:34,1,2025-26
2025-26,203083,Andre Drummond,Andre,1610612755,PHI,Philadelphia 76ers,0022500209,2025-11-11T00:00:00,PHI vs. BOS,W,33.333333333333336,6,11,0.545,0,2,0.0,2,3,0.667,4,9,13,0,0,0,1,1,1,2,14,10,32.6,1,0,29.0,1,1,1,1,6,1,2,11,12,3,12,5,5,9,8,5,3,16,16,14,7,23,3,5,2,3,7,1,1,7,1,33:20,1,2025-26
2025-26,203083,Andre Drummond,Andre,1610612755,PHI,Philadelphia 76ers,0022500041,2025-11-14T00:00:00,PHI @ DET,L,35.733333333333334,5,6,0.833,2,2,1.0,0,0,0.0,4,7,11,2,3,1,0,0,4,1,12,4,28.2,1,0,29.0,1,17,17,17,3,5,11,4,2,3,1,18,19,18,8,9,13,4,2,4,20,1,25,17,7,11,12,1,1,7,1,35:44,1,2025-26
2025-26,203083,Andre Drummond,Andre,1610612755,PHI,Philadelphia 76ers,0022500243,2025-11-17T00:00:00,PHI vs. LAC,W,37.931666666666665,5,8,0.625,1,2,0.5,3,4,0.75,5,13,18,0,1,1,0,0,1,3,14,2,37.6,1,0,35.0,1,1,1,1,2,5,7,7,4,3,5,1,1,6,6,2,2,16,8,4,20,1,3,2,2,14,4,1,1,3,1,37:56,1,2025-26
2025-26,203083,Andre Drummond,Andre,1610612755,PHI,Philadelphia 76ers,0022500258,2025-11-19T00:00:00,PHI vs. TOR,L,34.05,5,9,0.556,0,1,0.0,0,0,0.0,4,8,12,0,3,2,1,0,3,1,10,-4,30.4,1,0,28.0,1,17,17,17,5,5,5,10,12,13,12,18,19,18,8,8,8,16,2,1,7,1,19,17,11,19,10,1,1,9,1,34:03,1,2025-26
2025-26,203083,Andre Drummond,Andre,1610612755,PHI,Philadelphia 76ers,0022500266,2025-11-20T00:00:00,PHI @ MIL,W,18.333333333333332,1,4,0.25,0,1,0.0,1,2,0.5,2,6,8,1,1,1,1,1,6,2,3,-1,19.1,0,0,16.0,1,1,1,1,15,21,17,23,12,13,12,9,8,10,19,12,18,8,8,4,7,23,29,5,23,17,20,12,1,20,1,18:20,1,2025-26
2025-26,203083,Andre Drummond,Andre,1610612755,PHI,Philadelphia 76ers,0022500275,2025-11-23T00:00:00,PHI vs. MIA,L,38.016666666666666,6,12,0.5,1,2,0.5,1,2,0.5,9,15,24,1,2,0,2,0,1,2,14,-2,48.3,1,0,44.0,1,17,17,17,1,1,1,12,4,3,5,9,8,10,1,1,1,8,4,14,2,1,3,5,2,18,1,1,1,1,1,38:01,1,2025-26
2025-26,203083,Andre Drummond,Andre,1610612755,PHI,Philadelphia 76ers,0022500058,2025-11-25T00:00:00,PHI vs. ORL,L,22.316666666666666,1,6,0.167,1,2,0.5,0,0,0.0,2,10,12,0,2,0,2,1,4,0,3,-33,21.4,0,0,20.0,1,17,17,17,13,21,11,26,4,3,5,18,19,18,19,4,8,16,4,14,2,23,25,25,23,29,16,12,1,15,1,22:19,1,2025-26
2025-26,203083,Andre Drummond,Andre,1610612755,PHI,Philadelphia 76ers,0022500070,2025-11-28T00:00:00,PHI @ BKN,W,10.516666666666667,2,2,1.0,1,1,1.0,2,2,1.0,2,2,4,1,0,0,1,0,0,2,7,9,16.3,0,0,15.0,1,1,1,1,26,14,25,1,4,13,1,5,8,1,19,22,23,8,16,14,7,1,1,5,12,4,23,12,1,21,1,10:31,1,2025-26
2025-26,203083,Andre Drummond,Andre,1610612755,PHI,Philadelphia 76ers,0022500304,2025-11-30T00:00:00,PHI vs. ATL,L,5.983333333333333,1,1,1.0,0,0,0.0,0,0,0.0,0,1,1,0,0,0,0,0,2,0,2,1,3.2,0,0,3.0,1,17,17,17,28,21,26,1,12,23,12,18,19,18,27,27,28,16,16,14,20,1,15,25,25,16,28,12,1,28,1,5:59,1,2025-26
2025-26,203083,Andre Drummond,Andre,1610612755,PHI,Philadelphia 76ers,0022500318,2025-12-02T00:00:00,PHI vs. WAS,W,17.183333333333334,5,8,0.625,1,2,0.5,1,1,1.0,4,6,10,3,2,1,1,1,5,1,12,9,32.5,1,0,30.0,1,1,1,1,18,5,7,7,4,3,5,9,18,1,8,12,14,1,4,4,7,23,28,17,7,4,8,1,1,6,1,17:11,1,2025-26
2025-26,203083,Andre Drummond,Andre,1610612755,PHI,Philadelphia 76ers,0022500333,2025-12-04T00:00:00,PHI vs. GSW,W,16.573333333333334,0,1,0.0,0,1,0.0,0,0,0.0,1,1,2,0,0,0,1,0,0,2,0,3,5.4,0,0,4.0,1,1,1,1,19,27,26,27,12,13,12,18,19,18,25,27,26,16,16,14,7,1,1,5,27,12,26,12,1,27,1,16:34,1,2025-26
2025-26,203083,Andre Drummond,Andre,1610612755,PHI,Philadelphia 76ers,0022500348,2025-12-05T00:00:00,PHI @ MIL,W,23.411666666666665,2,4,0.5,0,2,0.0,1,2,0.5,3,3,6,2,2,2,0,0,3,1,5,8,19.2,0,0,17.0,1,1,1,1,9,14,17,12,12,3,12,9,8,10,16,21,21,4,4,1,20,1,19,17,17,7,19,12,1,17,1,23:25,1,2025-26
2025-26,203083,Andre Drummond,Andre,1610612755,PHI,Philadelphia 76ers,0022500362,2025-12-07T00:00:00,PHI vs. LAL,L,17.733333333333334,5,11,0.455,0,1,0.0,1,2,0.5,8,4,12,0,0,0,1,0,1,3,11,-15,28.4,1,0,25.0,1,17,17,17,16,5,2,19,12,13,12,9,8,10,2,20,8,16,16,14,7,1,3,2,10,28,11,1,1,12,1,17:44,1,2025-26
2025-26,203083,Andre Drummond,Andre,1610612755,PHI,Philadelphia 76ers,0022501211,2025-12-12T00:00:00,PHI vs. IND,W,16.066666666666666,0,1,0.0,0,0,0.0,0,0,0.0,4,5,9,1,1,0,2,0,1,2,0,-6,17.3,0,0,14.0,1,1,1,1,21,27,26,27,12,23,12,18,19,18,8,15,17,8,8,14,2,1,3,5,27,21,21,12,1,23,1,16:04,1,2025-26
2025-26,203083,Andre Drummond,Andre,1610612755,PHI,Philadelphia 76ers,0022501217,2025-12-14T00:00:00,PHI @ ATL,L,19.808333333333334,2,6,0.333,0,1,0.0,1,2,0.5,5,5,10,3,0,1,3,0,1,1,5,6,33.5,0,0,26.0,1,17,17,17,14,14,11,21,12,13,12,9,8,10,6,15,14,1,16,4,1,1,3,17,17,10,5,12,1,10,1,19:49,1,2025-26
2025-26,203083,Andre Drummond,Andre,1610612755,PHI,Philadelphia 76ers,0022500382,2025-12-19T00:00:00,PHI @ NYK,W,32.3,4,7,0.571,3,4,0.75,3,3,1.0,2,11,13,1,1,0,1,0,3,2,14,9,33.1,1,0,33.0,1,1,1,1,7,11,9,9,1,1,4,1,5,1,19,3,3,8,8,14,7,1,19,5,2,4,6,1,1,5,1,32:18,1,2025-26
2025-26,203083,Andre Drummond,Andre,1610612755,PHI,Philadelphia 76ers,0022500387,2025-12-20T00:00:00,PHI vs. DAL,W,23.233333333333334,2,5,0.4,1,2,0.5,1,4,0.25,7,5,12,3,0,0,0,0,1,3,6,-10,24.9,0,0,22.0,1,1,1,1,12,14,15,20,4,3,5,9,1,17,4,15,8,1,16,14,20,1,3,2,14,23,14,12,1,14,1,23:14,1,2025-26
2025-26,203083,Andre Drummond,Andre,1610612755,PHI,Philadelphia 76ers,0022500410,2025-12-23T00:00:00,PHI vs. BKN,L,16.566666666666666,5,10,0.5,0,0,0.0,2,2,1.0,8,5,13,0,1,0,0,0,1,1,12,-10,26.6,1,0,25.0,1,17,17,17,20,5,4,12,12,23,12,5,8,1,2,15,3,16,8,14,20,1,3,17,7,23,13,1,1,12,1,16:34,1,2025-26
2025-26,203083,Andre Drummond,Andre,1610612755,PHI,Philadelphia 76ers,0022500427,2025-12-26T00:00:00,PHI @ CHI,L,7.943333333333333,1,4,0.25,0,2,0.0,0,0,0.0,2,2,4,0,0,0,0,0,1,0,2,-11,6.8,0,0,6.0,1,17,17,17,27,21,17,23,12,3,12,18,19,18,19,22,23,16,16,14,20,1,3,25,25,25,25,12,1,26,1,7:57,1,2025-26
2025-26,203083,Andre Drummond,Andre,1610612755,PHI,Philadelphia 76ers,0022500442,2025-12-28T00:00:00,PHI @ OKC,L,17.55,2,4,0.5,0,0,0.0,0,0,0.0,2,2,4,0,4,0,0,1,4,2,4,-14,4.8,0,0,8.0,1,17,17,17,17,14,17,12,12,23,12,18,19,18,19,22,23,16,1,14,20,23,25,5,20,27,27,12,1,25,1,17:33,1,2025-26
