SEASON_YEAR,PLAYER_ID,PLAYER_NAME,NICKNAME,TEAM_ID,TEAM_ABBREVIATION,TEAM_NAME,GAME_ID,GAME_DATE,MATCHUP,WL,MIN,FGM,FGA,FG_PCT,FG3M,FG3A,FG3_PCT,FTM,FTA,FT_PCT,OREB,DREB,REB,AST,TOV,STL,BLK,BLKA,PF,PFD,PTS,PLUS_MINUS,NBA_FANTASY_PTS,DD2,TD3,WNBA_FANTASY_PTS,GP_RANK,W_RANK,L_RANK,W_PCT_RANK,MIN_RANK,FGM_RANK,FGA_RANK,FG_PCT_RANK,FG3M_RANK,FG3A_RANK,FG3_PCT_RANK,FTM_RANK,FTA_RANK,FT_PCT_RANK,OREB_RANK,DREB_RANK,REB_RANK,AST_RANK,TOV_RANK,STL_RANK,BLK_RANK,BLKA_RANK,PF_RANK,PFD_RANK,PTS_RANK,PLUS_MINUS_RANK,NBA_FANTASY_PTS_RANK,DD2_RANK,TD3_RANK,WNBA_FANTASY_PTS_RANK,AVAILABLE_FLAG,MIN_SEC,TEAM_COUNT,SEASON
2017-18,1628389,Bam Adebayo,Bam,1610612748,MIA,Miami Heat,0021700005,2017-10-18T00:00:00,MIA @ ORL,L,5.693333333333333,0,1,0.0,0,0,0.0,0,0,0.0,0,0,0,0,0,0,0,1,2,0,0,3,0.0,0,0,0.0,1,35,35,35,64,58,61,58,1,7,1,48,51,48,54,66,66,41,43,24,28,48,30,62,64,24,68,8,1,68,1,5:42,1,2017-18
2017-18,1628389,Bam Adebayo,Bam,1610612748,MIA,Miami Heat,0021700059,2017-10-25T00:00:00,MIA vs. SAS,L,19.583333333333332,2,6,0.333,0,0,0.0,0,0,0.0,1,7,8,0,0,0,1,1,3,0,4,-12,16.6,0,0,14.0,1,35,35,35,35,34,18,46,1,7,1,48,51,48,32,9,13,41,43,24,12,48,43,62,44,58,35,8,1,40,1,19:35,1,2017-18
2017-18,1628389,Bam Adebayo,Bam,1610612748,MIA,Miami Heat,0021700078,2017-10-28T00:00:00,MIA vs. BOS,L,24.31,2,4,0.5,0,0,0.0,2,2,1.0,1,2,3,0,1,1,1,0,3,2,6,-9,14.6,0,0,13.0,1,35,35,35,23,34,39,31,1,7,1,21,25,1,32,48,51,41,18,7,12,1,43,28,30,52,43,8,1,43,1,24:19,1,2017-18
2017-18,1628389,Bam Adebayo,Bam,1610612748,MIA,Miami Heat,0021700093,2017-10-30T00:00:00,MIA vs. MIN,L,31.188333333333333,5,9,0.556,0,0,0.0,3,6,0.5,10,3,13,0,1,0,0,0,3,3,13,-16,27.6,1,0,26.0,1,35,35,35,5,6,5,29,1,7,1,12,7,36,1,34,3,41,18,24,28,1,43,17,11,63,13,1,1,10,1,31:11,1,2017-18
2017-18,1628389,Bam Adebayo,Bam,1610612748,MIA,Miami Heat,0021700110,2017-11-01T00:00:00,MIA vs. CHI,W,13.066666666666666,1,2,0.5,0,0,0.0,2,2,1.0,0,4,4,0,0,2,0,0,0,1,4,8,14.8,0,0,12.0,1,1,1,1,57,48,56,31,1,7,1,21,25,1,54,21,43,41,43,3,28,1,1,45,44,18,42,8,1,47,2,13:04,1,2017-18
2017-18,1628389,Bam Adebayo,Bam,1610612748,MIA,Miami Heat,0021700127,2017-11-03T00:00:00,MIA @ DEN,L,3.5166666666666666,0,0,0.0,0,0,0.0,0,0,0.0,0,1,1,0,0,0,0,0,0,2,0,6,1.2,0,0,1.0,1,35,35,35,68,58,65,58,1,7,1,48,51,48,54,57,62,41,43,24,28,1,1,28,64,21,66,8,1,67,1,3:31,1,2017-18
2017-18,1628389,Bam Adebayo,Bam,1610612748,MIA,Miami Heat,0021700137,2017-11-05T00:00:00,MIA @ LAC,W,1.0,0,0,0.0,0,0,0.0,0,0,0.0,0,0,0,0,0,0,0,0,1,0,0,-5,0.0,0,0,0.0,1,1,1,1,69,58,65,58,1,7,1,48,51,48,54,66,66,41,43,24,28,1,13,62,64,41,68,8,1,68,1,1:00,1,2017-18
2017-18,1628389,Bam Adebayo,Bam,1610612748,MIA,Miami Heat,0021700148,2017-11-06T00:00:00,MIA @ GSW,L,13.25,1,1,1.0,0,0,0.0,1,1,1.0,2,4,6,0,1,1,2,0,0,1,3,-3,18.2,0,0,15.0,1,35,35,35,56,48,61,1,1,7,1,36,47,1,16,21,24,41,18,7,2,1,1,45,53,39,31,8,1,33,1,13:15,1,2017-18
2017-18,1628389,Bam Adebayo,Bam,1610612748,MIA,Miami Heat,0021700218,2017-11-17T00:00:00,MIA @ WAS,W,4.133333333333334,0,0,0.0,0,0,0.0,1,2,0.5,0,1,1,0,1,0,0,0,0,1,1,-7,1.2,0,0,2.0,1,1,1,1,66,58,65,58,1,7,1,36,25,36,54,57,62,41,18,24,28,1,1,45,61,47,66,8,1,65,1,4:08,1,2017-18
2017-18,1628389,Bam Adebayo,Bam,1610612748,MIA,Miami Heat,0021700235,2017-11-19T00:00:00,MIA vs. IND,L,7.7,2,3,0.667,0,0,0.0,0,0,0.0,0,0,0,0,0,0,0,0,1,1,4,-14,4.0,0,0,4.0,1,35,35,35,61,34,49,19,1,7,1,48,51,48,54,66,66,41,43,24,28,1,13,45,44,62,62,8,1,61,1,7:42,1,2017-18
2017-18,1628389,Bam Adebayo,Bam,1610612748,MIA,Miami Heat,0021700298,2017-11-28T00:00:00,MIA @ CLE,L,18.45,7,7,1.0,0,0,0.0,5,5,1.0,1,5,6,2,0,0,1,0,0,3,19,13,32.2,0,0,29.0,1,35,35,35,42,2,11,1,1,7,1,5,9,1,32,16,24,17,43,24,12,1,1,17,1,8,8,8,1,6,1,18:27,1,2017-18
2017-18,1628389,Bam Adebayo,Bam,1610612748,MIA,Miami Heat,0021700306,2017-11-29T00:00:00,MIA @ NYK,L,30.551666666666666,4,5,0.8,0,0,0.0,1,2,0.5,1,4,5,0,1,2,0,1,3,4,9,-20,20.0,0,0,18.0,1,35,35,35,7,13,28,11,1,7,1,36,25,36,32,21,27,41,18,3,28,48,43,10,19,68,24,8,1,24,1,30:33,1,2017-18
2017-18,1628389,Bam Adebayo,Bam,1610612748,MIA,Miami Heat,0021700321,2017-12-01T00:00:00,MIA vs. CHA,W,18.15,0,3,0.0,0,0,0.0,1,2,0.5,3,2,5,0,3,4,2,0,3,4,1,-13,22.0,0,0,18.0,1,1,1,1,45,58,49,58,1,7,1,36,25,36,11,48,27,41,1,1,2,1,43,10,61,61,22,8,1,24,1,18:09,1,2017-18
2017-18,1628389,Bam Adebayo,Bam,1610612748,MIA,Miami Heat,0021700335,2017-12-03T00:00:00,MIA vs. GSW,L,19.933333333333334,3,5,0.6,0,0,0.0,3,4,0.75,1,1,2,0,0,1,0,0,2,2,9,-16,14.4,0,0,13.0,1,35,35,35,32,18,28,22,1,7,1,12,14,24,32,57,56,41,43,7,28,1,30,28,19,63,45,8,1,43,1,19:56,1,2017-18
2017-18,1628389,Bam Adebayo,Bam,1610612748,MIA,Miami Heat,0021700361,2017-12-06T00:00:00,MIA @ SAS,L,17.75,3,4,0.75,0,0,0.0,0,0,0.0,2,1,3,0,2,1,2,0,2,0,6,-12,16.6,0,0,15.0,1,35,35,35,46,18,39,12,1,7,1,48,51,48,16,57,51,41,8,7,2,1,30,62,30,58,35,8,1,33,1,17:45,1,2017-18
2017-18,1628389,Bam Adebayo,Bam,1610612748,MIA,Miami Heat,0021700376,2017-12-09T00:00:00,MIA @ BKN,W,19.933333333333334,1,3,0.333,0,0,0.0,0,0,0.0,2,3,5,2,0,0,1,1,3,1,2,20,14.0,0,0,11.0,1,1,1,1,32,48,49,46,1,7,1,48,51,48,16,34,27,17,43,24,12,48,43,45,56,5,46,8,1,48,1,19:56,1,2017-18
2017-18,1628389,Bam Adebayo,Bam,1610612748,MIA,Miami Heat,0021700393,2017-12-11T00:00:00,MIA @ MEM,W,22.908333333333335,5,6,0.833,0,0,0.0,4,5,0.8,0,4,4,2,0,2,2,1,5,6,14,10,33.8,0,0,28.0,1,1,1,1,26,6,18,9,1,7,1,9,9,22,54,21,43,17,43,3,2,48,68,4,8,10,5,8,1,8,1,22:55,1,2017-18
2017-18,1628389,Bam Adebayo,Bam,1610612748,MIA,Miami Heat,0021700408,2017-12-13T00:00:00,MIA vs. POR,L,30.265,3,3,1.0,0,0,0.0,6,8,0.75,3,4,7,2,3,0,0,0,3,5,12,-10,20.4,0,0,21.0,1,35,35,35,10,18,49,1,1,7,1,3,4,24,11,21,19,17,1,24,28,1,43,8,13,55,23,8,1,19,1,30:16,1,2017-18
2017-18,1628389,Bam Adebayo,Bam,1610612748,MIA,Miami Heat,0021700418,2017-12-15T00:00:00,MIA @ CHA,W,21.778333333333332,5,6,0.833,0,0,0.0,1,1,1.0,1,4,5,1,2,0,0,0,4,1,11,0,16.5,0,0,17.0,1,1,1,1,27,6,18,9,1,7,1,36,47,1,32,21,27,29,8,24,28,1,58,45,14,26,37,8,1,27,1,21:47,1,2017-18
2017-18,1628389,Bam Adebayo,Bam,1610612748,MIA,Miami Heat,0021700432,2017-12-16T00:00:00,MIA vs. LAC,W,28.226666666666667,2,7,0.286,0,0,0.0,3,4,0.75,4,1,5,3,0,0,0,1,3,2,7,-5,17.5,0,0,15.0,1,1,1,1,13,34,11,53,1,7,1,12,14,24,5,57,27,10,43,24,28,48,43,28,26,41,34,8,1,33,1,28:14,1,2017-18
2017-18,1628389,Bam Adebayo,Bam,1610612748,MIA,Miami Heat,0021700443,2017-12-18T00:00:00,MIA @ ATL,L,30.473333333333333,3,6,0.5,0,0,0.0,5,7,0.714,4,6,10,1,3,1,2,1,4,6,11,-1,30.5,1,0,28.0,1,35,35,35,8,18,18,31,1,7,1,5,6,32,5,11,6,29,1,7,2,48,58,4,14,31,9,1,1,8,1,30:28,1,2017-18
2017-18,1628389,Bam Adebayo,Bam,1610612748,MIA,Miami Heat,0021700456,2017-12-20T00:00:00,MIA @ BOS,W,20.468333333333334,3,6,0.5,0,0,0.0,0,1,0.0,0,5,5,0,1,0,0,1,1,2,6,5,11.0,0,0,11.0,1,1,1,1,31,18,18,31,1,7,1,48,47,48,54,16,27,41,18,24,28,48,13,28,30,22,51,8,1,48,1,20:28,1,2017-18
2017-18,1628389,Bam Adebayo,Bam,1610612748,MIA,Miami Heat,0021700474,2017-12-22T00:00:00,MIA vs. DAL,W,37.485,6,9,0.667,0,0,0.0,2,2,1.0,1,7,8,5,1,1,0,0,3,4,14,28,33.1,0,0,29.0,1,1,1,1,1,3,5,19,1,7,1,21,25,1,32,9,13,3,18,7,28,1,43,10,8,1,7,8,1,6,1,37:29,1,2017-18
2017-18,1628389,Bam Adebayo,Bam,1610612748,MIA,Miami Heat,0021700486,2017-12-23T00:00:00,MIA vs. NOP,L,30.333333333333332,4,7,0.571,0,1,0.0,1,2,0.5,3,4,7,4,1,0,1,0,2,4,9,-17,25.4,0,0,22.0,1,35,35,35,9,13,11,27,1,2,1,36,25,36,11,21,19,7,18,24,12,1,30,10,19,65,18,8,1,17,1,30:20,1,2017-18
2017-18,1628389,Bam Adebayo,Bam,1610612748,MIA,Miami Heat,0021700500,2017-12-26T00:00:00,MIA vs. ORL,W,25.466666666666665,3,4,0.75,0,0,0.0,2,2,1.0,3,6,9,4,1,1,1,0,2,1,8,24,29.8,0,0,25.0,1,1,1,1,20,18,39,12,1,7,1,21,25,1,11,11,11,7,18,7,12,1,30,45,24,3,10,8,1,11,1,25:28,1,2017-18
2017-18,1628389,Bam Adebayo,Bam,1610612748,MIA,Miami Heat,0021700523,2017-12-29T00:00:00,MIA vs. BKN,L,27.766666666666666,2,5,0.4,0,0,0.0,3,5,0.6,2,3,5,1,2,1,0,1,2,3,7,-21,15.5,0,0,15.0,1,35,35,35,15,34,28,43,1,7,1,12,9,34,16,34,27,29,8,7,28,48,30,17,26,69,40,8,1,33,1,27:46,1,2017-18
2017-18,1628389,Bam Adebayo,Bam,1610612748,MIA,Miami Heat,0021700531,2017-12-30T00:00:00,MIA @ ORL,W,15.866666666666667,3,5,0.6,0,0,0.0,0,0,0.0,1,2,3,0,1,0,0,1,4,0,6,-7,8.6,0,0,9.0,1,1,1,1,49,18,28,22,1,7,1,48,51,48,32,48,51,41,18,24,28,48,58,62,30,47,55,8,1,53,1,15:52,1,2017-18
2017-18,1628389,Bam Adebayo,Bam,1610612748,MIA,Miami Heat,0021700558,2018-01-03T00:00:00,MIA vs. DET,W,10.233333333333333,0,4,0.0,0,0,0.0,0,0,0.0,1,2,3,1,1,0,0,0,0,0,0,-5,4.1,0,0,4.0,1,1,1,1,60,58,39,58,1,7,1,48,51,48,32,48,51,29,18,24,28,1,1,62,64,41,61,8,1,61,1,10:14,1,2017-18
2017-18,1628389,Bam Adebayo,Bam,1610612748,MIA,Miami Heat,0021700568,2018-01-05T00:00:00,MIA vs. NYK,W,14.883333333333333,0,0,0.0,0,0,0.0,2,2,1.0,1,6,7,2,1,0,0,0,0,3,2,-5,12.4,0,0,11.0,1,1,1,1,51,58,65,58,1,7,1,21,25,1,32,11,19,17,18,24,28,1,1,17,56,41,50,8,1,48,1,14:53,1,2017-18
2017-18,1628389,Bam Adebayo,Bam,1610612748,MIA,Miami Heat,0021700586,2018-01-07T00:00:00,MIA vs. UTA,W,7.3,1,1,1.0,0,0,0.0,2,3,0.667,1,1,2,0,1,0,0,0,1,3,4,-2,5.4,0,0,6.0,1,1,1,1,62,48,61,1,1,7,1,21,23,33,32,57,56,41,18,24,28,1,13,17,44,34,60,8,1,58,1,7:18,1,2017-18
2017-18,1628389,Bam Adebayo,Bam,1610612748,MIA,Miami Heat,0021700599,2018-01-09T00:00:00,MIA @ TOR,W,32.55,8,14,0.571,0,1,0.0,0,0,0.0,5,10,15,3,0,0,5,2,3,2,16,9,53.5,1,0,44.0,1,1,1,1,3,1,1,27,1,2,1,48,51,48,2,2,2,10,43,24,1,66,43,28,3,15,1,1,1,1,1,32:33,1,2017-18
2017-18,1628389,Bam Adebayo,Bam,1610612748,MIA,Miami Heat,0021700604,2018-01-10T00:00:00,MIA @ IND,W,31.18,4,9,0.444,0,1,0.0,7,9,0.778,0,2,2,5,1,1,0,0,2,6,15,-9,26.9,0,0,24.0,1,1,1,1,6,13,5,41,1,2,1,2,3,23,54,48,56,3,18,7,28,1,30,4,4,52,16,8,1,13,1,31:11,1,2017-18
2017-18,1628389,Bam Adebayo,Bam,1610612748,MIA,Miami Heat,0021700634,2018-01-14T00:00:00,MIA vs. MIL,W,27.85,2,6,0.333,0,0,0.0,2,2,1.0,0,4,4,6,1,0,0,0,4,2,6,10,18.8,0,0,16.0,1,1,1,1,14,34,18,46,1,7,1,21,25,1,54,21,43,1,18,24,28,1,58,28,30,10,30,8,1,30,1,27:51,1,2017-18
2017-18,1628389,Bam Adebayo,Bam,1610612748,MIA,Miami Heat,0021700644,2018-01-15T00:00:00,MIA @ CHI,L,18.733333333333334,2,5,0.4,0,1,0.0,2,2,1.0,2,3,5,0,1,1,0,0,1,1,6,10,14.0,0,0,13.0,1,35,35,35,40,34,28,43,1,2,1,21,25,1,16,34,27,41,18,7,28,1,13,45,30,10,46,8,1,43,1,18:44,1,2017-18
2017-18,1628389,Bam Adebayo,Bam,1610612748,MIA,Miami Heat,0021700659,2018-01-17T00:00:00,MIA @ MIL,W,18.808333333333334,2,6,0.333,0,0,0.0,0,0,0.0,3,3,6,5,2,1,0,1,4,1,4,-2,19.7,0,0,17.0,1,1,1,1,39,34,18,46,1,7,1,48,51,48,11,34,24,3,8,7,28,48,58,45,44,34,26,8,1,27,1,18:49,1,2017-18
2017-18,1628389,Bam Adebayo,Bam,1610612748,MIA,Miami Heat,0021700668,2018-01-19T00:00:00,MIA @ BKN,L,14.3,3,5,0.6,0,0,0.0,3,4,0.75,1,2,3,2,1,0,0,1,3,2,9,0,14.6,0,0,14.0,1,35,35,35,52,18,28,22,1,7,1,12,14,24,32,48,51,17,18,24,28,48,43,28,19,26,43,8,1,40,1,14:18,1,2017-18
2017-18,1628389,Bam Adebayo,Bam,1610612748,MIA,Miami Heat,0021700676,2018-01-20T00:00:00,MIA @ CHA,W,23.55,3,4,0.75,0,0,0.0,0,0,0.0,2,3,5,5,1,2,1,0,1,1,6,8,27.5,0,0,22.0,1,1,1,1,25,18,39,12,1,7,1,48,51,48,16,34,27,3,18,3,12,1,13,45,30,18,14,8,1,17,1,23:33,1,2017-18
2017-18,1628389,Bam Adebayo,Bam,1610612748,MIA,Miami Heat,0021700689,2018-01-22T00:00:00,MIA @ HOU,L,17.3,3,4,0.75,0,0,0.0,1,2,0.5,1,4,5,2,0,0,0,0,1,2,7,-1,16.0,0,0,14.0,1,35,35,35,48,18,39,12,1,7,1,36,25,36,32,21,27,17,43,24,28,1,13,28,26,31,39,8,1,40,1,17:18,1,2017-18
2017-18,1628389,Bam Adebayo,Bam,1610612748,MIA,Miami Heat,0021700710,2018-01-25T00:00:00,MIA vs. SAC,L,20.543333333333333,2,4,0.5,0,0,0.0,2,2,1.0,0,1,1,2,0,1,1,0,3,1,6,10,16.2,0,0,13.0,1,35,35,35,30,34,39,31,1,7,1,21,25,1,54,57,62,17,43,7,12,1,43,45,30,10,38,8,1,43,1,20:33,1,2017-18
2017-18,1628389,Bam Adebayo,Bam,1610612748,MIA,Miami Heat,0021700727,2018-01-27T00:00:00,MIA vs. CHA,W,25.638333333333332,4,6,0.667,0,0,0.0,0,0,0.0,2,10,12,0,1,1,1,0,1,2,8,13,27.4,0,0,24.0,1,1,1,1,19,13,18,19,1,7,1,48,51,48,16,2,5,41,18,7,12,1,13,28,24,8,15,8,1,13,1,25:38,1,2017-18
2017-18,1628389,Bam Adebayo,Bam,1610612748,MIA,Miami Heat,0021700742,2018-01-29T00:00:00,MIA @ DAL,W,19.133333333333333,1,3,0.333,0,0,0.0,0,0,0.0,2,3,5,4,2,1,1,0,1,2,2,0,18.0,0,0,15.0,1,1,1,1,37,48,49,46,1,7,1,48,51,48,16,34,27,7,8,7,12,1,13,28,56,26,32,8,1,33,1,19:08,1,2017-18
2017-18,1628389,Bam Adebayo,Bam,1610612748,MIA,Miami Heat,0021700757,2018-01-31T00:00:00,MIA @ CLE,L,18.566666666666666,3,5,0.6,0,0,0.0,3,5,0.6,1,4,5,1,3,0,0,1,0,3,9,-2,13.5,0,0,15.0,1,35,35,35,41,18,28,22,1,7,1,12,9,34,32,21,27,29,1,24,28,48,1,17,19,34,48,8,1,33,1,18:34,1,2017-18
2017-18,1628389,Bam Adebayo,Bam,1610612748,MIA,Miami Heat,0021700770,2018-02-02T00:00:00,MIA @ PHI,L,29.178333333333335,5,9,0.556,0,0,0.0,5,10,0.5,5,8,13,6,0,0,0,0,4,8,15,9,39.6,1,0,34.0,1,35,35,35,12,6,5,29,1,7,1,5,1,36,2,5,3,1,43,24,28,1,58,2,4,15,3,1,1,3,1,29:11,1,2017-18
2017-18,1628389,Bam Adebayo,Bam,1610612748,MIA,Miami Heat,0021700776,2018-02-03T00:00:00,MIA @ DET,L,23.621666666666666,2,5,0.4,0,0,0.0,0,2,0.0,1,4,5,0,0,0,1,0,2,2,4,-11,13.0,0,0,11.0,1,35,35,35,24,34,28,43,1,7,1,48,25,48,32,21,27,41,43,24,12,1,30,28,44,56,49,8,1,48,1,23:37,1,2017-18
2017-18,1628389,Bam Adebayo,Bam,1610612748,MIA,Miami Heat,0021700792,2018-02-05T00:00:00,MIA vs. ORL,L,26.261666666666667,6,13,0.462,0,2,0.0,6,8,0.75,2,8,10,1,0,1,2,1,2,7,18,-7,40.5,1,0,35.0,1,35,35,35,18,3,2,40,1,1,1,3,4,24,16,5,6,29,43,7,2,48,30,3,2,47,2,1,1,2,1,26:16,1,2017-18
2017-18,1628389,Bam Adebayo,Bam,1610612748,MIA,Miami Heat,0021700806,2018-02-07T00:00:00,MIA vs. HOU,L,15.033333333333333,2,2,1.0,0,0,0.0,1,1,1.0,2,3,5,2,1,0,2,0,2,2,5,-11,19.0,0,0,16.0,1,35,35,35,50,34,56,1,1,7,1,36,47,1,16,34,27,17,18,24,2,1,30,28,43,56,29,8,1,30,1,15:02,1,2017-18
2017-18,1628389,Bam Adebayo,Bam,1610612748,MIA,Miami Heat,0021700821,2018-02-09T00:00:00,MIA vs. MIL,W,32.361666666666665,3,7,0.429,0,0,0.0,9,10,0.9,1,9,10,3,2,0,2,1,4,9,15,-4,35.5,1,0,32.0,1,1,1,1,4,18,11,42,1,7,1,1,1,21,32,4,6,10,8,24,2,48,58,1,4,40,4,1,1,4,1,32:22,1,2017-18
2017-18,1628389,Bam Adebayo,Bam,1610612748,MIA,Miami Heat,0021700847,2018-02-13T00:00:00,MIA @ TOR,L,25.166666666666668,3,6,0.5,0,0,0.0,5,5,1.0,1,4,5,3,2,0,1,1,3,4,11,7,22.5,0,0,21.0,1,35,35,35,21,18,18,31,1,7,1,5,9,1,32,21,27,10,8,24,12,48,43,10,14,20,20,8,1,19,1,25:10,1,2017-18
2017-18,1628389,Bam Adebayo,Bam,1610612748,MIA,Miami Heat,0021700855,2018-02-14T00:00:00,MIA @ PHI,L,19.358333333333334,0,3,0.0,0,0,0.0,3,4,0.75,0,2,2,1,0,0,0,0,0,4,3,-12,6.9,0,0,6.0,1,35,35,35,36,58,49,58,1,7,1,12,14,24,54,48,56,29,43,24,28,1,1,10,53,58,57,8,1,58,1,19:22,1,2017-18
2017-18,1628389,Bam Adebayo,Bam,1610612748,MIA,Miami Heat,0021700879,2018-02-23T00:00:00,MIA @ NOP,L,18.953333333333333,2,2,1.0,0,0,0.0,2,4,0.5,0,8,8,2,1,0,0,0,4,2,6,2,17.6,0,0,16.0,1,35,35,35,38,34,56,1,1,7,1,21,14,36,54,5,13,17,18,24,28,1,58,28,30,25,33,8,1,30,1,18:57,1,2017-18
2017-18,1628389,Bam Adebayo,Bam,1610612748,MIA,Miami Heat,0021700885,2018-02-24T00:00:00,MIA vs. MEM,W,18.326666666666668,5,7,0.714,0,0,0.0,3,4,0.75,2,5,7,1,0,1,0,0,1,2,13,24,25.9,0,0,23.0,1,1,1,1,43,6,11,17,1,7,1,12,14,24,16,16,19,29,43,7,28,1,13,28,11,3,17,8,1,16,1,18:20,1,2017-18
2017-18,1628389,Bam Adebayo,Bam,1610612748,MIA,Miami Heat,0021700909,2018-02-27T00:00:00,MIA vs. PHI,W,6.873333333333333,0,2,0.0,0,0,0.0,1,2,0.5,1,3,4,0,1,0,2,0,0,1,1,-17,10.8,0,0,9.0,1,1,1,1,63,58,56,58,1,7,1,36,25,36,32,34,43,41,18,24,2,1,1,45,61,65,52,8,1,53,1,6:52,1,2017-18
2017-18,1628389,Bam Adebayo,Bam,1610612748,MIA,Miami Heat,0021700922,2018-03-01T00:00:00,MIA vs. LAL,L,29.531666666666666,6,7,0.857,0,0,0.0,3,4,0.75,4,6,10,1,1,0,2,0,1,5,15,5,33.5,1,0,30.0,1,35,35,35,11,3,11,8,1,7,1,12,14,24,5,11,6,29,18,24,2,1,13,8,4,22,6,1,1,5,1,29:32,1,2017-18
2017-18,1628389,Bam Adebayo,Bam,1610612748,MIA,Miami Heat,0021700952,2018-03-05T00:00:00,MIA vs. PHX,W,4.633333333333334,0,0,0.0,0,0,0.0,2,2,1.0,0,1,1,0,0,0,0,0,0,1,2,-6,3.2,0,0,3.0,1,1,1,1,65,58,65,58,1,7,1,21,25,1,54,57,62,41,43,24,28,1,1,45,56,45,63,8,1,63,1,4:38,1,2017-18
2017-18,1628389,Bam Adebayo,Bam,1610612748,MIA,Miami Heat,0021700959,2018-03-06T00:00:00,MIA @ WAS,L,3.783333333333333,0,1,0.0,0,0,0.0,0,0,0.0,0,2,2,0,0,0,0,0,0,0,0,-1,2.4,0,0,2.0,1,35,35,35,67,58,61,58,1,7,1,48,51,48,54,48,56,41,43,24,28,1,1,62,64,31,65,8,1,65,1,3:47,1,2017-18
2017-18,1628389,Bam Adebayo,Bam,1610612748,MIA,Miami Heat,0021700973,2018-03-08T00:00:00,MIA vs. PHI,W,13.583333333333334,1,5,0.2,0,1,0.0,0,0,0.0,1,3,4,0,0,0,0,0,2,1,2,9,6.8,0,0,6.0,1,1,1,1,53,48,28,55,1,2,1,48,51,48,32,34,43,41,43,24,28,1,30,45,56,15,58,8,1,58,1,13:35,1,2017-18
2017-18,1628389,Bam Adebayo,Bam,1610612748,MIA,Miami Heat,0021700988,2018-03-10T00:00:00,MIA vs. WAS,W,17.7,3,5,0.6,0,0,0.0,0,2,0.0,2,6,8,1,2,0,0,0,4,1,6,19,15.1,0,0,15.0,1,1,1,1,47,18,28,22,1,7,1,48,25,48,16,11,13,29,8,24,28,1,58,45,30,6,41,8,1,33,1,17:42,1,2017-18
2017-18,1628389,Bam Adebayo,Bam,1610612748,MIA,Miami Heat,0021701004,2018-03-12T00:00:00,MIA @ POR,L,24.666666666666668,1,10,0.1,0,0,0.0,2,2,1.0,4,5,9,3,3,1,1,3,4,3,4,-8,22.3,0,0,20.0,1,35,35,35,22,48,3,57,1,7,1,21,25,1,5,16,11,10,1,7,12,67,58,17,44,50,21,8,1,23,1,24:40,1,2017-18
2017-18,1628389,Bam Adebayo,Bam,1610612748,MIA,Miami Heat,0021701018,2018-03-14T00:00:00,MIA @ SAC,L,27.31833333333333,2,9,0.222,0,0,0.0,2,2,1.0,4,12,16,3,0,0,0,3,3,3,6,-9,29.7,0,0,25.0,1,35,35,35,16,34,5,54,1,7,1,21,25,1,5,1,1,10,43,24,28,67,43,17,30,52,11,8,1,11,1,27:19,1,2017-18
2017-18,1628389,Bam Adebayo,Bam,1610612748,MIA,Miami Heat,0021701034,2018-03-16T00:00:00,MIA @ LAL,W,34.733333333333334,5,10,0.5,0,0,0.0,1,3,0.333,5,3,8,2,0,0,0,0,3,2,11,0,23.6,0,0,21.0,1,1,1,1,2,6,3,31,1,7,1,36,23,46,2,34,13,17,43,24,28,1,43,28,14,26,19,8,1,19,1,34:44,1,2017-18
2017-18,1628389,Bam Adebayo,Bam,1610612748,MIA,Miami Heat,0021701054,2018-03-19T00:00:00,MIA vs. DEN,W,27.011666666666667,3,9,0.333,0,0,0.0,1,6,0.167,4,4,8,3,2,0,0,1,2,3,7,-17,19.1,0,0,18.0,1,1,1,1,17,18,5,46,1,7,1,36,7,47,5,21,13,10,8,24,28,48,30,17,26,65,28,8,1,24,1,27:01,1,2017-18
2017-18,1628389,Bam Adebayo,Bam,1610612748,MIA,Miami Heat,0021701068,2018-03-21T00:00:00,MIA vs. NYK,W,13.283333333333333,3,4,0.75,0,0,0.0,0,0,0.0,1,1,2,0,1,0,0,0,2,1,6,-8,7.4,0,0,8.0,1,1,1,1,55,18,39,12,1,7,1,48,51,48,32,57,56,41,18,24,28,1,30,45,30,50,56,8,1,55,1,13:17,1,2017-18
2017-18,1628389,Bam Adebayo,Bam,1610612748,MIA,Miami Heat,0021701084,2018-03-23T00:00:00,MIA @ OKC,L,20.766666666666666,0,5,0.0,0,0,0.0,0,0,0.0,2,5,7,1,1,0,0,0,1,2,0,-6,8.9,0,0,8.0,1,35,35,35,29,58,28,58,1,7,1,48,51,48,16,16,19,29,18,24,28,1,13,28,64,45,54,8,1,55,1,20:46,1,2017-18
2017-18,1628389,Bam Adebayo,Bam,1610612748,MIA,Miami Heat,0021701096,2018-03-25T00:00:00,MIA @ IND,L,20.918333333333333,5,7,0.714,0,0,0.0,4,4,1.0,2,3,5,0,3,0,1,1,5,6,14,-2,20.0,0,0,21.0,1,35,35,35,28,6,11,17,1,7,1,9,14,1,16,34,27,41,1,24,12,48,68,4,8,34,24,8,1,19,1,20:55,1,2017-18
2017-18,1628389,Bam Adebayo,Bam,1610612748,MIA,Miami Heat,0021701125,2018-03-29T00:00:00,MIA vs. CHI,W,11.533333333333333,1,2,0.5,0,0,0.0,1,2,0.5,0,0,0,0,0,0,0,0,1,3,3,10,3.0,0,0,3.0,1,1,1,1,59,48,56,31,1,7,1,36,25,36,54,66,66,41,43,24,28,1,13,17,53,10,64,8,1,63,1,11:32,1,2017-18
2017-18,1628389,Bam Adebayo,Bam,1610612748,MIA,Miami Heat,0021701172,2018-04-04T00:00:00,MIA @ ATL,W,19.766666666666666,1,6,0.167,0,0,0.0,2,2,1.0,2,8,10,2,3,3,1,3,1,1,4,26,28.0,0,0,24.0,1,1,1,1,34,48,18,56,1,7,1,21,25,1,16,5,6,17,1,2,12,67,13,45,44,2,12,8,1,13,1,19:46,1,2017-18
2017-18,1628389,Bam Adebayo,Bam,1610612748,MIA,Miami Heat,0021701186,2018-04-06T00:00:00,MIA @ NYK,L,12.383333333333333,2,4,0.5,0,0,0.0,0,0,0.0,1,3,4,0,2,0,0,0,1,0,4,-2,6.8,0,0,8.0,1,35,35,35,58,34,39,31,1,7,1,48,51,48,32,34,43,41,8,24,28,1,13,62,44,34,58,8,1,55,1,12:23,1,2017-18
2017-18,1628389,Bam Adebayo,Bam,1610612748,MIA,Miami Heat,0021701206,2018-04-09T00:00:00,MIA vs. OKC,L,13.341666666666667,1,3,0.333,0,0,0.0,4,4,1.0,1,3,4,0,0,0,0,0,1,3,6,0,10.8,0,0,10.0,1,35,35,35,54,48,49,46,1,7,1,9,14,1,32,34,43,41,43,24,28,1,13,17,30,26,52,8,1,52,1,13:21,1,2017-18
2017-18,1628389,Bam Adebayo,Bam,1610612748,MIA,Miami Heat,0021701221,2018-04-11T00:00:00,MIA vs. TOR,W,18.276666666666667,4,4,1.0,0,0,0.0,2,2,1.0,2,2,4,1,0,0,1,0,1,4,10,16,19.3,0,0,17.0,1,1,1,1,44,13,39,1,1,7,1,21,25,1,16,48,43,29,43,24,12,1,13,10,18,7,27,8,1,27,1,18:17,1,2017-18
2018-19,1628389,Bam Adebayo,Bam,1610612748,MIA,Miami Heat,0021800006,2018-10-17T00:00:00,MIA @ ORL,L,21.985,4,9,0.444,0,1,0.0,1,2,0.5,2,6,8,2,1,1,0,0,3,3,9,-6,23.6,0,0,21.0,1,40,40,40,48,19,10,60,4,3,4,46,37,45,31,21,26,31,37,19,42,1,38,24,35,56,39,12,1,39,1,21:59,1,2018-19
2018-19,1628389,Bam Adebayo,Bam,1610612748,MIA,Miami Heat,0021800015,2018-10-18T00:00:00,MIA @ WAS,W,17.13,1,4,0.25,0,0,0.0,2,4,0.5,3,6,9,0,3,0,0,1,2,3,4,4,11.8,0,0,13.0,1,1,1,1,66,65,57,75,4,14,4,27,14,45,13,21,18,68,8,51,42,57,24,24,65,26,73,12,1,67,1,17:08,1,2018-19
2018-19,1628389,Bam Adebayo,Bam,1610612748,MIA,Miami Heat,0021800030,2018-10-20T00:00:00,MIA vs. CHA,L,15.478333333333333,3,6,0.5,0,0,0.0,6,6,1.0,2,4,6,0,1,0,2,2,3,3,12,-6,24.2,0,0,22.0,1,40,40,40,74,39,31,44,4,14,4,4,7,1,31,46,44,68,37,51,3,78,38,24,16,56,36,12,1,35,1,15:29,1,2018-19
2018-19,1628389,Bam Adebayo,Bam,1610612748,MIA,Miami Heat,0021800054,2018-10-24T00:00:00,MIA vs. NYK,W,21.1,1,3,0.333,0,1,0.0,2,4,0.5,1,3,4,3,1,1,0,1,3,3,4,-7,15.3,0,0,13.0,1,1,1,1,50,65,68,70,4,3,4,27,14,45,52,59,65,20,37,19,42,57,38,24,65,63,67,12,1,67,1,21:06,1,2018-19
2018-19,1628389,Bam Adebayo,Bam,1610612748,MIA,Miami Heat,0021800079,2018-10-27T00:00:00,MIA vs. POR,W,13.583333333333334,3,6,0.5,0,0,0.0,1,1,1.0,4,2,6,0,2,0,0,1,2,2,7,5,12.2,0,0,13.0,1,1,1,1,78,39,31,44,4,14,4,46,58,1,3,72,44,68,15,51,42,57,24,42,55,24,71,12,1,67,1,13:35,1,2018-19
2018-19,1628389,Bam Adebayo,Bam,1610612748,MIA,Miami Heat,0021800089,2018-10-29T00:00:00,MIA vs. SAC,L,18.983333333333334,2,4,0.5,0,0,0.0,4,6,0.667,1,7,8,0,2,1,0,0,0,5,8,-6,18.6,0,0,18.0,1,40,40,40,56,58,57,44,4,14,4,9,7,34,52,13,26,68,15,19,42,1,1,8,41,56,58,12,1,50,1,18:59,1,2018-19
2018-19,1628389,Bam Adebayo,Bam,1610612748,MIA,Miami Heat,0021800096,2018-10-30T00:00:00,MIA @ CHA,L,15.483333333333333,4,5,0.8,0,0,0.0,0,0,0.0,2,4,6,2,0,0,0,0,3,1,8,0,18.2,0,0,16.0,1,40,40,40,73,19,46,11,4,14,4,60,62,60,31,46,44,31,63,51,42,1,38,64,41,40,59,12,1,58,1,15:29,1,2018-19
2018-19,1628389,Bam Adebayo,Bam,1610612748,MIA,Miami Heat,0021800128,2018-11-03T00:00:00,MIA @ ATL,L,30.611666666666668,1,2,0.5,0,0,0.0,0,0,0.0,3,4,7,2,2,1,2,0,4,0,2,11,20.4,0,0,17.0,1,40,40,40,11,65,75,44,4,14,4,60,62,60,13,46,34,31,15,19,3,1,64,75,76,13,50,12,1,56,1,30:37,1,2018-19
2018-19,1628389,Bam Adebayo,Bam,1610612748,MIA,Miami Heat,0021800140,2018-11-05T00:00:00,MIA @ DET,W,29.006666666666668,4,5,0.8,0,0,0.0,3,4,0.75,3,5,8,1,0,3,1,0,3,4,11,0,34.1,0,0,28.0,1,1,1,1,19,19,46,11,4,14,4,16,14,27,13,36,26,51,63,2,22,1,38,14,23,40,16,12,1,20,1,29:00,1,2018-19
2018-19,1628389,Bam Adebayo,Bam,1610612748,MIA,Miami Heat,0021800156,2018-11-07T00:00:00,MIA vs. SAS,W,12.466666666666667,0,1,0.0,0,0,0.0,2,2,1.0,1,2,3,1,0,0,1,0,3,1,2,8,10.1,0,0,8.0,1,1,1,1,80,81,81,81,4,14,4,27,37,1,52,72,74,51,63,51,22,1,38,64,76,20,77,12,1,79,1,12:28,1,2018-19
2018-19,1628389,Bam Adebayo,Bam,1610612748,MIA,Miami Heat,0021800170,2018-11-09T00:00:00,MIA vs. IND,L,7.076666666666667,1,1,1.0,0,0,0.0,1,1,1.0,0,1,1,0,1,0,0,0,2,1,3,2,3.2,0,0,4.0,1,40,40,40,82,65,81,1,4,14,4,46,58,1,71,78,81,68,37,51,42,1,24,64,71,30,82,12,1,82,1,7:05,1,2018-19
2018-19,1628389,Bam Adebayo,Bam,1610612748,MIA,Miami Heat,0021800177,2018-11-10T00:00:00,MIA vs. WAS,L,13.33,3,4,0.75,0,0,0.0,2,3,0.667,2,3,5,0,0,0,0,1,4,2,8,6,14.0,0,0,13.0,1,40,40,40,79,39,57,17,4,14,4,27,29,34,31,59,58,68,63,51,42,57,64,42,41,22,68,12,1,67,1,13:20,1,2018-19
2018-19,1628389,Bam Adebayo,Bam,1610612748,MIA,Miami Heat,0021800191,2018-11-12T00:00:00,MIA vs. PHI,L,19.35,3,6,0.5,0,0,0.0,2,4,0.5,1,3,4,2,2,0,1,0,3,2,8,1,16.8,0,0,16.0,1,40,40,40,54,39,31,44,4,14,4,27,14,45,52,59,65,31,15,51,22,1,38,42,41,33,64,12,1,58,1,19:21,1,2018-19
2018-19,1628389,Bam Adebayo,Bam,1610612748,MIA,Miami Heat,0021800205,2018-11-14T00:00:00,MIA @ BKN,W,10.06,6,6,1.0,0,0,0.0,0,0,0.0,0,3,3,1,0,0,1,0,5,0,12,3,20.1,0,0,18.0,1,1,1,1,81,8,31,1,4,14,4,60,62,60,71,59,74,51,63,51,22,1,77,75,16,28,52,12,1,50,1,10:04,1,2018-19
2018-19,1628389,Bam Adebayo,Bam,1610612748,MIA,Miami Heat,0021800217,2018-11-16T00:00:00,MIA @ IND,L,19.208333333333332,3,7,0.429,0,0,0.0,2,3,0.667,0,6,6,3,1,2,2,0,1,4,8,-11,30.7,0,0,25.0,1,40,40,40,55,39,22,63,4,14,4,27,29,34,71,21,44,20,37,3,3,1,9,14,41,72,26,12,1,28,1,19:13,1,2018-19
2018-19,1628389,Bam Adebayo,Bam,1610612748,MIA,Miami Heat,0021800235,2018-11-18T00:00:00,MIA vs. LAL,L,16.658333333333335,1,4,0.25,0,0,0.0,1,2,0.5,2,6,8,3,2,0,1,0,0,2,3,-3,18.1,0,0,16.0,1,40,40,40,70,65,57,75,4,14,4,46,37,45,31,21,26,20,15,51,22,1,1,42,71,49,61,12,1,58,1,16:40,1,2018-19
2018-19,1628389,Bam Adebayo,Bam,1610612748,MIA,Miami Heat,0021800250,2018-11-20T00:00:00,MIA vs. BKN,L,16.203333333333333,3,6,0.5,0,0,0.0,0,0,0.0,2,6,8,0,1,1,1,0,2,1,6,-2,20.6,0,0,18.0,1,40,40,40,71,39,31,44,4,14,4,60,62,60,31,21,26,68,37,19,22,1,24,64,57,46,49,12,1,50,1,16:12,1,2018-19
2018-19,1628389,Bam Adebayo,Bam,1610612748,MIA,Miami Heat,0021800273,2018-11-23T00:00:00,MIA @ CHI,W,26.35,3,8,0.375,0,0,0.0,8,10,0.8,5,8,13,2,2,0,1,2,4,6,14,1,33.6,1,0,31.0,1,1,1,1,31,39,17,68,4,14,4,2,3,26,1,10,6,31,15,51,22,78,64,4,10,33,19,1,1,12,1,26:21,1,2018-19
2018-19,1628389,Bam Adebayo,Bam,1610612748,MIA,Miami Heat,0021800290,2018-11-25T00:00:00,MIA @ TOR,L,36.49333333333333,4,10,0.4,0,1,0.0,8,12,0.667,4,17,21,1,1,1,2,1,0,7,16,1,50.7,1,0,44.0,1,40,40,40,2,19,6,66,4,3,4,2,1,34,3,1,1,51,37,19,3,57,1,3,7,33,1,1,1,1,1,36:30,1,2018-19
2018-19,1628389,Bam Adebayo,Bam,1610612748,MIA,Miami Heat,0021800302,2018-11-27T00:00:00,MIA vs. ATL,L,13.773333333333333,4,4,1.0,0,0,0.0,4,6,0.667,3,1,4,1,3,2,0,0,5,4,12,-8,21.3,0,0,21.0,1,40,40,40,77,19,57,1,4,14,4,9,7,34,13,78,65,51,8,3,42,1,77,14,16,65,46,12,1,39,1,13:46,1,2018-19
2018-19,1628389,Bam Adebayo,Bam,1610612748,MIA,Miami Heat,0021800324,2018-11-30T00:00:00,MIA vs. NOP,W,27.833333333333332,4,5,0.8,0,0,0.0,0,0,0.0,4,7,11,3,1,0,1,1,2,0,8,13,27.7,0,0,24.0,1,1,1,1,23,19,46,11,4,14,4,60,62,60,3,13,9,20,37,51,22,57,24,75,41,11,30,12,1,30,1,27:50,1,2018-19
2018-19,1628389,Bam Adebayo,Bam,1610612748,MIA,Miami Heat,0021800339,2018-12-02T00:00:00,MIA vs. UTA,W,14.02,1,2,0.5,0,0,0.0,0,0,0.0,1,1,2,1,0,1,1,0,1,0,2,10,11.9,0,0,9.0,1,1,1,1,75,65,75,44,4,14,4,60,62,60,52,78,79,51,63,19,22,1,9,75,76,15,72,12,1,76,1,14:01,1,2018-19
2018-19,1628389,Bam Adebayo,Bam,1610612748,MIA,Miami Heat,0021800351,2018-12-04T00:00:00,MIA vs. ORL,L,23.15,3,7,0.429,0,0,0.0,0,0,0.0,3,4,7,1,2,1,3,0,1,1,6,-6,25.9,0,0,22.0,1,40,40,40,45,39,22,63,4,14,4,60,62,60,13,46,34,51,15,19,2,1,9,64,57,56,34,12,1,35,1,23:09,1,2018-19
2018-19,1628389,Bam Adebayo,Bam,1610612748,MIA,Miami Heat,0021800376,2018-12-07T00:00:00,MIA @ PHX,W,32.06666666666667,6,9,0.667,0,0,0.0,10,11,0.909,3,7,10,2,0,1,1,0,1,9,22,20,43.0,1,0,38.0,1,1,1,1,6,8,10,26,4,14,4,1,2,23,13,13,14,31,63,19,22,1,9,1,1,4,5,1,1,4,1,32:04,1,2018-19
2018-19,1628389,Bam Adebayo,Bam,1610612748,MIA,Miami Heat,0021800386,2018-12-08T00:00:00,MIA @ LAC,W,29.316666666666666,7,10,0.7,0,0,0.0,0,0,0.0,2,6,8,4,0,1,1,0,4,2,14,25,35.6,0,0,30.0,1,1,1,1,17,5,6,24,4,14,4,60,62,60,31,21,26,15,63,19,22,1,64,42,10,1,11,12,1,13,1,29:19,1,2018-19
2018-19,1628389,Bam Adebayo,Bam,1610612748,MIA,Miami Heat,0021800401,2018-12-10T00:00:00,MIA @ LAL,L,28.703333333333333,6,11,0.545,0,0,0.0,0,2,0.0,4,6,10,5,4,2,2,1,2,2,12,-10,39.5,1,0,35.0,1,40,40,40,21,8,2,42,4,14,4,60,37,60,3,21,14,3,3,3,3,57,24,42,16,67,8,1,1,6,1,28:42,1,2018-19
2018-19,1628389,Bam Adebayo,Bam,1610612748,MIA,Miami Heat,0021800413,2018-12-12T00:00:00,MIA @ UTA,L,27.416666666666668,1,5,0.2,0,0,0.0,1,2,0.5,0,5,5,3,1,1,2,1,3,3,3,-14,21.5,0,0,17.0,1,40,40,40,26,65,46,78,4,14,4,46,37,45,71,36,58,20,37,19,3,57,38,24,71,79,44,12,1,56,1,27:25,1,2018-19
2018-19,1628389,Bam Adebayo,Bam,1610612748,MIA,Miami Heat,0021800425,2018-12-14T00:00:00,MIA @ MEM,W,26.02166666666667,2,2,1.0,0,0,0.0,0,0,0.0,3,6,9,5,2,0,2,0,1,0,4,5,26.3,0,0,22.0,1,1,1,1,33,58,75,1,4,14,4,60,62,60,13,21,18,3,15,51,3,1,9,75,65,24,33,12,1,35,1,26:01,1,2018-19
2018-19,1628389,Bam Adebayo,Bam,1610612748,MIA,Miami Heat,0021800441,2018-12-16T00:00:00,MIA @ NOP,W,25.348333333333333,1,2,0.5,1,1,1.0,2,2,1.0,2,6,8,5,4,0,1,0,5,3,5,1,21.1,0,0,21.0,1,1,1,1,37,65,75,44,1,3,1,27,37,1,31,21,26,3,3,51,22,1,77,24,61,33,47,12,1,39,1,25:21,1,2018-19
2018-19,1628389,Bam Adebayo,Bam,1610612748,MIA,Miami Heat,0021800467,2018-12-20T00:00:00,MIA vs. HOU,W,23.866666666666667,1,5,0.2,0,0,0.0,1,2,0.5,2,7,9,4,1,0,0,1,3,2,3,3,18.8,0,0,16.0,1,1,1,1,43,65,46,78,4,14,4,46,37,45,31,13,18,15,37,51,42,57,38,42,71,28,54,12,1,58,1,23:52,1,2018-19
2018-19,1628389,Bam Adebayo,Bam,1610612748,MIA,Miami Heat,0021800482,2018-12-22T00:00:00,MIA vs. MIL,W,17.983333333333334,2,5,0.4,0,0,0.0,0,0,0.0,2,2,4,1,0,1,0,1,4,0,4,-1,13.3,0,0,11.0,1,1,1,1,62,58,46,66,4,14,4,60,62,60,31,72,65,51,63,19,42,57,64,75,65,45,69,12,1,71,1,17:59,1,2018-19
2018-19,1628389,Bam Adebayo,Bam,1610612748,MIA,Miami Heat,0021800491,2018-12-23T00:00:00,MIA @ ORL,W,20.183333333333334,1,6,0.167,0,1,0.0,1,2,0.5,3,3,6,5,2,1,0,1,4,1,3,-3,18.7,0,0,16.0,1,1,1,1,51,65,31,80,4,3,4,46,37,45,13,59,44,3,15,19,42,57,64,64,71,49,55,12,1,58,1,20:11,1,2018-19
2018-19,1628389,Bam Adebayo,Bam,1610612748,MIA,Miami Heat,0021800506,2018-12-26T00:00:00,MIA vs. TOR,L,17.283333333333335,1,3,0.333,0,0,0.0,0,0,0.0,0,3,3,0,0,0,0,0,3,2,2,-24,5.6,0,0,5.0,1,40,40,40,65,65,68,70,4,14,4,60,62,60,71,59,74,68,63,51,42,1,38,42,76,81,81,12,1,81,1,17:17,1,2018-19
2018-19,1628389,Bam Adebayo,Bam,1610612748,MIA,Miami Heat,0021800521,2018-12-28T00:00:00,MIA vs. CLE,W,30.15,8,8,1.0,0,0,0.0,2,2,1.0,4,5,9,5,1,0,0,0,4,2,18,15,35.3,0,0,32.0,1,1,1,1,13,1,17,1,4,14,4,27,37,1,3,36,18,3,37,51,42,1,64,42,5,9,13,12,1,10,1,30:09,1,2018-19
2018-19,1628389,Bam Adebayo,Bam,1610612748,MIA,Miami Heat,0021800537,2018-12-30T00:00:00,MIA vs. MIN,L,17.905,1,3,0.333,0,0,0.0,2,2,1.0,2,2,4,0,2,0,0,2,4,3,4,-12,6.8,0,0,8.0,1,40,40,40,64,65,68,70,4,14,4,27,37,1,31,72,65,68,15,51,42,78,64,24,65,74,80,12,1,79,1,17:54,1,2018-19
2018-19,1628389,Bam Adebayo,Bam,1610612748,MIA,Miami Heat,0021800555,2019-01-02T00:00:00,MIA @ CLE,W,24.566666666666666,4,5,0.8,0,1,0.0,0,0,0.0,0,5,5,5,3,1,0,0,3,2,8,15,21.5,0,0,20.0,1,1,1,1,41,19,46,11,4,3,4,60,62,60,71,36,58,3,8,19,42,1,38,42,41,9,44,12,1,45,1,24:34,1,2018-19
2018-19,1628389,Bam Adebayo,Bam,1610612748,MIA,Miami Heat,0021800568,2019-01-04T00:00:00,MIA vs. WAS,W,18.466666666666665,4,7,0.571,0,0,0.0,3,4,0.75,3,4,7,5,1,1,1,0,3,5,11,1,31.9,0,0,27.0,1,1,1,1,59,19,22,36,4,14,4,16,14,27,13,46,34,3,37,19,22,1,38,8,23,33,24,12,1,26,1,18:28,1,2018-19
2018-19,1628389,Bam Adebayo,Bam,1610612748,MIA,Miami Heat,0021800587,2019-01-06T00:00:00,MIA @ ATL,L,26.883333333333333,5,9,0.556,0,0,0.0,2,2,1.0,4,2,6,2,1,2,2,0,3,3,12,1,33.2,0,0,28.0,1,40,40,40,28,13,10,39,4,14,4,27,37,1,3,72,44,31,37,3,3,1,38,24,16,33,20,12,1,20,1,26:53,1,2018-19
2018-19,1628389,Bam Adebayo,Bam,1610612748,MIA,Miami Heat,0021800601,2019-01-08T00:00:00,MIA vs. DEN,L,24.143333333333334,6,7,0.857,0,0,0.0,1,2,0.5,1,3,4,1,0,1,0,0,0,3,13,4,22.3,0,0,20.0,1,40,40,40,42,8,22,9,4,14,4,46,37,45,52,59,65,51,63,19,42,1,1,24,13,26,43,12,1,45,1,24:09,1,2018-19
2018-19,1628389,Bam Adebayo,Bam,1610612748,MIA,Miami Heat,0021800617,2019-01-10T00:00:00,MIA vs. BOS,W,26.683333333333334,3,5,0.6,0,0,0.0,2,2,1.0,1,6,7,5,0,2,2,1,1,2,8,9,35.9,0,0,28.0,1,1,1,1,29,39,46,34,4,14,4,27,37,1,52,21,34,3,63,3,3,57,9,42,41,17,10,12,1,20,1,26:41,1,2018-19
2018-19,1628389,Bam Adebayo,Bam,1610612748,MIA,Miami Heat,0021800631,2019-01-12T00:00:00,MIA vs. MEM,W,37.96666666666667,3,6,0.5,0,0,0.0,5,7,0.714,4,6,10,2,3,2,1,0,1,5,11,18,32.0,1,0,29.0,1,1,1,1,1,39,31,44,4,14,4,6,5,33,3,21,14,31,8,3,22,1,9,8,23,5,23,1,1,18,1,37:58,1,2018-19
2018-19,1628389,Bam Adebayo,Bam,1610612748,MIA,Miami Heat,0021800654,2019-01-15T00:00:00,MIA @ MIL,L,23.333333333333332,0,6,0.0,0,2,0.0,2,2,1.0,2,3,5,2,2,0,0,0,2,2,2,-32,9.0,0,0,9.0,1,40,40,40,44,81,31,81,4,1,4,27,37,1,31,59,58,31,15,51,42,1,24,42,76,82,78,12,1,76,1,23:20,1,2018-19
2018-19,1628389,Bam Adebayo,Bam,1610612748,MIA,Miami Heat,0021800672,2019-01-18T00:00:00,MIA @ DET,L,26.416666666666668,4,4,1.0,0,0,0.0,1,1,1.0,1,5,6,1,2,0,1,0,2,2,9,-4,18.7,0,0,18.0,1,40,40,40,30,19,57,1,4,14,4,46,58,1,52,36,44,51,15,51,22,1,24,42,35,52,55,12,1,50,1,26:25,1,2018-19
2018-19,1628389,Bam Adebayo,Bam,1610612748,MIA,Miami Heat,0021800685,2019-01-19T00:00:00,MIA @ CHI,W,22.683333333333334,2,3,0.667,0,0,0.0,1,2,0.5,0,1,1,3,2,1,2,0,1,3,5,1,17.7,0,0,15.0,1,1,1,1,46,58,68,26,4,14,4,46,37,45,71,78,81,20,15,19,3,1,9,24,61,33,62,12,1,64,1,22:41,1,2018-19
2018-19,1628389,Bam Adebayo,Bam,1610612748,MIA,Miami Heat,0021800698,2019-01-21T00:00:00,MIA @ BOS,L,27.7,4,6,0.667,0,0,0.0,5,6,0.833,1,6,7,2,3,1,2,1,3,5,13,0,30.4,0,0,28.0,1,40,40,40,24,19,31,26,4,14,4,6,7,25,52,21,34,31,8,19,3,57,38,8,13,40,27,12,1,20,1,27:42,1,2018-19
2018-19,1628389,Bam Adebayo,Bam,1610612748,MIA,Miami Heat,0021800709,2019-01-23T00:00:00,MIA vs. LAC,L,15.533333333333333,4,5,0.8,0,0,0.0,0,0,0.0,3,4,7,0,1,0,0,1,5,1,8,-5,15.4,0,0,15.0,1,40,40,40,72,19,46,11,4,14,4,60,62,60,13,46,34,68,37,51,42,57,77,64,41,54,66,12,1,64,1,15:32,1,2018-19
2018-19,1628389,Bam Adebayo,Bam,1610612748,MIA,Miami Heat,0021800722,2019-01-25T00:00:00,MIA @ CLE,W,25.633333333333333,2,4,0.5,0,0,0.0,4,6,0.667,3,5,8,1,2,2,0,0,3,5,8,-13,23.1,0,0,21.0,1,1,1,1,35,58,57,44,4,14,4,9,7,34,13,36,26,51,15,3,42,1,38,8,41,76,41,12,1,39,1,25:38,1,2018-19
2018-19,1628389,Bam Adebayo,Bam,1610612748,MIA,Miami Heat,0021800741,2019-01-27T00:00:00,MIA @ NYK,W,18.93,3,7,0.429,0,1,0.0,3,3,1.0,2,4,6,1,1,1,0,0,1,3,9,-15,19.7,0,0,18.0,1,1,1,1,57,39,22,63,4,3,4,16,29,1,31,46,44,51,37,19,42,1,9,24,35,80,53,12,1,50,1,18:56,1,2018-19
2018-19,1628389,Bam Adebayo,Bam,1610612748,MIA,Miami Heat,0021800757,2019-01-30T00:00:00,MIA vs. CHI,L,32.81666666666667,5,7,0.714,0,0,0.0,3,5,0.6,1,6,7,2,4,0,0,0,2,6,13,-4,20.4,0,0,22.0,1,40,40,40,4,13,22,23,4,14,4,16,12,42,52,21,34,31,3,51,42,1,24,4,13,52,50,12,1,35,1,32:49,1,2018-19
2018-19,1628389,Bam Adebayo,Bam,1610612748,MIA,Miami Heat,0021800772,2019-02-01T00:00:00,MIA vs. OKC,L,24.85,4,5,0.8,0,0,0.0,2,3,0.667,2,7,9,2,0,0,0,0,2,6,10,0,23.8,0,0,21.0,1,40,40,40,39,19,46,11,4,14,4,27,29,34,31,13,18,31,63,51,42,1,24,4,28,40,37,12,1,39,1,24:51,1,2018-19
2018-19,1628389,Bam Adebayo,Bam,1610612748,MIA,Miami Heat,0021800781,2019-02-02T00:00:00,MIA vs. IND,L,16.726666666666667,1,2,0.5,0,0,0.0,3,4,0.75,0,4,4,0,1,1,0,0,5,2,5,11,11.8,0,0,11.0,1,40,40,40,69,65,75,44,4,14,4,16,14,27,71,46,65,68,37,19,42,1,77,42,61,13,73,12,1,71,1,16:44,1,2018-19
2018-19,1628389,Bam Adebayo,Bam,1610612748,MIA,Miami Heat,0021800803,2019-02-05T00:00:00,MIA @ POR,W,17.983333333333334,2,3,0.667,0,0,0.0,1,2,0.5,1,3,4,0,0,1,0,0,0,2,5,-6,12.8,0,0,11.0,1,1,1,1,62,58,68,26,4,14,4,46,37,45,52,59,65,68,63,19,42,1,1,42,61,56,70,12,1,71,1,17:59,1,2018-19
2018-19,1628389,Bam Adebayo,Bam,1610612748,MIA,Miami Heat,0021800824,2019-02-08T00:00:00,MIA @ SAC,L,19.711666666666666,1,3,0.333,0,0,0.0,0,3,0.0,2,4,6,1,2,1,0,0,4,3,2,-8,11.7,0,0,11.0,1,40,40,40,53,65,68,70,4,14,4,60,29,60,31,46,44,51,15,19,42,1,64,24,76,65,75,12,1,71,1,19:43,1,2018-19
2018-19,1628389,Bam Adebayo,Bam,1610612748,MIA,Miami Heat,0021800838,2019-02-10T00:00:00,MIA @ GSW,L,25.216666666666665,4,6,0.667,0,0,0.0,0,0,0.0,4,7,11,3,2,1,2,0,4,4,8,-10,32.7,0,0,28.0,1,40,40,40,38,19,31,26,4,14,4,60,62,60,3,13,9,20,15,19,3,1,64,14,41,67,21,12,1,20,1,25:13,1,2018-19
2018-19,1628389,Bam Adebayo,Bam,1610612748,MIA,Miami Heat,0021800847,2019-02-11T00:00:00,MIA @ DEN,L,18.666666666666668,1,4,0.25,0,0,0.0,0,0,0.0,1,4,5,1,1,1,0,1,1,2,2,-6,11.5,0,0,10.0,1,40,40,40,58,65,57,75,4,14,4,60,62,60,52,46,58,51,37,19,42,57,9,42,76,56,76,12,1,75,1,18:40,1,2018-19
2018-19,1628389,Bam Adebayo,Bam,1610612748,MIA,Miami Heat,0021800859,2019-02-13T00:00:00,MIA @ DAL,W,25.966666666666665,3,4,0.75,0,0,0.0,4,4,1.0,3,3,6,3,4,1,0,0,0,2,10,7,20.7,0,0,21.0,1,1,1,1,34,39,57,17,4,14,4,9,14,1,13,59,44,20,3,19,42,1,1,42,28,21,48,12,1,39,1,25:58,1,2018-19
2018-19,1628389,Bam Adebayo,Bam,1610612748,MIA,Miami Heat,0021800868,2019-02-21T00:00:00,MIA @ PHI,L,16.878333333333334,3,4,0.75,0,0,0.0,0,0,0.0,0,2,2,2,0,2,0,0,4,0,6,10,17.4,0,0,14.0,1,40,40,40,68,39,57,17,4,14,4,60,62,60,71,72,79,31,63,3,42,1,64,75,57,15,63,12,1,66,1,16:53,1,2018-19
2018-19,1628389,Bam Adebayo,Bam,1610612748,MIA,Miami Heat,0021800888,2019-02-23T00:00:00,MIA vs. DET,L,14.0,1,2,0.5,0,0,0.0,2,2,1.0,0,3,3,2,2,0,0,0,3,4,4,-10,8.6,0,0,9.0,1,40,40,40,76,65,75,44,4,14,4,27,37,1,71,59,74,31,15,51,42,1,38,14,65,67,79,12,1,76,1,14:00,1,2018-19
2018-19,1628389,Bam Adebayo,Bam,1610612748,MIA,Miami Heat,0021800901,2019-02-25T00:00:00,MIA vs. PHX,L,21.331666666666667,4,7,0.571,0,0,0.0,6,7,0.857,3,6,9,1,0,2,1,1,1,4,14,-3,35.3,0,0,30.0,1,40,40,40,49,19,22,36,4,14,4,4,5,24,13,21,18,51,63,3,22,57,9,14,10,49,13,12,1,13,1,21:20,1,2018-19
2018-19,1628389,Bam Adebayo,Bam,1610612748,MIA,Miami Heat,0021800915,2019-02-27T00:00:00,MIA vs. GSW,W,31.881666666666668,3,5,0.6,0,0,0.0,5,9,0.556,0,10,10,4,1,0,2,0,3,8,11,-6,34.0,1,0,29.0,1,1,1,1,7,39,46,34,4,14,4,6,4,44,71,5,14,15,37,51,3,1,38,2,23,56,17,1,1,18,1,31:53,1,2018-19
2018-19,1628389,Bam Adebayo,Bam,1610612748,MIA,Miami Heat,0021800925,2019-02-28T00:00:00,MIA @ HOU,L,29.091666666666665,3,6,0.5,0,0,0.0,4,4,1.0,2,1,3,5,1,1,2,1,4,3,10,-13,29.1,0,0,24.0,1,40,40,40,18,39,31,44,4,14,4,9,14,1,31,78,74,3,37,19,3,57,64,24,28,76,29,12,1,30,1,29:06,1,2018-19
2018-19,1628389,Bam Adebayo,Bam,1610612748,MIA,Miami Heat,0021800937,2019-03-02T00:00:00,MIA vs. BKN,W,28.2,3,8,0.375,0,0,0.0,3,4,0.75,4,12,16,6,0,0,2,0,3,3,9,23,43.2,0,0,35.0,1,1,1,1,22,39,17,68,4,14,4,16,14,27,3,4,2,2,63,51,3,1,38,24,35,2,4,12,1,6,1,28:12,1,2018-19
2018-19,1628389,Bam Adebayo,Bam,1610612748,MIA,Miami Heat,0021800953,2019-03-04T00:00:00,MIA vs. ATL,W,20.17,3,6,0.5,0,1,0.0,3,3,1.0,1,5,6,3,2,0,0,0,5,4,9,-2,18.7,0,0,18.0,1,1,1,1,52,39,31,44,4,3,4,16,29,1,52,36,44,20,15,51,42,1,77,14,35,46,55,12,1,50,1,20:10,1,2018-19
2018-19,1628389,Bam Adebayo,Bam,1610612748,MIA,Miami Heat,0021800965,2019-03-06T00:00:00,MIA @ CHA,W,25.383333333333333,5,6,0.833,0,0,0.0,0,0,0.0,1,4,5,0,5,2,2,0,2,2,10,2,23.0,0,0,23.0,1,1,1,1,36,13,31,10,4,14,4,60,62,60,52,46,58,68,1,3,3,1,24,42,28,30,42,12,1,33,1,25:23,1,2018-19
2018-19,1628389,Bam Adebayo,Bam,1610612748,MIA,Miami Heat,0021800979,2019-03-08T00:00:00,MIA vs. CLE,W,24.783333333333335,7,8,0.875,0,0,0.0,3,4,0.75,3,4,7,2,1,0,1,0,1,3,17,9,30.4,0,0,28.0,1,1,1,1,40,5,17,8,4,14,4,16,14,27,13,46,34,31,37,51,22,1,9,24,6,17,27,12,1,20,1,24:47,1,2018-19
2018-19,1628389,Bam Adebayo,Bam,1610612748,MIA,Miami Heat,0021800993,2019-03-10T00:00:00,MIA vs. TOR,L,27.466666666666665,8,11,0.727,0,0,0.0,3,3,1.0,3,3,6,5,1,2,0,0,2,2,19,-12,38.7,0,0,34.0,1,40,40,40,25,1,2,21,4,14,4,16,29,1,13,59,44,3,37,3,42,1,24,42,2,74,9,12,1,8,1,27:28,1,2018-19
2018-19,1628389,Bam Adebayo,Bam,1610612748,MIA,Miami Heat,0021801014,2019-03-13T00:00:00,MIA vs. DET,W,16.95,3,3,1.0,0,0,0.0,4,4,1.0,1,4,5,1,1,0,0,0,4,4,10,22,16.5,0,0,16.0,1,1,1,1,67,39,68,1,4,14,4,9,14,1,52,46,58,51,37,51,42,1,64,14,28,3,65,12,1,58,1,16:57,1,2018-19
2018-19,1628389,Bam Adebayo,Bam,1610612748,MIA,Miami Heat,0021801029,2019-03-15T00:00:00,MIA vs. MIL,L,29.35,4,8,0.5,0,0,0.0,2,3,0.667,2,9,11,5,3,1,1,2,3,2,10,-10,33.7,1,0,30.0,1,40,40,40,16,19,17,44,4,14,4,27,29,34,31,9,9,3,8,19,22,78,38,42,28,67,18,1,1,13,2,29:21,1,2018-19
2018-19,1628389,Bam Adebayo,Bam,1610612748,MIA,Miami Heat,0021801045,2019-03-17T00:00:00,MIA vs. CHA,W,30.833333333333332,7,10,0.7,0,0,0.0,2,4,0.5,2,7,9,1,2,2,1,0,3,4,16,18,35.3,0,0,32.0,1,1,1,1,9,5,6,24,4,14,4,27,14,45,31,13,18,51,15,3,22,1,38,14,7,5,13,12,1,10,2,30:50,1,2018-19
2018-19,1628389,Bam Adebayo,Bam,1610612748,MIA,Miami Heat,0021801054,2019-03-18T00:00:00,MIA @ OKC,W,29.683333333333334,4,9,0.444,0,0,0.0,0,0,0.0,2,5,7,4,4,2,1,0,3,0,8,-11,27.4,0,0,25.0,1,1,1,1,14,19,10,60,4,14,4,60,62,60,31,36,34,15,3,3,22,1,38,75,41,72,31,12,1,28,1,29:41,1,2018-19
2018-19,1628389,Bam Adebayo,Bam,1610612748,MIA,Miami Heat,0021801071,2019-03-20T00:00:00,MIA @ SAS,W,28.95,3,4,0.75,0,0,0.0,0,0,0.0,2,13,15,5,2,2,0,1,1,1,6,13,35.5,0,0,30.0,1,1,1,1,20,39,57,17,4,14,4,60,62,60,31,2,4,3,15,3,42,57,9,64,57,11,12,12,1,13,1,28:57,1,2018-19
2018-19,1628389,Bam Adebayo,Bam,1610612748,MIA,Miami Heat,0021801085,2019-03-22T00:00:00,MIA @ MIL,L,18.163333333333334,5,10,0.5,0,0,0.0,2,4,0.5,2,5,7,2,0,1,0,2,1,6,12,0,26.4,0,0,23.0,1,40,40,40,61,13,6,44,4,14,4,27,14,45,31,36,34,31,63,19,42,78,9,4,16,40,32,12,1,33,1,18:10,1,2018-19
2018-19,1628389,Bam Adebayo,Bam,1610612748,MIA,Miami Heat,0021801089,2019-03-23T00:00:00,MIA @ WAS,W,35.07666666666667,6,11,0.545,0,1,0.0,4,4,1.0,1,10,11,8,5,0,4,0,1,3,16,16,48.2,1,0,43.0,1,1,1,1,3,8,2,42,4,3,4,9,14,1,52,5,9,1,1,51,1,1,9,24,7,7,2,1,1,2,1,35:05,1,2018-19
2018-19,1628389,Bam Adebayo,Bam,1610612748,MIA,Miami Heat,0021801109,2019-03-26T00:00:00,MIA vs. ORL,L,30.338333333333335,4,9,0.444,0,0,0.0,1,2,0.5,3,8,11,3,1,2,0,1,3,2,9,2,31.7,0,0,27.0,1,40,40,40,12,19,10,60,4,14,4,46,37,45,13,10,9,20,37,3,42,57,38,42,35,30,25,12,1,26,1,30:20,1,2018-19
2018-19,1628389,Bam Adebayo,Bam,1610612748,MIA,Miami Heat,0021801124,2019-03-28T00:00:00,MIA vs. DAL,W,29.383333333333333,5,9,0.556,0,0,0.0,1,2,0.5,3,13,16,3,2,0,0,1,2,1,11,9,32.7,1,0,30.0,1,1,1,1,15,13,10,39,4,14,4,46,37,45,13,2,2,20,15,51,42,57,24,64,23,17,21,1,1,13,1,29:23,1,2018-19
2018-19,1628389,Bam Adebayo,Bam,1610612748,MIA,Miami Heat,0021801141,2019-03-30T00:00:00,MIA @ NYK,W,27.331666666666667,4,6,0.667,0,0,0.0,0,0,0.0,1,5,6,2,1,2,0,0,2,1,8,6,23.2,0,0,20.0,1,1,1,1,27,19,31,26,4,14,4,60,62,60,52,36,44,31,37,3,42,1,24,64,41,22,40,12,1,45,1,27:20,1,2018-19
2018-19,1628389,Bam Adebayo,Bam,1610612748,MIA,Miami Heat,0021801153,2019-04-01T00:00:00,MIA @ BOS,L,30.658333333333335,8,12,0.667,1,1,1.0,2,2,1.0,4,10,14,2,0,0,2,0,3,2,19,-2,44.8,1,0,40.0,1,40,40,40,10,1,1,26,1,3,1,27,37,1,3,5,5,31,63,51,3,1,38,42,2,46,3,1,1,3,1,30:40,1,2018-19
2018-19,1628389,Bam Adebayo,Bam,1610612748,MIA,Miami Heat,0021801170,2019-04-03T00:00:00,MIA vs. BOS,L,26.166666666666668,5,9,0.556,0,1,0.0,2,2,1.0,5,7,12,4,1,1,2,1,3,3,12,-5,40.4,1,0,34.0,1,40,40,40,32,13,10,39,4,3,4,27,37,1,1,13,8,15,37,19,3,57,38,24,16,54,7,1,1,8,1,26:10,1,2018-19
2018-19,1628389,Bam Adebayo,Bam,1610612748,MIA,Miami Heat,0021801185,2019-04-05T00:00:00,MIA @ MIN,L,32.126666666666665,4,6,0.667,0,0,0.0,0,0,0.0,1,3,4,0,1,4,0,0,3,3,8,-7,23.8,0,0,20.0,1,40,40,40,5,19,31,26,4,14,4,60,62,60,52,59,65,68,37,1,42,1,38,24,41,63,37,12,1,45,1,32:08,1,2018-19
2018-19,1628389,Bam Adebayo,Bam,1610612748,MIA,Miami Heat,0021801195,2019-04-07T00:00:00,MIA @ TOR,L,31.16,2,7,0.286,0,0,0.0,3,4,0.75,3,10,13,2,3,1,0,0,3,5,7,-13,25.6,0,0,24.0,1,40,40,40,8,58,22,74,4,14,4,16,14,27,13,5,6,31,8,19,42,1,38,8,55,76,35,12,1,30,1,31:10,1,2018-19
2018-19,1628389,Bam Adebayo,Bam,1610612748,MIA,Miami Heat,0021801212,2019-04-09T00:00:00,MIA vs. PHI,W,22.466666666666665,8,11,0.727,0,0,0.0,3,5,0.6,1,8,9,2,0,1,2,0,0,4,19,16,41.8,0,0,36.0,1,1,1,1,47,1,2,21,4,14,4,16,12,42,52,10,18,31,63,19,3,1,1,14,2,7,6,12,1,5,1,22:28,1,2018-19
2018-19,1628389,Bam Adebayo,Bam,1610612748,MIA,Miami Heat,0021801221,2019-04-10T00:00:00,MIA @ BKN,L,18.316666666666666,4,7,0.571,1,2,0.5,1,1,1.0,0,6,6,0,2,1,0,0,0,1,10,-10,18.2,0,0,19.0,1,40,40,40,60,19,22,36,1,1,3,46,58,1,71,21,44,68,15,19,42,1,1,64,28,67,59,12,1,49,1,18:19,1,2018-19
2019-20,1628389,Bam Adebayo,Bam,1610612748,MIA,Miami Heat,0021900007,2019-10-23T00:00:00,MIA vs. MEM,W,24.05,3,7,0.429,0,0,0.0,8,10,0.8,4,7,11,3,5,1,0,1,3,7,14,10,29.7,1,0,30.0,1,1,1,1,69,64,64,55,3,15,3,7,6,19,7,38,27,53,4,24,54,31,37,9,44,25,59,1,4,57,1,24:03,1,2019-20
2019-20,1628389,Bam Adebayo,Bam,1610612748,MIA,Miami Heat,0021900026,2019-10-26T00:00:00,MIA @ MIL,W,38.46666666666667,5,9,0.556,0,1,0.0,9,12,0.75,2,11,13,8,3,0,1,2,2,8,19,-2,46.6,1,0,42.0,1,1,1,1,10,42,46,42,3,1,3,4,3,27,33,9,13,10,29,44,25,60,18,5,21,45,22,1,4,17,1,38:28,1,2019-20
2019-20,1628389,Bam Adebayo,Bam,1610612748,MIA,Miami Heat,0021900039,2019-10-27T00:00:00,MIA @ MIN,L,31.6,6,10,0.6,0,1,0.0,1,5,0.2,2,7,9,5,3,2,3,0,3,3,13,-7,43.3,0,0,37.0,1,45,45,45,54,30,36,28,3,1,3,57,32,65,33,38,43,30,29,13,4,1,37,46,51,55,34,41,4,36,1,31:36,1,2019-20
2019-20,1628389,Bam Adebayo,Bam,1610612748,MIA,Miami Heat,0021900052,2019-10-29T00:00:00,MIA vs. ATL,W,32.72666666666667,4,7,0.571,0,0,0.0,9,10,0.9,2,8,10,3,2,2,3,1,4,6,17,27,46.5,1,0,40.0,1,1,1,1,48,56,64,38,3,15,3,4,6,14,33,29,37,53,40,13,4,31,56,14,32,3,23,1,4,23,1,32:44,1,2019-20
2019-20,1628389,Bam Adebayo,Bam,1610612748,MIA,Miami Heat,0021900066,2019-10-31T00:00:00,MIA @ ATL,W,35.718333333333334,4,5,0.8,1,1,1.0,3,7,0.429,2,4,6,7,0,1,2,0,3,6,12,7,38.7,0,0,32.0,1,1,1,1,28,56,68,5,1,1,1,33,17,59,33,61,64,12,68,24,14,1,37,14,55,30,42,41,4,50,1,35:43,1,2019-20
2019-20,1628389,Bam Adebayo,Bam,1610612748,MIA,Miami Heat,0021900086,2019-11-03T00:00:00,MIA vs. HOU,W,25.916666666666668,3,5,0.6,0,1,0.0,2,4,0.5,1,4,5,5,4,2,1,0,3,4,8,15,26.5,0,0,24.0,1,1,1,1,64,64,68,28,3,1,3,38,40,44,53,61,67,30,13,13,25,1,37,36,65,15,63,41,4,63,1,25:55,1,2019-20
2019-20,1628389,Bam Adebayo,Bam,1610612748,MIA,Miami Heat,0021900102,2019-11-05T00:00:00,MIA @ DEN,L,24.916666666666668,2,9,0.222,0,0,0.0,2,5,0.4,3,8,11,3,1,0,2,0,2,6,6,-19,28.7,0,0,24.0,1,45,45,45,67,69,46,69,3,15,3,38,32,60,19,29,27,53,55,44,14,1,18,14,67,68,62,41,4,63,1,24:55,1,2019-20
2019-20,1628389,Bam Adebayo,Bam,1610612748,MIA,Miami Heat,0021900114,2019-11-07T00:00:00,MIA @ PHX,W,34.945,6,9,0.667,0,1,0.0,3,6,0.5,2,8,10,6,2,5,1,0,3,5,15,1,52.0,1,0,43.0,1,1,1,1,34,30,46,16,3,1,3,33,23,44,33,29,37,19,40,1,25,1,37,25,40,42,8,1,4,14,1,34:57,1,2019-20
2019-20,1628389,Bam Adebayo,Bam,1610612748,MIA,Miami Heat,0021900126,2019-11-08T00:00:00,MIA @ LAL,L,38.038333333333334,4,7,0.571,0,0,0.0,3,8,0.375,3,6,9,4,3,3,1,0,2,5,11,-12,36.8,0,0,32.0,1,45,45,45,14,56,64,38,3,15,3,33,14,62,19,50,43,44,29,4,25,1,18,25,58,62,47,41,4,50,1,38:02,1,2019-20
2019-20,1628389,Bam Adebayo,Bam,1610612748,MIA,Miami Heat,0021900148,2019-11-12T00:00:00,MIA vs. DET,W,27.666666666666668,8,9,0.889,0,0,0.0,2,2,1.0,4,10,14,2,4,0,0,1,6,2,18,-5,33.8,1,0,34.0,1,1,1,1,62,13,46,3,3,15,3,38,52,1,7,15,6,62,13,44,54,31,71,60,22,50,51,1,4,45,1,27:40,1,2019-20
2019-20,1628389,Bam Adebayo,Bam,1610612748,MIA,Miami Heat,0021900161,2019-11-14T00:00:00,MIA @ CLE,W,39.85,7,14,0.5,0,1,0.0,2,3,0.667,0,15,15,5,1,0,1,1,2,3,16,25,43.5,1,0,38.0,1,1,1,1,5,20,13,49,3,1,3,38,47,33,67,1,4,30,55,44,25,31,18,46,35,5,32,1,4,30,1,39:51,1,2019-20
2019-20,1628389,Bam Adebayo,Bam,1610612748,MIA,Miami Heat,0021900178,2019-11-16T00:00:00,MIA vs. NOP,W,34.233333333333334,8,11,0.727,0,0,0.0,2,2,1.0,2,11,13,4,2,2,3,1,0,3,18,7,52.6,1,0,45.0,1,1,1,1,37,13,30,11,3,15,3,38,52,1,33,9,13,44,40,13,4,31,1,46,22,30,7,1,4,10,1,34:14,1,2019-20
2019-20,1628389,Bam Adebayo,Bam,1610612748,MIA,Miami Heat,0021900206,2019-11-20T00:00:00,MIA vs. CLE,W,29.893333333333334,5,5,1.0,0,0,0.0,3,6,0.5,2,5,7,3,3,4,0,0,3,6,13,21,34.9,0,0,31.0,1,1,1,1,58,42,68,1,3,15,3,33,23,44,33,56,57,53,29,2,54,1,37,14,51,8,48,41,4,52,1,29:54,1,2019-20
2019-20,1628389,Bam Adebayo,Bam,1610612748,MIA,Miami Heat,0021900219,2019-11-22T00:00:00,MIA @ CHI,W,33.288333333333334,6,10,0.6,0,0,0.0,4,4,1.0,4,10,14,6,4,3,1,0,0,4,16,7,49.8,1,0,44.0,1,1,1,1,43,30,36,28,3,15,3,23,40,1,7,15,6,19,13,4,25,1,1,36,35,30,14,1,4,12,1,33:17,1,2019-20
2019-20,1628389,Bam Adebayo,Bam,1610612748,MIA,Miami Heat,0021900230,2019-11-23T00:00:00,MIA @ PHI,L,25.55,5,9,0.556,0,0,0.0,2,4,0.5,1,4,5,0,3,1,0,0,3,5,12,-26,18.0,0,0,19.0,1,45,45,45,66,42,46,42,3,15,3,38,40,44,53,61,67,72,29,24,54,1,37,25,55,72,69,41,4,68,1,25:33,1,2019-20
2019-20,1628389,Bam Adebayo,Bam,1610612748,MIA,Miami Heat,0021900245,2019-11-25T00:00:00,MIA vs. CHA,W,34.10333333333333,8,14,0.571,0,0,0.0,5,5,1.0,1,12,13,5,3,0,1,0,2,5,21,16,44.1,1,0,41.0,1,1,1,1,39,13,13,38,3,15,3,18,32,1,53,4,13,30,29,44,25,1,18,25,12,12,28,1,4,21,1,34:06,1,2019-20
2019-20,1628389,Bam Adebayo,Bam,1610612748,MIA,Miami Heat,0021900259,2019-11-27T00:00:00,MIA @ HOU,L,39.73833333333334,5,8,0.625,0,0,0.0,7,10,0.7,3,8,11,8,5,1,2,0,1,11,17,-6,46.2,1,0,42.0,1,45,45,45,6,42,58,22,3,15,3,12,6,31,19,29,27,10,4,24,14,1,9,1,32,53,26,1,4,17,1,39:44,1,2019-20
2019-20,1628389,Bam Adebayo,Bam,1610612748,MIA,Miami Heat,0021900273,2019-11-29T00:00:00,MIA vs. GSW,W,24.316666666666666,1,5,0.2,0,0,0.0,0,0,0.0,2,7,9,2,1,1,1,0,3,3,2,12,20.8,0,0,17.0,1,1,1,1,68,71,68,70,3,15,3,66,68,66,33,38,43,62,55,24,25,1,37,46,72,22,67,41,4,71,1,24:19,1,2019-20
2019-20,1628389,Bam Adebayo,Bam,1610612748,MIA,Miami Heat,0021900284,2019-12-01T00:00:00,MIA @ BKN,W,33.45,6,14,0.429,0,0,0.0,5,7,0.714,6,10,16,1,4,1,1,2,3,5,17,2,39.7,1,0,38.0,1,1,1,1,41,30,13,55,3,15,3,18,17,30,1,15,2,68,13,24,25,60,37,25,32,37,41,1,4,30,1,33:27,1,2019-20
2019-20,1628389,Bam Adebayo,Bam,1610612748,MIA,Miami Heat,0021900301,2019-12-03T00:00:00,MIA @ TOR,W,37.333333333333336,7,13,0.538,0,0,0.0,4,4,1.0,3,4,7,1,2,0,1,2,3,4,18,10,28.9,0,0,28.0,1,1,1,1,17,20,19,47,3,15,3,23,40,1,19,61,57,68,40,44,25,60,37,36,22,25,61,41,4,60,1,37:20,1,2019-20
2019-20,1628389,Bam Adebayo,Bam,1610612748,MIA,Miami Heat,0021900310,2019-12-04T00:00:00,MIA @ BOS,L,37.833333333333336,4,9,0.444,0,0,0.0,0,2,0.0,1,6,7,3,4,0,0,2,2,3,8,-16,16.9,0,0,18.0,1,45,45,45,15,56,46,54,3,15,3,66,52,66,53,50,57,53,13,44,54,60,18,46,65,65,71,41,4,69,1,37:50,1,2019-20
2019-20,1628389,Bam Adebayo,Bam,1610612748,MIA,Miami Heat,0021900324,2019-12-06T00:00:00,MIA vs. WAS,W,36.55,10,16,0.625,0,0,0.0,4,7,0.571,3,11,14,4,2,0,2,1,2,5,24,20,50.8,1,0,46.0,1,1,1,1,20,3,3,22,3,15,3,23,17,41,19,9,6,44,40,44,14,31,18,25,5,9,10,1,4,9,1,36:33,1,2019-20
2019-20,1628389,Bam Adebayo,Bam,1610612748,MIA,Miami Heat,0021900337,2019-12-08T00:00:00,MIA vs. CHI,W,40.91,7,9,0.778,0,1,0.0,7,9,0.778,4,9,13,6,7,3,1,0,4,6,21,9,50.6,1,0,48.0,1,1,1,1,4,20,46,7,3,1,3,12,13,26,7,20,13,19,1,4,25,1,56,14,12,27,12,1,4,6,1,40:55,1,2019-20
2019-20,1628389,Bam Adebayo,Bam,1610612748,MIA,Miami Heat,0021900354,2019-12-10T00:00:00,MIA vs. ATL,W,43.50333333333333,13,18,0.722,0,1,0.0,4,5,0.8,4,7,11,11,4,2,0,0,5,6,30,26,61.7,1,1,56.0,1,1,1,1,1,1,2,13,3,1,3,23,32,19,7,38,27,1,13,13,54,1,65,14,1,4,3,1,1,3,1,43:30,1,2019-20
2019-20,1628389,Bam Adebayo,Bam,1610612748,MIA,Miami Heat,0021900374,2019-12-13T00:00:00,MIA vs. LAL,L,35.35,5,11,0.455,0,0,0.0,2,5,0.4,4,8,12,5,2,0,1,5,2,3,12,-8,34.9,1,0,31.0,1,45,45,45,32,42,30,52,3,15,3,38,32,60,7,29,22,30,40,44,25,72,18,46,55,57,48,1,4,52,1,35:21,1,2019-20
2019-20,1628389,Bam Adebayo,Bam,1610612748,MIA,Miami Heat,0021900384,2019-12-14T00:00:00,MIA @ DAL,W,37.49666666666667,7,12,0.583,0,0,0.0,4,7,0.571,2,9,11,10,1,2,2,1,4,9,18,15,57.2,1,1,47.0,1,1,1,1,16,20,25,35,3,15,3,23,17,41,33,20,27,3,55,13,14,31,56,3,22,15,5,1,1,7,1,37:30,1,2019-20
2019-20,1628389,Bam Adebayo,Bam,1610612748,MIA,Miami Heat,0021900397,2019-12-16T00:00:00,MIA @ MEM,L,43.45,4,12,0.333,0,1,0.0,6,8,0.75,0,13,13,5,4,3,3,2,5,6,14,-3,51.1,1,0,44.0,1,45,45,45,2,56,25,66,3,1,3,15,14,27,67,3,13,30,13,4,4,60,65,14,44,47,9,1,4,12,1,43:27,1,2019-20
2019-20,1628389,Bam Adebayo,Bam,1610612748,MIA,Miami Heat,0021900410,2019-12-18T00:00:00,MIA @ PHI,W,33.56666666666667,9,16,0.563,0,0,0.0,5,6,0.833,3,6,9,5,3,2,2,3,2,5,23,2,50.3,0,0,45.0,1,1,1,1,40,7,3,41,3,15,3,18,23,16,19,50,43,30,29,13,14,70,18,25,6,37,13,41,4,10,1,33:34,1,2019-20
2019-20,1628389,Bam Adebayo,Bam,1610612748,MIA,Miami Heat,0021900424,2019-12-20T00:00:00,MIA vs. NYK,W,30.05,6,9,0.667,0,0,0.0,8,8,1.0,1,7,8,3,4,1,0,0,2,7,20,22,33.1,0,0,33.0,1,1,1,1,57,30,46,16,3,15,3,7,14,1,53,38,50,53,13,24,54,1,18,9,18,6,56,41,4,46,1,30:03,1,2019-20
2019-20,1628389,Bam Adebayo,Bam,1610612748,MIA,Miami Heat,0021900449,2019-12-23T00:00:00,MIA vs. UTA,W,38.1,5,14,0.357,0,0,0.0,8,10,0.8,5,8,13,6,2,3,3,1,2,6,18,-6,58.6,1,0,49.0,1,1,1,1,13,42,13,64,3,15,3,7,6,19,3,29,13,19,40,4,4,31,18,14,22,53,4,1,4,4,1,38:06,1,2019-20
2019-20,1628389,Bam Adebayo,Bam,1610612748,MIA,Miami Heat,0021900470,2019-12-27T00:00:00,MIA vs. IND,W,35.983333333333334,8,10,0.8,0,0,0.0,2,2,1.0,6,9,15,6,1,0,0,0,0,2,18,2,44.0,1,0,39.0,1,1,1,1,25,13,36,5,3,15,3,38,52,1,1,20,4,19,55,44,54,1,1,60,22,37,30,1,4,26,1,35:59,1,2019-20
2019-20,1628389,Bam Adebayo,Bam,1610612748,MIA,Miami Heat,0021900475,2019-12-28T00:00:00,MIA vs. PHI,W,39.626666666666665,5,14,0.357,0,0,0.0,1,2,0.5,0,3,3,2,0,1,1,2,3,3,11,-7,23.6,0,0,20.0,1,1,1,1,8,42,13,64,3,15,3,57,52,44,67,70,70,62,68,24,25,60,37,46,58,55,66,41,4,66,1,39:38,1,2019-20
2019-20,1628389,Bam Adebayo,Bam,1610612748,MIA,Miami Heat,0021900492,2019-12-30T00:00:00,MIA @ WAS,L,35.763333333333335,6,11,0.545,0,0,0.0,2,3,0.667,3,11,14,5,6,0,0,1,4,2,14,-23,32.3,1,0,33.0,1,45,45,45,27,30,30,46,3,15,3,38,47,33,19,9,6,30,2,44,54,31,56,60,44,70,58,1,4,46,1,35:46,1,2019-20
2019-20,1628389,Bam Adebayo,Bam,1610612748,MIA,Miami Heat,0021900510,2020-01-02T00:00:00,MIA vs. TOR,W,35.45,7,8,0.875,0,0,0.0,1,2,0.5,2,12,14,2,4,0,1,0,4,4,15,9,33.8,1,0,33.0,1,1,1,1,30,20,58,4,3,15,3,57,52,44,33,4,6,62,13,44,25,1,56,36,40,27,51,1,4,46,1,35:27,1,2019-20
2019-20,1628389,Bam Adebayo,Bam,1610612748,MIA,Miami Heat,0021900518,2020-01-03T00:00:00,MIA @ ORL,L,34.79833333333333,5,8,0.625,0,0,0.0,4,5,0.8,5,5,10,1,2,1,2,0,1,3,14,-5,34.5,1,0,31.0,1,45,45,45,35,42,58,22,3,15,3,23,32,19,3,56,37,68,40,24,14,1,9,46,44,50,50,1,4,52,1,34:48,1,2019-20
2019-20,1628389,Bam Adebayo,Bam,1610612748,MIA,Miami Heat,0021900535,2020-01-05T00:00:00,MIA vs. POR,W,35.538333333333334,9,10,0.9,0,0,0.0,2,6,0.333,4,4,8,6,3,1,1,0,3,4,20,9,41.6,0,0,38.0,1,1,1,1,29,7,36,2,3,15,3,38,23,63,7,61,50,19,29,24,25,1,37,36,18,27,37,41,4,30,1,35:32,1,2019-20
2019-20,1628389,Bam Adebayo,Bam,1610612748,MIA,Miami Heat,0021900556,2020-01-08T00:00:00,MIA @ IND,W,28.78,8,11,0.727,0,0,0.0,2,3,0.667,0,9,9,4,0,0,1,1,1,4,18,31,37.8,0,0,33.0,1,1,1,1,60,13,30,11,3,15,3,38,47,33,67,20,43,44,68,44,25,31,9,36,22,1,44,41,4,46,1,28:47,1,2019-20
2019-20,1628389,Bam Adebayo,Bam,1610612748,MIA,Miami Heat,0021900568,2020-01-10T00:00:00,MIA @ BKN,L,32.916666666666664,10,13,0.769,0,0,0.0,2,2,1.0,2,4,6,7,1,2,1,1,2,2,22,-16,47.7,0,0,41.0,1,45,45,45,47,3,19,9,3,15,3,38,52,1,33,61,64,12,55,13,25,31,18,60,7,65,17,41,4,21,1,32:55,1,2019-20
2019-20,1628389,Bam Adebayo,Bam,1610612748,MIA,Miami Heat,0021900584,2020-01-12T00:00:00,MIA @ NYK,L,37.25,5,7,0.714,0,0,0.0,5,6,0.833,2,4,6,5,5,0,0,1,4,6,15,-2,24.7,0,0,26.0,1,45,45,45,18,42,64,14,3,15,3,18,23,16,33,61,64,30,4,44,54,31,56,14,40,45,65,41,4,61,1,37:15,1,2019-20
2019-20,1628389,Bam Adebayo,Bam,1610612748,MIA,Miami Heat,0021900606,2020-01-15T00:00:00,MIA vs. SAS,W,35.943333333333335,6,15,0.4,0,0,0.0,2,4,0.5,4,9,13,7,0,0,2,1,0,3,14,0,46.1,1,0,38.0,1,1,1,1,26,30,8,59,3,15,3,38,40,44,7,20,13,12,68,44,14,31,1,46,44,43,27,1,4,30,1,35:57,1,2019-20
2019-20,1628389,Bam Adebayo,Bam,1610612748,MIA,Miami Heat,0021900623,2020-01-17T00:00:00,MIA @ OKC,W,32.11666666666667,7,11,0.636,0,0,0.0,7,10,0.7,1,7,8,5,3,0,1,0,2,5,21,-1,38.1,0,0,36.0,1,1,1,1,51,20,30,20,3,15,3,12,6,31,53,38,50,30,29,44,25,1,18,25,12,44,43,41,4,42,1,32:07,1,2019-20
2019-20,1628389,Bam Adebayo,Bam,1610612748,MIA,Miami Heat,0021900637,2020-01-19T00:00:00,MIA @ SAS,L,36.181666666666665,8,13,0.615,0,1,0.0,5,5,1.0,4,12,16,6,2,2,0,1,0,7,21,12,53.2,1,0,47.0,1,45,45,45,24,13,19,27,3,1,3,18,32,1,7,4,2,19,40,13,54,31,1,9,12,22,6,1,4,7,1,36:11,1,2019-20
2019-20,1628389,Bam Adebayo,Bam,1610612748,MIA,Miami Heat,0021900644,2020-01-20T00:00:00,MIA vs. SAC,W,39.67166666666667,6,9,0.667,0,0,0.0,4,6,0.667,4,7,11,5,5,1,1,1,4,4,16,13,37.7,1,0,36.0,1,1,1,1,7,30,46,16,3,15,3,23,23,33,7,38,27,30,4,24,25,31,56,36,35,20,46,1,4,42,1,39:40,1,2019-20
2019-20,1628389,Bam Adebayo,Bam,1610612748,MIA,Miami Heat,0021900658,2020-01-22T00:00:00,MIA vs. WAS,W,34.40833333333333,3,8,0.375,0,0,0.0,0,1,0.0,1,7,8,2,4,0,1,1,2,1,6,-4,17.6,0,0,18.0,1,1,1,1,36,64,58,63,3,15,3,66,67,66,53,38,50,62,13,44,25,31,18,66,67,48,70,41,4,69,1,34:25,1,2019-20
2019-20,1628389,Bam Adebayo,Bam,1610612748,MIA,Miami Heat,0021900673,2020-01-24T00:00:00,MIA vs. LAC,L,38.2,6,10,0.6,0,0,0.0,6,7,0.857,3,5,8,9,4,0,1,0,1,5,18,14,40.1,0,0,37.0,1,45,45,45,11,30,36,28,3,15,3,15,17,15,19,56,50,6,13,44,25,1,9,25,22,17,39,41,4,36,1,38:12,1,2019-20
2019-20,1628389,Bam Adebayo,Bam,1610612748,MIA,Miami Heat,0021900694,2020-01-27T00:00:00,MIA vs. ORL,W,32.28333333333333,10,16,0.625,0,1,0.0,0,0,0.0,0,10,10,10,1,1,0,0,0,1,20,16,49.0,1,1,42.0,1,1,1,1,49,3,3,22,3,1,3,66,68,66,67,15,37,3,55,24,54,1,1,66,18,12,15,1,1,17,1,32:17,1,2019-20
2019-20,1628389,Bam Adebayo,Bam,1610612748,MIA,Miami Heat,0021900701,2020-01-28T00:00:00,MIA vs. BOS,L,33.00833333333333,7,11,0.636,0,0,0.0,2,2,1.0,2,8,10,1,2,1,1,2,5,2,16,-4,33.5,1,0,31.0,1,45,45,45,46,20,30,20,3,15,3,38,52,1,33,29,37,68,40,24,25,60,65,60,35,48,55,1,4,52,1,33:01,1,2019-20
2019-20,1628389,Bam Adebayo,Bam,1610612748,MIA,Miami Heat,0021900729,2020-02-01T00:00:00,MIA @ ORL,W,38.166666666666664,1,8,0.125,0,0,0.0,2,4,0.5,3,11,14,5,2,3,4,1,1,3,4,14,47.3,0,0,37.0,1,1,1,1,12,71,58,72,3,15,3,38,40,44,19,9,6,30,40,4,1,31,9,46,71,17,18,41,4,36,1,38:10,1,2019-20
2019-20,1628389,Bam Adebayo,Bam,1610612748,MIA,Miami Heat,0021900747,2020-02-03T00:00:00,MIA vs. PHI,W,35.38333333333333,8,15,0.533,0,0,0.0,2,2,1.0,3,5,8,11,0,1,0,0,2,3,18,29,47.1,1,0,39.0,1,1,1,1,31,13,8,48,3,15,3,38,52,1,19,56,50,1,68,24,54,1,18,46,22,2,19,1,4,26,1,35:23,1,2019-20
2019-20,1628389,Bam Adebayo,Bam,1610612748,MIA,Miami Heat,0021900763,2020-02-05T00:00:00,MIA @ LAC,L,39.583333333333336,9,15,0.6,0,0,0.0,4,7,0.571,4,7,11,6,2,2,0,1,0,8,22,-15,48.2,1,0,43.0,1,45,45,45,9,7,8,28,3,15,3,23,17,41,7,38,27,19,40,13,54,31,1,5,7,64,16,1,4,14,1,39:35,1,2019-20
2019-20,1628389,Bam Adebayo,Bam,1610612748,MIA,Miami Heat,0021900775,2020-02-07T00:00:00,MIA @ SAC,L,36.37166666666667,12,16,0.75,0,0,0.0,2,3,0.667,1,6,7,3,5,0,2,0,3,3,26,-5,39.9,0,0,40.0,1,45,45,45,21,2,3,10,3,15,3,38,47,33,53,50,57,53,4,44,14,1,37,46,4,50,40,41,4,23,1,36:22,1,2019-20
2019-20,1628389,Bam Adebayo,Bam,1610612748,MIA,Miami Heat,0021900792,2020-02-09T00:00:00,MIA @ POR,L,35.093333333333334,6,14,0.429,0,0,0.0,1,2,0.5,5,7,12,7,3,0,3,0,4,4,13,-8,43.9,1,0,38.0,1,45,45,45,33,30,13,55,3,15,3,57,52,44,3,38,22,12,29,44,4,1,56,36,51,57,31,1,4,30,1,35:06,1,2019-20
2019-20,1628389,Bam Adebayo,Bam,1610612748,MIA,Miami Heat,0021900800,2020-02-10T00:00:00,MIA @ GSW,W,26.793333333333333,5,8,0.625,0,0,0.0,3,6,0.5,3,8,11,7,1,2,0,0,2,7,13,-16,41.7,1,0,35.0,1,1,1,1,63,42,58,22,3,15,3,33,23,44,19,29,27,12,55,13,54,1,18,9,51,65,36,1,4,44,1,26:48,1,2019-20
2019-20,1628389,Bam Adebayo,Bam,1610612748,MIA,Miami Heat,0021900816,2020-02-12T00:00:00,MIA @ UTA,L,33.376666666666665,4,10,0.4,0,0,0.0,1,2,0.5,2,9,11,5,1,4,2,0,1,2,9,-23,46.7,0,0,37.0,1,45,45,45,42,56,36,59,3,15,3,57,52,44,33,20,27,30,55,2,14,1,9,60,63,70,21,41,4,36,1,33:23,1,2019-20
2019-20,1628389,Bam Adebayo,Bam,1610612748,MIA,Miami Heat,0021900821,2020-02-20T00:00:00,MIA @ ATL,L,36.19166666666667,9,20,0.45,0,1,0.0,10,12,0.833,5,14,19,7,4,3,1,3,3,8,28,14,69.3,1,0,62.0,1,45,45,45,22,7,1,53,3,1,3,2,3,16,3,2,1,12,13,4,25,70,37,5,2,17,1,1,4,1,1,36:12,1,2019-20
2019-20,1628389,Bam Adebayo,Bam,1610612748,MIA,Miami Heat,0021900838,2020-02-22T00:00:00,MIA vs. CLE,W,25.566666666666666,7,9,0.778,0,0,0.0,1,3,0.333,1,2,3,9,5,1,1,0,3,4,15,20,33.1,0,0,31.0,1,1,1,1,65,20,46,7,3,15,3,57,47,63,53,71,70,6,4,24,25,1,37,36,40,9,56,41,4,52,1,25:34,1,2019-20
2019-20,1628389,Bam Adebayo,Bam,1610612748,MIA,Miami Heat,0021900849,2020-02-24T00:00:00,MIA @ CLE,L,40.973333333333336,9,15,0.6,0,0,0.0,4,5,0.8,1,12,13,9,6,3,4,2,5,5,22,7,66.1,1,0,58.0,1,45,45,45,3,7,8,28,3,15,3,23,32,19,53,4,13,6,2,4,1,60,65,25,7,30,2,1,4,2,1,40:58,1,2019-20
2019-20,1628389,Bam Adebayo,Bam,1610612748,MIA,Miami Heat,0021900868,2020-02-26T00:00:00,MIA vs. MIN,L,33.2,6,13,0.462,0,1,0.0,10,15,0.667,1,9,10,7,4,0,2,1,5,8,22,4,46.5,1,0,43.0,1,45,45,45,45,30,19,50,3,1,3,2,2,33,53,20,37,12,13,44,14,31,65,5,7,36,23,1,4,14,1,33:12,1,2019-20
2019-20,1628389,Bam Adebayo,Bam,1610612748,MIA,Miami Heat,0021900880,2020-02-28T00:00:00,MIA vs. DAL,W,29.25,3,10,0.3,0,0,0.0,8,10,0.8,2,9,11,3,1,0,1,1,2,6,14,-12,33.7,1,0,30.0,1,1,1,1,59,64,36,68,3,15,3,7,6,19,33,20,27,53,55,44,25,31,18,14,44,62,54,1,4,57,1,29:15,1,2019-20
2019-20,1628389,Bam Adebayo,Bam,1610612748,MIA,Miami Heat,0021900889,2020-02-29T00:00:00,MIA vs. BKN,W,32.25,7,12,0.583,0,0,0.0,2,2,1.0,2,10,12,3,1,0,3,1,1,3,16,2,42.9,1,0,37.0,1,1,1,1,50,20,25,35,3,15,3,38,52,1,33,15,22,53,55,44,4,31,9,46,35,37,35,1,4,36,1,32:15,1,2019-20
2019-20,1628389,Bam Adebayo,Bam,1610612748,MIA,Miami Heat,0021900906,2020-03-02T00:00:00,MIA vs. MIL,W,37.035,5,16,0.313,0,0,0.0,4,6,0.667,2,11,13,5,5,1,3,1,1,4,14,13,44.1,1,0,40.0,1,1,1,1,19,42,3,67,3,15,3,23,23,33,33,9,13,30,4,24,4,31,9,36,44,20,28,1,4,23,1,37:02,1,2019-20
2019-20,1628389,Bam Adebayo,Bam,1610612748,MIA,Miami Heat,0021900919,2020-03-04T00:00:00,MIA vs. ORL,W,30.9,5,9,0.556,0,0,0.0,0,0,0.0,2,5,7,4,2,0,1,2,1,1,10,-8,25.4,0,0,23.0,1,1,1,1,55,42,46,42,3,15,3,66,68,66,33,56,57,44,40,44,25,60,9,66,60,57,64,41,4,65,1,30:54,1,2019-20
2019-20,1628389,Bam Adebayo,Bam,1610612748,MIA,Miami Heat,0021900936,2020-03-06T00:00:00,MIA @ NOP,L,36.185,4,10,0.4,0,0,0.0,1,2,0.5,4,8,12,4,4,3,4,1,6,5,9,-9,46.4,0,0,39.0,1,45,45,45,23,56,36,59,3,15,3,57,52,44,7,29,22,44,13,4,1,31,71,25,63,60,25,41,4,26,1,36:11,1,2019-20
2019-20,1628389,Bam Adebayo,Bam,1610612748,MIA,Miami Heat,0021900951,2020-03-08T00:00:00,MIA @ WAS,W,33.25833333333333,9,13,0.692,0,0,0.0,9,12,0.75,2,12,14,6,5,0,1,0,4,9,27,22,50.8,1,0,49.0,1,1,1,1,44,7,19,15,3,15,3,4,3,27,33,4,6,19,4,44,25,1,56,3,3,6,10,1,4,4,1,33:16,1,2019-20
2019-20,1628389,Bam Adebayo,Bam,1610612748,MIA,Miami Heat,0021900970,2020-03-11T00:00:00,MIA vs. CHA,L,34.22833333333333,10,15,0.667,0,0,0.0,1,2,0.5,3,4,7,10,3,0,0,1,3,1,21,-10,41.4,1,0,38.0,1,45,45,45,38,3,8,16,3,15,3,57,52,44,19,61,57,3,29,44,54,31,37,66,12,61,38,1,4,30,1,34:14,1,2019-20
2019-20,1628389,Bam Adebayo,Bam,1610612748,MIA,Miami Heat,0021901239,2020-08-01T00:00:00,MIA @ DEN,W,28.31,7,12,0.583,0,0,0.0,8,10,0.8,3,6,9,6,4,0,0,1,3,6,22,19,37.8,0,0,37.0,1,1,1,1,61,20,25,35,3,15,3,7,6,19,19,50,43,19,13,44,54,31,37,14,7,11,44,41,4,36,1,28:19,1,2019-20
2019-20,1628389,Bam Adebayo,Bam,1610612748,MIA,Miami Heat,0021901250,2020-08-03T00:00:00,MIA vs. TOR,L,31.655,5,9,0.556,0,0,0.0,0,0,0.0,1,7,8,4,2,1,1,0,2,0,10,2,29.6,0,0,26.0,1,45,45,45,53,42,46,42,3,15,3,66,68,66,53,38,50,44,40,24,25,1,18,72,60,37,60,41,4,61,1,31:39,1,2019-20
2019-20,1628389,Bam Adebayo,Bam,1610612748,MIA,Miami Heat,0021901260,2020-08-04T00:00:00,MIA vs. BOS,W,31.685,5,12,0.417,0,0,0.0,11,18,0.611,3,9,12,2,1,1,1,2,3,10,21,11,43.4,1,0,39.0,1,1,1,1,52,42,25,58,3,15,3,1,1,40,19,20,22,62,55,24,25,60,37,2,12,24,33,1,4,26,1,31:41,1,2019-20
2019-20,1628389,Bam Adebayo,Bam,1610612748,MIA,Miami Heat,0021901269,2020-08-06T00:00:00,MIA @ MIL,L,21.95,2,10,0.2,1,1,1.0,1,2,0.5,1,4,5,6,4,1,0,1,5,1,6,-21,20.0,0,0,20.0,1,45,45,45,71,69,36,70,1,1,1,57,52,44,53,61,67,19,13,24,54,31,65,66,67,69,68,41,4,66,1,21:57,1,2019-20
2019-20,1628389,Bam Adebayo,Bam,1610612748,MIA,Miami Heat,0021901283,2020-08-08T00:00:00,MIA vs. PHX,L,30.4,6,13,0.462,0,0,0.0,6,6,1.0,1,6,7,9,5,1,3,1,2,7,18,5,46.9,0,0,42.0,1,45,45,45,56,30,19,50,3,15,3,15,23,1,53,50,57,6,4,24,4,31,18,9,22,34,20,41,4,17,1,30:24,1,2019-20
2019-20,1628389,Bam Adebayo,Bam,1610612748,MIA,Miami Heat,0021901295,2020-08-10T00:00:00,MIA vs. IND,W,22.30666666666667,4,10,0.4,0,0,0.0,2,4,0.5,2,7,9,4,2,0,3,1,0,3,10,16,33.8,0,0,29.0,1,1,1,1,70,56,36,59,3,15,3,38,40,44,33,38,43,44,40,44,4,31,1,46,60,12,51,41,4,59,1,22:18,1,2019-20
2019-20,1628389,Bam Adebayo,Bam,1610612748,MIA,Miami Heat,0021901306,2020-08-12T00:00:00,MIA @ OKC,L,16.316666666666666,3,5,0.6,0,0,0.0,0,0,0.0,0,2,2,4,1,0,0,1,3,1,6,5,13.4,0,0,12.0,1,45,45,45,72,64,68,28,3,15,3,66,68,66,67,71,72,44,55,44,54,31,37,66,67,34,72,41,4,72,1,16:19,1,2019-20
2020-21,1628389,Bam Adebayo,Bam,1610612748,MIA,Miami Heat,0022000012,2020-12-23T00:00:00,MIA @ ORL,L,34.69,11,16,0.688,0,0,0.0,3,4,0.75,3,8,11,4,7,0,1,0,4,2,25,-12,40.2,1,0,42.0,1,35,35,35,27,4,7,14,3,9,3,36,38,36,10,18,15,41,2,43,20,1,50,56,8,56,37,1,3,14,1,34:41,1,2020-21
2020-21,1628389,Bam Adebayo,Bam,1610612748,MIA,Miami Heat,0022000005,2020-12-25T00:00:00,MIA vs. NOP,W,28.216666666666665,5,9,0.556,0,0,0.0,7,8,0.875,0,4,4,2,3,2,1,0,2,6,17,9,30.8,0,0,29.0,1,1,1,1,60,49,54,32,3,9,3,11,11,16,57,53,58,55,17,7,20,1,23,18,37,14,58,34,3,57,1,28:13,1,2020-21
2020-21,1628389,Bam Adebayo,Bam,1610612748,MIA,Miami Heat,0022000051,2020-12-29T00:00:00,MIA vs. MIL,L,25.016666666666666,5,7,0.714,0,0,0.0,2,2,1.0,0,6,6,4,5,1,1,0,2,5,12,-32,26.2,0,0,26.0,1,35,35,35,63,49,61,9,3,9,3,48,55,1,57,36,50,41,6,26,20,1,23,30,58,64,61,34,3,60,1,25:01,1,2020-21
2020-21,1628389,Bam Adebayo,Bam,1610612748,MIA,Miami Heat,0022000058,2020-12-30T00:00:00,MIA vs. MIL,W,35.455,7,13,0.538,0,0,0.0,8,10,0.8,1,7,8,10,2,1,2,0,1,6,22,11,53.6,1,0,46.0,1,1,1,1,16,27,25,33,3,9,3,8,8,31,44,25,34,2,31,26,6,1,8,18,14,10,7,1,3,8,1,35:27,1,2020-21
2020-21,1628389,Bam Adebayo,Bam,1610612748,MIA,Miami Heat,0022000071,2021-01-01T00:00:00,MIA @ DAL,L,36.48,8,12,0.667,0,0,0.0,3,4,0.75,2,9,11,2,3,4,0,0,3,5,19,-8,44.2,1,0,40.0,1,35,35,35,8,21,34,15,3,9,3,36,38,36,24,9,15,55,17,1,41,1,44,30,27,51,21,1,3,17,1,36:29,1,2020-21
2020-21,1628389,Bam Adebayo,Bam,1610612748,MIA,Miami Heat,0022000096,2021-01-04T00:00:00,MIA vs. OKC,W,28.4,9,10,0.9,0,0,0.0,2,3,0.667,1,7,8,4,1,0,0,0,2,2,20,25,34.6,0,0,32.0,1,1,1,1,58,11,47,2,3,9,3,48,47,43,44,25,34,41,45,43,41,1,23,56,21,2,52,34,3,50,1,28:24,1,2020-21
2020-21,1628389,Bam Adebayo,Bam,1610612748,MIA,Miami Heat,0022000111,2021-01-06T00:00:00,MIA vs. BOS,L,33.76166666666666,5,10,0.5,0,0,0.0,5,6,0.833,1,7,8,10,2,0,2,2,2,7,15,-9,43.6,1,0,37.0,1,35,35,35,33,49,47,39,3,9,3,17,19,23,44,25,34,2,31,43,6,54,23,9,48,54,26,1,3,33,1,33:46,1,2020-21
2020-21,1628389,Bam Adebayo,Bam,1610612748,MIA,Miami Heat,0022000136,2021-01-09T00:00:00,MIA @ WAS,W,21.433333333333334,2,4,0.5,0,0,0.0,5,7,0.714,1,15,16,4,4,0,1,0,5,6,9,4,33.2,0,0,31.0,1,1,1,1,64,63,64,39,3,9,3,17,17,42,44,1,2,41,10,43,20,1,57,18,63,23,55,34,3,53,1,21:26,1,2020-21
2020-21,1628389,Bam Adebayo,Bam,1610612748,MIA,Miami Heat,0022000192,2021-01-16T00:00:00,MIA vs. DET,L,33.68333333333333,8,11,0.727,0,0,0.0,12,12,1.0,1,6,7,6,2,0,3,0,2,10,28,-13,52.4,0,0,47.0,1,35,35,35,34,21,40,7,3,9,3,2,3,1,44,36,45,19,31,43,2,1,23,2,4,57,8,34,3,6,1,33:41,1,2020-21
2020-21,1628389,Bam Adebayo,Bam,1610612748,MIA,Miami Heat,0022000206,2021-01-18T00:00:00,MIA vs. DET,W,35.46666666666667,9,15,0.6,0,1,0.0,10,11,0.909,2,9,11,5,7,2,1,0,5,9,28,5,50.7,1,0,50.0,1,1,1,1,15,11,14,28,3,1,3,5,5,13,24,9,15,29,2,7,20,1,57,3,4,20,10,1,3,5,1,35:28,1,2020-21
2020-21,1628389,Bam Adebayo,Bam,1610612748,MIA,Miami Heat,0022000220,2021-01-20T00:00:00,MIA @ TOR,W,33.598333333333336,6,14,0.429,0,0,0.0,2,2,1.0,5,8,13,7,2,0,0,1,1,6,14,2,38.1,1,0,34.0,1,1,1,1,36,38,19,54,3,9,3,48,55,1,4,18,4,12,31,43,41,41,8,18,52,28,44,1,3,44,1,33:36,1,2020-21
2020-21,1628389,Bam Adebayo,Bam,1610612748,MIA,Miami Heat,0022000234,2021-01-22T00:00:00,MIA @ TOR,L,34.05,6,13,0.462,0,0,0.0,2,2,1.0,3,5,8,4,4,0,0,0,2,5,14,1,25.6,0,0,26.0,1,35,35,35,32,38,25,47,3,9,3,48,55,1,10,42,34,41,10,43,41,1,23,30,52,31,63,34,3,60,1,34:03,1,2020-21
2020-21,1628389,Bam Adebayo,Bam,1610612748,MIA,Miami Heat,0022000244,2021-01-23T00:00:00,MIA @ BKN,L,37.88,14,20,0.7,1,1,1.0,12,14,0.857,0,5,5,9,1,1,0,1,5,14,41,4,62.5,0,0,58.0,1,35,35,35,3,1,2,10,1,1,1,2,2,21,57,42,56,8,45,26,41,41,57,1,1,23,2,34,3,1,1,37:53,1,2020-21
2020-21,1628389,Bam Adebayo,Bam,1610612748,MIA,Miami Heat,0022000260,2021-01-25T00:00:00,MIA @ BKN,L,35.31166666666667,10,19,0.526,1,1,1.0,5,6,0.833,3,7,10,5,3,0,1,1,1,5,26,-3,45.5,1,0,44.0,1,35,35,35,18,6,3,37,1,1,1,17,19,23,10,25,23,29,17,43,20,41,8,30,7,37,16,1,3,10,1,35:19,1,2020-21
2020-21,1628389,Bam Adebayo,Bam,1610612748,MIA,Miami Heat,0022000275,2021-01-27T00:00:00,MIA vs. DEN,L,33.516666666666666,6,13,0.462,0,1,0.0,3,4,0.75,2,5,7,6,3,0,0,0,0,4,15,-23,29.4,0,0,28.0,1,35,35,35,39,38,25,47,3,1,3,36,38,36,24,42,45,19,17,43,41,1,1,43,48,63,60,34,3,58,1,33:31,1,2020-21
2020-21,1628389,Bam Adebayo,Bam,1610612748,MIA,Miami Heat,0022000285,2021-01-28T00:00:00,MIA vs. LAC,L,34.65,6,16,0.375,0,1,0.0,4,4,1.0,3,10,13,7,1,1,0,1,1,4,16,-3,44.1,1,0,38.0,1,35,35,35,28,38,7,60,3,1,3,26,38,1,10,4,4,12,45,26,41,41,8,43,41,37,23,1,3,29,1,34:39,1,2020-21
2020-21,1628389,Bam Adebayo,Bam,1610612748,MIA,Miami Heat,0022000301,2021-01-30T00:00:00,MIA vs. SAC,W,35.78333333333333,7,11,0.636,0,0,0.0,4,4,1.0,2,11,13,4,5,2,1,0,2,4,18,-1,43.6,1,0,41.0,1,1,1,1,13,27,40,23,3,9,3,26,38,1,24,3,4,41,6,7,20,1,23,43,33,34,26,1,3,15,1,35:47,1,2020-21
2020-21,1628389,Bam Adebayo,Bam,1610612748,MIA,Miami Heat,0022000314,2021-02-01T00:00:00,MIA vs. CHA,L,38.928333333333335,10,15,0.667,0,0,0.0,3,4,0.75,3,6,9,2,1,0,3,0,6,6,23,-2,44.8,0,0,40.0,1,35,35,35,1,6,14,15,3,9,3,36,38,36,10,36,30,55,45,43,2,1,63,18,11,36,19,34,3,17,1,38:56,1,2020-21
2020-21,1628389,Bam Adebayo,Bam,1610612748,MIA,Miami Heat,0022000331,2021-02-03T00:00:00,MIA vs. WAS,L,34.916666666666664,8,15,0.533,0,0,0.0,1,2,0.5,2,9,11,6,3,2,1,3,5,2,17,2,45.2,1,0,40.0,1,35,35,35,24,21,14,35,3,9,3,56,55,54,24,9,15,19,17,7,20,61,57,56,37,28,18,1,3,17,1,34:55,1,2020-21
2020-21,1628389,Bam Adebayo,Bam,1610612748,MIA,Miami Heat,0022000347,2021-02-05T00:00:00,MIA vs. WAS,W,27.68,5,10,0.5,0,0,0.0,11,11,1.0,1,3,4,3,0,1,2,2,2,9,21,29,39.3,0,0,34.0,1,1,1,1,61,49,47,39,3,9,3,4,5,1,44,58,58,52,61,26,6,54,23,3,17,1,39,34,3,44,1,27:41,1,2020-21
2020-21,1628389,Bam Adebayo,Bam,1610612748,MIA,Miami Heat,0022000364,2021-02-07T00:00:00,MIA @ NYK,W,38.733333333333334,10,17,0.588,0,0,0.0,4,6,0.667,2,9,11,5,1,1,1,2,0,7,24,10,49.7,1,0,44.0,1,1,1,1,2,6,4,30,3,9,3,26,19,43,24,9,15,29,45,26,20,54,1,9,9,12,11,1,3,10,1,38:44,1,2020-21
2020-21,1628389,Bam Adebayo,Bam,1610612748,MIA,Miami Heat,0022000376,2021-02-09T00:00:00,MIA vs. NYK,W,35.45,3,9,0.333,0,0,0.0,13,16,0.813,4,2,6,2,3,2,2,0,0,8,19,-5,38.2,0,0,35.0,1,1,1,1,17,60,54,63,3,9,3,1,1,30,7,62,50,55,17,7,6,1,1,5,27,42,42,34,3,39,1,35:27,1,2020-21
2020-21,1628389,Bam Adebayo,Bam,1610612748,MIA,Miami Heat,0022000392,2021-02-11T00:00:00,MIA @ HOU,W,33.52166666666667,3,8,0.375,0,0,0.0,4,5,0.8,1,12,13,8,8,2,0,0,6,8,10,3,35.6,1,0,35.0,1,1,1,1,38,60,58,60,3,9,3,26,30,31,44,2,4,9,1,7,41,1,63,5,62,26,50,1,3,39,1,33:31,1,2020-21
2020-21,1628389,Bam Adebayo,Bam,1610612748,MIA,Miami Heat,0022000410,2021-02-13T00:00:00,MIA @ UTA,L,36.81666666666667,7,17,0.412,0,0,0.0,0,0,0.0,2,8,10,6,1,2,0,2,0,2,14,-11,40.0,1,0,34.0,1,35,35,35,7,27,4,56,3,9,3,60,61,60,24,18,23,19,45,7,41,54,1,56,52,55,38,1,3,44,1,36:49,1,2020-21
2020-21,1628389,Bam Adebayo,Bam,1610612748,MIA,Miami Heat,0022000425,2021-02-15T00:00:00,MIA @ LAC,L,35.9,12,15,0.8,0,0,0.0,3,5,0.6,3,9,12,7,3,1,2,0,3,6,27,-5,57.9,1,0,52.0,1,35,35,35,12,3,14,5,3,9,3,36,30,51,10,9,10,12,17,26,6,1,44,18,6,42,3,1,3,3,1,35:54,1,2020-21
2020-21,1628389,Bam Adebayo,Bam,1610612748,MIA,Miami Heat,0022000443,2021-02-17T00:00:00,MIA @ GSW,L,33.62166666666667,10,16,0.625,0,0,0.0,4,5,0.8,2,3,5,7,3,0,2,0,5,6,24,-20,43.5,0,0,40.0,1,35,35,35,35,6,7,27,3,9,3,26,30,31,24,58,56,12,17,43,6,1,57,18,9,61,28,34,3,17,1,33:37,1,2020-21
2020-21,1628389,Bam Adebayo,Bam,1610612748,MIA,Miami Heat,0022000447,2021-02-18T00:00:00,MIA @ SAC,W,35.53666666666667,6,13,0.462,0,0,0.0,4,4,1.0,3,9,12,10,4,0,0,0,2,5,16,18,41.4,1,1,38.0,1,1,1,1,14,38,25,47,3,9,3,26,38,1,10,9,10,2,10,43,41,1,23,30,41,5,34,1,1,29,1,35:32,1,2020-21
2020-21,1628389,Bam Adebayo,Bam,1610612748,MIA,Miami Heat,0022000463,2021-02-20T00:00:00,MIA @ LAL,W,36.4,8,16,0.5,0,1,0.0,0,0,0.0,3,7,10,6,2,2,1,0,1,2,16,-8,44.0,1,0,38.0,1,1,1,1,10,21,7,39,3,1,3,60,61,60,10,25,23,19,31,7,20,1,8,56,41,51,24,1,3,29,1,36:24,1,2020-21
2020-21,1628389,Bam Adebayo,Bam,1610612748,MIA,Miami Heat,0022000475,2021-02-22T00:00:00,MIA @ OKC,W,37.09,7,10,0.7,0,0,0.0,5,6,0.833,3,10,13,5,4,0,1,0,3,7,19,13,41.1,1,0,39.0,1,1,1,1,5,27,47,10,3,9,3,17,19,23,10,4,4,29,10,43,20,1,44,9,27,8,36,1,3,25,1,37:05,1,2020-21
2020-21,1628389,Bam Adebayo,Bam,1610612748,MIA,Miami Heat,0022000492,2021-02-24T00:00:00,MIA vs. TOR,W,35.28333333333333,7,11,0.636,0,0,0.0,5,6,0.833,6,6,12,4,1,1,1,0,2,7,19,4,44.4,1,0,39.0,1,1,1,1,19,27,40,23,3,9,3,17,19,23,3,36,10,41,45,26,20,1,23,9,27,23,20,1,3,25,1,35:17,1,2020-21
2020-21,1628389,Bam Adebayo,Bam,1610612748,MIA,Miami Heat,0022000507,2021-02-26T00:00:00,MIA vs. UTA,W,34.21666666666667,7,14,0.5,0,0,0.0,5,5,1.0,2,9,11,7,3,1,1,1,3,5,19,5,45.7,1,0,41.0,1,1,1,1,31,27,19,39,3,9,3,17,30,1,24,9,15,12,17,26,20,41,44,30,27,20,15,1,3,15,1,34:13,1,2020-21
2020-21,1628389,Bam Adebayo,Bam,1610612748,MIA,Miami Heat,0022000522,2021-02-28T00:00:00,MIA vs. ATL,W,34.93333333333333,6,12,0.5,0,0,0.0,4,5,0.8,5,8,13,5,5,0,3,0,2,5,16,7,43.1,1,0,40.0,1,1,1,1,23,38,34,39,3,9,3,26,30,31,4,18,4,29,6,43,2,1,23,30,41,19,30,1,3,17,1,34:56,1,2020-21
2020-21,1628389,Bam Adebayo,Bam,1610612748,MIA,Miami Heat,0022000538,2021-03-02T00:00:00,MIA vs. ATL,L,32.98,3,8,0.375,0,0,0.0,5,6,0.833,0,2,2,3,1,0,0,0,0,7,11,-5,16.9,0,0,16.0,1,35,35,35,46,60,58,60,3,9,3,17,19,23,57,62,64,52,45,43,41,1,1,9,59,42,64,34,3,64,1,32:59,1,2020-21
2020-21,1628389,Bam Adebayo,Bam,1610612748,MIA,Miami Heat,0022000610,2021-03-16T00:00:00,MIA vs. CLE,W,29.716666666666665,6,14,0.429,0,0,0.0,2,3,0.667,7,2,9,6,2,0,2,3,2,3,14,-3,37.8,0,0,33.0,1,1,1,1,57,38,19,54,3,9,3,48,47,43,1,62,30,19,31,43,6,61,23,52,52,37,45,34,3,48,1,29:43,1,2020-21
2020-21,1628389,Bam Adebayo,Bam,1610612748,MIA,Miami Heat,0022000623,2021-03-17T00:00:00,MIA @ MEM,L,35.23166666666667,5,11,0.455,0,0,0.0,5,6,0.833,2,10,12,6,3,1,0,0,4,4,15,14,38.4,1,0,35.0,1,35,35,35,20,49,40,51,3,9,3,17,19,23,24,4,10,19,17,26,41,1,50,43,48,7,41,1,3,39,1,35:14,1,2020-21
2020-21,1628389,Bam Adebayo,Bam,1610612748,MIA,Miami Heat,0022000632,2021-03-19T00:00:00,MIA vs. IND,L,26.316666666666666,8,11,0.727,0,0,0.0,4,5,0.8,3,5,8,5,0,1,1,0,2,4,20,-7,43.1,0,0,37.0,1,35,35,35,62,21,40,7,3,9,3,26,30,31,10,42,34,29,61,26,20,1,23,43,21,49,30,34,3,33,1,26:19,1,2020-21
2020-21,1628389,Bam Adebayo,Bam,1610612748,MIA,Miami Heat,0022000645,2021-03-21T00:00:00,MIA vs. IND,L,36.336666666666666,11,21,0.524,0,1,0.0,7,8,0.875,2,8,10,2,4,2,3,3,1,8,29,22,55.0,1,0,51.0,1,35,35,35,11,4,1,38,3,1,3,11,11,16,24,18,23,55,10,7,2,61,8,5,2,4,4,1,3,4,1,36:20,1,2020-21
2020-21,1628389,Bam Adebayo,Bam,1610612748,MIA,Miami Heat,0022000664,2021-03-23T00:00:00,MIA vs. PHX,L,32.4,4,9,0.444,0,0,0.0,8,9,0.889,3,5,8,6,1,0,1,0,1,6,16,-15,36.6,0,0,32.0,1,35,35,35,49,56,54,52,3,9,3,8,9,15,10,42,34,19,45,43,20,1,8,18,41,59,48,34,3,50,1,32:24,1,2020-21
2020-21,1628389,Bam Adebayo,Bam,1610612748,MIA,Miami Heat,0022000678,2021-03-25T00:00:00,MIA vs. POR,L,31.948333333333334,13,16,0.813,0,0,0.0,3,3,1.0,2,7,9,7,2,0,5,0,1,3,29,11,63.3,0,0,55.0,1,35,35,35,51,2,7,4,3,9,3,36,47,1,24,25,30,12,31,43,1,1,8,52,2,10,1,34,3,2,1,31:57,1,2020-21
2020-21,1628389,Bam Adebayo,Bam,1610612748,MIA,Miami Heat,0022000686,2021-03-26T00:00:00,MIA @ CHA,L,35.001666666666665,7,11,0.636,0,0,0.0,3,6,0.5,1,7,8,2,1,2,0,2,1,6,17,-5,34.6,0,0,31.0,1,35,35,35,22,27,40,23,3,9,3,36,19,54,44,25,34,55,45,7,41,54,8,18,37,42,52,34,3,53,1,35:00,1,2020-21
2020-21,1628389,Bam Adebayo,Bam,1610612748,MIA,Miami Heat,0022000710,2021-03-29T00:00:00,MIA @ NYK,W,37.483333333333334,9,17,0.529,0,0,0.0,2,3,0.667,7,10,17,4,1,1,2,1,0,6,20,10,54.4,1,0,47.0,1,1,1,1,4,11,4,36,3,9,3,48,47,43,1,4,1,41,45,26,6,41,1,18,21,12,5,1,3,6,1,37:29,1,2020-21
2020-21,1628389,Bam Adebayo,Bam,1610612748,MIA,Miami Heat,0022000722,2021-03-31T00:00:00,MIA @ IND,W,34.89,4,10,0.4,0,0,0.0,8,12,0.667,3,5,8,7,2,1,2,1,2,6,16,16,43.1,0,0,37.0,1,1,1,1,25,56,47,57,3,9,3,8,3,43,10,42,34,12,31,26,6,41,23,18,41,6,30,34,3,33,1,34:53,1,2020-21
2020-21,1628389,Bam Adebayo,Bam,1610612748,MIA,Miami Heat,0022000733,2021-04-01T00:00:00,MIA vs. GSW,W,30.473333333333333,5,13,0.385,0,0,0.0,9,9,1.0,1,7,8,6,3,0,1,2,3,7,19,9,37.6,0,0,35.0,1,1,1,1,54,49,25,59,3,9,3,7,9,1,44,25,34,19,17,43,20,54,44,9,27,14,46,34,3,39,1,30:28,1,2020-21
2020-21,1628389,Bam Adebayo,Bam,1610612748,MIA,Miami Heat,0022000749,2021-04-03T00:00:00,MIA vs. CLE,W,30.516666666666666,9,12,0.75,0,1,0.0,0,0,0.0,2,9,11,5,1,1,1,0,0,1,18,13,43.7,1,0,38.0,1,1,1,1,53,11,34,6,3,1,3,60,61,60,24,9,15,29,45,26,20,1,1,64,33,8,25,1,3,29,1,30:31,1,2020-21
2020-21,1628389,Bam Adebayo,Bam,1610612748,MIA,Miami Heat,0022000773,2021-04-06T00:00:00,MIA vs. MEM,L,33.333333333333336,9,14,0.643,0,0,0.0,0,3,0.0,2,8,10,10,0,3,0,1,2,5,18,-8,54.0,1,1,44.0,1,35,35,35,40,11,19,20,3,9,3,60,47,60,24,18,23,2,61,3,41,41,23,30,33,51,6,1,1,10,1,33:20,1,2020-21
2020-21,1628389,Bam Adebayo,Bam,1610612748,MIA,Miami Heat,0022000784,2021-04-08T00:00:00,MIA vs. LAL,W,28.253333333333334,6,12,0.5,0,0,0.0,1,3,0.333,2,5,7,4,2,0,2,0,5,3,13,3,31.4,0,0,28.0,1,1,1,1,59,38,34,39,3,9,3,56,47,59,24,42,45,41,31,43,6,1,57,52,56,26,57,34,3,58,1,28:15,1,2020-21
2020-21,1628389,Bam Adebayo,Bam,1610612748,MIA,Miami Heat,0022000814,2021-04-11T00:00:00,MIA @ POR,W,34.81666666666667,9,14,0.643,0,0,0.0,4,8,0.5,0,3,3,2,2,2,0,0,2,5,22,-1,32.6,0,0,31.0,1,1,1,1,26,11,19,20,3,9,3,26,11,54,57,58,62,55,31,7,41,1,23,30,14,34,56,34,3,53,1,34:49,1,2020-21
2020-21,1628389,Bam Adebayo,Bam,1610612748,MIA,Miami Heat,0022000827,2021-04-13T00:00:00,MIA @ PHX,L,33.12,4,6,0.667,0,0,0.0,3,4,0.75,4,6,10,5,4,3,1,0,2,5,11,2,38.5,1,0,34.0,1,35,35,35,44,56,62,15,3,9,3,36,38,36,7,36,23,29,10,3,20,1,23,30,59,28,40,1,3,44,1,33:07,1,2020-21
2020-21,1628389,Bam Adebayo,Bam,1610612748,MIA,Miami Heat,0022000838,2021-04-14T00:00:00,MIA @ DEN,L,30.336666666666666,7,16,0.438,0,0,0.0,7,8,0.875,1,5,6,2,6,2,2,3,1,4,21,-13,37.2,0,0,37.0,1,35,35,35,56,27,7,53,3,9,3,11,11,16,44,42,50,55,5,7,6,61,8,43,17,57,47,34,3,33,1,30:20,1,2020-21
2020-21,1628389,Bam Adebayo,Bam,1610612748,MIA,Miami Heat,0022000852,2021-04-16T00:00:00,MIA @ MIN,L,33.26,7,8,0.875,0,0,0.0,3,5,0.6,0,4,4,4,2,0,0,0,4,7,17,-6,25.8,0,0,25.0,1,35,35,35,41,27,58,3,3,9,3,36,30,51,57,53,58,41,31,43,41,1,50,9,37,46,62,34,3,62,1,33:16,1,2020-21
2020-21,1628389,Bam Adebayo,Bam,1610612748,MIA,Miami Heat,0022000863,2021-04-18T00:00:00,MIA vs. BKN,W,32.653333333333336,9,16,0.563,0,0,0.0,3,5,0.6,5,10,15,5,7,2,0,1,3,4,21,9,45.5,1,0,45.0,1,1,1,1,48,11,7,31,3,9,3,36,30,51,4,4,3,29,2,7,41,41,44,43,17,14,16,1,3,9,1,32:39,1,2020-21
2020-21,1628389,Bam Adebayo,Bam,1610612748,MIA,Miami Heat,0022000888,2021-04-21T00:00:00,MIA @ SAS,W,31.383333333333333,8,12,0.667,0,0,0.0,7,8,0.875,1,7,8,5,1,3,1,0,1,7,23,1,51.1,0,0,44.0,1,1,1,1,52,21,34,15,3,9,3,11,11,16,44,25,34,29,45,3,20,1,8,9,11,31,9,34,3,10,1,31:23,1,2020-21
2020-21,1628389,Bam Adebayo,Bam,1610612748,MIA,Miami Heat,0022000898,2021-04-23T00:00:00,MIA @ ATL,L,36.416666666666664,6,12,0.5,0,0,0.0,4,6,0.667,0,3,3,5,5,3,1,1,2,7,16,-6,34.1,0,0,32.0,1,35,35,35,9,38,34,39,3,9,3,26,19,43,57,58,62,29,6,3,20,41,23,9,41,46,54,34,3,50,1,36:25,1,2020-21
2020-21,1628389,Bam Adebayo,Bam,1610612748,MIA,Miami Heat,0022000907,2021-04-24T00:00:00,MIA vs. CHI,W,35.06666666666667,7,13,0.538,0,0,0.0,6,7,0.857,2,4,6,10,1,2,0,0,2,4,20,0,47.2,1,0,40.0,1,1,1,1,21,27,25,33,3,9,3,16,17,21,24,53,50,2,45,7,41,1,23,43,21,33,12,1,3,17,1,35:04,1,2020-21
2020-21,1628389,Bam Adebayo,Bam,1610612748,MIA,Miami Heat,0022000922,2021-04-26T00:00:00,MIA vs. CHI,L,36.88333333333333,9,14,0.643,0,0,0.0,5,6,0.833,2,4,6,2,1,2,2,1,1,5,23,-16,44.2,0,0,39.0,1,35,35,35,6,11,19,20,3,9,3,17,19,23,24,53,50,55,45,7,6,41,8,30,11,60,21,34,3,25,1,36:53,1,2020-21
2020-21,1628389,Bam Adebayo,Bam,1610612748,MIA,Miami Heat,0022000938,2021-04-28T00:00:00,MIA vs. SAS,W,32.08166666666666,7,11,0.636,0,0,0.0,7,8,0.875,4,7,11,2,2,1,0,0,4,6,21,-6,38.2,1,0,36.0,1,1,1,1,50,27,40,23,3,9,3,11,11,16,7,25,15,55,31,26,41,1,50,18,17,46,42,1,3,38,1,32:05,1,2020-21
2020-21,1628389,Bam Adebayo,Bam,1610612748,MIA,Miami Heat,0022000960,2021-05-01T00:00:00,MIA @ CLE,W,33.0,6,13,0.462,0,0,0.0,1,2,0.5,2,8,10,6,0,4,0,1,2,3,13,23,46.0,1,0,37.0,1,1,1,1,45,38,25,47,3,9,3,56,55,54,24,18,23,19,61,1,41,41,23,52,56,3,14,1,3,33,1,33:00,1,2020-21
2020-21,1628389,Bam Adebayo,Bam,1610612748,MIA,Miami Heat,0022000969,2021-05-02T00:00:00,MIA @ CHA,W,33.538333333333334,9,13,0.692,0,0,0.0,2,3,0.667,2,5,7,10,3,1,0,0,2,5,20,5,43.4,1,0,39.0,1,1,1,1,37,11,25,12,3,9,3,48,47,43,24,42,45,2,17,26,41,1,23,30,21,20,29,1,3,25,1,33:32,1,2020-21
2020-21,1628389,Bam Adebayo,Bam,1610612748,MIA,Miami Heat,0022000986,2021-05-04T00:00:00,MIA vs. DAL,L,30.366666666666667,4,10,0.4,0,0,0.0,3,6,0.5,3,6,9,11,3,2,0,2,1,4,11,-22,41.3,1,0,35.0,1,35,35,35,55,56,47,57,3,9,3,36,19,54,10,36,30,1,17,7,41,54,8,43,59,62,35,1,3,39,1,30:22,1,2020-21
2020-21,1628389,Bam Adebayo,Bam,1610612748,MIA,Miami Heat,0022001005,2021-05-07T00:00:00,MIA vs. MIN,W,32.766666666666666,6,10,0.6,0,0,0.0,3,4,0.75,0,4,4,4,2,2,2,0,4,2,15,-4,35.8,0,0,31.0,1,1,1,1,47,38,47,28,3,9,3,36,38,36,57,53,58,41,31,7,6,1,50,56,48,41,49,34,3,53,1,32:46,1,2020-21
2020-21,1628389,Bam Adebayo,Bam,1610612748,MIA,Miami Heat,0022000145,2021-05-09T00:00:00,MIA @ BOS,W,33.25,5,5,1.0,0,0,0.0,10,11,0.909,1,5,6,3,3,2,0,0,4,8,20,-3,34.7,0,0,33.0,1,1,1,1,42,49,63,1,3,9,3,5,5,13,44,42,50,52,17,7,41,1,50,5,21,37,51,34,3,48,1,33:15,1,2020-21
2020-21,1628389,Bam Adebayo,Bam,1610612748,MIA,Miami Heat,0022001032,2021-05-11T00:00:00,MIA @ BOS,W,34.556666666666665,10,15,0.667,0,0,0.0,2,3,0.667,2,5,7,5,4,1,2,1,4,5,22,8,42.9,0,0,40.0,1,1,1,1,30,6,14,15,3,9,3,48,47,43,24,42,45,29,10,26,6,41,50,30,14,17,33,34,3,17,1,34:33,1,2020-21
2020-21,1628389,Bam Adebayo,Bam,1610612748,MIA,Miami Heat,0022001050,2021-05-13T00:00:00,MIA vs. PHI,W,34.6,9,13,0.692,0,0,0.0,0,0,0.0,3,9,12,8,1,0,1,0,1,2,18,8,46.4,1,0,40.0,1,1,1,1,29,11,25,12,3,9,3,60,61,60,10,9,10,9,45,43,20,1,8,56,33,17,13,1,3,17,1,34:36,1,2020-21
2020-21,1628389,Bam Adebayo,Bam,1610612748,MIA,Miami Heat,0022001062,2021-05-15T00:00:00,MIA @ MIL,L,33.21666666666667,2,9,0.222,0,0,0.0,1,1,1.0,1,7,8,8,2,2,0,0,1,2,5,-7,30.6,0,0,25.0,1,35,35,35,43,63,54,64,3,9,3,56,60,1,44,25,34,9,31,7,41,1,8,56,64,49,59,34,3,62,1,33:13,1,2020-21
2021-22,1628389,Bam Adebayo,Bam,1610612748,MIA,Miami Heat,0022100015,2021-10-21T00:00:00,MIA vs. MIL,W,23.166666666666668,9,13,0.692,0,0,0.0,2,5,0.4,4,9,13,1,3,1,0,0,3,6,20,30,37.1,1,0,36.0,1,1,1,1,56,11,23,9,1,7,1,44,36,53,6,14,8,46,18,21,28,1,21,17,20,1,34,1,1,29,1,23:10,1,2021-22
2021-22,1628389,Bam Adebayo,Bam,1610612748,MIA,Miami Heat,0022100028,2021-10-23T00:00:00,MIA @ IND,L,39.355,6,15,0.4,0,0,0.0,5,6,0.833,2,14,16,3,5,1,1,1,4,4,17,-7,41.7,1,0,40.0,1,37,37,37,4,35,17,51,1,7,1,22,28,23,24,3,3,27,2,21,12,26,35,40,32,47,25,1,1,18,1,39:21,1,2021-22
2021-22,1628389,Bam Adebayo,Bam,1610612748,MIA,Miami Heat,0022100045,2021-10-25T00:00:00,MIA vs. ORL,W,29.033333333333335,4,9,0.444,0,0,0.0,8,8,1.0,3,10,13,2,0,1,0,1,1,8,16,8,37.6,1,0,33.0,1,1,1,1,48,48,48,44,1,7,1,2,13,1,14,9,8,37,54,21,28,26,1,2,37,24,32,1,1,33,1,29:02,1,2021-22
2021-22,1628389,Bam Adebayo,Bam,1610612748,MIA,Miami Heat,0022100057,2021-10-27T00:00:00,MIA @ BKN,W,30.145,8,17,0.471,0,0,0.0,8,9,0.889,1,8,9,0,2,0,0,2,3,6,24,1,32.8,0,0,33.0,1,1,1,1,43,16,9,40,1,7,1,2,8,15,43,20,29,55,28,46,28,49,21,17,10,34,41,28,1,33,1,30:09,1,2021-22
2021-22,1628389,Bam Adebayo,Bam,1610612748,MIA,Miami Heat,0022100073,2021-10-29T00:00:00,MIA vs. CHA,W,35.71666666666667,10,16,0.625,0,0,0.0,6,6,1.0,4,15,19,2,5,2,1,1,2,5,26,18,55.8,1,0,53.0,1,1,1,1,12,8,12,18,1,7,1,13,28,1,6,1,1,37,2,10,12,26,9,27,8,10,5,1,1,4,1,35:43,1,2021-22
2021-22,1628389,Bam Adebayo,Bam,1610612748,MIA,Miami Heat,0022100104,2021-11-02T00:00:00,MIA @ DAL,W,32.69,8,18,0.444,0,0,0.0,6,7,0.857,3,10,13,1,2,0,2,1,3,5,22,12,43.1,1,0,40.0,1,1,1,1,30,16,7,44,1,7,1,13,19,18,14,9,8,46,28,46,6,26,21,27,13,15,22,1,1,18,1,32:41,1,2021-22
2021-22,1628389,Bam Adebayo,Bam,1610612748,MIA,Miami Heat,0022100121,2021-11-04T00:00:00,MIA vs. BOS,L,29.783333333333335,4,8,0.5,0,0,0.0,5,6,0.833,1,6,7,4,5,2,0,1,2,4,13,-12,28.4,0,0,28.0,1,37,37,37,46,48,51,34,1,7,1,22,28,23,43,37,42,15,2,10,28,26,9,40,50,52,48,28,1,47,1,29:47,1,2021-22
2021-22,1628389,Bam Adebayo,Bam,1610612748,MIA,Miami Heat,0022100134,2021-11-06T00:00:00,MIA vs. UTA,W,35.71666666666667,7,12,0.583,0,0,0.0,3,4,0.75,2,4,6,6,5,1,0,1,4,5,17,4,31.2,0,0,31.0,1,1,1,1,12,24,26,24,1,7,1,37,39,29,24,48,49,4,2,21,28,26,35,27,32,32,46,28,1,37,1,35:43,1,2021-22
2021-22,1628389,Bam Adebayo,Bam,1610612748,MIA,Miami Heat,0022100151,2021-11-08T00:00:00,MIA @ DEN,L,31.066666666666666,3,10,0.3,0,0,0.0,4,6,0.667,0,10,10,2,2,1,0,1,2,5,10,-17,26.0,1,0,24.0,1,37,37,37,37,54,39,55,1,7,1,29,28,37,51,9,24,37,28,21,28,26,9,27,53,54,53,1,1,53,1,31:04,1,2021-22
2021-22,1628389,Bam Adebayo,Bam,1610612748,MIA,Miami Heat,0022100170,2021-11-10T00:00:00,MIA @ LAL,L,33.605,9,20,0.45,0,0,0.0,10,11,0.909,2,8,10,4,4,6,0,1,6,8,28,3,60.0,1,0,54.0,1,37,37,37,21,11,4,43,1,7,1,1,2,14,24,20,24,15,9,1,28,26,55,2,7,33,4,1,1,3,1,33:36,1,2021-22
2021-22,1628389,Bam Adebayo,Bam,1610612748,MIA,Miami Heat,0022100173,2021-11-11T00:00:00,MIA @ LAC,L,39.86333333333334,12,18,0.667,0,0,0.0,6,8,0.75,4,7,11,0,2,1,1,2,3,5,30,-5,47.2,1,0,45.0,1,37,37,37,3,4,7,11,1,7,1,13,13,29,6,26,19,55,28,21,12,49,21,27,3,43,13,1,1,10,1,39:52,1,2021-22
2021-22,1628389,Bam Adebayo,Bam,1610612748,MIA,Miami Heat,0022100185,2021-11-13T00:00:00,MIA @ UTA,W,36.74166666666667,4,11,0.364,0,0,0.0,5,5,1.0,3,4,7,7,1,1,1,1,4,3,13,-1,36.9,0,0,31.0,1,1,1,1,7,48,35,52,1,7,1,22,36,1,14,48,42,3,43,21,12,26,35,51,50,37,35,28,1,37,1,36:45,1,2021-22
2021-22,1628389,Bam Adebayo,Bam,1610612748,MIA,Miami Heat,0022100225,2021-11-18T00:00:00,MIA vs. WAS,W,30.158333333333335,9,16,0.563,0,0,0.0,2,2,1.0,4,5,9,2,2,0,0,1,4,1,20,16,31.8,0,0,31.0,1,1,1,1,42,11,12,28,1,7,1,44,48,1,6,45,29,37,28,46,28,26,35,55,20,13,44,28,1,37,1,30:10,1,2021-22
2021-22,1628389,Bam Adebayo,Bam,1610612748,MIA,Miami Heat,0022100241,2021-11-20T00:00:00,MIA @ WAS,L,29.433333333333334,5,12,0.417,0,1,0.0,5,6,0.833,4,2,6,3,3,0,0,1,5,6,15,-6,23.7,0,0,24.0,1,37,37,37,47,41,26,48,1,1,1,22,28,23,6,56,49,27,18,46,28,26,50,17,42,44,55,28,1,53,1,29:26,1,2021-22
2021-22,1628389,Bam Adebayo,Bam,1610612748,MIA,Miami Heat,0022100263,2021-11-23T00:00:00,MIA @ DET,W,30.983333333333334,6,10,0.6,0,0,0.0,3,6,0.5,3,6,9,5,2,1,0,0,2,5,15,-6,34.3,0,0,31.0,1,1,1,1,38,35,39,22,1,7,1,37,28,46,14,37,29,8,28,21,28,1,9,27,42,44,38,28,1,37,1,30:59,1,2021-22
2021-22,1628389,Bam Adebayo,Bam,1610612748,MIA,Miami Heat,0022100274,2021-11-24T00:00:00,MIA @ MIN,L,36.31166666666667,7,10,0.7,0,0,0.0,4,11,0.364,2,3,5,3,4,1,0,2,4,8,18,-8,27.5,0,0,28.0,1,37,37,37,9,24,39,7,1,7,1,29,2,54,24,54,55,27,9,21,28,49,35,2,28,48,51,28,1,47,1,36:19,1,2021-22
2021-22,1628389,Bam Adebayo,Bam,1610612748,MIA,Miami Heat,0022100296,2021-11-27T00:00:00,MIA @ CHI,W,33.01,4,9,0.444,0,0,0.0,1,2,0.5,1,6,7,6,1,1,0,1,2,3,9,7,28.4,0,0,24.0,1,1,1,1,26,48,48,44,1,7,1,53,48,46,43,37,42,4,43,21,28,26,9,51,54,27,48,28,1,53,1,33:01,1,2021-22
2021-22,1628389,Bam Adebayo,Bam,1610612748,MIA,Miami Heat,0022100306,2021-11-29T00:00:00,MIA vs. DEN,L,35.1,11,19,0.579,0,0,0.0,2,4,0.5,6,7,13,6,5,0,0,0,5,4,24,-9,43.6,1,0,43.0,1,37,37,37,16,6,5,26,1,7,1,44,39,46,2,26,8,4,2,46,28,1,50,40,10,50,21,1,1,13,1,35:06,1,2021-22
2021-22,1628389,Bam Adebayo,Bam,1610612748,MIA,Miami Heat,0022100662,2022-01-17T00:00:00,MIA vs. TOR,W,31.683333333333334,4,12,0.333,0,0,0.0,6,7,0.857,3,6,9,2,2,1,1,1,1,8,14,6,31.8,0,0,29.0,1,1,1,1,34,48,26,53,1,7,1,13,19,18,14,37,29,37,28,21,12,26,1,2,46,28,44,28,1,46,1,31:41,1,2021-22
2021-22,1628389,Bam Adebayo,Bam,1610612748,MIA,Miami Heat,0022100672,2022-01-19T00:00:00,MIA vs. POR,W,32.443333333333335,8,12,0.667,0,0,0.0,4,7,0.571,2,9,11,4,3,5,3,1,2,4,20,-1,60.2,1,0,51.0,1,1,1,1,31,16,26,11,1,7,1,29,19,43,24,14,19,15,18,2,2,26,9,40,20,37,3,1,1,5,1,32:27,1,2021-22
2021-22,1628389,Bam Adebayo,Bam,1610612748,MIA,Miami Heat,0022100687,2022-01-21T00:00:00,MIA @ ATL,L,33.95,7,13,0.538,0,0,0.0,7,7,1.0,1,5,6,5,3,1,1,0,3,4,21,8,38.7,0,0,36.0,1,37,37,37,19,24,23,30,1,7,1,9,19,1,43,45,49,8,18,21,12,1,21,40,17,24,30,28,1,29,1,33:57,1,2021-22
2021-22,1628389,Bam Adebayo,Bam,1610612748,MIA,Miami Heat,0022100700,2022-01-23T00:00:00,MIA vs. LAL,W,32.83166666666666,6,10,0.6,0,0,0.0,2,2,1.0,1,7,8,5,5,1,1,0,6,5,14,8,32.1,0,0,31.0,1,1,1,1,28,35,39,22,1,7,1,44,48,1,43,26,39,8,2,21,12,1,55,27,46,24,43,28,1,37,1,32:50,1,2021-22
2021-22,1628389,Bam Adebayo,Bam,1610612748,MIA,Miami Heat,0022100727,2022-01-26T00:00:00,MIA vs. NYK,W,30.85,3,7,0.429,0,0,0.0,0,0,0.0,3,5,8,11,3,2,1,0,3,4,6,18,38.1,0,0,31.0,1,1,1,1,39,54,55,47,1,7,1,55,55,55,14,45,39,1,18,10,12,1,21,40,55,10,31,28,1,37,1,30:51,1,2021-22
2021-22,1628389,Bam Adebayo,Bam,1610612748,MIA,Miami Heat,0022100738,2022-01-28T00:00:00,MIA vs. LAC,W,35.983333333333334,7,14,0.5,0,0,0.0,6,7,0.857,2,10,12,4,3,1,0,1,1,5,20,11,40.4,1,0,38.0,1,1,1,1,11,24,20,34,1,7,1,13,19,18,24,9,13,15,18,21,28,26,1,27,20,19,28,1,1,25,1,35:59,1,2021-22
2021-22,1628389,Bam Adebayo,Bam,1610612748,MIA,Miami Heat,0022100748,2022-01-29T00:00:00,MIA vs. TOR,L,45.43333333333333,5,12,0.417,0,0,0.0,4,7,0.571,7,9,16,1,6,3,2,2,5,8,14,-8,43.7,1,0,41.0,1,37,37,37,1,41,26,48,1,7,1,29,19,43,1,14,3,46,1,4,6,49,50,2,46,48,20,1,1,14,1,45:26,1,2021-22
2021-22,1628389,Bam Adebayo,Bam,1610612748,MIA,Miami Heat,0022100762,2022-01-31T00:00:00,MIA @ BOS,L,31.615,5,11,0.455,0,0,0.0,2,3,0.667,2,3,5,5,2,3,1,0,4,6,12,-20,35.5,0,0,30.0,1,37,37,37,35,41,35,42,1,7,1,44,45,37,24,54,55,8,28,4,12,1,35,17,52,55,36,28,1,45,1,31:37,1,2021-22
2021-22,1628389,Bam Adebayo,Bam,1610612748,MIA,Miami Heat,0022100784,2022-02-01T00:00:00,MIA @ TOR,L,35.46666666666667,13,17,0.765,0,1,0.0,6,7,0.857,4,7,11,2,2,2,1,0,4,8,32,-2,55.2,1,0,51.0,1,37,37,37,15,2,9,5,1,1,1,13,19,18,6,26,19,37,28,10,12,1,35,2,2,40,6,1,1,5,1,35:28,1,2021-22
2021-22,1628389,Bam Adebayo,Bam,1610612748,MIA,Miami Heat,0022100521,2022-02-03T00:00:00,MIA @ SAS,W,30.55,7,13,0.538,0,1,0.0,4,6,0.667,2,9,11,3,1,4,0,1,4,5,18,26,46.7,1,0,40.0,1,1,1,1,41,24,23,30,1,1,1,29,28,37,24,14,19,27,43,3,28,26,35,27,28,2,14,1,1,18,1,30:33,1,2021-22
2021-22,1628389,Bam Adebayo,Bam,1610612748,MIA,Miami Heat,0022100797,2022-02-05T00:00:00,MIA @ CHA,W,27.618333333333332,7,21,0.333,0,0,0.0,6,7,0.857,3,9,12,3,3,3,2,2,1,4,20,17,50.9,1,0,45.0,1,1,1,1,50,24,1,53,1,7,1,13,19,18,14,14,13,27,18,4,6,49,1,40,20,12,9,1,1,10,1,27:37,1,2021-22
2021-22,1628389,Bam Adebayo,Bam,1610612748,MIA,Miami Heat,0022100811,2022-02-07T00:00:00,MIA @ WAS,W,24.211666666666666,7,11,0.636,0,0,0.0,7,8,0.875,1,6,7,4,3,1,0,0,3,7,21,10,35.4,0,0,34.0,1,1,1,1,54,24,35,16,1,7,1,9,13,17,43,37,42,15,18,21,28,1,21,9,17,21,37,28,1,32,1,24:13,1,2021-22
2021-22,1628389,Bam Adebayo,Bam,1610612748,MIA,Miami Heat,0022100833,2022-02-10T00:00:00,MIA @ NOP,W,35.71666666666667,13,21,0.619,0,0,0.0,3,4,0.75,6,4,10,1,1,3,0,3,1,4,29,25,50.5,1,0,46.0,1,1,1,1,12,2,1,21,1,7,1,37,39,29,2,48,24,46,43,4,28,56,1,40,6,3,10,1,1,8,1,35:43,1,2021-22
2021-22,1628389,Bam Adebayo,Bam,1610612748,MIA,Miami Heat,0022100851,2022-02-12T00:00:00,MIA vs. BKN,W,37.03333333333333,8,12,0.667,0,0,0.0,3,5,0.6,2,12,14,4,5,1,0,0,3,6,19,22,39.8,1,0,39.0,1,1,1,1,5,16,26,11,1,7,1,37,36,42,24,5,7,15,2,21,28,1,21,17,25,7,29,1,1,23,1,37:02,1,2021-22
2021-22,1628389,Bam Adebayo,Bam,1610612748,MIA,Miami Heat,0022100868,2022-02-15T00:00:00,MIA vs. DAL,L,33.05,10,19,0.526,0,0,0.0,1,2,0.5,4,8,12,3,1,0,2,1,4,6,21,0,44.9,1,0,40.0,1,37,37,37,25,8,5,33,1,7,1,53,48,46,6,20,13,27,43,46,6,26,35,17,17,35,15,1,1,18,1,33:03,1,2021-22
2021-22,1628389,Bam Adebayo,Bam,1610612748,MIA,Miami Heat,0022100885,2022-02-17T00:00:00,MIA @ CHA,W,43.81666666666667,5,12,0.417,0,1,0.0,5,10,0.5,5,8,13,5,3,0,3,0,2,7,15,19,44.1,1,0,39.0,1,1,1,1,2,41,26,48,1,1,1,22,4,46,4,20,8,8,18,46,2,1,9,9,42,9,18,1,1,23,1,43:49,1,2021-22
2021-22,1628389,Bam Adebayo,Bam,1610612748,MIA,Miami Heat,0022100900,2022-02-25T00:00:00,MIA @ NYK,W,34.92666666666667,5,10,0.5,0,1,0.0,6,8,0.75,2,14,16,4,1,1,4,0,1,6,16,5,55.2,1,0,46.0,1,1,1,1,17,41,39,34,1,1,1,13,13,29,24,3,3,15,43,21,1,1,1,17,37,31,6,1,1,8,1,34:56,1,2021-22
2021-22,1628389,Bam Adebayo,Bam,1610612748,MIA,Miami Heat,0022100908,2022-02-26T00:00:00,MIA vs. SAS,W,34.45,14,21,0.667,0,0,0.0,8,12,0.667,0,7,7,4,2,2,3,0,3,10,36,-3,63.4,0,0,57.0,1,1,1,1,18,1,1,11,1,7,1,2,1,37,51,26,42,15,28,10,2,1,21,1,1,41,1,28,1,1,1,34:27,1,2021-22
2021-22,1628389,Bam Adebayo,Bam,1610612748,MIA,Miami Heat,0022100922,2022-02-28T00:00:00,MIA vs. CHI,W,28.533333333333335,6,8,0.75,0,0,0.0,3,4,0.75,1,6,7,5,2,2,2,0,4,4,15,20,40.9,0,0,35.0,1,1,1,1,49,35,51,6,1,7,1,37,39,29,43,37,42,8,28,10,6,1,35,40,42,8,26,28,1,31,1,28:32,1,2021-22
2021-22,1628389,Bam Adebayo,Bam,1610612748,MIA,Miami Heat,0022100936,2022-03-02T00:00:00,MIA @ MIL,L,37.0,8,17,0.471,0,0,0.0,2,4,0.5,1,11,12,4,0,2,0,2,5,5,18,-3,44.4,1,0,38.0,1,37,37,37,6,16,9,40,1,7,1,44,39,46,43,6,13,15,54,10,28,49,50,27,28,41,16,1,1,25,1,37:00,1,2021-22
2021-22,1628389,Bam Adebayo,Bam,1610612748,MIA,Miami Heat,0022100941,2022-03-03T00:00:00,MIA @ BKN,W,33.05166666666667,12,15,0.8,0,0,0.0,6,8,0.75,0,11,11,6,4,2,0,0,5,8,30,12,54.2,1,0,51.0,1,1,1,1,24,4,17,2,1,7,1,13,13,29,51,6,19,4,9,10,28,1,50,2,3,15,8,1,1,5,1,33:03,1,2021-22
2021-22,1628389,Bam Adebayo,Bam,1610612748,MIA,Miami Heat,0022100956,2022-03-05T00:00:00,MIA vs. PHI,W,31.35,3,10,0.3,0,0,0.0,0,0,0.0,2,8,10,2,1,1,0,1,4,1,6,6,23.0,0,0,20.0,1,1,1,1,36,54,39,55,1,7,1,55,55,55,24,20,24,37,43,21,28,26,35,55,55,28,56,28,1,56,1,31:21,1,2021-22
2021-22,1628389,Bam Adebayo,Bam,1610612748,MIA,Miami Heat,0022100970,2022-03-07T00:00:00,MIA vs. HOU,W,29.983333333333334,8,15,0.533,0,0,0.0,2,2,1.0,3,7,10,1,2,0,1,1,4,5,18,11,32.5,1,0,31.0,1,1,1,1,44,16,17,32,1,7,1,44,48,1,14,26,24,46,28,46,12,26,35,27,28,19,42,1,1,37,1,29:59,1,2021-22
2021-22,1628389,Bam Adebayo,Bam,1610612748,MIA,Miami Heat,0022100983,2022-03-09T00:00:00,MIA vs. PHX,L,29.9,7,11,0.636,0,0,0.0,3,3,1.0,0,6,6,5,4,1,1,1,1,5,17,-6,33.7,0,0,32.0,1,37,37,37,45,24,35,16,1,7,1,37,45,1,51,37,49,8,9,21,12,26,1,27,32,44,40,28,1,36,1,29:54,1,2021-22
2021-22,1628389,Bam Adebayo,Bam,1610612748,MIA,Miami Heat,0022100998,2022-03-11T00:00:00,MIA vs. CLE,W,32.711666666666666,11,16,0.688,0,0,0.0,8,8,1.0,2,15,17,1,3,3,1,0,4,6,30,12,60.9,1,0,56.0,1,1,1,1,29,6,12,10,1,7,1,2,13,1,24,1,2,46,18,4,12,1,35,17,3,15,2,1,1,2,1,32:43,1,2021-22
2021-22,1628389,Bam Adebayo,Bam,1610612748,MIA,Miami Heat,0022101005,2022-03-12T00:00:00,MIA vs. MIN,L,33.46666666666667,7,12,0.583,0,0,0.0,5,9,0.556,2,10,12,4,4,3,0,0,2,7,19,0,44.4,1,0,41.0,1,37,37,37,22,24,26,24,1,7,1,22,8,45,24,9,13,15,9,4,28,1,9,9,25,35,16,1,1,14,1,33:28,1,2021-22
2021-22,1628389,Bam Adebayo,Bam,1610612748,MIA,Miami Heat,0022101031,2022-03-15T00:00:00,MIA vs. DET,W,24.298333333333332,4,8,0.5,0,0,0.0,8,10,0.8,0,8,8,3,2,0,0,2,4,7,16,25,28.1,0,0,27.0,1,1,1,1,53,48,51,34,1,7,1,2,4,26,51,20,39,27,28,46,28,49,35,9,37,3,50,28,1,50,1,24:18,1,2021-22
2021-22,1628389,Bam Adebayo,Bam,1610612748,MIA,Miami Heat,0022101052,2022-03-18T00:00:00,MIA vs. OKC,W,24.55,8,10,0.8,0,0,0.0,3,3,1.0,2,7,9,3,0,1,0,0,2,4,19,25,37.3,0,0,33.0,1,1,1,1,52,16,39,2,1,7,1,37,45,1,24,26,29,27,54,21,28,1,9,40,25,3,33,28,1,33,1,24:33,1,2021-22
2021-22,1628389,Bam Adebayo,Bam,1610612748,MIA,Miami Heat,0022101074,2022-03-21T00:00:00,MIA @ PHI,L,36.39,9,14,0.643,0,0,0.0,4,4,1.0,2,7,9,2,4,1,3,0,2,5,22,-1,43.8,0,0,41.0,1,37,37,37,8,11,20,15,1,7,1,29,39,1,24,26,29,37,9,21,2,1,9,27,13,37,19,28,1,14,1,36:23,1,2021-22
2021-22,1628389,Bam Adebayo,Bam,1610612748,MIA,Miami Heat,0022101088,2022-03-23T00:00:00,MIA vs. GSW,L,33.88333333333333,9,16,0.563,0,0,0.0,7,10,0.7,5,4,9,4,4,1,0,1,1,7,25,-10,40.8,0,0,40.0,1,37,37,37,20,11,12,28,1,7,1,9,4,36,4,48,29,15,9,21,28,26,1,9,9,51,27,28,1,18,1,33:53,1,2021-22
2021-22,1628389,Bam Adebayo,Bam,1610612748,MIA,Miami Heat,0022101103,2022-03-25T00:00:00,MIA vs. NYK,L,31.916666666666668,6,7,0.857,0,0,0.0,5,7,0.714,3,6,9,1,1,1,1,0,4,6,17,-14,34.3,0,0,31.0,1,37,37,37,32,35,55,1,1,7,1,22,19,35,14,37,29,46,43,21,12,1,35,17,32,53,38,28,1,37,1,31:55,1,2021-22
2021-22,1628389,Bam Adebayo,Bam,1610612748,MIA,Miami Heat,0022101111,2022-03-26T00:00:00,MIA vs. BKN,L,24.116666666666667,5,8,0.625,0,1,0.0,4,6,0.667,2,4,6,2,4,1,2,0,3,4,14,-21,29.2,0,0,28.0,1,37,37,37,55,41,51,18,1,1,1,29,28,37,24,48,49,37,9,21,6,1,21,40,46,56,47,28,1,47,1,24:07,1,2021-22
2021-22,1628389,Bam Adebayo,Bam,1610612748,MIA,Miami Heat,0022101125,2022-03-28T00:00:00,MIA vs. SAC,W,31.7,10,16,0.625,0,0,0.0,2,2,1.0,4,11,15,1,2,2,1,0,3,3,22,24,48.5,1,0,44.0,1,1,1,1,33,8,12,18,1,7,1,44,48,1,6,6,6,46,28,10,12,1,21,51,13,6,11,1,1,12,1,31:42,1,2021-22
2021-22,1628389,Bam Adebayo,Bam,1610612748,MIA,Miami Heat,0022101139,2022-03-30T00:00:00,MIA @ BOS,W,33.416666666666664,5,10,0.5,0,0,0.0,7,9,0.778,3,9,12,8,1,2,0,1,3,6,17,12,48.4,1,0,41.0,1,1,1,1,23,41,39,34,1,7,1,9,8,28,14,14,13,2,43,10,28,26,21,17,32,15,12,1,1,14,1,33:25,1,2021-22
2021-22,1628389,Bam Adebayo,Bam,1610612748,MIA,Miami Heat,0022101164,2022-04-02T00:00:00,MIA @ CHI,W,25.833333333333332,7,9,0.778,0,0,0.0,2,2,1.0,0,7,7,3,4,0,0,0,3,3,16,14,24.9,0,0,26.0,1,1,1,1,51,24,48,4,1,7,1,44,48,1,51,26,42,27,9,46,28,1,21,51,37,14,54,28,1,51,1,25:50,1,2021-22
2021-22,1628389,Bam Adebayo,Bam,1610612748,MIA,Miami Heat,0022101172,2022-04-03T00:00:00,MIA @ TOR,W,36.18333333333333,6,12,0.5,0,0,0.0,4,9,0.444,2,7,9,1,2,0,0,0,3,7,16,10,26.3,0,0,26.0,1,1,1,1,10,35,26,34,1,7,1,29,8,52,24,26,29,46,28,46,28,1,21,9,37,21,52,28,1,51,1,36:11,1,2021-22
2021-22,1628389,Bam Adebayo,Bam,1610612748,MIA,Miami Heat,0022101181,2022-04-05T00:00:00,MIA vs. CHA,W,30.616666666666667,7,10,0.7,0,0,0.0,8,9,0.889,2,7,9,3,1,1,1,1,2,7,22,9,42.3,0,0,38.0,1,1,1,1,40,24,39,7,1,7,1,2,8,15,24,26,29,27,43,21,12,26,9,9,13,23,23,28,1,25,1,30:37,1,2021-22
2021-22,1628389,Bam Adebayo,Bam,1610612748,MIA,Miami Heat,0022101207,2022-04-08T00:00:00,MIA vs. ATL,W,32.85,8,14,0.571,0,0,0.0,8,10,0.8,2,4,6,4,1,2,0,0,2,7,24,6,42.2,0,0,38.0,1,1,1,1,27,16,20,27,1,7,1,2,4,26,24,48,49,15,43,10,28,1,9,9,10,28,24,28,1,25,1,32:51,1,2021-22
2022-23,1628389,Bam Adebayo,Bam,1610612748,MIA,Miami Heat,0022200007,2022-10-19T00:00:00,MIA vs. CHI,L,33.99166666666667,5,15,0.333,0,0,0.0,2,3,0.667,1,8,9,2,5,0,1,1,4,3,12,-15,23.8,0,0,25.0,1,41,41,41,52,61,31,71,2,12,2,52,55,51,53,21,33,49,1,53,16,42,53,57,70,66,71,32,1,67,1,33:60,1,2022-23
2022-23,1628389,Bam Adebayo,Bam,1610612748,MIA,Miami Heat,0022200022,2022-10-21T00:00:00,MIA vs. BOS,L,34.87,8,11,0.727,0,0,0.0,3,4,0.75,3,5,8,5,5,2,0,0,4,4,19,20,37.1,0,0,36.0,1,41,41,41,44,30,62,6,2,12,2,43,43,43,23,50,40,9,1,8,42,1,53,41,38,4,45,32,1,41,1,34:52,1,2022-23
2022-23,1628389,Bam Adebayo,Bam,1610612748,MIA,Miami Heat,0022200031,2022-10-22T00:00:00,MIA vs. TOR,W,35.7,4,6,0.667,0,1,0.0,2,2,1.0,0,7,7,1,3,0,0,0,3,4,10,5,16.9,0,0,18.0,1,1,1,1,37,71,74,10,2,2,2,52,61,1,69,26,50,62,19,53,42,1,35,41,72,27,74,32,1,74,1,35:42,1,2022-23
2022-23,1628389,Bam Adebayo,Bam,1610612748,MIA,Miami Heat,0022200045,2022-10-24T00:00:00,MIA vs. TOR,L,37.68333333333333,4,14,0.286,0,0,0.0,6,6,1.0,4,6,10,3,3,1,2,0,1,6,14,5,36.5,1,0,33.0,1,41,41,41,17,71,42,74,2,12,2,14,24,1,9,38,28,31,19,28,6,1,7,12,64,27,46,1,1,47,1,37:41,1,2022-23
2022-23,1628389,Bam Adebayo,Bam,1610612748,MIA,Miami Heat,0022200065,2022-10-26T00:00:00,MIA @ POR,W,28.35,6,11,0.545,0,1,0.0,6,7,0.857,3,5,8,3,3,1,0,0,3,6,18,17,32.1,0,0,31.0,1,1,1,1,70,55,62,37,2,2,2,14,17,30,23,50,40,31,19,28,42,1,35,12,42,8,57,32,1,55,1,28:21,1,2022-23
2022-23,1628389,Bam Adebayo,Bam,1610612748,MIA,Miami Heat,0022200068,2022-10-27T00:00:00,MIA @ GSW,L,37.733333333333334,10,13,0.769,0,0,0.0,6,8,0.75,4,4,8,1,5,4,3,0,2,4,26,-12,53.1,0,0,49.0,1,41,41,41,14,15,53,3,2,12,2,14,9,43,9,56,40,62,1,1,1,1,15,41,14,63,8,32,1,8,1,37:44,1,2022-23
2022-23,1628389,Bam Adebayo,Bam,1610612748,MIA,Miami Heat,0022200081,2022-10-29T00:00:00,MIA @ SAC,L,37.693333333333335,9,16,0.563,0,0,0.0,5,6,0.833,2,4,6,4,1,0,2,1,6,4,23,6,41.2,0,0,37.0,1,41,41,41,16,23,24,32,2,12,2,27,24,35,32,56,61,17,57,53,6,42,74,41,20,22,35,32,1,38,1,37:42,1,2022-23
2022-23,1628389,Bam Adebayo,Bam,1610612748,MIA,Miami Heat,0022200104,2022-11-01T00:00:00,MIA vs. GSW,W,37.18833333333333,8,15,0.533,0,0,0.0,3,3,1.0,1,6,7,6,2,3,1,1,4,4,19,0,46.4,0,0,40.0,1,1,1,1,22,30,31,40,2,12,2,43,55,1,53,38,50,3,38,3,16,42,53,41,38,48,21,32,1,26,1,37:11,1,2022-23
2022-23,1628389,Bam Adebayo,Bam,1610612748,MIA,Miami Heat,0022200109,2022-11-02T00:00:00,MIA vs. SAC,W,32.086666666666666,9,16,0.563,0,0,0.0,2,2,1.0,2,9,11,6,4,0,0,1,5,3,20,2,38.2,1,0,37.0,1,1,1,1,62,23,24,32,2,12,2,52,61,1,32,14,20,3,11,53,42,42,64,57,32,39,41,1,1,38,1,32:05,1,2022-23
2022-23,1628389,Bam Adebayo,Bam,1610612748,MIA,Miami Heat,0022200121,2022-11-04T00:00:00,MIA @ IND,L,33.873333333333335,7,14,0.5,0,1,0.0,4,4,1.0,3,7,10,4,5,1,0,0,4,5,18,3,34.0,1,0,34.0,1,41,41,41,54,41,42,45,2,2,2,34,43,1,23,26,28,17,1,28,42,1,53,27,42,36,52,1,1,45,1,33:52,1,2022-23
2022-23,1628389,Bam Adebayo,Bam,1610612748,MIA,Miami Heat,0022200150,2022-11-07T00:00:00,MIA vs. POR,L,33.373333333333335,8,14,0.571,0,0,0.0,0,1,0.0,2,3,5,3,1,1,1,1,1,4,16,2,31.5,0,0,28.0,1,41,41,41,56,30,42,29,2,12,2,69,70,69,32,65,68,31,57,28,16,42,7,41,55,39,58,32,1,60,1,33:22,1,2022-23
2022-23,1628389,Bam Adebayo,Bam,1610612748,MIA,Miami Heat,0022200174,2022-11-10T00:00:00,MIA vs. CHA,W,38.61,6,15,0.4,0,1,0.0,6,6,1.0,2,12,14,4,5,2,0,0,5,8,18,9,41.8,1,0,40.0,1,1,1,1,7,55,31,65,2,2,2,14,24,1,32,5,6,17,1,8,42,1,64,5,42,17,32,1,1,26,1,38:37,1,2022-23
2022-23,1628389,Bam Adebayo,Bam,1610612748,MIA,Miami Heat,0022200189,2022-11-12T00:00:00,MIA vs. CHA,W,33.06166666666667,11,18,0.611,0,0,0.0,2,3,0.667,1,14,15,4,5,1,1,0,4,3,24,19,49.0,1,0,47.0,1,1,1,1,59,9,13,23,2,12,2,52,55,51,53,3,3,17,1,28,16,1,53,57,17,6,14,1,1,11,1,33:04,1,2022-23
2022-23,1628389,Bam Adebayo,Bam,1610612748,MIA,Miami Heat,0022200202,2022-11-14T00:00:00,MIA vs. PHX,W,36.233333333333334,9,18,0.5,0,1,0.0,12,14,0.857,6,4,10,1,3,1,0,0,2,11,30,12,43.5,1,0,43.0,1,1,1,1,30,23,13,45,2,2,2,2,1,30,1,56,28,62,19,28,42,1,15,1,8,14,30,1,1,16,1,36:14,1,2022-23
2022-23,1628389,Bam Adebayo,Bam,1610612748,MIA,Miami Heat,0022200244,2022-11-20T00:00:00,MIA @ CLE,L,26.968333333333334,7,14,0.5,0,0,0.0,7,7,1.0,2,4,6,3,3,0,1,0,2,5,21,-20,32.7,0,0,32.0,1,41,41,41,72,41,42,45,2,12,2,10,17,1,32,56,61,31,19,53,16,1,15,27,28,73,54,32,1,51,1,26:58,1,2022-23
2022-23,1628389,Bam Adebayo,Bam,1610612748,MIA,Miami Heat,0022200252,2022-11-21T00:00:00,MIA @ MIN,L,34.985,7,18,0.389,0,2,0.0,3,6,0.5,4,10,14,5,1,0,2,2,5,6,17,-11,46.3,1,0,40.0,1,41,41,41,43,41,13,67,2,1,2,43,24,59,9,10,6,9,57,53,6,65,64,12,52,62,22,1,1,26,1,34:59,1,2022-23
2022-23,1628389,Bam Adebayo,Bam,1610612748,MIA,Miami Heat,0022200265,2022-11-23T00:00:00,MIA vs. WAS,W,35.343333333333334,5,15,0.333,0,0,0.0,5,6,0.833,4,7,11,2,2,2,1,1,4,5,15,6,38.2,1,0,34.0,1,1,1,1,40,61,31,71,2,12,2,27,24,35,9,26,20,49,38,8,16,42,53,27,60,22,41,1,1,45,1,35:21,1,2022-23
2022-23,1628389,Bam Adebayo,Bam,1610612748,MIA,Miami Heat,0022200277,2022-11-25T00:00:00,MIA vs. WAS,W,35.29,15,22,0.682,0,1,0.0,8,8,1.0,3,9,12,3,0,0,0,1,4,6,38,1,56.9,1,0,53.0,1,1,1,1,42,1,2,9,2,2,2,7,9,1,23,14,16,31,67,53,42,42,53,12,1,43,4,1,1,2,1,35:17,1,2022-23
2022-23,1628389,Bam Adebayo,Bam,1610612748,MIA,Miami Heat,0022200293,2022-11-27T00:00:00,MIA @ ATL,W,33.7,13,20,0.65,0,0,0.0,6,6,1.0,1,7,8,1,3,0,1,2,2,4,32,1,43.1,0,0,43.0,1,1,1,1,55,3,5,16,2,12,2,14,24,1,53,26,40,62,19,53,16,65,15,41,3,43,31,32,1,16,1,33:42,1,2022-23
2022-23,1628389,Bam Adebayo,Bam,1610612748,MIA,Miami Heat,0022200314,2022-11-30T00:00:00,MIA @ BOS,L,38.35,10,19,0.526,1,1,1.0,2,2,1.0,1,5,6,5,5,2,0,0,5,6,23,-6,38.7,0,0,39.0,1,41,41,41,10,15,6,43,1,2,1,52,61,1,53,50,61,9,1,8,42,1,64,12,20,55,40,32,1,32,1,38:21,1,2022-23
2022-23,1628389,Bam Adebayo,Bam,1610612748,MIA,Miami Heat,0022200328,2022-12-02T00:00:00,MIA @ BOS,W,38.45,10,18,0.556,0,0,0.0,8,9,0.889,1,6,7,3,2,1,1,0,3,6,28,7,44.9,0,0,42.0,1,1,1,1,9,15,13,35,2,12,2,7,7,26,53,38,50,31,38,28,16,1,35,12,12,20,26,32,1,23,1,38:27,1,2022-23
2022-23,1628389,Bam Adebayo,Bam,1610612748,MIA,Miami Heat,0022200357,2022-12-05T00:00:00,MIA @ MEM,L,38.733333333333334,5,13,0.385,0,0,0.0,5,5,1.0,1,4,5,4,1,0,0,1,0,3,15,9,26.0,0,0,24.0,1,41,41,41,6,61,53,69,2,12,2,27,40,1,53,56,68,17,57,53,42,42,1,57,60,17,67,32,1,69,1,38:44,1,2022-23
2022-23,1628389,Bam Adebayo,Bam,1610612748,MIA,Miami Heat,0022200361,2022-12-06T00:00:00,MIA vs. DET,L,34.21666666666667,9,16,0.563,0,0,0.0,3,6,0.5,1,14,15,2,5,0,1,0,3,5,21,-12,40.0,1,0,40.0,1,41,41,41,49,23,24,32,2,12,2,43,24,59,53,3,3,49,1,53,16,1,35,27,28,63,39,1,1,26,1,34:13,1,2022-23
2022-23,1628389,Bam Adebayo,Bam,1610612748,MIA,Miami Heat,0022200374,2022-12-08T00:00:00,MIA vs. LAC,W,36.416666666666664,14,21,0.667,0,0,0.0,3,3,1.0,4,6,10,4,2,1,0,0,0,2,31,13,50.0,1,0,47.0,1,1,1,1,29,2,4,10,2,12,2,43,55,1,9,38,28,17,38,28,42,1,1,68,6,12,13,1,1,11,1,36:25,1,2022-23
2022-23,1628389,Bam Adebayo,Bam,1610612748,MIA,Miami Heat,0022200387,2022-12-10T00:00:00,MIA vs. SAS,L,32.32666666666667,5,11,0.455,0,1,0.0,2,5,0.4,2,7,9,4,0,0,0,0,3,4,12,4,28.8,0,0,25.0,1,41,41,41,60,61,62,56,2,2,2,52,40,66,32,26,33,17,67,53,42,1,35,41,70,32,64,32,1,67,1,32:20,1,2022-23
2022-23,1628389,Bam Adebayo,Bam,1610612748,MIA,Miami Heat,0022200402,2022-12-12T00:00:00,MIA @ IND,W,35.3,8,18,0.444,0,0,0.0,6,7,0.857,2,15,17,3,4,2,1,2,2,6,22,1,51.9,1,0,48.0,1,1,1,1,41,30,13,58,2,12,2,14,17,30,32,2,1,31,11,8,16,65,15,12,24,43,10,1,1,10,1,35:18,1,2022-23
2022-23,1628389,Bam Adebayo,Bam,1610612748,MIA,Miami Heat,0022200419,2022-12-14T00:00:00,MIA @ OKC,W,33.08833333333333,5,13,0.385,0,0,0.0,5,6,0.833,2,11,13,3,5,2,0,1,6,4,15,-14,36.1,1,0,35.0,1,1,1,1,58,61,53,69,2,12,2,27,24,35,32,6,9,31,1,8,42,42,74,41,60,65,47,1,1,42,1,33:05,1,2022-23
2022-23,1628389,Bam Adebayo,Bam,1610612748,MIA,Miami Heat,0022200439,2022-12-17T00:00:00,MIA @ SAS,W,35.846666666666664,11,18,0.611,0,0,0.0,0,0,0.0,4,9,13,3,4,1,0,0,4,2,22,29,41.1,1,0,40.0,1,1,1,1,35,9,13,23,2,12,2,69,71,69,9,14,9,31,11,28,42,1,53,68,24,1,36,1,1,26,1,35:51,1,2022-23
2022-23,1628389,Bam Adebayo,Bam,1610612748,MIA,Miami Heat,0022200462,2022-12-20T00:00:00,MIA vs. CHI,L,36.68333333333333,12,15,0.8,0,0,0.0,3,4,0.75,3,9,12,6,3,0,0,0,1,5,27,-18,47.4,1,0,45.0,1,41,41,41,26,5,31,2,2,12,2,43,43,43,23,14,16,3,19,53,42,1,7,27,13,70,18,1,1,15,1,36:41,1,2022-23
2022-23,1628389,Bam Adebayo,Bam,1610612748,MIA,Miami Heat,0022200486,2022-12-23T00:00:00,MIA vs. IND,L,37.733333333333334,8,19,0.421,0,0,0.0,2,2,1.0,5,2,7,3,3,0,0,0,2,5,18,1,27.9,0,0,28.0,1,41,41,41,14,30,6,63,2,12,2,52,61,1,4,70,50,31,19,53,42,1,15,27,42,43,66,32,1,60,1,37:44,1,2022-23
2022-23,1628389,Bam Adebayo,Bam,1610612748,MIA,Miami Heat,0022200518,2022-12-28T00:00:00,MIA vs. LAL,W,39.236666666666665,10,16,0.625,0,0,0.0,3,6,0.5,5,9,14,0,1,1,2,1,4,4,23,24,47.8,1,0,43.0,1,1,1,1,5,15,24,21,2,12,2,43,24,59,4,14,6,75,57,28,6,42,53,41,20,2,16,1,1,16,1,39:14,1,2022-23
2022-23,1628389,Bam Adebayo,Bam,1610612748,MIA,Miami Heat,0022200535,2022-12-30T00:00:00,MIA @ DEN,L,30.233333333333334,6,14,0.429,0,0,0.0,10,11,0.909,4,3,7,2,4,4,2,0,3,8,22,-4,47.4,0,0,43.0,1,41,41,41,67,55,42,60,2,12,2,3,5,24,9,65,50,49,11,1,6,1,35,5,24,53,18,32,1,16,1,30:14,1,2022-23
2022-23,1628389,Bam Adebayo,Bam,1610612748,MIA,Miami Heat,0022200546,2022-12-31T00:00:00,MIA @ UTA,W,36.07833333333333,11,17,0.647,0,0,0.0,10,13,0.769,5,3,8,5,2,1,0,2,5,8,32,6,50.1,0,0,47.0,1,1,1,1,33,9,20,17,2,12,2,3,3,42,4,65,40,9,38,28,42,65,64,5,3,22,12,32,1,11,1,36:05,1,2022-23
2022-23,1628389,Bam Adebayo,Bam,1610612748,MIA,Miami Heat,0022200560,2023-01-02T00:00:00,MIA @ LAC,W,36.88333333333333,12,19,0.632,0,0,0.0,7,8,0.875,5,8,13,1,3,1,1,0,2,6,31,11,51.1,1,0,49.0,1,1,1,1,25,5,6,20,2,12,2,10,9,28,4,21,9,62,19,28,16,1,15,12,6,16,11,1,1,8,1,36:53,1,2022-23
2022-23,1628389,Bam Adebayo,Bam,1610612748,MIA,Miami Heat,0022200574,2023-01-04T00:00:00,MIA @ LAL,L,37.85,13,23,0.565,0,0,0.0,4,5,0.8,6,7,13,3,2,2,3,2,2,4,30,2,63.1,1,0,56.0,1,41,41,41,12,3,1,31,2,12,2,34,40,41,1,26,9,31,38,8,1,65,15,41,8,39,1,1,1,1,1,37:51,1,2022-23
2022-23,1628389,Bam Adebayo,Bam,1610612748,MIA,Miami Heat,0022200589,2023-01-06T00:00:00,MIA @ PHX,W,38.25,10,15,0.667,0,0,0.0,1,4,0.25,1,10,11,2,1,2,1,0,1,5,21,17,45.2,1,0,40.0,1,1,1,1,11,15,31,10,2,12,2,65,43,67,53,10,20,49,57,8,16,1,7,27,28,8,25,1,1,26,1,38:15,1,2022-23
2022-23,1628389,Bam Adebayo,Bam,1610612748,MIA,Miami Heat,0022200599,2023-01-08T00:00:00,MIA vs. BKN,L,28.25,5,15,0.333,0,0,0.0,0,3,0.0,4,4,8,2,0,0,1,3,1,6,10,-25,25.6,0,0,22.0,1,41,41,41,71,61,31,71,2,12,2,69,55,69,9,56,40,49,67,53,16,72,7,12,72,75,68,32,1,73,1,28:15,1,2022-23
2022-23,1628389,Bam Adebayo,Bam,1610612748,MIA,Miami Heat,0022200628,2023-01-12T00:00:00,MIA vs. MIL,W,34.138333333333335,11,19,0.579,0,0,0.0,2,2,1.0,2,10,12,1,0,2,1,0,2,3,24,8,48.9,1,0,43.0,1,1,1,1,50,9,6,28,2,12,2,52,61,1,32,10,16,62,67,8,16,1,15,57,17,19,15,1,1,16,1,34:08,1,2022-23
2022-23,1628389,Bam Adebayo,Bam,1610612748,MIA,Miami Heat,0022200641,2023-01-14T00:00:00,MIA vs. MIL,W,30.96,9,19,0.474,0,0,0.0,2,4,0.5,3,10,13,2,1,0,2,0,3,3,20,18,43.6,1,0,39.0,1,1,1,1,65,23,6,52,2,12,2,52,43,59,23,10,9,49,57,53,6,1,35,57,32,7,29,1,1,32,1,30:58,1,2022-23
2022-23,1628389,Bam Adebayo,Bam,1610612748,MIA,Miami Heat,0022200661,2023-01-16T00:00:00,MIA @ ATL,L,36.166666666666664,9,19,0.474,0,0,0.0,2,2,1.0,6,7,13,5,3,3,3,1,3,3,20,6,58.1,1,0,50.0,1,41,41,41,31,23,6,52,2,12,2,52,61,1,1,26,9,9,19,3,1,42,35,57,32,22,2,1,1,6,1,36:10,1,2022-23
2022-23,1628389,Bam Adebayo,Bam,1610612748,MIA,Miami Heat,0022200673,2023-01-18T00:00:00,MIA @ NOP,W,30.566666666666666,11,15,0.733,0,0,0.0,4,6,0.667,3,5,8,1,2,2,1,1,2,5,26,16,44.1,0,0,41.0,1,1,1,1,66,9,31,5,2,12,2,34,24,51,23,50,40,62,38,8,16,42,15,27,14,10,28,32,1,25,1,30:34,1,2022-23
2022-23,1628389,Bam Adebayo,Bam,1610612748,MIA,Miami Heat,0022200686,2023-01-20T00:00:00,MIA @ DAL,L,34.81666666666667,7,14,0.5,0,0,0.0,4,6,0.667,2,9,11,4,2,0,0,0,2,8,18,-18,35.2,1,0,33.0,1,41,41,41,45,41,42,45,2,12,2,34,24,51,32,14,20,17,38,53,42,1,15,5,42,70,50,1,1,47,1,34:49,1,2022-23
2022-23,1628389,Bam Adebayo,Bam,1610612748,MIA,Miami Heat,0022200699,2023-01-22T00:00:00,MIA vs. NOP,W,34.583333333333336,7,12,0.583,0,0,0.0,4,4,1.0,3,6,9,2,2,2,0,3,1,3,18,-2,35.8,0,0,33.0,1,1,1,1,47,41,58,26,2,12,2,34,43,1,23,38,33,49,38,8,42,72,7,57,42,52,48,32,1,47,1,34:35,1,2022-23
2022-23,1628389,Bam Adebayo,Bam,1610612748,MIA,Miami Heat,0022200714,2023-01-24T00:00:00,MIA vs. BOS,W,37.336666666666666,12,22,0.545,0,0,0.0,6,8,0.75,4,11,15,1,3,2,1,0,2,6,30,3,55.5,1,0,52.0,1,1,1,1,19,5,2,37,2,12,2,14,9,43,9,6,3,62,19,8,16,1,15,12,8,36,6,1,1,3,1,37:20,1,2022-23
2022-23,1628389,Bam Adebayo,Bam,1610612748,MIA,Miami Heat,0022200738,2023-01-27T00:00:00,MIA vs. ORL,W,36.53333333333333,7,14,0.5,0,0,0.0,6,7,0.857,0,6,6,7,2,1,1,1,5,7,20,4,41.7,0,0,37.0,1,1,1,1,27,41,42,45,2,12,2,14,17,30,69,38,61,2,38,28,16,42,64,9,32,32,33,32,1,38,1,36:32,1,2022-23
2022-23,1628389,Bam Adebayo,Bam,1610612748,MIA,Miami Heat,0022200752,2023-01-29T00:00:00,MIA @ CHA,L,35.96666666666667,8,15,0.533,0,0,0.0,1,4,0.25,2,2,4,6,2,3,0,1,0,4,17,5,37.8,0,0,33.0,1,41,41,41,34,30,31,40,2,12,2,65,43,67,32,70,70,3,38,3,42,42,1,41,52,27,43,32,1,47,1,35:58,1,2022-23
2022-23,1628389,Bam Adebayo,Bam,1610612748,MIA,Miami Heat,0022200764,2023-01-31T00:00:00,MIA @ CLE,W,37.215,7,13,0.538,0,0,0.0,4,6,0.667,4,7,11,1,0,0,0,1,3,4,18,-6,32.7,1,0,30.0,1,1,1,1,21,41,53,39,2,12,2,34,24,51,9,26,20,62,67,53,42,42,35,41,42,55,54,1,1,56,1,37:13,1,2022-23
2022-23,1628389,Bam Adebayo,Bam,1610612748,MIA,Miami Heat,0022200780,2023-02-02T00:00:00,MIA @ NYK,L,37.61666666666667,11,16,0.688,0,0,0.0,10,11,0.909,1,8,9,3,0,2,1,0,1,10,32,5,56.3,0,0,50.0,1,41,41,41,18,9,24,8,2,12,2,3,5,24,53,21,33,31,67,8,16,1,7,2,3,27,5,32,1,6,1,37:37,1,2022-23
2022-23,1628389,Bam Adebayo,Bam,1610612748,MIA,Miami Heat,0022200797,2023-02-04T00:00:00,MIA @ MIL,L,35.733333333333334,7,15,0.467,0,0,0.0,2,2,1.0,4,7,11,8,1,2,0,1,3,2,16,0,46.2,1,0,39.0,1,41,41,41,36,41,31,55,2,12,2,52,61,1,9,26,20,1,57,8,42,42,35,68,55,48,23,1,1,32,1,35:44,1,2022-23
2022-23,1628389,Bam Adebayo,Bam,1610612748,MIA,Miami Heat,0022200825,2023-02-08T00:00:00,MIA vs. IND,W,36.913333333333334,12,16,0.75,0,0,0.0,14,14,1.0,2,7,9,3,2,1,0,0,2,7,38,2,54.3,0,0,52.0,1,1,1,1,24,5,24,4,2,12,2,1,1,1,32,26,33,31,38,28,42,1,15,9,1,39,7,32,1,3,1,36:55,1,2022-23
2022-23,1628389,Bam Adebayo,Bam,1610612748,MIA,Miami Heat,0022200840,2023-02-10T00:00:00,MIA vs. HOU,W,33.96666666666667,7,11,0.636,0,0,0.0,6,7,0.857,1,8,9,3,3,2,1,1,5,6,20,21,41.3,0,0,38.0,1,1,1,1,53,41,62,18,2,12,2,14,17,30,53,21,33,31,19,8,16,42,64,12,32,3,34,32,1,36,1,33:58,1,2022-23
2022-23,1628389,Bam Adebayo,Bam,1610612748,MIA,Miami Heat,0022200848,2023-02-11T00:00:00,MIA @ ORL,W,43.38333333333333,5,10,0.5,0,1,0.0,3,4,0.75,1,16,17,6,4,2,1,2,2,6,13,13,47.4,1,0,42.0,1,1,1,1,1,61,69,45,2,2,2,43,43,43,53,1,1,3,11,8,16,65,15,12,68,12,18,1,1,23,1,43:23,1,2022-23
2022-23,1628389,Bam Adebayo,Bam,1610612748,MIA,Miami Heat,0022200861,2023-02-13T00:00:00,MIA vs. DEN,L,34.43333333333333,6,14,0.429,0,0,0.0,7,7,1.0,0,2,2,2,1,2,1,0,2,5,19,-6,32.4,0,0,29.0,1,41,41,41,48,55,42,60,2,12,2,10,17,1,69,70,74,49,57,8,16,1,15,27,38,55,56,32,1,57,1,34:26,1,2022-23
2022-23,1628389,Bam Adebayo,Bam,1610612748,MIA,Miami Heat,0022200878,2023-02-15T00:00:00,MIA @ BKN,L,37.8,10,19,0.526,0,0,0.0,4,7,0.571,2,11,13,6,2,0,2,1,2,9,24,-17,52.6,1,0,47.0,1,41,41,41,13,15,6,43,2,12,2,34,17,58,32,6,9,3,38,53,6,42,15,4,17,68,9,1,1,11,1,37:48,1,2022-23
2022-23,1628389,Bam Adebayo,Bam,1610612748,MIA,Miami Heat,0022200897,2023-02-24T00:00:00,MIA @ MIL,L,25.033333333333335,8,17,0.471,0,1,0.0,2,4,0.5,1,6,7,1,2,1,0,0,1,2,18,-18,28.9,0,0,28.0,1,41,41,41,73,30,20,54,2,2,2,52,43,59,53,38,50,62,38,28,42,1,7,68,42,70,63,32,1,60,1,25:02,1,2022-23
2022-23,1628389,Bam Adebayo,Bam,1610612748,MIA,Miami Heat,0022200904,2023-02-25T00:00:00,MIA @ CHA,L,31.283333333333335,6,14,0.429,0,0,0.0,2,3,0.667,2,4,6,4,2,2,0,1,5,5,14,-15,31.2,0,0,28.0,1,41,41,41,63,55,42,60,2,12,2,52,55,51,32,56,61,17,38,8,42,42,64,27,64,66,59,32,1,60,1,31:17,1,2022-23
2022-23,1628389,Bam Adebayo,Bam,1610612748,MIA,Miami Heat,0022200920,2023-02-27T00:00:00,MIA @ PHI,W,32.233333333333334,4,14,0.286,0,0,0.0,5,6,0.833,2,5,7,2,5,1,1,0,3,5,13,-7,25.4,0,0,26.0,1,1,1,1,61,71,42,74,2,12,2,27,24,35,32,50,50,49,1,28,16,1,35,27,68,60,69,32,1,65,1,32:14,1,2022-23
2022-23,1628389,Bam Adebayo,Bam,1610612748,MIA,Miami Heat,0022200936,2023-03-01T00:00:00,MIA vs. PHI,L,29.916666666666668,8,13,0.615,0,0,0.0,4,4,1.0,2,6,8,2,2,1,0,1,0,3,20,-17,33.6,0,0,32.0,1,41,41,41,68,30,53,22,2,12,2,34,43,1,32,38,40,49,38,28,42,42,1,57,32,68,53,32,1,51,1,29:55,1,2022-23
2022-23,1628389,Bam Adebayo,Bam,1610612748,MIA,Miami Heat,0022200949,2023-03-03T00:00:00,MIA vs. NYK,L,38.5,7,16,0.438,0,0,0.0,4,4,1.0,0,4,4,4,2,1,2,0,4,3,18,4,35.8,0,0,32.0,1,41,41,41,8,41,24,59,2,12,2,34,43,1,69,56,70,17,38,28,6,1,53,57,42,32,48,32,1,51,1,38:30,1,2022-23
2022-23,1628389,Bam Adebayo,Bam,1610612748,MIA,Miami Heat,0022200958,2023-03-04T00:00:00,MIA vs. ATL,W,35.53333333333333,10,12,0.833,0,0,0.0,10,12,0.833,3,8,11,5,2,1,2,1,3,10,30,16,57.7,1,0,52.0,1,1,1,1,38,15,58,1,2,12,2,3,4,35,23,21,20,9,38,28,6,42,35,2,8,10,3,1,1,3,1,35:32,1,2022-23
2022-23,1628389,Bam Adebayo,Bam,1610612748,MIA,Miami Heat,0022200974,2023-03-06T00:00:00,MIA vs. ATL,W,36.083333333333336,5,9,0.556,0,0,0.0,6,6,1.0,0,6,6,5,2,3,1,0,4,5,16,-1,40.7,0,0,35.0,1,1,1,1,32,61,73,35,2,12,2,14,24,1,69,38,61,9,38,3,16,1,53,27,55,51,37,32,1,42,1,36:05,1,2022-23
2022-23,1628389,Bam Adebayo,Bam,1610612748,MIA,Miami Heat,0022200987,2023-03-08T00:00:00,MIA vs. CLE,L,28.715,8,11,0.727,0,0,0.0,1,2,0.5,1,0,1,1,3,0,2,0,5,5,17,-4,22.7,0,0,23.0,1,41,41,41,69,30,62,6,2,12,2,65,61,59,53,75,75,62,19,53,6,1,64,27,52,53,73,32,1,71,1,28:43,1,2022-23
2022-23,1628389,Bam Adebayo,Bam,1610612748,MIA,Miami Heat,0022201000,2023-03-10T00:00:00,MIA vs. CLE,W,37.31666666666667,8,12,0.667,0,0,0.0,3,4,0.75,0,6,6,4,4,3,0,1,5,3,19,4,37.2,0,0,35.0,1,1,1,1,20,30,58,10,2,12,2,43,43,43,69,38,61,17,11,3,42,42,64,57,38,32,44,32,1,42,1,37:19,1,2022-23
2022-23,1628389,Bam Adebayo,Bam,1610612748,MIA,Miami Heat,0022201007,2023-03-11T00:00:00,MIA @ ORL,L,42.03333333333333,7,17,0.412,0,0,0.0,0,0,0.0,1,6,7,3,4,0,0,3,3,1,14,-10,22.9,0,0,24.0,1,41,41,41,2,41,20,64,2,12,2,69,71,69,53,38,50,31,11,53,42,72,35,72,64,61,72,32,1,69,1,42:02,1,2022-23
2022-23,1628389,Bam Adebayo,Bam,1610612748,MIA,Miami Heat,0022201022,2023-03-13T00:00:00,MIA vs. UTA,W,36.93333333333333,5,10,0.5,0,0,0.0,6,8,0.75,2,7,9,3,3,1,1,0,2,7,16,5,34.3,0,0,32.0,1,1,1,1,23,61,69,45,2,12,2,14,9,43,32,26,33,31,19,28,16,1,15,9,55,27,51,32,1,51,1,36:56,1,2022-23
2022-23,1628389,Bam Adebayo,Bam,1610612748,MIA,Miami Heat,0022201036,2023-03-15T00:00:00,MIA vs. MEM,W,33.18333333333333,10,15,0.667,0,0,0.0,6,8,0.75,2,6,8,3,3,0,3,0,3,6,26,20,46.1,0,0,43.0,1,1,1,1,57,15,31,10,2,12,2,14,9,43,32,38,40,31,19,53,1,1,35,12,14,4,24,32,1,16,1,33:11,1,2022-23
2022-23,1628389,Bam Adebayo,Bam,1610612748,MIA,Miami Heat,0022201060,2023-03-18T00:00:00,MIA @ CHI,L,34.0,9,17,0.529,0,0,0.0,5,8,0.625,4,3,7,4,3,2,0,3,3,5,23,3,40.4,0,0,38.0,1,41,41,41,51,23,20,42,2,12,2,27,9,57,9,65,50,17,19,8,42,72,35,27,20,36,38,32,1,36,1,34:00,1,2022-23
2022-23,1628389,Bam Adebayo,Bam,1610612748,MIA,Miami Heat,0022201066,2023-03-19T00:00:00,MIA @ DET,W,39.495,7,12,0.583,0,0,0.0,8,9,0.889,1,9,10,5,3,0,3,0,2,6,22,12,47.5,1,0,43.0,1,1,1,1,4,41,58,26,2,12,2,7,7,26,53,14,28,9,19,53,1,1,15,12,24,14,17,1,1,16,1,39:30,1,2022-23
2022-23,1628389,Bam Adebayo,Bam,1610612748,MIA,Miami Heat,0022201084,2023-03-22T00:00:00,MIA vs. NYK,W,39.5,5,11,0.455,0,0,0.0,5,6,0.833,2,5,7,3,3,1,1,1,3,4,15,0,30.9,0,0,29.0,1,1,1,1,3,61,62,56,2,12,2,27,24,35,32,50,50,31,19,28,16,42,35,41,60,48,60,32,1,57,1,39:30,1,2022-23
2022-23,1628389,Bam Adebayo,Bam,1610612748,MIA,Miami Heat,0022201108,2023-03-25T00:00:00,MIA vs. BKN,L,34.61666666666667,8,14,0.571,0,0,0.0,0,0,0.0,4,3,7,2,4,1,1,2,3,6,16,-24,29.4,0,0,29.0,1,41,41,41,46,30,42,29,2,12,2,69,71,69,9,65,50,49,11,28,16,65,35,12,55,74,62,32,1,57,1,34:37,1,2022-23
2022-23,1628389,Bam Adebayo,Bam,1610612748,MIA,Miami Heat,0022201132,2023-03-28T00:00:00,MIA @ TOR,L,36.525,7,18,0.389,0,0,0.0,7,8,0.875,5,7,12,4,0,1,0,0,2,4,21,-6,44.4,1,0,39.0,1,41,41,41,28,41,13,67,2,12,2,10,9,28,4,26,16,17,67,28,42,1,15,41,28,55,27,1,1,32,1,36:32,1,2022-23
2022-23,1628389,Bam Adebayo,Bam,1610612748,MIA,Miami Heat,0022201138,2023-03-29T00:00:00,MIA @ NYK,L,35.4,4,10,0.4,0,0,0.0,1,2,0.5,0,11,11,4,3,1,0,0,2,1,9,-6,28.2,0,0,26.0,1,41,41,41,39,71,69,65,2,12,2,65,61,59,69,6,20,17,19,28,42,1,15,72,74,55,65,32,1,65,1,35:24,1,2022-23
2022-23,1628389,Bam Adebayo,Bam,1610612748,MIA,Miami Heat,0022201177,2023-04-04T00:00:00,MIA @ DET,W,31.033333333333335,6,10,0.6,0,0,0.0,6,6,1.0,2,2,4,2,1,2,0,0,3,4,18,6,30.8,0,0,28.0,1,1,1,1,64,55,69,25,2,12,2,14,24,1,32,70,70,49,57,8,42,1,35,41,42,22,61,32,1,60,1,31:02,1,2022-23
2022-23,1628389,Bam Adebayo,Bam,1610612748,MIA,Miami Heat,0022201198,2023-04-06T00:00:00,MIA @ PHI,W,23.95,7,11,0.636,0,0,0.0,0,0,0.0,4,4,8,1,0,0,0,0,0,0,14,7,25.1,0,0,23.0,1,1,1,1,74,41,62,18,2,12,2,69,71,69,9,56,40,62,67,53,42,1,1,74,64,20,70,32,1,71,1,23:57,1,2022-23
2022-23,1628389,Bam Adebayo,Bam,1610612748,MIA,Miami Heat,0022201219,2023-04-09T00:00:00,MIA vs. ORL,W,7.916666666666667,2,3,0.667,0,0,0.0,0,0,0.0,2,1,3,1,0,1,0,0,0,0,4,1,12.1,0,0,10.0,1,1,1,1,75,75,75,10,2,12,2,69,71,69,32,74,73,62,67,28,42,1,1,74,75,43,75,32,1,75,1,7:55,1,2022-23
2023-24,1628389,Bam Adebayo,Bam,1610612748,MIA,Miami Heat,0022300068,2023-10-25T00:00:00,MIA vs. DET,W,32.13666666666666,7,13,0.538,0,0,0.0,8,10,0.8,2,6,8,3,2,0,2,1,3,8,22,-4,40.1,0,0,37.0,1,1,1,1,51,41,44,31,13,28,13,5,7,27,31,49,51,37,32,47,8,40,43,6,18,47,44,43,3,42,1,32:08,1,2023-24
2023-24,1628389,Bam Adebayo,Bam,1610612748,MIA,Miami Heat,0022300080,2023-10-27T00:00:00,MIA @ BOS,L,35.016666666666666,10,23,0.435,0,0,0.0,7,9,0.778,3,4,7,2,3,1,2,0,1,8,27,0,44.4,0,0,42.0,1,41,41,41,35,5,2,58,13,28,13,11,10,31,14,62,54,52,22,25,8,1,6,6,6,38,28,43,3,24,1,35:01,1,2023-24
2023-24,1628389,Bam Adebayo,Bam,1610612748,MIA,Miami Heat,0022300093,2023-10-28T00:00:00,MIA @ MIN,L,32.9,7,14,0.5,0,1,0.0,5,10,0.5,1,2,3,2,4,0,0,0,4,8,19,-10,21.6,0,0,24.0,1,41,41,41,48,41,31,39,13,12,13,21,7,53,49,70,70,52,7,47,40,1,61,6,40,57,69,43,3,69,1,32:54,1,2023-24
2023-24,1628389,Bam Adebayo,Bam,1610612748,MIA,Miami Heat,0022300119,2023-11-01T00:00:00,MIA vs. BKN,L,33.1,8,12,0.667,0,0,0.0,5,5,1.0,4,10,14,3,4,2,2,0,0,9,21,5,50.3,1,0,46.0,1,41,41,41,47,21,52,11,13,28,13,21,32,1,6,17,11,37,7,10,8,1,1,4,27,26,16,1,3,12,1,33:06,1,2023-24
2023-24,1628389,Bam Adebayo,Bam,1610612748,MIA,Miami Heat,0022300003,2023-11-03T00:00:00,MIA vs. WAS,W,29.983333333333334,8,15,0.533,0,0,0.0,2,2,1.0,0,4,4,3,4,0,0,2,3,3,18,6,23.3,0,0,25.0,1,1,1,1,58,21,22,35,13,28,13,47,56,1,61,62,68,37,7,47,40,60,43,49,43,24,68,43,3,67,1,29:59,1,2023-24
2023-24,1628389,Bam Adebayo,Bam,1610612748,MIA,Miami Heat,0022300150,2023-11-06T00:00:00,MIA vs. LAL,W,38.31666666666667,9,20,0.45,1,1,1.0,3,5,0.6,5,14,19,10,4,2,2,2,2,6,22,5,67.8,1,1,60.0,1,1,1,1,10,12,5,55,4,12,1,37,32,50,3,2,2,2,7,10,8,60,22,22,18,26,1,1,1,1,1,38:19,1,2023-24
2023-24,1628389,Bam Adebayo,Bam,1610612748,MIA,Miami Heat,0022300164,2023-11-08T00:00:00,MIA @ MEM,W,36.388333333333335,8,15,0.533,0,0,0.0,14,16,0.875,0,11,11,1,4,1,3,1,5,12,30,15,52.7,1,0,50.0,1,1,1,1,21,21,22,35,13,28,13,1,2,18,61,13,25,63,7,25,2,40,69,1,2,9,11,1,3,6,1,36:23,1,2023-24
2023-24,1628389,Bam Adebayo,Bam,1610612748,MIA,Miami Heat,0022300175,2023-11-11T00:00:00,MIA @ ATL,W,39.35,9,12,0.75,0,0,0.0,8,8,1.0,4,13,17,4,3,2,2,0,2,7,26,-5,61.4,1,0,55.0,1,1,1,1,7,12,52,5,13,28,13,5,12,1,6,3,3,26,22,10,8,1,22,10,7,49,4,1,3,3,1,39:21,1,2023-24
2023-24,1628389,Bam Adebayo,Bam,1610612748,MIA,Miami Heat,0022300184,2023-11-12T00:00:00,MIA @ SAS,W,34.29,10,20,0.5,0,0,0.0,4,5,0.8,4,7,11,6,0,3,0,0,0,4,24,-10,55.2,1,0,47.0,1,1,1,1,41,5,5,39,13,28,13,29,32,27,6,40,25,9,59,2,40,1,1,37,10,57,6,1,3,10,1,34:17,1,2023-24
2023-24,1628389,Bam Adebayo,Bam,1610612748,MIA,Miami Heat,0022300017,2023-11-14T00:00:00,MIA @ CHA,W,35.94166666666667,8,16,0.5,0,0,0.0,5,6,0.833,0,11,11,4,1,3,1,0,3,6,21,1,51.2,1,0,44.0,1,1,1,1,25,21,19,39,13,28,13,21,25,22,61,13,25,26,45,2,18,1,43,22,27,36,14,1,3,14,1,35:57,1,2023-24
2023-24,1628389,Bam Adebayo,Bam,1610612748,MIA,Miami Heat,0022300200,2023-11-16T00:00:00,MIA vs. BKN,W,33.525,8,15,0.533,0,0,0.0,4,4,1.0,2,5,7,4,2,2,0,0,2,4,20,-6,38.4,0,0,35.0,1,1,1,1,44,21,22,35,13,28,13,29,37,1,31,56,54,26,32,10,40,1,22,37,34,51,45,43,3,45,1,33:32,1,2023-24
2023-24,1628389,Bam Adebayo,Bam,1610612748,MIA,Miami Heat,0022300204,2023-11-18T00:00:00,MIA @ CHI,L,35.916666666666664,8,12,0.667,0,0,0.0,8,8,1.0,1,9,10,5,3,0,0,0,3,6,24,-1,40.5,1,0,39.0,1,41,41,41,26,21,52,11,13,28,13,5,12,1,49,26,37,18,22,47,40,1,43,22,10,41,40,1,3,33,1,35:55,1,2023-24
2023-24,1628389,Bam Adebayo,Bam,1610612748,MIA,Miami Heat,0022300220,2023-11-20T00:00:00,MIA @ CHI,W,30.47,8,14,0.571,0,0,0.0,7,9,0.778,3,8,11,6,1,1,0,1,3,6,23,7,47.2,1,0,42.0,1,1,1,1,57,21,31,23,13,28,13,11,10,31,14,34,25,9,45,25,40,40,43,22,15,22,21,1,3,24,1,30:28,1,2023-24
2023-24,1628389,Bam Adebayo,Bam,1610612748,MIA,Miami Heat,0022300045,2023-11-24T00:00:00,MIA @ NYK,L,34.79333333333334,8,16,0.5,0,1,0.0,5,6,0.833,2,10,12,2,2,2,0,0,4,4,21,0,42.4,1,0,39.0,1,41,41,41,37,21,19,39,13,12,13,21,25,22,31,17,19,52,32,10,40,1,61,37,27,38,33,1,3,33,1,34:48,1,2023-24
2023-24,1628389,Bam Adebayo,Bam,1610612748,MIA,Miami Heat,0022300056,2023-11-28T00:00:00,MIA vs. MIL,L,42.18333333333333,13,27,0.481,0,0,0.0,5,7,0.714,2,8,10,5,2,0,2,2,3,7,31,-16,54.5,1,0,50.0,1,41,41,41,3,1,1,46,13,28,13,21,18,42,31,34,37,18,32,47,8,60,43,10,1,62,7,1,3,6,1,42:11,1,2023-24
2023-24,1628389,Bam Adebayo,Bam,1610612748,MIA,Miami Heat,0022300267,2023-11-30T00:00:00,MIA vs. IND,W,12.466666666666667,3,9,0.333,0,0,0.0,1,2,0.5,0,4,4,2,0,0,0,1,1,2,7,-2,14.8,0,0,13.0,1,1,1,1,71,68,64,66,13,28,13,58,56,53,61,62,68,52,59,47,40,40,6,54,70,42,70,43,3,70,1,12:28,1,2023-24
2023-24,1628389,Bam Adebayo,Bam,1610612748,MIA,Miami Heat,0022300353,2023-12-18T00:00:00,MIA vs. MIN,L,36.471666666666664,10,22,0.455,0,0,0.0,2,3,0.667,3,3,6,6,4,1,1,2,3,6,22,-3,40.2,0,0,38.0,1,41,41,41,19,5,3,54,13,28,13,47,51,45,14,68,62,9,7,25,18,60,43,22,18,43,42,43,3,38,1,36:28,1,2023-24
2023-24,1628389,Bam Adebayo,Bam,1610612748,MIA,Miami Heat,0022300366,2023-12-20T00:00:00,MIA @ ORL,W,29.733333333333334,7,15,0.467,0,0,0.0,4,5,0.8,0,7,7,2,1,1,0,0,4,7,18,-6,31.4,0,0,29.0,1,1,1,1,60,41,22,51,13,28,13,29,32,27,61,40,54,52,45,25,40,1,61,10,43,51,59,43,3,58,1,29:44,1,2023-24
2023-24,1628389,Bam Adebayo,Bam,1610612748,MIA,Miami Heat,0022300384,2023-12-22T00:00:00,MIA vs. ATL,W,38.08166666666666,5,14,0.357,0,1,0.0,8,10,0.8,2,9,11,6,6,2,0,2,2,6,18,10,40.2,1,0,39.0,1,1,1,1,12,59,31,62,13,12,13,5,7,27,31,26,25,9,1,10,40,60,22,22,43,16,42,1,3,33,1,38:05,1,2023-24
2023-24,1628389,Bam Adebayo,Bam,1610612748,MIA,Miami Heat,0022300404,2023-12-25T00:00:00,MIA vs. PHI,W,36.24333333333333,9,15,0.6,0,0,0.0,8,12,0.667,3,12,15,5,4,0,3,0,1,7,26,0,56.5,1,0,52.0,1,1,1,1,22,12,22,19,13,28,13,5,4,45,14,7,8,18,7,47,2,1,6,10,7,38,5,1,3,4,1,36:15,1,2023-24
2023-24,1628389,Bam Adebayo,Bam,1610612748,MIA,Miami Heat,0022300426,2023-12-28T00:00:00,MIA @ GSW,W,35.51166666666666,7,13,0.538,0,0,0.0,3,4,0.75,2,9,11,4,0,0,0,0,2,5,17,8,36.2,1,0,32.0,1,1,1,1,30,41,44,31,13,28,13,37,37,33,31,26,25,26,59,47,40,1,22,32,48,19,50,1,3,52,1,35:31,1,2023-24
2023-24,1628389,Bam Adebayo,Bam,1610612748,MIA,Miami Heat,0022300439,2023-12-30T00:00:00,MIA @ UTA,L,36.5,7,13,0.538,0,0,0.0,14,20,0.7,3,13,16,3,4,3,3,2,1,11,28,-3,65.7,1,0,59.0,1,41,41,41,18,41,44,31,13,28,13,1,1,43,14,3,5,37,7,2,2,60,6,2,3,43,2,1,3,2,1,36:30,1,2023-24
2023-24,1628389,Bam Adebayo,Bam,1610612748,MIA,Miami Heat,0022300458,2024-01-01T00:00:00,MIA @ LAC,L,35.75,6,17,0.353,0,2,0.0,9,13,0.692,3,12,15,4,3,0,0,1,3,10,21,-12,42.0,1,0,40.0,1,41,41,41,28,54,13,65,13,4,13,4,3,44,14,7,8,26,22,47,40,40,43,3,27,59,34,1,3,29,1,35:45,1,2023-24
2023-24,1628389,Bam Adebayo,Bam,1610612748,MIA,Miami Heat,0022300475,2024-01-03T00:00:00,MIA @ LAL,W,38.138333333333335,5,14,0.357,0,1,0.0,5,6,0.833,3,4,7,5,2,3,0,3,4,4,15,12,37.9,0,0,33.0,1,1,1,1,11,59,31,62,13,12,13,21,25,22,14,62,54,18,32,2,40,70,61,37,55,11,47,43,3,49,1,38:08,1,2023-24
2023-24,1628389,Bam Adebayo,Bam,1610612748,MIA,Miami Heat,0022300489,2024-01-05T00:00:00,MIA @ PHX,L,36.10333333333333,11,19,0.579,0,0,0.0,6,7,0.857,2,8,10,1,1,0,1,1,2,7,28,-16,43.5,1,0,41.0,1,41,41,41,23,2,7,22,13,28,13,16,18,20,31,34,37,63,45,47,18,40,22,10,3,62,30,1,3,26,1,36:06,1,2023-24
2023-24,1628389,Bam Adebayo,Bam,1610612748,MIA,Miami Heat,0022300509,2024-01-08T00:00:00,MIA vs. HOU,W,31.633333333333333,9,12,0.75,0,0,0.0,4,7,0.571,1,11,12,3,3,1,0,1,4,7,22,12,40.9,1,0,39.0,1,1,1,1,53,12,52,5,13,28,13,29,18,51,49,13,19,37,22,25,40,40,61,10,18,11,36,1,3,33,1,31:38,1,2023-24
2023-24,1628389,Bam Adebayo,Bam,1610612748,MIA,Miami Heat,0022300522,2024-01-10T00:00:00,MIA vs. OKC,L,36.735,9,16,0.563,0,0,0.0,7,7,1.0,5,6,11,6,1,0,2,0,1,5,25,-6,52.2,1,0,46.0,1,41,41,41,17,12,19,29,13,28,13,11,18,1,3,49,25,9,45,47,8,1,6,32,9,51,13,1,3,12,1,36:44,1,2023-24
2023-24,1628389,Bam Adebayo,Bam,1610612748,MIA,Miami Heat,0022300535,2024-01-12T00:00:00,MIA vs. ORL,W,39.416666666666664,8,17,0.471,0,0,0.0,5,6,0.833,4,7,11,7,4,0,1,1,3,7,21,17,43.7,1,0,41.0,1,1,1,1,5,21,13,48,13,28,13,21,25,22,6,40,25,4,7,47,18,40,43,10,27,5,29,1,3,26,1,39:25,1,2023-24
2023-24,1628389,Bam Adebayo,Bam,1610612748,MIA,Miami Heat,0022300551,2024-01-14T00:00:00,MIA vs. CHA,W,35.38333333333333,9,17,0.529,0,1,0.0,6,8,0.75,0,10,10,7,2,0,1,0,3,6,24,5,47.5,1,0,43.0,1,1,1,1,31,12,13,38,13,12,13,16,12,33,61,17,37,4,32,47,18,1,43,22,10,26,19,1,3,19,1,35:23,1,2023-24
2023-24,1628389,Bam Adebayo,Bam,1610612748,MIA,Miami Heat,0022300562,2024-01-15T00:00:00,MIA @ BKN,W,43.81666666666667,5,17,0.294,0,1,0.0,1,2,0.5,2,18,20,4,2,1,1,1,2,3,11,-3,45.0,1,0,39.0,1,1,1,1,2,59,13,69,13,12,13,58,56,53,31,1,1,26,32,25,18,40,22,49,66,43,26,1,3,33,1,43:49,1,2023-24
2023-24,1628389,Bam Adebayo,Bam,1610612748,MIA,Miami Heat,0022300574,2024-01-17T00:00:00,MIA @ TOR,L,35.81666666666667,7,13,0.538,0,0,0.0,2,3,0.667,1,4,5,4,2,1,0,0,3,2,16,-23,29.0,0,0,27.0,1,41,41,41,27,41,44,31,13,28,13,47,51,45,49,62,65,26,32,25,40,1,43,54,51,69,63,43,3,62,1,35:49,1,2023-24
2023-24,1628389,Bam Adebayo,Bam,1610612748,MIA,Miami Heat,0022300587,2024-01-19T00:00:00,MIA vs. ATL,L,38.88333333333333,7,15,0.467,0,0,0.0,7,8,0.875,2,7,9,6,3,1,0,2,4,7,21,8,40.8,0,0,38.0,1,41,41,41,8,41,22,51,13,28,13,11,12,18,31,40,45,9,22,25,40,60,61,10,27,19,38,43,3,38,1,38:53,1,2023-24
2023-24,1628389,Bam Adebayo,Bam,1610612748,MIA,Miami Heat,0022300601,2024-01-21T00:00:00,MIA @ ORL,L,34.405,8,17,0.471,0,1,0.0,6,6,1.0,6,5,11,7,5,2,0,0,3,8,22,-15,46.7,1,0,44.0,1,41,41,41,38,21,13,48,13,12,13,16,25,1,2,56,25,4,3,10,40,1,43,6,18,61,23,1,3,14,1,34:24,1,2023-24
2023-24,1628389,Bam Adebayo,Bam,1610612748,MIA,Miami Heat,0022300621,2024-01-24T00:00:00,MIA vs. MEM,L,39.516666666666666,4,13,0.308,0,1,0.0,7,11,0.636,3,12,15,6,0,1,6,1,3,7,15,3,63.0,1,0,50.0,1,41,41,41,4,65,44,68,13,12,13,11,6,49,14,7,8,9,59,25,1,40,43,10,55,31,3,1,3,6,1,39:31,1,2023-24
2023-24,1628389,Bam Adebayo,Bam,1610612748,MIA,Miami Heat,0022300630,2024-01-25T00:00:00,MIA vs. BOS,L,28.77,8,14,0.571,0,0,0.0,3,4,0.75,1,4,5,2,0,1,1,1,0,2,19,-28,34.0,0,0,30.0,1,41,41,41,66,21,31,23,13,28,13,37,37,33,49,62,65,52,59,25,18,40,1,54,40,70,55,43,3,56,1,28:46,1,2023-24
2023-24,1628389,Bam Adebayo,Bam,1610612748,MIA,Miami Heat,0022300643,2024-01-27T00:00:00,MIA @ NYK,L,33.20333333333333,6,10,0.6,0,0,0.0,0,0,0.0,3,10,13,1,2,0,0,0,1,2,12,-20,27.1,1,0,26.0,1,41,41,41,46,54,60,19,13,28,13,66,67,66,14,17,13,63,32,47,40,1,6,54,64,67,66,1,3,65,1,33:12,1,2023-24
2023-24,1628389,Bam Adebayo,Bam,1610612748,MIA,Miami Heat,0022300661,2024-01-29T00:00:00,MIA vs. PHX,L,35.166666666666664,3,9,0.333,0,0,0.0,2,2,1.0,0,11,11,5,4,1,3,0,2,1,8,3,36.7,0,0,32.0,1,41,41,41,33,68,64,66,13,28,13,47,56,1,61,13,25,18,7,25,2,1,22,67,68,31,49,43,3,52,1,35:10,1,2023-24
2023-24,1628389,Bam Adebayo,Bam,1610612748,MIA,Miami Heat,0022300678,2024-01-31T00:00:00,MIA vs. SAC,W,31.616666666666667,8,14,0.571,0,0,0.0,0,0,0.0,2,9,11,4,0,0,0,0,4,0,16,2,35.2,1,0,31.0,1,1,1,1,54,21,31,23,13,28,13,66,67,66,31,26,25,26,59,47,40,1,61,69,51,34,53,1,3,54,1,31:37,1,2023-24
2023-24,1628389,Bam Adebayo,Bam,1610612748,MIA,Miami Heat,0022300689,2024-02-02T00:00:00,MIA @ WAS,W,32.85,8,14,0.571,0,0,0.0,4,7,0.571,2,12,14,1,4,0,1,0,3,7,20,-8,37.3,1,0,37.0,1,1,1,1,49,21,31,23,13,28,13,29,18,51,31,7,11,63,7,47,18,1,43,10,34,54,48,1,3,42,1,32:51,1,2023-24
2023-24,1628389,Bam Adebayo,Bam,1610612748,MIA,Miami Heat,0022300708,2024-02-04T00:00:00,MIA vs. LAC,L,35.071666666666665,5,13,0.385,0,0,0.0,4,4,1.0,4,9,13,3,2,3,0,1,1,2,14,-8,41.1,1,0,36.0,1,41,41,41,34,59,44,61,13,28,13,29,37,1,6,26,13,37,32,2,40,40,6,54,59,54,35,1,3,44,1,35:04,1,2023-24
2023-24,1628389,Bam Adebayo,Bam,1610612748,MIA,Miami Heat,0022300721,2024-02-06T00:00:00,MIA vs. ORL,W,29.716666666666665,7,9,0.778,0,0,0.0,0,0,0.0,2,6,8,3,3,0,1,0,3,0,14,32,28.1,0,0,27.0,1,1,1,1,61,41,64,4,13,28,13,66,67,66,31,49,51,37,22,47,18,1,43,69,59,1,64,43,3,62,1,29:43,1,2023-24
2023-24,1628389,Bam Adebayo,Bam,1610612748,MIA,Miami Heat,0022300730,2024-02-07T00:00:00,MIA vs. SAS,W,28.783333333333335,10,14,0.714,0,0,0.0,0,2,0.0,0,5,5,2,1,1,0,1,4,2,20,17,31.0,0,0,29.0,1,1,1,1,65,5,31,8,13,28,13,66,56,66,61,56,65,52,45,25,40,40,61,54,34,5,60,43,3,58,1,28:47,1,2023-24
2023-24,1628389,Bam Adebayo,Bam,1610612748,MIA,Miami Heat,0022300759,2024-02-11T00:00:00,MIA vs. BOS,L,34.38333333333333,7,18,0.389,0,0,0.0,8,8,1.0,3,10,13,4,2,2,2,3,2,7,22,3,53.6,1,0,47.0,1,41,41,41,39,41,8,60,13,28,13,5,12,1,14,17,13,26,32,10,8,70,22,10,18,31,10,1,3,10,1,34:23,1,2023-24
2023-24,1628389,Bam Adebayo,Bam,1610612748,MIA,Miami Heat,0022300773,2024-02-13T00:00:00,MIA @ MIL,W,31.27,8,14,0.571,0,0,0.0,0,0,0.0,5,7,12,11,3,2,0,1,2,0,16,30,49.9,1,1,43.0,1,1,1,1,55,21,31,23,13,28,13,66,67,66,3,40,19,1,22,10,40,40,22,69,51,2,17,1,1,19,1,31:16,1,2023-24
2023-24,1628389,Bam Adebayo,Bam,1610612748,MIA,Miami Heat,0022300779,2024-02-14T00:00:00,MIA @ PHI,W,39.37166666666667,9,14,0.643,0,0,0.0,5,5,1.0,3,10,13,4,2,2,0,0,2,7,23,1,48.6,1,0,44.0,1,1,1,1,6,12,31,15,13,28,13,21,32,1,14,17,13,26,32,10,40,1,22,10,15,36,18,1,3,14,1,39:22,1,2023-24
2023-24,1628389,Bam Adebayo,Bam,1610612748,MIA,Miami Heat,0022300810,2024-02-23T00:00:00,MIA @ NOP,W,36.43333333333333,11,18,0.611,0,0,0.0,2,4,0.5,1,6,7,1,3,1,3,1,2,6,24,6,42.9,0,0,40.0,1,1,1,1,20,2,8,17,13,28,13,47,37,53,49,49,54,63,22,25,2,40,22,22,10,24,32,43,3,29,1,36:26,1,2023-24
2023-24,1628389,Bam Adebayo,Bam,1610612748,MIA,Miami Heat,0022300831,2024-02-26T00:00:00,MIA @ SAC,W,36.03666666666667,11,18,0.611,0,1,0.0,6,7,0.857,2,8,10,7,5,2,1,0,1,6,28,11,54.5,1,0,51.0,1,1,1,1,24,2,8,17,13,12,13,16,18,20,31,34,37,4,3,10,18,1,6,22,3,15,7,1,3,5,1,36:02,1,2023-24
2023-24,1628389,Bam Adebayo,Bam,1610612748,MIA,Miami Heat,0022300842,2024-02-27T00:00:00,MIA @ POR,W,33.75,5,9,0.556,0,0,0.0,3,7,0.429,1,8,9,2,6,0,1,0,3,6,13,4,23.8,0,0,26.0,1,1,1,1,43,59,64,30,13,28,13,37,18,62,49,34,45,52,1,47,18,1,43,22,63,30,67,43,3,65,1,33:45,1,2023-24
2023-24,1628389,Bam Adebayo,Bam,1610612748,MIA,Miami Heat,0022300855,2024-02-29T00:00:00,MIA @ DEN,L,35.68333333333333,8,18,0.444,0,0,0.0,6,6,1.0,1,7,8,3,1,1,0,2,5,4,22,-3,38.1,0,0,35.0,1,41,41,41,29,21,8,56,13,28,13,16,25,1,49,40,51,37,45,25,40,60,69,37,18,43,46,43,3,45,1,35:41,1,2023-24
2023-24,1628389,Bam Adebayo,Bam,1610612748,MIA,Miami Heat,0022300867,2024-03-02T00:00:00,MIA vs. UTA,W,34.21666666666667,10,15,0.667,0,0,0.0,3,4,0.75,2,5,7,3,0,0,0,2,2,4,23,2,35.9,0,0,33.0,1,1,1,1,42,5,22,11,13,28,13,37,37,33,31,56,54,37,59,47,40,60,22,37,15,34,51,43,3,49,1,34:13,1,2023-24
2023-24,1628389,Bam Adebayo,Bam,1610612748,MIA,Miami Heat,0022300888,2024-03-05T00:00:00,MIA vs. DET,W,35.18333333333333,8,17,0.471,0,0,0.0,2,3,0.667,2,5,7,1,1,1,1,0,2,2,18,8,32.9,0,0,30.0,1,1,1,1,32,21,13,48,13,28,13,47,51,45,31,56,54,63,45,25,18,1,22,54,43,19,56,43,3,56,1,35:11,1,2023-24
2023-24,1628389,Bam Adebayo,Bam,1610612748,MIA,Miami Heat,0022300904,2024-03-07T00:00:00,MIA @ DAL,L,37.36666666666667,5,14,0.357,0,2,0.0,4,8,0.5,1,8,9,5,1,3,0,0,1,4,14,-5,40.3,0,0,34.0,1,41,41,41,14,59,31,62,13,4,13,29,12,53,49,34,45,18,45,2,40,1,6,37,59,49,41,43,3,47,1,37:22,1,2023-24
2023-24,1628389,Bam Adebayo,Bam,1610612748,MIA,Miami Heat,0022300914,2024-03-08T00:00:00,MIA @ OKC,L,30.766666666666666,1,9,0.111,0,0,0.0,3,4,0.75,4,6,10,4,4,1,2,1,1,2,5,-18,28.0,0,0,25.0,1,41,41,41,56,71,64,71,13,28,13,37,37,33,6,49,37,26,7,25,8,40,6,54,71,65,65,43,3,67,1,30:46,1,2023-24
2023-24,1628389,Bam Adebayo,Bam,1610612748,MIA,Miami Heat,0022300926,2024-03-10T00:00:00,MIA vs. WAS,L,34.983333333333334,7,14,0.5,0,0,0.0,2,6,0.333,7,9,16,2,0,2,1,2,3,5,16,-9,47.2,1,0,40.0,1,41,41,41,36,41,31,39,13,28,13,47,25,63,1,26,5,52,59,10,18,60,43,32,51,56,21,1,3,29,1,34:59,1,2023-24
2023-24,1628389,Bam Adebayo,Bam,1610612748,MIA,Miami Heat,0022300949,2024-03-13T00:00:00,MIA vs. DEN,L,34.35,7,15,0.467,1,1,1.0,2,4,0.5,1,12,13,3,0,1,1,0,2,2,17,-12,43.1,1,0,38.0,1,41,41,41,40,41,22,51,4,12,1,47,37,53,49,7,13,37,59,25,18,1,22,54,48,59,31,1,3,38,1,34:21,1,2023-24
2023-24,1628389,Bam Adebayo,Bam,1610612748,MIA,Miami Heat,0022300962,2024-03-15T00:00:00,MIA @ DET,W,28.933333333333334,10,14,0.714,1,1,1.0,1,3,0.333,3,6,9,2,0,2,3,0,1,3,22,17,50.8,0,0,44.0,1,1,1,1,64,5,31,8,4,12,1,58,51,63,14,49,45,52,59,10,2,1,6,49,18,5,15,43,3,14,1,28:56,1,2023-24
2023-24,1628389,Bam Adebayo,Bam,1610612748,MIA,Miami Heat,0022300977,2024-03-17T00:00:00,MIA @ DET,W,37.55,9,13,0.692,1,1,1.0,1,2,0.5,4,13,17,3,3,1,0,1,2,4,20,5,44.9,1,0,43.0,1,1,1,1,13,12,44,10,4,12,1,58,56,53,6,3,3,37,22,25,40,40,22,37,34,26,27,1,3,19,1,37:33,1,2023-24
2023-24,1628389,Bam Adebayo,Bam,1610612748,MIA,Miami Heat,0022300985,2024-03-18T00:00:00,MIA @ PHI,L,31.883333333333333,8,10,0.8,2,2,1.0,2,2,1.0,3,10,13,6,4,0,0,0,1,2,20,-19,40.6,1,0,41.0,1,41,41,41,52,21,60,1,1,4,1,47,56,1,14,17,13,9,7,47,40,1,6,54,34,66,39,1,3,26,1,31:53,1,2023-24
2023-24,1628389,Bam Adebayo,Bam,1610612748,MIA,Miami Heat,0022301013,2024-03-22T00:00:00,MIA vs. NOP,L,29.8,4,7,0.571,1,2,0.5,3,4,0.75,1,9,10,1,0,0,2,0,1,2,12,-16,31.5,1,0,28.0,1,41,41,41,59,65,71,23,4,4,9,37,37,33,49,26,37,63,59,47,8,1,6,54,64,62,58,1,3,61,1,29:48,1,2023-24
2023-24,1628389,Bam Adebayo,Bam,1610612748,MIA,Miami Heat,0022301029,2024-03-24T00:00:00,MIA vs. CLE,W,27.7,7,11,0.636,0,1,0.0,1,2,0.5,3,13,16,3,1,5,0,0,0,3,15,27,52.7,1,0,44.0,1,1,1,1,67,41,59,16,13,12,13,58,56,53,14,3,5,37,45,1,40,1,1,49,55,4,11,1,3,14,1,27:42,1,2023-24
2023-24,1628389,Bam Adebayo,Bam,1610612748,MIA,Miami Heat,0022301044,2024-03-26T00:00:00,MIA vs. GSW,L,38.60166666666667,10,21,0.476,1,3,0.333,3,4,0.75,3,6,9,5,1,1,1,0,1,5,24,-4,47.3,0,0,43.0,1,41,41,41,9,5,4,47,4,2,11,37,37,33,14,49,45,18,45,25,18,1,6,32,10,47,20,43,3,19,1,38:36,1,2023-24
2023-24,1628389,Bam Adebayo,Bam,1610612748,MIA,Miami Heat,0022301068,2024-03-29T00:00:00,MIA vs. POR,W,26.216666666666665,9,12,0.75,2,3,0.667,1,3,0.333,0,12,12,9,4,2,1,0,3,4,21,29,53.9,1,0,50.0,1,1,1,1,68,12,52,5,1,2,8,58,51,63,61,7,19,3,7,10,18,1,43,37,27,3,9,1,3,6,1,26:13,1,2023-24
2023-24,1628389,Bam Adebayo,Bam,1610612748,MIA,Miami Heat,0022301081,2024-03-31T00:00:00,MIA @ WAS,W,37.335,6,12,0.5,0,2,0.0,10,12,0.833,0,10,10,5,5,2,1,0,2,9,22,10,45.5,1,0,43.0,1,1,1,1,15,54,52,39,13,4,13,3,4,22,61,17,37,18,3,10,18,1,22,4,18,16,25,1,3,19,1,37:20,1,2023-24
2023-24,1628389,Bam Adebayo,Bam,1610612748,MIA,Miami Heat,0022301096,2024-04-02T00:00:00,MIA vs. NYK,W,32.53666666666667,6,9,0.667,0,0,0.0,3,4,0.75,2,7,9,1,1,1,0,0,0,2,15,13,29.3,0,0,27.0,1,1,1,1,50,54,64,11,13,28,13,37,37,33,31,40,45,63,45,25,40,1,1,54,55,10,62,43,3,62,1,32:32,1,2023-24
2023-24,1628389,Bam Adebayo,Bam,1610612748,MIA,Miami Heat,0022301111,2024-04-04T00:00:00,MIA vs. PHI,L,29.433333333333334,6,15,0.4,1,1,1.0,1,1,1.0,4,7,11,3,2,0,1,1,2,1,14,-29,32.7,1,0,31.0,1,41,41,41,63,54,22,59,4,12,1,58,65,1,6,40,25,37,32,47,18,40,22,67,59,71,57,1,3,54,1,29:26,1,2023-24
2023-24,1628389,Bam Adebayo,Bam,1610612748,MIA,Miami Heat,0022301120,2024-04-05T00:00:00,MIA @ HOU,W,33.325,7,12,0.583,0,0,0.0,4,4,1.0,2,10,12,6,1,1,1,0,2,3,18,16,46.4,1,0,40.0,1,1,1,1,45,41,52,21,13,28,13,29,37,1,31,17,19,9,45,25,18,1,22,49,43,8,24,1,3,29,1,33:20,1,2023-24
2023-24,1628389,Bam Adebayo,Bam,1610612748,MIA,Miami Heat,0022301133,2024-04-07T00:00:00,MIA @ IND,L,37.016666666666666,8,18,0.444,1,4,0.25,3,4,0.75,3,9,12,3,1,0,1,1,5,5,20,7,40.9,1,0,38.0,1,41,41,41,16,21,8,56,4,1,12,37,37,33,14,26,19,37,45,47,18,40,69,32,34,22,36,1,3,38,1,37:01,1,2023-24
2023-24,1628389,Bam Adebayo,Bam,1610612748,MIA,Miami Heat,0022301147,2024-04-09T00:00:00,MIA @ ATL,W,47.68333333333333,4,8,0.5,2,2,1.0,0,0,0.0,0,7,7,7,5,3,1,0,2,4,10,12,35.9,0,0,34.0,1,1,1,1,1,65,70,39,1,4,1,66,67,66,61,40,54,4,3,2,18,1,22,37,67,11,51,43,3,47,1,47:41,1,2023-24
2023-24,1628389,Bam Adebayo,Bam,1610612748,MIA,Miami Heat,0022301161,2024-04-10T00:00:00,MIA vs. DAL,L,29.683333333333334,3,13,0.231,0,2,0.0,2,2,1.0,2,1,3,0,0,0,0,1,2,4,8,-20,11.6,0,0,11.0,1,41,41,41,62,68,44,70,13,4,13,47,56,1,31,71,70,71,59,47,40,40,22,37,68,67,71,43,3,71,1,29:41,1,2023-24
2023-24,1628389,Bam Adebayo,Bam,1610612748,MIA,Miami Heat,0022301176,2024-04-12T00:00:00,MIA vs. TOR,W,25.4,8,10,0.8,1,2,0.5,2,4,0.5,1,5,6,3,0,0,0,0,1,4,19,9,30.7,0,0,29.0,1,1,1,1,69,21,60,1,4,4,9,47,37,53,49,56,62,37,59,47,40,1,6,37,40,18,61,43,3,58,1,25:24,1,2023-24
2023-24,1628389,Bam Adebayo,Bam,1610612748,MIA,Miami Heat,0022301189,2024-04-14T00:00:00,MIA vs. TOR,W,19.483333333333334,8,10,0.8,0,1,0.0,1,1,1.0,3,3,6,2,4,3,1,0,1,2,17,12,35.2,0,0,33.0,1,1,1,1,70,21,60,1,13,12,13,58,65,1,14,68,62,52,7,2,18,1,6,54,48,11,53,43,3,49,1,19:29,1,2023-24
2024-25,1628389,Bam Adebayo,Bam,1610612748,MIA,Miami Heat,0022400065,2024-10-23T00:00:00,MIA vs. ORL,L,25.516666666666666,1,5,0.2,0,2,0.0,7,10,0.7,3,2,5,1,0,0,0,0,1,6,9,-30,16.5,0,0,15.0,1,37,37,37,73,77,78,76,49,38,49,5,2,47,13,74,72,68,71,57,35,1,4,7,70,77,78,39,2,78,1,25:31,1,2024-25
2024-25,1628389,Bam Adebayo,Bam,1610612748,MIA,Miami Heat,0022400088,2024-10-26T00:00:00,MIA @ CHA,W,32.61666666666667,6,17,0.353,0,2,0.0,0,1,0.0,4,7,11,3,1,1,1,0,1,2,12,0,34.7,1,0,30.0,1,1,1,1,53,44,17,66,49,38,49,69,67,69,9,35,24,50,47,26,12,1,4,60,59,34,51,1,2,59,1,32:37,1,2024-25
2024-25,1628389,Bam Adebayo,Bam,1610612748,MIA,Miami Heat,0022400105,2024-10-28T00:00:00,MIA vs. DET,W,34.766666666666666,5,9,0.556,0,2,0.0,2,4,0.5,1,9,10,4,1,3,3,0,1,5,12,-3,47.0,1,0,38.0,1,1,1,1,38,57,66,24,49,38,49,43,35,60,52,16,30,36,47,5,3,1,4,20,59,46,22,1,2,30,1,34:46,1,2024-25
2024-25,1628389,Bam Adebayo,Bam,1610612748,MIA,Miami Heat,0022400122,2024-10-30T00:00:00,MIA vs. NYK,L,32.88333333333333,3,7,0.429,0,2,0.0,5,6,0.833,1,2,3,4,1,1,0,0,3,3,11,-9,22.6,0,0,20.0,1,37,37,37,51,68,73,51,49,38,49,13,14,27,52,74,78,36,47,26,35,1,50,42,66,55,75,39,2,76,1,32:53,1,2024-25
2024-25,1628389,Bam Adebayo,Bam,1610612748,MIA,Miami Heat,0022400147,2024-11-02T00:00:00,MIA @ WAS,W,30.966666666666665,12,24,0.5,3,5,0.6,5,6,0.833,5,9,14,2,1,1,1,2,3,4,32,25,56.8,1,0,55.0,1,1,1,1,62,2,3,28,2,5,12,13,14,27,7,16,6,59,47,26,12,68,50,32,2,2,5,1,2,5,1,30:58,1,2024-25
2024-25,1628389,Bam Adebayo,Bam,1610612748,MIA,Miami Heat,0022400159,2024-11-04T00:00:00,MIA vs. SAC,L,35.96,7,15,0.467,0,1,0.0,2,5,0.4,3,5,8,5,0,3,4,1,1,7,16,-3,54.1,0,0,43.0,1,37,37,37,29,35,31,41,49,63,49,43,29,67,13,56,48,22,71,5,2,45,4,4,45,46,8,39,2,18,1,35:58,1,2024-25
2024-25,1628389,Bam Adebayo,Bam,1610612748,MIA,Miami Heat,0022400178,2024-11-06T00:00:00,MIA @ PHX,L,34.42666666666667,5,21,0.238,0,1,0.0,2,2,1.0,7,5,12,6,1,5,1,2,2,3,12,0,52.4,1,0,42.0,1,37,37,37,41,57,5,75,49,63,49,43,51,1,2,56,13,17,47,1,12,68,34,42,59,34,11,1,2,22,1,34:26,1,2024-25
2024-25,1628389,Bam Adebayo,Bam,1610612748,MIA,Miami Heat,0022400194,2024-11-08T00:00:00,MIA @ DEN,L,38.7,7,18,0.389,1,5,0.2,5,6,0.833,2,7,9,4,3,2,0,0,3,4,20,-9,39.8,0,0,38.0,1,37,37,37,11,35,12,60,25,5,45,13,14,27,36,35,40,36,13,11,35,1,50,32,28,55,35,39,2,30,1,38:42,1,2024-25
2024-25,1628389,Bam Adebayo,Bam,1610612748,MIA,Miami Heat,0022400206,2024-11-10T00:00:00,MIA @ MIN,W,38.946666666666665,3,11,0.273,0,2,0.0,3,6,0.5,0,7,7,7,4,1,3,0,2,4,9,12,35.9,0,0,31.0,1,1,1,1,9,68,61,73,49,38,49,33,14,60,71,35,57,9,4,26,3,1,34,32,70,18,47,39,2,55,1,38:57,1,2024-25
2024-25,1628389,Bam Adebayo,Bam,1610612748,MIA,Miami Heat,0022400002,2024-11-12T00:00:00,MIA @ DET,L,43.55,8,13,0.615,1,1,1.0,3,5,0.6,6,6,12,3,1,0,1,0,1,5,20,1,40.9,1,0,38.0,1,37,37,37,3,22,44,14,25,63,1,33,29,58,3,46,13,50,47,57,12,1,4,20,28,32,33,1,2,30,1,43:33,1,2024-25
2024-25,1628389,Bam Adebayo,Bam,1610612748,MIA,Miami Heat,0022400009,2024-11-15T00:00:00,MIA @ IND,W,38.75833333333333,10,17,0.588,2,3,0.667,8,9,0.889,1,10,11,7,2,5,0,1,2,6,30,22,66.7,1,0,60.0,1,1,1,1,10,11,17,18,7,28,7,3,4,24,52,9,24,9,28,1,35,45,34,7,4,5,2,1,2,2,1,38:46,1,2024-25
2024-25,1628389,Bam Adebayo,Bam,1610612748,MIA,Miami Heat,0022400235,2024-11-17T00:00:00,MIA @ IND,L,39.68333333333333,9,18,0.5,2,4,0.5,4,5,0.8,6,2,8,2,2,0,0,1,1,3,24,-9,34.6,0,0,36.0,1,37,37,37,8,15,12,28,7,14,14,22,29,34,3,74,48,59,28,57,35,45,4,42,15,55,52,39,2,36,1,39:41,1,2024-25
2024-25,1628389,Bam Adebayo,Bam,1610612748,MIA,Miami Heat,0022400245,2024-11-18T00:00:00,MIA vs. PHI,W,31.65,2,8,0.25,1,2,0.5,0,0,0.0,0,13,13,3,3,2,1,1,4,1,5,11,31.1,0,0,28.0,1,1,1,1,56,74,70,74,25,38,14,69,72,69,71,2,9,50,13,11,12,45,68,71,76,19,65,39,2,68,1,31:39,1,2024-25
2024-25,1628389,Bam Adebayo,Bam,1610612748,MIA,Miami Heat,0022400273,2024-11-24T00:00:00,MIA vs. DAL,W,37.54666666666667,8,20,0.4,3,6,0.5,0,0,0.0,3,8,11,5,2,0,0,3,2,3,19,4,37.7,1,0,38.0,1,1,1,1,19,22,8,57,2,2,14,69,72,69,13,24,24,22,28,57,35,78,34,42,32,30,39,1,2,30,1,37:33,1,2024-25
2024-25,1628389,Bam Adebayo,Bam,1610612748,MIA,Miami Heat,0022400036,2024-11-26T00:00:00,MIA vs. MIL,L,31.433333333333334,6,9,0.667,1,2,0.5,3,4,0.75,1,4,5,5,1,1,0,0,5,3,16,-14,31.5,0,0,29.0,1,37,37,37,57,44,66,4,25,38,14,33,35,37,52,70,72,22,47,26,35,1,77,42,45,66,61,39,2,64,1,31:26,1,2024-25
2024-25,1628389,Bam Adebayo,Bam,1610612748,MIA,Miami Heat,0022400286,2024-11-27T00:00:00,MIA @ CHA,W,36.05,3,8,0.375,0,2,0.0,2,2,1.0,1,9,10,10,3,2,0,0,1,5,8,5,38.0,1,0,32.0,1,1,1,1,27,68,70,63,49,38,49,43,51,1,52,16,30,1,13,11,35,1,4,20,73,26,38,1,2,49,1,36:03,1,2024-25
2024-25,1628389,Bam Adebayo,Bam,1610612748,MIA,Miami Heat,0022400046,2024-11-29T00:00:00,MIA vs. TOR,W,34.6,6,16,0.375,2,6,0.333,0,1,0.0,2,8,10,10,1,3,0,1,2,4,14,0,49.0,1,1,42.0,1,1,1,1,39,44,24,63,7,2,34,69,67,69,36,24,30,1,47,5,35,45,34,32,54,34,19,1,1,22,1,34:36,1,2024-25
2024-25,1628389,Bam Adebayo,Bam,1610612748,MIA,Miami Heat,0022400309,2024-12-01T00:00:00,MIA @ TOR,L,38.6,5,13,0.385,1,2,0.5,2,2,1.0,4,16,20,7,5,1,0,2,3,4,13,15,45.5,1,0,43.0,1,37,37,37,12,57,44,61,25,38,14,43,51,1,9,1,1,9,3,26,35,68,50,32,57,14,23,1,2,18,1,38:36,1,2024-25
2024-25,1628389,Bam Adebayo,Bam,1610612748,MIA,Miami Heat,0022400316,2024-12-02T00:00:00,MIA @ BOS,L,33.36666666666667,6,18,0.333,1,4,0.25,2,2,1.0,2,6,8,5,3,1,0,2,1,4,15,-17,32.1,0,0,31.0,1,37,37,37,50,44,12,68,25,14,41,43,51,1,36,46,48,22,13,26,35,68,4,32,51,72,59,39,2,55,1,33:22,1,2024-25
2024-25,1628389,Bam Adebayo,Bam,1610612748,MIA,Miami Heat,0022400321,2024-12-04T00:00:00,MIA vs. LAL,W,24.6,6,8,0.75,0,1,0.0,2,3,0.667,0,10,10,7,2,1,1,0,1,2,14,22,40.5,1,0,35.0,1,1,1,1,76,44,70,1,49,63,49,43,46,48,71,9,30,9,28,26,12,1,4,60,54,5,34,1,2,41,1,24:36,1,2024-25
2024-25,1628389,Bam Adebayo,Bam,1610612748,MIA,Miami Heat,0022400346,2024-12-07T00:00:00,MIA vs. PHX,W,34.21666666666667,9,16,0.563,1,4,0.25,6,8,0.75,4,8,12,8,4,1,0,0,3,6,25,22,50.4,1,0,48.0,1,1,1,1,46,15,24,23,25,14,41,8,7,37,9,24,13,6,4,26,35,1,50,7,14,5,16,1,2,11,1,34:13,1,2024-25
2024-25,1628389,Bam Adebayo,Bam,1610612748,MIA,Miami Heat,0022400351,2024-12-08T00:00:00,MIA vs. CLE,W,36.03333333333333,7,14,0.5,2,4,0.5,0,0,0.0,1,12,13,6,1,0,1,1,2,2,16,20,42.6,1,0,39.0,1,1,1,1,28,35,38,28,7,14,14,69,72,69,52,5,9,17,47,57,12,45,34,60,45,9,28,1,2,27,1,36:02,1,2024-25
2024-25,1628389,Bam Adebayo,Bam,1610612748,MIA,Miami Heat,0022401206,2024-12-12T00:00:00,MIA vs. TOR,W,34.516666666666666,8,17,0.471,1,3,0.333,4,6,0.667,3,13,16,5,1,0,1,1,2,5,21,7,49.7,1,0,45.0,1,1,1,1,40,22,17,38,25,28,34,22,14,48,13,2,2,22,47,57,12,45,34,20,25,22,17,1,2,16,1,34:31,1,2024-25
2024-25,1628389,Bam Adebayo,Bam,1610612748,MIA,Miami Heat,0022401221,2024-12-16T00:00:00,MIA @ DET,L,40.733333333333334,6,12,0.5,1,3,0.333,2,2,1.0,1,7,8,3,1,1,0,0,1,2,15,-10,31.1,0,0,29.0,1,37,37,37,7,44,53,28,25,28,34,43,51,1,52,35,48,50,47,26,35,1,4,60,51,59,65,39,2,64,1,40:44,1,2024-25
2024-25,1628389,Bam Adebayo,Bam,1610612748,MIA,Miami Heat,0022400375,2024-12-20T00:00:00,MIA vs. OKC,L,35.833333333333336,7,11,0.636,0,1,0.0,3,6,0.5,3,7,10,1,6,1,1,0,2,6,17,5,30.5,1,0,32.0,1,37,37,37,30,35,61,11,49,63,49,33,14,60,13,35,30,68,2,26,12,1,34,7,42,26,68,1,2,49,1,35:50,1,2024-25
2024-25,1628389,Bam Adebayo,Bam,1610612748,MIA,Miami Heat,0022400377,2024-12-21T00:00:00,MIA @ ORL,L,34.333333333333336,8,15,0.533,0,4,0.0,8,12,0.667,1,5,6,0,4,2,0,1,2,8,24,-35,33.2,0,0,34.0,1,37,37,37,42,22,31,26,49,14,49,3,1,48,52,56,67,76,4,11,35,45,34,2,15,78,56,39,2,45,1,34:20,1,2024-25
2024-25,1628389,Bam Adebayo,Bam,1610612748,MIA,Miami Heat,0022400396,2024-12-23T00:00:00,MIA vs. BKN,W,30.516666666666666,8,12,0.667,0,2,0.0,7,8,0.875,0,7,7,7,2,1,0,0,1,8,23,8,42.9,0,0,39.0,1,1,1,1,65,22,53,4,49,38,49,5,7,25,71,35,57,9,28,26,35,1,4,2,18,21,26,39,2,27,1,30:31,1,2024-25
2024-25,1628389,Bam Adebayo,Bam,1610612748,MIA,Miami Heat,0022400411,2024-12-26T00:00:00,MIA @ ORL,W,35.21666666666667,2,10,0.2,0,1,0.0,0,0,0.0,3,6,9,7,4,0,5,2,4,1,4,-3,36.3,0,0,30.0,1,1,1,1,36,74,63,76,49,63,49,69,72,69,13,46,40,9,4,57,1,68,68,71,77,46,42,39,2,59,1,35:13,1,2024-25
2024-25,1628389,Bam Adebayo,Bam,1610612748,MIA,Miami Heat,0022400427,2024-12-28T00:00:00,MIA @ ATL,L,36.53333333333333,8,17,0.471,0,2,0.0,1,1,1.0,3,7,10,2,2,1,2,0,3,3,17,-1,39.0,1,0,35.0,1,37,37,37,26,22,17,38,49,38,49,64,67,1,13,35,30,59,28,26,6,1,50,42,42,39,36,1,2,41,1,36:32,1,2024-25
2024-25,1628389,Bam Adebayo,Bam,1610612748,MIA,Miami Heat,0022400439,2024-12-29T00:00:00,MIA @ HOU,W,34.28333333333333,4,12,0.333,0,1,0.0,4,6,0.667,2,8,10,1,2,3,0,0,5,3,12,-1,32.5,1,0,29.0,1,1,1,1,43,65,53,68,49,63,49,22,14,48,36,24,30,68,28,5,35,1,77,42,59,39,58,1,2,64,1,34:17,1,2024-25
2024-25,1628389,Bam Adebayo,Bam,1610612748,MIA,Miami Heat,0022400457,2025-01-01T00:00:00,MIA vs. NOP,W,31.3,9,14,0.643,0,2,0.0,5,5,1.0,1,8,9,10,4,2,0,0,3,3,23,6,50.8,1,0,46.0,1,1,1,1,58,15,38,9,49,38,49,13,29,1,52,24,40,1,4,11,35,1,50,42,18,25,15,1,2,14,1,31:18,1,2024-25
2024-25,1628389,Bam Adebayo,Bam,1610612748,MIA,Miami Heat,0022400463,2025-01-02T00:00:00,MIA vs. IND,L,25.151666666666667,8,12,0.667,0,1,0.0,4,6,0.667,3,5,8,2,1,1,0,1,0,3,20,-13,34.6,0,0,32.0,1,37,37,37,75,22,53,4,49,63,49,22,14,48,13,56,48,59,47,26,35,45,1,42,28,64,52,39,2,49,1,25:09,1,2024-25
2024-25,1628389,Bam Adebayo,Bam,1610612748,MIA,Miami Heat,0022400481,2025-01-04T00:00:00,MIA vs. UTA,L,25.55,0,6,0.0,0,1,0.0,4,6,0.667,1,7,8,2,3,1,1,0,1,4,4,-24,19.6,0,0,18.0,1,37,37,37,72,78,77,78,49,63,49,22,14,48,52,35,48,59,13,26,12,1,4,32,77,75,77,39,2,77,1,25:33,1,2024-25
2024-25,1628389,Bam Adebayo,Bam,1610612748,MIA,Miami Heat,0022400501,2025-01-06T00:00:00,MIA @ SAC,L,44.95,6,19,0.316,1,5,0.2,5,6,0.833,2,10,12,2,2,4,1,0,2,3,18,-3,48.4,1,0,43.0,1,37,37,37,1,44,9,71,25,5,45,13,14,27,36,9,13,59,28,4,12,1,34,42,36,46,21,1,2,18,1,44:57,1,2024-25
2024-25,1628389,Bam Adebayo,Bam,1610612748,MIA,Miami Heat,0022400508,2025-01-07T00:00:00,MIA @ GSW,W,29.793333333333333,9,14,0.643,1,1,1.0,0,1,0.0,3,6,9,5,1,2,1,1,1,4,19,18,45.3,0,0,40.0,1,1,1,1,68,15,38,9,25,63,1,69,67,69,13,46,40,22,47,11,12,45,4,32,32,12,24,39,2,25,1,29:48,1,2024-25
2024-25,1628389,Bam Adebayo,Bam,1610612748,MIA,Miami Heat,0022400523,2025-01-09T00:00:00,MIA @ UTA,W,28.716666666666665,6,13,0.462,1,2,0.5,2,4,0.5,2,5,7,3,1,3,2,1,1,2,15,0,41.9,0,0,36.0,1,1,1,1,70,44,44,44,25,38,14,43,35,60,36,56,57,50,47,5,6,45,4,60,51,34,30,39,2,36,1,28:43,1,2024-25
2024-25,1628389,Bam Adebayo,Bam,1610612748,MIA,Miami Heat,0022400536,2025-01-11T00:00:00,MIA @ POR,W,30.166666666666668,6,13,0.462,1,2,0.5,0,0,0.0,3,8,11,6,1,1,0,1,3,1,13,7,37.2,1,0,33.0,1,1,1,1,66,44,44,44,25,38,14,69,72,69,13,24,24,17,47,26,35,45,50,71,57,22,40,1,2,47,1,30:10,1,2024-25
2024-25,1628389,Bam Adebayo,Bam,1610612748,MIA,Miami Heat,0022400570,2025-01-15T00:00:00,MIA @ LAL,L,31.016666666666666,3,7,0.429,1,3,0.333,3,4,0.75,0,4,4,5,3,1,0,0,3,3,10,-10,22.3,0,0,22.0,1,37,37,37,61,68,73,51,25,28,34,33,35,37,71,70,76,22,13,26,35,1,50,42,69,59,76,39,2,72,1,31:01,1,2024-25
2024-25,1628389,Bam Adebayo,Bam,1610612748,MIA,Miami Heat,0022400579,2025-01-17T00:00:00,MIA vs. DEN,L,32.63333333333333,7,15,0.467,0,2,0.0,2,2,1.0,3,8,11,4,1,0,0,0,2,1,16,-10,34.2,1,0,31.0,1,37,37,37,52,35,31,41,49,38,49,43,51,1,13,24,24,36,47,57,35,1,34,71,45,59,54,1,2,55,1,32:38,1,2024-25
2024-25,1628389,Bam Adebayo,Bam,1610612748,MIA,Miami Heat,0022400592,2025-01-19T00:00:00,MIA vs. SAS,W,25.216666666666665,3,9,0.333,0,2,0.0,0,0,0.0,3,8,11,5,3,1,1,0,2,1,6,19,29.7,0,0,26.0,1,1,1,1,74,68,66,68,49,38,49,69,72,69,13,24,24,22,13,26,12,1,34,71,74,10,70,39,2,70,1,25:13,1,2024-25
2024-25,1628389,Bam Adebayo,Bam,1610612748,MIA,Miami Heat,0022400607,2025-01-21T00:00:00,MIA vs. POR,L,22.25,5,10,0.5,0,2,0.0,2,3,0.667,3,7,10,0,1,0,0,0,3,2,12,-22,23.0,1,0,22.0,1,37,37,37,77,57,63,28,49,38,49,43,46,48,13,35,30,76,47,57,35,1,50,60,59,74,73,1,2,72,1,22:15,1,2024-25
2024-25,1628389,Bam Adebayo,Bam,1610612748,MIA,Miami Heat,0022400624,2025-01-23T00:00:00,MIA @ MIL,L,28.72,5,12,0.417,0,2,0.0,1,2,0.5,6,8,14,3,1,0,0,2,3,1,11,-20,31.3,1,0,28.0,1,37,37,37,69,57,53,55,49,38,49,64,51,60,3,24,6,50,47,57,35,68,50,71,66,73,63,1,2,68,1,28:43,1,2024-25
2024-25,1628389,Bam Adebayo,Bam,1610612748,MIA,Miami Heat,0022400636,2025-01-25T00:00:00,MIA @ BKN,W,36.55,6,13,0.462,1,1,1.0,4,4,1.0,5,11,16,4,4,0,1,1,4,6,17,13,41.2,1,0,40.0,1,1,1,1,25,44,44,44,25,63,1,22,35,1,7,8,2,36,4,57,12,45,68,7,42,16,31,1,2,25,1,36:33,1,2024-25
2024-25,1628389,Bam Adebayo,Bam,1610612748,MIA,Miami Heat,0022400652,2025-01-27T00:00:00,MIA vs. ORL,W,44.49666666666667,10,15,0.667,0,0,0.0,6,8,0.75,1,9,10,9,3,1,0,1,4,7,26,19,51.5,1,0,47.0,1,1,1,1,2,11,31,4,49,78,49,8,7,37,52,16,30,4,13,26,35,45,68,4,12,10,13,1,2,12,1,44:30,1,2024-25
2024-25,1628389,Bam Adebayo,Bam,1610612748,MIA,Miami Heat,0022400667,2025-01-29T00:00:00,MIA vs. CLE,L,37.78333333333333,7,13,0.538,2,4,0.5,5,6,0.833,1,8,9,3,4,0,1,0,1,5,21,-16,35.3,0,0,37.0,1,37,37,37,15,35,44,25,7,14,14,13,14,27,52,24,40,50,4,57,12,1,4,20,25,70,49,39,2,35,1,37:47,1,2024-25
2024-25,1628389,Bam Adebayo,Bam,1610612748,MIA,Miami Heat,0022400693,2025-02-01T00:00:00,MIA @ SAS,W,37.7,13,21,0.619,2,5,0.4,2,2,1.0,3,9,12,9,3,2,3,0,1,6,30,5,69.9,1,0,63.0,1,1,1,1,16,1,5,13,7,5,31,43,51,1,13,16,13,4,13,11,3,1,4,7,4,26,1,1,2,1,1,37:42,1,2024-25
2024-25,1628389,Bam Adebayo,Bam,1610612748,MIA,Miami Heat,0022400714,2025-02-04T00:00:00,MIA @ CHI,L,35.38333333333333,10,17,0.588,1,4,0.25,2,5,0.4,2,6,8,4,3,0,0,0,1,6,23,-9,35.6,0,0,36.0,1,37,37,37,31,11,17,18,25,14,41,43,29,67,36,46,48,36,13,57,35,1,4,7,18,55,48,39,2,36,1,35:23,1,2024-25
2024-25,1628389,Bam Adebayo,Bam,1610612748,MIA,Miami Heat,0022400721,2025-02-05T00:00:00,MIA @ PHI,W,33.516666666666666,8,16,0.5,1,3,0.333,1,2,0.5,8,5,13,4,7,0,0,1,3,2,18,5,32.6,1,0,36.0,1,1,1,1,49,22,24,28,25,28,34,64,51,60,1,56,9,36,1,57,35,45,50,60,36,26,57,1,2,36,1,33:31,1,2024-25
2024-25,1628389,Bam Adebayo,Bam,1610612748,MIA,Miami Heat,0022400737,2025-02-07T00:00:00,MIA @ BKN,L,36.71666666666667,7,14,0.5,1,3,0.333,3,4,0.75,1,7,8,1,1,0,2,0,4,6,18,-14,34.1,0,0,32.0,1,37,37,37,24,35,38,28,25,28,34,33,35,37,52,35,48,68,47,57,6,1,68,7,36,66,55,39,2,49,1,36:43,1,2024-25
2024-25,1628389,Bam Adebayo,Bam,1610612748,MIA,Miami Heat,0022400759,2025-02-10T00:00:00,MIA vs. BOS,L,34.28333333333333,6,17,0.353,1,5,0.2,9,10,0.9,6,6,12,4,0,0,0,2,0,5,22,-5,42.4,1,0,39.0,1,37,37,37,43,44,17,66,25,5,45,1,2,23,3,46,13,36,71,57,35,68,1,20,23,52,29,1,2,27,1,34:17,1,2024-25
2024-25,1628389,Bam Adebayo,Bam,1610612748,MIA,Miami Heat,0022400778,2025-02-12T00:00:00,MIA @ OKC,L,35.38333333333333,11,19,0.579,3,4,0.75,2,2,1.0,2,13,15,4,3,1,1,0,3,2,27,-3,54.0,1,0,53.0,1,37,37,37,31,5,9,20,2,14,6,43,51,1,36,2,4,36,13,26,12,1,50,60,10,46,9,1,2,6,1,35:23,1,2024-25
2024-25,1628389,Bam Adebayo,Bam,1610612748,MIA,Miami Heat,0022400800,2025-02-21T00:00:00,MIA @ TOR,W,37.266666666666666,8,13,0.615,0,1,0.0,3,4,0.75,3,9,12,1,0,0,0,1,4,5,19,3,34.9,1,0,32.0,1,1,1,1,21,22,44,14,49,63,49,33,35,37,13,16,13,68,71,57,35,45,68,20,32,31,50,1,2,49,1,37:16,1,2024-25
2024-25,1628389,Bam Adebayo,Bam,1610612748,MIA,Miami Heat,0022400817,2025-02-23T00:00:00,MIA @ MIL,L,35.25,10,16,0.625,2,2,1.0,2,3,0.667,2,5,7,1,0,1,0,0,4,4,24,-16,36.9,0,0,36.0,1,37,37,37,34,11,24,12,7,38,1,43,46,48,36,56,57,68,71,26,35,1,68,32,15,70,41,39,2,36,1,35:15,1,2024-25
2024-25,1628389,Bam Adebayo,Bam,1610612748,MIA,Miami Heat,0022400825,2025-02-24T00:00:00,MIA @ ATL,L,36.95,5,13,0.385,0,2,0.0,4,4,1.0,3,2,5,1,4,2,0,0,1,7,14,-15,23.5,0,0,24.0,1,37,37,37,23,57,44,61,49,38,49,22,35,1,13,74,72,68,4,11,35,1,4,4,54,69,72,39,2,71,1,36:57,1,2024-25
2024-25,1628389,Bam Adebayo,Bam,1610612748,MIA,Miami Heat,0022400841,2025-02-26T00:00:00,MIA vs. ATL,W,35.3,9,12,0.75,1,2,0.5,1,2,0.5,1,8,9,3,2,0,1,0,4,2,20,16,36.3,0,0,35.0,1,1,1,1,33,15,53,1,25,38,14,64,51,60,52,24,40,50,28,57,12,1,68,60,28,13,42,39,2,41,1,35:18,1,2024-25
2024-25,1628389,Bam Adebayo,Bam,1610612748,MIA,Miami Heat,0022400854,2025-02-28T00:00:00,MIA vs. IND,W,31.2,8,14,0.571,2,4,0.5,0,0,0.0,2,5,7,7,0,2,0,0,1,1,18,-2,42.9,0,0,38.0,1,1,1,1,59,22,38,22,7,14,14,69,72,69,36,56,57,9,71,11,35,1,4,71,36,43,26,39,2,30,1,31:12,1,2024-25
2024-25,1628389,Bam Adebayo,Bam,1610612748,MIA,Miami Heat,0022400869,2025-03-02T00:00:00,MIA vs. NYK,L,42.266666666666666,12,16,0.75,0,2,0.0,6,8,0.75,2,5,7,4,3,1,0,2,4,6,30,-1,44.4,0,0,43.0,1,37,37,37,6,2,24,1,49,38,49,8,7,37,36,56,57,36,13,26,35,68,68,7,4,39,25,39,2,18,1,42:16,1,2024-25
2024-25,1628389,Bam Adebayo,Bam,1610612748,MIA,Miami Heat,0022400877,2025-03-03T00:00:00,MIA vs. WAS,W,31.185,7,16,0.438,0,2,0.0,5,6,0.833,3,12,15,5,2,2,1,0,1,5,19,11,51.5,1,0,45.0,1,1,1,1,60,35,24,50,49,38,49,13,14,27,13,5,4,22,28,11,12,1,4,20,32,19,13,1,2,16,1,31:11,1,2024-25
2024-25,1628389,Bam Adebayo,Bam,1610612748,MIA,Miami Heat,0022400893,2025-03-05T00:00:00,MIA @ CLE,L,37.55,11,18,0.611,3,5,0.6,9,9,1.0,2,10,12,5,2,2,0,1,1,5,34,-1,59.9,1,0,58.0,1,37,37,37,18,5,12,16,2,5,12,1,4,1,36,9,13,22,28,11,35,45,4,20,1,39,3,1,2,3,1,37:33,1,2024-25
2024-25,1628389,Bam Adebayo,Bam,1610612748,MIA,Miami Heat,0022400907,2025-03-07T00:00:00,MIA vs. MIN,L,43.06666666666667,11,21,0.524,1,5,0.2,6,7,0.857,1,12,13,4,2,1,0,0,3,6,29,-2,51.6,1,0,49.0,1,37,37,37,4,5,5,27,25,5,45,8,11,26,52,5,9,36,28,26,35,1,50,7,8,43,12,1,2,9,1,43:04,1,2024-25
2024-25,1628389,Bam Adebayo,Bam,1610612748,MIA,Miami Heat,0022400916,2025-03-08T00:00:00,MIA vs. CHI,L,38.06666666666667,8,17,0.471,1,4,0.25,5,6,0.833,1,5,6,2,2,2,0,0,1,4,22,-4,36.2,0,0,35.0,1,37,37,37,14,22,17,38,25,14,41,13,14,27,52,56,67,59,28,11,35,1,4,32,23,51,44,39,2,41,1,38:04,1,2024-25
2024-25,1628389,Bam Adebayo,Bam,1610612748,MIA,Miami Heat,0022400931,2025-03-10T00:00:00,MIA vs. CHA,L,38.31666666666667,8,16,0.5,2,4,0.5,5,7,0.714,4,10,14,8,1,1,0,0,1,5,23,7,53.8,1,0,49.0,1,37,37,37,13,22,24,28,7,14,14,13,11,46,9,9,6,6,47,26,35,1,4,20,18,22,10,1,2,9,1,38:19,1,2024-25
2024-25,1628389,Bam Adebayo,Bam,1610612748,MIA,Miami Heat,0022400948,2025-03-12T00:00:00,MIA vs. LAC,L,35.25,2,7,0.286,0,1,0.0,2,2,1.0,1,6,7,7,1,5,0,0,3,1,6,-14,38.9,0,0,30.0,1,37,37,37,34,74,73,72,49,63,49,43,51,1,52,46,57,9,47,1,35,1,50,71,74,66,37,39,2,59,1,35:15,1,2024-25
2024-25,1628389,Bam Adebayo,Bam,1610612748,MIA,Miami Heat,0022400958,2025-03-14T00:00:00,MIA vs. BOS,L,32.61666666666667,3,7,0.429,0,1,0.0,3,3,1.0,3,6,9,2,2,0,1,1,2,3,9,-13,23.8,0,0,22.0,1,37,37,37,53,68,73,51,49,63,49,33,46,1,13,46,40,59,28,57,12,45,34,42,70,64,71,39,2,72,1,32:37,1,2024-25
2024-25,1628389,Bam Adebayo,Bam,1610612748,MIA,Miami Heat,0022400971,2025-03-15T00:00:00,MIA @ MEM,L,29.983333333333334,7,15,0.467,2,4,0.5,2,2,1.0,2,4,6,0,3,1,2,0,1,2,18,-29,31.2,0,0,32.0,1,37,37,37,67,35,31,41,7,14,14,43,51,1,36,70,67,76,13,26,6,1,4,60,36,76,64,39,2,49,1,29:59,1,2024-25
2024-25,1628389,Bam Adebayo,Bam,1610612748,MIA,Miami Heat,0022400984,2025-03-17T00:00:00,MIA @ NYK,L,33.99666666666667,5,12,0.417,0,1,0.0,2,2,1.0,2,5,7,4,4,1,2,2,2,3,12,-5,31.4,0,0,29.0,1,37,37,37,47,57,53,55,49,63,49,43,51,1,36,56,57,36,4,26,6,68,34,42,59,52,62,39,2,64,1,33:60,1,2024-25
2024-25,1628389,Bam Adebayo,Bam,1610612748,MIA,Miami Heat,0022401000,2025-03-19T00:00:00,MIA vs. DET,L,37.016666666666666,12,24,0.5,2,5,0.4,4,4,1.0,3,6,9,8,2,1,1,0,3,6,30,-2,56.8,0,0,53.0,1,37,37,37,22,2,3,28,7,5,31,22,35,1,13,46,40,6,28,26,12,1,50,7,4,43,5,39,2,6,1,37:01,1,2024-25
2024-25,1628389,Bam Adebayo,Bam,1610612748,MIA,Miami Heat,0022401015,2025-03-21T00:00:00,MIA vs. HOU,L,37.5,6,13,0.462,2,4,0.5,2,3,0.667,1,5,6,6,2,0,0,0,2,5,16,-10,30.2,0,0,30.0,1,37,37,37,20,44,44,44,7,14,14,43,46,48,52,56,67,17,28,57,35,1,34,20,45,59,69,39,2,59,1,37:30,1,2024-25
2024-25,1628389,Bam Adebayo,Bam,1610612748,MIA,Miami Heat,0022401032,2025-03-23T00:00:00,MIA vs. CHA,W,31.878333333333334,4,10,0.4,1,3,0.333,2,2,1.0,3,1,4,2,2,2,0,1,3,2,11,1,22.8,0,0,22.0,1,1,1,1,55,65,63,57,25,28,34,43,51,1,13,78,76,59,28,11,35,45,50,60,66,32,74,39,2,72,1,31:53,1,2024-25
2024-25,1628389,Bam Adebayo,Bam,1610612748,MIA,Miami Heat,0022401047,2025-03-25T00:00:00,MIA vs. GSW,W,34.25,9,18,0.5,2,3,0.667,7,9,0.778,1,7,8,1,3,1,1,0,1,10,27,23,41.1,0,0,42.0,1,1,1,1,45,15,12,28,7,28,7,5,4,36,52,35,48,68,13,26,12,1,4,1,10,3,32,39,2,22,1,34:15,1,2024-25
2024-25,1628389,Bam Adebayo,Bam,1610612748,MIA,Miami Heat,0022401062,2025-03-27T00:00:00,MIA vs. ATL,W,37.63333333333333,4,9,0.444,1,2,0.5,3,4,0.75,0,10,10,4,3,3,0,0,0,3,12,22,36.0,1,0,33.0,1,1,1,1,17,65,66,48,25,38,14,33,35,37,71,9,30,36,13,5,35,1,1,42,59,5,45,1,2,47,1,37:38,1,2024-25
2024-25,1628389,Bam Adebayo,Bam,1610612748,MIA,Miami Heat,0022401076,2025-03-29T00:00:00,MIA @ PHI,W,28.0,5,14,0.357,2,2,1.0,4,5,0.8,2,5,7,5,1,0,0,1,1,3,16,23,30.9,0,0,30.0,1,1,1,1,71,57,38,65,7,38,1,22,29,34,36,56,57,22,47,57,35,45,4,42,45,3,67,39,2,59,1,28:00,1,2024-25
2024-25,1628389,Bam Adebayo,Bam,1610612748,MIA,Miami Heat,0022401092,2025-03-31T00:00:00,MIA @ WAS,W,30.933333333333334,11,19,0.579,2,5,0.4,4,7,0.571,3,9,12,5,1,1,1,1,1,6,28,14,54.9,1,0,51.0,1,1,1,1,63,5,9,20,7,5,31,22,11,59,13,16,13,22,47,26,12,45,4,7,9,15,7,1,2,8,1,30:56,1,2024-25
2024-25,1628389,Bam Adebayo,Bam,1610612748,MIA,Miami Heat,0022401106,2025-04-02T00:00:00,MIA @ BOS,W,30.683333333333334,9,15,0.6,2,3,0.667,1,1,1.0,0,5,5,6,0,0,0,1,2,3,21,13,36.0,0,0,34.0,1,1,1,1,64,15,31,17,7,28,7,64,67,1,71,56,72,17,71,57,35,45,34,42,25,16,45,39,2,45,1,30:41,1,2024-25
2024-25,1628389,Bam Adebayo,Bam,1610612748,MIA,Miami Heat,0022401114,2025-04-03T00:00:00,MIA vs. MEM,L,33.96666666666667,11,26,0.423,2,4,0.5,2,2,1.0,3,4,7,5,2,1,2,1,3,5,26,-5,48.9,0,0,46.0,1,37,37,37,48,5,1,54,7,14,14,43,51,1,13,70,57,22,28,26,6,45,50,20,12,52,20,39,2,14,1,33:58,1,2024-25
2024-25,1628389,Bam Adebayo,Bam,1610612748,MIA,Miami Heat,0022401131,2025-04-05T00:00:00,MIA vs. MIL,L,42.55,11,25,0.44,3,7,0.429,6,6,1.0,2,10,12,5,2,2,1,0,1,6,31,-11,59.9,1,0,57.0,1,37,37,37,5,5,2,49,2,1,30,8,14,1,36,9,13,22,28,11,12,1,4,7,3,63,3,1,2,4,1,42:33,1,2024-25
2024-25,1628389,Bam Adebayo,Bam,1610612748,MIA,Miami Heat,0022401160,2025-04-09T00:00:00,MIA @ CHI,L,35.21666666666667,6,15,0.4,2,3,0.667,4,6,0.667,0,6,6,3,1,1,0,2,1,3,18,0,31.7,0,0,31.0,1,37,37,37,36,44,31,57,7,28,7,22,14,48,71,46,67,50,47,26,35,68,4,42,36,34,60,39,2,55,1,35:13,1,2024-25
2024-25,1628389,Bam Adebayo,Bam,1610612748,MIA,Miami Heat,0022401177,2025-04-11T00:00:00,MIA @ NOP,W,21.683333333333334,8,12,0.667,4,6,0.667,3,4,0.75,3,9,12,4,0,2,0,0,1,3,23,46,49.4,1,0,47.0,1,1,1,1,78,22,53,4,1,2,7,33,35,37,13,16,13,36,71,11,35,1,4,42,18,1,18,1,2,12,1,21:41,1,2024-25
2025-26,1628389,Bam Adebayo,Bam,1610612748,MIA,Miami Heat,0022500081,2025-10-22T00:00:00,MIA @ ORL,L,34.2,4,13,0.308,1,5,0.2,6,7,0.857,3,9,12,2,4,0,0,1,3,6,15,-2,28.4,1,0,30.0,1,13,13,13,7,19,12,23,9,5,13,4,5,8,2,10,6,14,3,19,12,17,20,5,18,16,22,1,1,19,1,34:12,1,2025-26
2025-26,1628389,Bam Adebayo,Bam,1610612748,MIA,Miami Heat,0022500094,2025-10-24T00:00:00,MIA @ MEM,W,28.35,8,19,0.421,4,8,0.5,4,4,1.0,1,4,5,4,1,1,0,1,2,3,24,25,38.0,0,0,39.0,1,1,1,1,22,7,2,17,2,2,4,8,12,1,12,23,24,3,14,7,12,17,14,14,5,3,10,13,1,5,1,28:21,1,2025-26
2025-26,1628389,Bam Adebayo,Bam,1610612748,MIA,Miami Heat,0022500108,2025-10-26T00:00:00,MIA vs. NYK,W,38.31666666666667,5,15,0.333,1,5,0.2,8,8,1.0,1,12,13,3,6,1,0,1,1,7,19,10,36.1,1,0,38.0,1,1,1,1,2,15,8,22,9,5,13,1,3,1,12,3,4,7,1,7,12,17,4,1,10,8,11,1,1,8,1,38:19,1,2025-26
2025-26,1628389,Bam Adebayo,Bam,1610612748,MIA,Miami Heat,0022500124,2025-10-28T00:00:00,MIA vs. CHA,W,30.266666666666666,10,16,0.625,3,5,0.6,3,4,0.75,1,5,6,2,1,0,0,0,2,2,26,29,35.2,0,0,37.0,1,1,1,1,15,2,6,1,4,5,3,13,12,12,12,21,22,14,14,19,12,1,14,17,3,2,14,13,1,10,1,30:16,1,2025-26
2025-26,1628389,Bam Adebayo,Bam,1610612748,MIA,Miami Heat,0022500141,2025-10-30T00:00:00,MIA @ SAS,L,37.166666666666664,12,27,0.444,4,13,0.308,3,4,0.75,1,9,10,3,2,1,1,2,2,7,31,7,51.5,1,0,52.0,1,13,13,13,3,1,1,14,2,1,11,13,12,12,12,10,9,7,8,7,8,24,14,1,1,9,3,1,1,2,1,37:10,1,2025-26
2025-26,1628389,Bam Adebayo,Bam,1610612748,MIA,Miami Heat,0022500155,2025-11-02T00:00:00,MIA @ LAL,L,36.333333333333336,6,11,0.545,1,5,0.2,4,4,1.0,1,7,8,5,0,3,1,0,1,5,17,-13,46.1,0,0,39.0,1,13,13,13,4,13,18,6,9,5,13,8,12,1,12,13,16,1,22,1,8,1,4,7,14,21,5,13,1,5,1,36:20,1,2025-26
2025-26,1628389,Bam Adebayo,Bam,1610612748,MIA,Miami Heat,0022500164,2025-11-03T00:00:00,MIA @ LAC,W,30.216666666666665,10,18,0.556,2,4,0.5,3,5,0.6,0,10,10,4,2,2,0,0,1,5,25,2,47.0,1,0,45.0,1,1,1,1,16,2,4,4,6,11,4,13,11,20,22,7,9,3,8,2,12,1,4,7,4,15,4,1,1,4,1,30:13,1,2025-26
2025-26,1628389,Bam Adebayo,Bam,1610612748,MIA,Miami Heat,0022500178,2025-11-05T00:00:00,MIA @ DEN,L,8.2,1,5,0.2,0,2,0.0,0,0,0.0,0,1,1,0,0,0,0,0,1,0,2,4,3.2,0,0,3.0,1,13,13,13,25,25,25,25,18,20,18,23,24,23,22,25,25,24,22,19,12,1,4,25,25,11,25,13,1,25,1,8:12,1,2025-26
2025-26,1628389,Bam Adebayo,Bam,1610612748,MIA,Miami Heat,0022500257,2025-11-19T00:00:00,MIA vs. GSW,W,28.8,7,13,0.538,3,4,0.75,3,3,1.0,1,6,7,3,1,1,2,0,1,2,20,15,40.9,0,0,39.0,1,1,1,1,19,8,12,7,4,11,1,13,17,1,12,16,18,7,14,7,4,1,4,17,8,5,8,13,1,5,1,28:48,1,2025-26
2025-26,1628389,Bam Adebayo,Bam,1610612748,MIA,Miami Heat,0022500051,2025-11-21T00:00:00,MIA @ CHI,W,29.456666666666667,4,11,0.364,2,5,0.4,8,10,0.8,1,6,7,5,1,0,3,0,3,6,18,24,41.9,0,0,38.0,1,1,1,1,17,19,18,19,6,5,9,1,2,11,12,16,18,1,14,19,1,1,20,5,12,4,7,13,1,8,1,29:27,1,2025-26
2025-26,1628389,Bam Adebayo,Bam,1610612748,MIA,Miami Heat,0022500275,2025-11-23T00:00:00,MIA @ PHI,W,32.526666666666664,7,14,0.5,1,4,0.25,3,4,0.75,3,10,13,1,2,1,0,0,1,2,18,4,36.1,1,0,35.0,1,1,1,1,12,8,10,10,9,11,12,13,12,12,2,7,4,19,8,7,12,1,4,17,12,11,11,1,1,12,1,32:32,1,2025-26
2025-26,1628389,Bam Adebayo,Bam,1610612748,MIA,Miami Heat,0022500286,2025-11-24T00:00:00,MIA vs. DAL,W,29.336666666666666,5,13,0.385,0,3,0.0,7,11,0.636,3,3,6,1,2,1,2,1,1,7,17,-16,32.7,0,0,30.0,1,1,1,1,18,15,12,18,18,15,18,3,1,18,2,24,22,19,8,7,4,17,4,1,14,23,20,13,1,19,1,29:20,1,2025-26
2025-26,1628389,Bam Adebayo,Bam,1610612748,MIA,Miami Heat,0022500062,2025-11-26T00:00:00,MIA vs. MIL,W,28.616666666666667,7,16,0.438,1,5,0.2,2,2,1.0,0,11,11,2,1,0,1,1,0,2,17,-11,35.2,1,0,33.0,1,1,1,1,20,8,6,16,9,5,13,18,19,1,22,4,8,14,14,19,8,17,1,17,14,20,14,1,1,15,1,28:37,1,2025-26
2025-26,1628389,Bam Adebayo,Bam,1610612748,MIA,Miami Heat,0022500296,2025-11-29T00:00:00,MIA vs. DET,L,33.2,5,9,0.556,1,2,0.5,4,6,0.667,2,8,10,1,3,2,1,0,1,4,15,14,34.5,1,0,33.0,1,13,13,13,10,15,23,4,9,20,4,8,7,15,8,12,9,19,4,2,8,1,4,12,18,6,16,1,1,15,1,33:12,1,2025-26
2025-26,1628389,Bam Adebayo,Bam,1610612748,MIA,Miami Heat,0022500313,2025-12-01T00:00:00,MIA vs. LAC,W,31.638333333333332,10,17,0.588,5,8,0.625,2,2,1.0,3,11,14,3,1,2,2,0,0,1,27,33,59.3,1,0,57.0,1,1,1,1,13,2,5,3,1,2,2,18,19,1,2,4,3,7,14,2,4,1,1,22,2,1,1,1,1,1,1,31:38,1,2025-26
2025-26,1628389,Bam Adebayo,Bam,1610612748,MIA,Miami Heat,0022500332,2025-12-03T00:00:00,MIA @ DAL,L,28.4,10,19,0.526,1,6,0.167,0,0,0.0,1,6,7,1,1,1,0,0,1,2,21,-6,32.9,0,0,32.0,1,13,13,13,21,2,2,9,9,4,17,23,24,23,12,16,18,19,14,7,12,1,4,17,7,19,18,13,1,17,1,28:24,1,2025-26
2025-26,1628389,Bam Adebayo,Bam,1610612748,MIA,Miami Heat,0022500339,2025-12-05T00:00:00,MIA @ ORL,L,39.516666666666666,9,15,0.6,2,4,0.5,4,6,0.667,2,13,15,3,5,2,2,0,2,7,24,3,53.5,1,0,52.0,1,13,13,13,1,6,8,2,6,11,4,8,7,15,8,2,2,7,2,2,4,1,14,1,5,13,2,1,1,2,1,39:31,1,2025-26
2025-26,1628389,Bam Adebayo,Bam,1610612748,MIA,Miami Heat,0022500354,2025-12-06T00:00:00,MIA vs. SAC,L,24.583333333333332,4,9,0.444,0,3,0.0,1,2,0.5,2,5,7,3,0,0,0,0,0,1,9,-17,21.9,0,0,19.0,1,13,13,13,23,19,23,14,18,15,18,21,19,21,8,21,18,7,22,19,12,1,1,22,22,25,23,13,1,24,1,24:35,1,2025-26
2025-26,1628389,Bam Adebayo,Bam,1610612748,MIA,Miami Heat,0022501201,2025-12-09T00:00:00,MIA @ ORL,L,35.55,7,14,0.5,0,3,0.0,5,6,0.833,1,7,8,2,0,1,3,0,1,4,19,6,43.6,0,0,37.0,1,13,13,13,6,8,10,10,18,15,18,6,7,10,12,13,16,14,22,7,1,1,4,12,10,10,6,13,1,10,1,35:33,1,2025-26
2025-26,1628389,Bam Adebayo,Bam,1610612748,MIA,Miami Heat,0022501227,2025-12-15T00:00:00,MIA vs. TOR,L,33.016666666666666,7,13,0.538,1,3,0.333,5,8,0.625,0,10,10,2,2,1,0,1,2,5,20,-5,36.0,1,0,35.0,1,13,13,13,11,8,12,7,9,15,10,6,3,19,22,7,9,14,8,7,12,17,14,7,8,17,13,1,1,12,1,33:01,1,2025-26
2025-26,1628389,Bam Adebayo,Bam,1610612748,MIA,Miami Heat,0022500373,2025-12-18T00:00:00,MIA @ BKN,W,31.063333333333333,4,13,0.308,0,2,0.0,0,2,0.0,2,15,17,1,3,1,3,2,5,3,8,12,38.9,0,0,34.0,1,1,1,1,14,19,12,23,18,20,18,23,19,23,8,1,1,19,4,7,1,24,24,14,24,7,9,13,1,14,1,31:04,1,2025-26
2025-26,1628389,Bam Adebayo,Bam,1610612748,MIA,Miami Heat,0022500381,2025-12-19T00:00:00,MIA @ BOS,L,36.105,6,13,0.462,0,1,0.0,4,6,0.667,4,6,10,4,3,1,0,1,5,3,16,-15,34.0,1,0,32.0,1,13,13,13,5,13,12,13,18,25,18,8,7,15,1,16,9,3,4,7,12,17,24,14,17,22,17,1,1,17,1,36:06,1,2025-26
2025-26,1628389,Bam Adebayo,Bam,1610612748,MIA,Miami Heat,0022500398,2025-12-21T00:00:00,MIA @ NYK,L,33.56666666666667,4,11,0.364,0,3,0.0,6,7,0.857,3,6,9,0,3,0,0,0,3,5,14,-5,21.8,0,0,23.0,1,13,13,13,9,19,18,19,18,15,18,4,5,8,2,16,15,24,4,19,12,1,20,7,20,17,24,13,1,23,1,33:34,1,2025-26
2025-26,1628389,Bam Adebayo,Bam,1610612748,MIA,Miami Heat,0022500414,2025-12-23T00:00:00,MIA vs. TOR,L,34.13666666666666,4,11,0.364,0,2,0.0,1,3,0.333,1,11,12,3,1,2,0,0,2,5,9,-16,32.9,0,0,28.0,1,13,13,13,8,19,18,19,18,20,18,21,17,22,12,4,6,7,14,2,12,1,14,7,22,23,18,13,1,22,1,34:08,1,2025-26
2025-26,1628389,Bam Adebayo,Bam,1610612748,MIA,Miami Heat,0022500450,2025-12-29T00:00:00,MIA vs. DEN,W,21.163333333333334,5,10,0.5,1,2,0.5,2,2,1.0,3,7,10,4,2,1,0,0,3,1,13,3,32.0,1,0,30.0,1,1,1,1,24,15,22,10,9,20,4,18,19,1,2,13,9,3,8,7,12,1,20,22,21,13,21,1,1,19,1,21:10,1,2025-26
