SEASON_YEAR,PLAYER_ID,PLAYER_NAME,NICKNAME,TEAM_ID,TEAM_ABBREVIATION,TEAM_NAME,GAME_ID,GAME_DATE,MATCHUP,WL,MIN,FGM,FGA,FG_PCT,FG3M,FG3A,FG3_PCT,FTM,FTA,FT_PCT,OREB,DREB,REB,AST,TOV,STL,BLK,BLKA,PF,PFD,PTS,PLUS_MINUS,NBA_FANTASY_PTS,DD2,TD3,WNBA_FANTASY_PTS,GP_RANK,W_RANK,L_RANK,W_PCT_RANK,MIN_RANK,FGM_RANK,FGA_RANK,FG_PCT_RANK,FG3M_RANK,FG3A_RANK,FG3_PCT_RANK,FTM_RANK,FTA_RANK,FT_PCT_RANK,OREB_RANK,DREB_RANK,REB_RANK,AST_RANK,TOV_RANK,STL_RANK,BLK_RANK,BLKA_RANK,PF_RANK,PFD_RANK,PTS_RANK,PLUS_MINUS_RANK,NBA_FANTASY_PTS_RANK,DD2_RANK,TD3_RANK,WNBA_FANTASY_PTS_RANK,AVAILABLE_FLAG,MIN_SEC,TEAM_COUNT,SEASON
2018-19,1629028,Deandre Ayton,Deandre,1610612756,PHX,Phoenix Suns,0021800013,2018-10-17T00:00:00,PHX vs. DAL,W,36.483333333333334,8,11,0.727,0,0,0.0,2,2,1.0,1,9,10,6,0,1,1,1,2,3,18,17,45.0,1,0,38.0,1,1,1,1,5,22,40,12,1,5,1,23,32,1,55,13,33,1,57,16,15,37,12,20,26,2,16,1,1,18,1,36:29,1,2018-19
2018-19,1629028,Deandre Ayton,Deandre,1610612756,PHX,Phoenix Suns,0021800033,2018-10-20T00:00:00,PHX @ DEN,L,22.55,2,7,0.286,0,0,0.0,1,2,0.5,1,7,8,1,2,0,0,1,5,3,5,3,14.1,0,0,14.0,1,18,18,18,67,67,63,67,1,5,1,39,32,40,55,33,52,36,20,40,45,37,59,20,68,16,70,40,1,70,1,22:33,1,2018-19
2018-19,1629028,Deandre Ayton,Deandre,1610612756,PHX,Phoenix Suns,0021800047,2018-10-22T00:00:00,PHX @ GSW,L,31.1,6,11,0.545,0,0,0.0,8,8,1.0,4,10,14,5,2,1,0,1,2,6,20,-12,45.3,1,0,41.0,1,18,18,18,38,44,40,48,1,5,1,2,2,1,15,5,6,3,20,16,45,37,12,2,16,52,15,1,1,11,1,31:06,1,2018-19
2018-19,1629028,Deandre Ayton,Deandre,1610612756,PHX,Phoenix Suns,0021800060,2018-10-24T00:00:00,PHX vs. LAL,L,31.266666666666666,11,14,0.786,0,0,0.0,0,1,0.0,2,9,11,3,0,0,3,0,4,2,22,-4,48.7,1,0,42.0,1,18,18,18,36,5,19,6,1,5,1,55,50,55,39,13,25,8,57,40,1,1,44,37,11,31,7,1,1,9,1,31:16,1,2018-19
2018-19,1629028,Deandre Ayton,Deandre,1610612756,PHX,Phoenix Suns,0021800080,2018-10-27T00:00:00,PHX @ MEM,L,32.78333333333333,12,13,0.923,0,0,0.0,0,0,0.0,1,7,8,5,0,1,0,0,1,3,24,-18,44.1,0,0,39.0,1,18,18,18,24,3,24,1,1,5,1,55,57,55,55,33,52,3,57,16,45,1,5,20,8,63,17,40,1,15,1,32:47,1,2018-19
2018-19,1629028,Deandre Ayton,Deandre,1610612756,PHX,Phoenix Suns,0021800085,2018-10-28T00:00:00,PHX @ OKC,L,32.416666666666664,8,17,0.471,0,0,0.0,0,0,0.0,2,9,11,3,3,1,0,0,4,2,16,-1,33.7,1,0,32.0,1,18,18,18,26,22,8,59,1,5,1,55,57,55,39,13,25,8,8,16,45,1,44,37,39,24,35,1,1,32,1,32:25,1,2018-19
2018-19,1629028,Deandre Ayton,Deandre,1610612756,PHX,Phoenix Suns,0021800110,2018-10-31T00:00:00,PHX vs. SAS,L,30.85333333333333,6,13,0.462,0,0,0.0,1,1,1.0,4,4,8,0,3,0,0,2,4,1,13,-17,19.6,0,0,21.0,1,18,18,18,39,44,24,60,1,5,1,39,50,1,15,60,52,56,8,40,45,65,44,58,53,60,65,40,1,63,1,30:51,1,2018-19
2018-19,1629028,Deandre Ayton,Deandre,1610612756,PHX,Phoenix Suns,0021800123,2018-11-02T00:00:00,PHX vs. TOR,L,35.31666666666667,7,10,0.7,0,0,0.0,3,6,0.5,7,11,18,2,1,0,2,1,1,6,17,-7,46.6,1,0,41.0,1,18,18,18,7,37,52,20,1,5,1,11,4,40,4,2,1,22,40,40,10,37,5,2,32,39,9,1,1,11,1,35:19,1,2018-19
2018-19,1629028,Deandre Ayton,Deandre,1610612756,PHX,Phoenix Suns,0021800136,2018-11-04T00:00:00,PHX vs. MEM,W,36.516666666666666,3,4,0.75,0,0,0.0,3,4,0.75,1,7,8,6,5,3,2,1,2,4,9,4,37.6,0,0,33.0,1,1,1,1,4,65,69,7,1,5,1,11,12,27,55,33,52,1,2,2,10,37,12,10,62,14,24,40,1,28,1,36:31,1,2018-19
2018-19,1629028,Deandre Ayton,Deandre,1610612756,PHX,Phoenix Suns,0021800151,2018-11-06T00:00:00,PHX vs. BKN,L,31.918333333333333,6,17,0.353,0,0,0.0,3,3,1.0,2,11,13,3,4,0,0,1,2,4,15,-14,31.1,1,0,31.0,1,18,18,18,32,44,8,64,1,5,1,11,24,1,39,2,9,8,4,40,45,37,12,10,44,53,46,1,1,36,1,31:55,1,2018-19
2018-19,1629028,Deandre Ayton,Deandre,1610612756,PHX,Phoenix Suns,0021800164,2018-11-08T00:00:00,PHX vs. BOS,L,38.29833333333333,6,10,0.6,0,0,0.0,2,4,0.5,2,8,10,1,2,0,1,1,1,3,14,-11,28.5,1,0,27.0,1,18,18,18,3,44,52,34,1,5,1,23,12,40,39,24,33,36,20,40,15,37,5,20,47,48,54,1,1,50,1,38:18,1,2018-19
2018-19,1629028,Deandre Ayton,Deandre,1610612756,PHX,Phoenix Suns,0021800176,2018-11-10T00:00:00,PHX @ NOP,L,30.35,9,12,0.75,0,0,0.0,2,2,1.0,6,6,12,1,2,1,0,1,3,3,20,-16,36.9,1,0,35.0,1,18,18,18,44,13,35,7,1,5,1,23,32,1,7,45,14,36,20,16,45,37,32,20,16,57,28,1,1,20,1,30:21,1,2018-19
2018-19,1629028,Deandre Ayton,Deandre,1610612756,PHX,Phoenix Suns,0021800196,2018-11-12T00:00:00,PHX @ OKC,L,34.583333333333336,6,10,0.6,0,0,0.0,2,2,1.0,2,5,7,2,5,0,1,1,4,1,14,-15,23.4,0,0,25.0,1,18,18,18,12,44,52,34,1,5,1,23,32,1,39,52,62,22,2,40,15,37,44,58,47,56,61,40,1,58,1,34:35,1,2018-19
2018-19,1629028,Deandre Ayton,Deandre,1610612756,PHX,Phoenix Suns,0021800211,2018-11-14T00:00:00,PHX vs. SAS,W,29.933333333333334,8,11,0.727,0,1,0.0,1,1,1.0,1,9,10,3,1,1,0,1,2,2,17,16,35.5,1,0,32.0,1,1,1,1,45,22,40,12,1,1,1,39,50,1,55,13,33,8,40,16,45,37,12,37,32,3,30,1,1,32,1,29:56,1,2018-19
2018-19,1629028,Deandre Ayton,Deandre,1610612756,PHX,Phoenix Suns,0021800233,2018-11-17T00:00:00,PHX vs. OKC,L,35.61666666666667,10,19,0.526,0,1,0.0,1,2,0.5,1,8,9,1,2,1,0,1,3,3,21,3,34.3,0,0,33.0,1,18,18,18,6,8,3,52,1,1,1,39,32,40,55,24,41,36,20,16,45,37,32,20,13,16,33,40,1,28,1,35:37,1,2018-19
2018-19,1629028,Deandre Ayton,Deandre,1610612756,PHX,Phoenix Suns,0021800242,2018-11-19T00:00:00,PHX @ PHI,L,26.85,8,11,0.727,0,0,0.0,1,2,0.5,2,7,9,1,2,0,0,0,5,2,17,-4,27.3,0,0,27.0,1,18,18,18,60,22,40,12,1,5,1,39,32,40,39,33,41,36,20,40,45,1,59,37,32,31,58,40,1,50,1,26:51,1,2018-19
2018-19,1629028,Deandre Ayton,Deandre,1610612756,PHX,Phoenix Suns,0021800257,2018-11-21T00:00:00,PHX @ CHI,L,33.0,8,13,0.615,0,0,0.0,2,2,1.0,1,11,12,5,2,1,1,0,3,3,18,-7,43.9,1,0,39.0,1,18,18,18,21,22,24,28,1,5,1,23,32,1,55,2,14,3,20,16,15,1,32,20,26,39,18,1,1,15,1,33:00,1,2018-19
2018-19,1629028,Deandre Ayton,Deandre,1610612756,PHX,Phoenix Suns,0021800275,2018-11-23T00:00:00,PHX @ MIL,W,30.786666666666665,8,13,0.615,0,0,0.0,1,2,0.5,3,4,7,3,1,0,0,0,3,2,17,10,28.9,0,0,27.0,1,1,1,1,41,22,24,28,1,5,1,39,32,40,27,60,62,8,40,40,45,1,32,37,32,5,52,40,1,50,1,30:47,1,2018-19
2018-19,1629028,Deandre Ayton,Deandre,1610612756,PHX,Phoenix Suns,0021800287,2018-11-25T00:00:00,PHX @ DET,L,32.2,11,13,0.846,0,0,0.0,3,4,0.75,4,9,13,2,3,0,3,0,3,4,25,-3,49.6,1,0,46.0,1,18,18,18,30,5,24,2,1,5,1,11,12,27,15,13,9,22,8,40,1,1,32,10,5,28,6,1,1,5,1,32:12,1,2018-19
2018-19,1629028,Deandre Ayton,Deandre,1610612756,PHX,Phoenix Suns,0021800305,2018-11-27T00:00:00,PHX vs. IND,L,30.633333333333333,6,11,0.545,0,0,0.0,6,6,1.0,3,9,12,0,1,0,1,1,4,4,18,-2,34.4,1,0,32.0,1,18,18,18,42,44,40,48,1,5,1,4,4,1,27,13,14,56,40,40,15,37,44,10,26,27,32,1,1,32,1,30:38,1,2018-19
2018-19,1629028,Deandre Ayton,Deandre,1610612756,PHX,Phoenix Suns,0021800315,2018-11-28T00:00:00,PHX @ LAC,L,30.433333333333334,1,4,0.25,0,0,0.0,2,2,1.0,2,7,9,0,2,2,3,0,5,1,4,-16,27.8,0,0,23.0,1,18,18,18,43,69,69,68,1,5,1,23,32,1,39,33,41,56,20,7,1,1,59,58,69,57,56,40,1,60,1,30:26,1,2018-19
2018-19,1629028,Deandre Ayton,Deandre,1610612756,PHX,Phoenix Suns,0021800327,2018-11-30T00:00:00,PHX vs. ORL,L,31.616666666666667,9,16,0.563,0,0,0.0,1,2,0.5,2,4,6,2,1,0,0,0,2,2,19,-17,28.2,0,0,27.0,1,18,18,18,34,13,13,45,1,5,1,39,32,40,39,60,65,22,40,40,45,1,12,37,22,60,55,40,1,50,1,31:37,1,2018-19
2018-19,1629028,Deandre Ayton,Deandre,1610612756,PHX,Phoenix Suns,0021800337,2018-12-02T00:00:00,PHX @ LAL,L,24.583333333333332,4,12,0.333,0,0,0.0,2,2,1.0,4,6,10,2,1,0,1,0,4,1,10,0,27.0,1,0,24.0,1,18,18,18,66,59,35,65,1,5,1,23,32,1,15,45,33,22,40,40,15,1,44,58,58,21,59,1,1,59,1,24:35,1,2018-19
2018-19,1629028,Deandre Ayton,Deandre,1610612756,PHX,Phoenix Suns,0021800353,2018-12-04T00:00:00,PHX vs. SAC,L,20.583333333333332,5,8,0.625,0,0,0.0,0,0,0.0,2,7,9,2,0,1,0,0,0,1,10,-19,26.8,0,0,23.0,1,18,18,18,70,55,59,27,1,5,1,55,57,55,39,33,41,22,57,16,45,1,1,58,58,64,60,40,1,60,1,20:35,1,2018-19
2018-19,1629028,Deandre Ayton,Deandre,1610612756,PHX,Phoenix Suns,0021800366,2018-12-06T00:00:00,PHX @ POR,L,27.45,5,13,0.385,0,0,0.0,1,2,0.5,1,7,8,3,2,1,1,1,0,4,11,-17,29.1,0,0,26.0,1,18,18,18,56,55,24,63,1,5,1,39,32,40,55,33,52,8,20,16,15,37,1,10,57,60,51,40,1,56,1,27:27,1,2018-19
2018-19,1629028,Deandre Ayton,Deandre,1610612756,PHX,Phoenix Suns,0021800376,2018-12-07T00:00:00,PHX vs. MIA,L,29.233333333333334,8,11,0.727,0,0,0.0,0,0,0.0,1,10,11,2,3,0,1,1,2,3,16,-11,32.2,1,0,31.0,1,18,18,18,50,22,40,12,1,5,1,55,57,55,55,5,25,22,8,40,15,37,12,20,39,48,42,1,1,36,1,29:14,1,2018-19
2018-19,1629028,Deandre Ayton,Deandre,1610612756,PHX,Phoenix Suns,0021800399,2018-12-10T00:00:00,PHX vs. LAC,L,27.983333333333334,9,14,0.643,0,0,0.0,2,4,0.5,4,8,12,3,2,0,3,1,5,4,20,-11,45.9,1,0,41.0,1,18,18,18,55,13,19,23,1,5,1,23,12,40,15,24,14,8,20,40,1,37,59,10,16,48,12,1,1,11,1,27:59,1,2018-19
2018-19,1629028,Deandre Ayton,Deandre,1610612756,PHX,Phoenix Suns,0021800403,2018-12-11T00:00:00,PHX @ SAS,L,30.816666666666666,6,10,0.6,0,0,0.0,0,0,0.0,3,8,11,4,0,0,2,0,2,2,12,-1,37.2,1,0,31.0,1,18,18,18,40,44,52,34,1,5,1,55,57,55,27,24,25,6,57,40,10,1,12,37,56,24,27,1,1,36,1,30:49,1,2018-19
2018-19,1629028,Deandre Ayton,Deandre,1610612756,PHX,Phoenix Suns,0021800419,2018-12-13T00:00:00,PHX vs. DAL,W,26.016666666666666,3,13,0.231,0,0,0.0,1,2,0.5,1,4,5,1,4,2,1,1,4,3,7,-6,19.5,0,0,19.0,1,1,1,1,61,65,24,69,1,5,1,39,32,40,55,60,67,36,4,7,15,37,44,20,66,37,66,40,1,64,1,26:01,1,2018-19
2018-19,1629028,Deandre Ayton,Deandre,1610612756,PHX,Phoenix Suns,0021800435,2018-12-15T00:00:00,PHX vs. MIN,W,25.5,7,11,0.636,0,0,0.0,4,5,0.8,5,7,12,2,0,0,1,0,4,6,18,8,38.4,1,0,34.0,1,1,1,1,62,37,40,24,1,5,1,7,8,25,10,33,14,22,57,40,15,1,44,2,26,8,21,1,1,25,1,25:30,1,2018-19
2018-19,1629028,Deandre Ayton,Deandre,1610612756,PHX,Phoenix Suns,0021800444,2018-12-17T00:00:00,PHX @ NYK,W,29.1,8,14,0.571,0,0,0.0,5,5,1.0,4,9,13,1,2,0,0,0,2,5,21,7,36.1,1,0,35.0,1,1,1,1,51,22,19,40,1,5,1,5,8,1,15,13,9,36,20,40,45,1,12,7,13,10,29,1,1,20,1,29:06,1,2018-19
2018-19,1629028,Deandre Ayton,Deandre,1610612756,PHX,Phoenix Suns,0021800458,2018-12-19T00:00:00,PHX @ BOS,W,32.03333333333333,10,14,0.714,0,0,0.0,3,4,0.75,8,10,18,0,2,1,0,2,1,2,23,0,45.6,1,0,43.0,1,1,1,1,31,8,19,18,1,5,1,11,12,27,3,5,1,56,20,16,45,65,5,37,9,21,13,1,1,7,1,32:02,1,2018-19
2018-19,1629028,Deandre Ayton,Deandre,1610612756,PHX,Phoenix Suns,0021800480,2018-12-22T00:00:00,PHX @ WAS,L,38.55,11,18,0.611,0,0,0.0,4,5,0.8,9,8,17,1,3,1,1,0,6,4,26,-5,50.9,1,0,48.0,1,18,18,18,2,5,6,33,1,5,1,7,8,25,2,24,4,36,8,16,15,1,71,10,2,34,4,1,1,4,1,38:33,1,2018-19
2018-19,1629028,Deandre Ayton,Deandre,1610612756,PHX,Phoenix Suns,0021800489,2018-12-23T00:00:00,PHX @ BKN,L,32.266666666666666,13,16,0.813,0,0,0.0,0,0,0.0,4,14,18,1,2,2,3,0,4,2,26,7,62.1,1,0,55.0,1,18,18,18,28,2,13,3,1,5,1,55,57,55,15,1,1,36,20,7,1,1,44,37,2,10,2,1,1,2,1,32:16,1,2018-19
2018-19,1629028,Deandre Ayton,Deandre,1610612756,PHX,Phoenix Suns,0021800503,2018-12-26T00:00:00,PHX @ ORL,W,34.06666666666667,4,7,0.571,0,0,0.0,0,0,0.0,3,9,12,3,3,0,3,0,2,1,8,-10,32.9,0,0,29.0,1,1,1,1,15,59,63,40,1,5,1,55,57,55,27,13,14,8,8,40,1,1,12,58,64,45,40,40,1,47,1,34:04,1,2018-19
2018-19,1629028,Deandre Ayton,Deandre,1610612756,PHX,Phoenix Suns,0021800525,2018-12-28T00:00:00,PHX vs. OKC,L,32.38333333333333,8,13,0.615,0,0,0.0,0,0,0.0,4,5,9,1,0,3,0,0,0,0,16,-8,37.3,0,0,32.0,1,18,18,18,27,22,24,28,1,5,1,55,57,55,15,52,41,36,57,2,45,1,1,69,39,43,26,40,1,32,1,32:23,1,2018-19
2018-19,1629028,Deandre Ayton,Deandre,1610612756,PHX,Phoenix Suns,0021800533,2018-12-29T00:00:00,PHX vs. DEN,L,39.4,16,20,0.8,0,0,0.0,1,3,0.333,10,4,14,1,0,4,0,1,2,3,33,0,63.3,1,0,56.0,1,18,18,18,1,1,1,4,1,5,1,39,24,53,1,60,6,36,57,1,45,37,12,20,1,21,1,1,1,1,1,39:24,1,2018-19
2018-19,1629028,Deandre Ayton,Deandre,1610612756,PHX,Phoenix Suns,0021800548,2018-12-31T00:00:00,PHX vs. GSW,L,34.6,9,17,0.529,0,0,0.0,7,8,0.875,4,6,10,1,1,0,0,1,3,6,25,-16,37.5,1,0,36.0,1,18,18,18,11,13,8,51,1,5,1,3,2,24,15,45,33,36,40,40,45,37,32,2,5,57,25,1,1,19,1,34:36,1,2018-19
2018-19,1629028,Deandre Ayton,Deandre,1610612756,PHX,Phoenix Suns,0021800561,2019-01-02T00:00:00,PHX vs. PHI,L,33.513333333333335,8,12,0.667,0,0,0.0,2,2,1.0,7,4,11,2,1,2,0,0,5,5,18,-11,39.2,1,0,35.0,1,18,18,18,18,22,35,21,1,5,1,23,32,1,4,60,25,22,40,7,45,1,59,7,26,48,20,1,1,20,1,33:31,1,2018-19
2018-19,1629028,Deandre Ayton,Deandre,1610612756,PHX,Phoenix Suns,0021800573,2019-01-04T00:00:00,PHX vs. LAC,L,27.416666666666668,2,3,0.667,0,0,0.0,0,0,0.0,2,3,5,3,4,0,1,0,1,2,4,-7,13.5,0,0,14.0,1,18,18,18,58,67,71,21,1,5,1,55,57,55,39,69,67,8,4,40,15,1,5,37,69,39,71,40,1,70,1,27:25,1,2018-19
2018-19,1629028,Deandre Ayton,Deandre,1610612756,PHX,Phoenix Suns,0021800590,2019-01-06T00:00:00,PHX vs. CHA,L,31.366666666666667,7,12,0.583,0,0,0.0,5,5,1.0,0,9,9,2,1,1,1,1,3,4,19,-3,37.8,0,0,34.0,1,18,18,18,35,37,35,39,1,5,1,5,8,1,71,13,41,22,40,16,15,37,32,10,22,28,23,40,1,25,1,31:22,1,2018-19
2018-19,1629028,Deandre Ayton,Deandre,1610612756,PHX,Phoenix Suns,0021800604,2019-01-08T00:00:00,PHX vs. SAC,W,29.856666666666666,8,13,0.615,0,0,0.0,1,2,0.5,3,9,12,2,2,1,1,0,4,3,17,-10,38.4,1,0,35.0,1,1,1,1,46,22,24,28,1,5,1,39,32,40,27,13,14,22,20,16,15,1,44,20,32,45,21,1,1,20,1,29:51,1,2018-19
2018-19,1629028,Deandre Ayton,Deandre,1610612756,PHX,Phoenix Suns,0021800613,2019-01-09T00:00:00,PHX @ DAL,L,20.268333333333334,1,7,0.143,0,0,0.0,4,4,1.0,1,4,5,1,3,1,1,0,5,2,6,2,16.5,0,0,16.0,1,18,18,18,71,69,63,70,1,5,1,7,12,1,55,60,67,36,8,16,15,1,59,37,67,19,68,40,1,67,1,20:16,1,2018-19
2018-19,1629028,Deandre Ayton,Deandre,1610612756,PHX,Phoenix Suns,0021800635,2019-01-12T00:00:00,PHX vs. DEN,W,29.583333333333332,9,18,0.5,0,0,0.0,4,6,0.667,4,9,13,0,0,0,3,2,2,5,22,10,46.6,1,0,41.0,1,1,1,1,47,13,6,54,1,5,1,7,4,35,15,13,9,56,57,40,1,65,12,7,11,5,9,1,1,11,1,29:35,1,2018-19
2018-19,1629028,Deandre Ayton,Deandre,1610612756,PHX,Phoenix Suns,0021800651,2019-01-15T00:00:00,PHX @ IND,L,28.8,7,16,0.438,0,0,0.0,0,2,0.0,3,5,8,0,1,1,1,2,3,1,14,-37,28.6,0,0,26.0,1,18,18,18,53,37,13,62,1,5,1,55,32,55,27,52,52,56,40,16,15,65,32,58,47,71,53,40,1,56,1,28:48,1,2018-19
2018-19,1629028,Deandre Ayton,Deandre,1610612756,PHX,Phoenix Suns,0021800668,2019-01-17T00:00:00,PHX @ TOR,L,35.15,6,8,0.75,0,0,0.0,3,4,0.75,7,10,17,2,2,2,2,1,1,3,15,5,48.4,1,0,42.0,1,18,18,18,9,44,59,7,1,5,1,11,12,27,4,5,4,22,20,7,10,37,5,20,44,13,8,1,1,9,1,35:09,1,2018-19
2018-19,1629028,Deandre Ayton,Deandre,1610612756,PHX,Phoenix Suns,0021800679,2019-01-19T00:00:00,PHX @ CHA,L,21.666666666666668,4,7,0.571,0,0,0.0,2,2,1.0,1,1,2,0,0,1,1,0,3,3,10,-27,18.4,0,0,16.0,1,18,18,18,69,59,63,40,1,5,1,23,32,1,55,71,71,56,57,16,15,1,32,20,58,70,67,40,1,67,1,21:40,1,2018-19
2018-19,1629028,Deandre Ayton,Deandre,1610612756,PHX,Phoenix Suns,0021800784,2019-02-02T00:00:00,PHX vs. ATL,L,32.9,5,15,0.333,0,0,0.0,3,3,1.0,5,6,11,3,3,1,1,3,2,4,13,8,33.7,1,0,31.0,1,18,18,18,22,55,17,65,1,5,1,11,24,1,10,45,25,8,8,16,15,71,12,10,53,8,35,1,1,36,1,32:54,1,2018-19
2018-19,1629028,Deandre Ayton,Deandre,1610612756,PHX,Phoenix Suns,0021800794,2019-02-04T00:00:00,PHX vs. HOU,L,34.045,7,11,0.636,0,1,0.0,1,1,1.0,1,10,11,3,2,1,0,0,2,2,15,4,33.7,1,0,31.0,1,18,18,18,16,37,40,24,1,1,1,39,50,1,55,5,25,8,20,16,45,1,12,37,44,14,35,1,1,36,1,34:03,1,2018-19
2018-19,1629028,Deandre Ayton,Deandre,1610612756,PHX,Phoenix Suns,0021800808,2019-02-06T00:00:00,PHX @ UTA,L,29.55,10,19,0.526,0,1,0.0,0,0,0.0,3,6,9,1,3,0,0,0,5,1,20,-22,29.3,0,0,30.0,1,18,18,18,48,8,3,52,1,1,1,55,57,55,27,45,41,36,8,40,45,1,59,58,16,68,50,40,1,43,1,29:33,1,2018-19
2018-19,1629028,Deandre Ayton,Deandre,1610612756,PHX,Phoenix Suns,0021800822,2019-02-08T00:00:00,PHX vs. GSW,L,33.14833333333333,10,20,0.5,0,0,0.0,3,4,0.75,5,7,12,0,3,3,1,1,4,3,23,3,46.4,1,0,43.0,1,18,18,18,20,8,1,54,1,5,1,11,12,27,10,33,14,56,8,2,15,37,44,20,9,16,11,1,1,7,1,33:09,1,2018-19
2018-19,1629028,Deandre Ayton,Deandre,1610612756,PHX,Phoenix Suns,0021800836,2019-02-10T00:00:00,PHX @ SAC,L,32.266666666666666,8,10,0.8,0,0,0.0,0,0,0.0,1,8,9,0,2,0,1,1,3,0,16,-5,27.8,0,0,27.0,1,18,18,18,28,22,52,4,1,5,1,55,57,55,55,24,41,56,20,40,15,37,32,69,39,34,56,40,1,50,1,32:16,1,2018-19
2018-19,1629028,Deandre Ayton,Deandre,1610612756,PHX,Phoenix Suns,0021800863,2019-02-13T00:00:00,PHX @ LAC,L,29.05,9,15,0.6,0,0,0.0,2,3,0.667,2,6,8,2,0,0,0,1,2,2,20,-10,32.6,0,0,30.0,1,18,18,18,52,13,17,34,1,5,1,23,24,35,39,45,52,22,57,40,45,37,12,37,16,45,41,40,1,43,1,29:03,1,2018-19
2018-19,1629028,Deandre Ayton,Deandre,1610612756,PHX,Phoenix Suns,0021800867,2019-02-21T00:00:00,PHX @ CLE,L,34.833333333333336,5,9,0.556,0,0,0.0,3,6,0.5,5,4,9,3,1,1,0,0,0,6,13,-21,30.3,0,0,27.0,1,18,18,18,10,55,57,47,1,5,1,11,4,40,10,60,41,8,40,16,45,1,1,2,53,67,48,40,1,50,1,34:50,1,2018-19
2018-19,1629028,Deandre Ayton,Deandre,1610612756,PHX,Phoenix Suns,0021800883,2019-02-23T00:00:00,PHX @ ATL,L,33.35,6,8,0.75,0,0,0.0,2,2,1.0,2,10,12,0,1,1,1,0,3,2,14,-19,33.4,1,0,30.0,1,18,18,18,19,44,59,7,1,5,1,23,32,1,39,5,14,56,40,16,15,1,32,37,47,64,38,1,1,43,1,33:21,1,2018-19
2018-19,1629028,Deandre Ayton,Deandre,1610612756,PHX,Phoenix Suns,0021800901,2019-02-25T00:00:00,PHX @ MIA,W,25.033333333333335,6,11,0.545,0,0,0.0,2,4,0.5,3,7,10,0,1,2,0,0,5,2,14,-3,31.0,1,0,28.0,1,1,1,1,65,44,40,48,1,5,1,23,12,40,27,33,33,56,40,7,45,1,59,37,47,28,47,1,1,49,1,25:02,1,2018-19
2018-19,1629028,Deandre Ayton,Deandre,1610612756,PHX,Phoenix Suns,0021800932,2019-03-01T00:00:00,PHX vs. NOP,L,28.55,8,11,0.727,0,0,0.0,0,0,0.0,3,5,8,1,2,3,0,0,2,0,16,-1,34.1,0,0,31.0,1,18,18,18,54,22,40,12,1,5,1,55,57,55,27,52,52,36,20,2,45,1,12,69,39,24,34,40,1,36,1,28:33,1,2018-19
2018-19,1629028,Deandre Ayton,Deandre,1610612756,PHX,Phoenix Suns,0021800942,2019-03-02T00:00:00,PHX vs. LAL,W,33.77333333333333,8,11,0.727,0,0,0.0,10,14,0.714,5,5,10,3,1,2,1,1,5,9,26,2,50.5,1,0,45.0,1,1,1,1,17,22,40,12,1,5,1,1,1,34,10,52,33,8,40,7,15,37,59,1,2,19,5,1,1,6,1,33:46,1,2018-19
2018-19,1629028,Deandre Ayton,Deandre,1610612756,PHX,Phoenix Suns,0021800955,2019-03-04T00:00:00,PHX vs. MIL,W,34.18333333333333,8,13,0.615,0,0,0.0,3,3,1.0,2,10,12,2,0,0,3,0,5,2,19,23,45.4,1,0,39.0,1,1,1,1,13,22,24,28,1,5,1,11,24,1,39,5,14,22,57,40,1,1,59,37,22,1,14,1,1,15,1,34:11,1,2018-19
2018-19,1629028,Deandre Ayton,Deandre,1610612756,PHX,Phoenix Suns,0021800972,2019-03-06T00:00:00,PHX vs. NYK,W,25.333333333333332,4,8,0.5,0,0,0.0,2,3,0.667,1,5,6,0,1,0,0,2,5,2,10,13,16.2,0,0,16.0,1,1,1,1,63,59,59,54,1,5,1,23,24,35,55,52,65,56,40,40,45,65,59,37,58,4,69,40,1,67,1,25:20,1,2018-19
2018-19,1629028,Deandre Ayton,Deandre,1610612756,PHX,Phoenix Suns,0021800991,2019-03-09T00:00:00,PHX @ POR,L,31.785,10,17,0.588,0,0,0.0,1,1,1.0,4,4,8,1,0,0,0,0,4,1,21,-7,32.1,0,0,30.0,1,18,18,18,33,8,8,38,1,5,1,39,50,1,15,60,52,36,57,40,45,1,44,58,13,39,43,40,1,43,1,31:47,1,2018-19
2018-19,1629028,Deandre Ayton,Deandre,1610612756,PHX,Phoenix Suns,0021801000,2019-03-10T00:00:00,PHX @ GSW,W,34.18333333333333,9,19,0.474,0,0,0.0,0,0,0.0,2,7,9,4,1,1,1,0,2,1,18,10,39.8,0,0,35.0,1,1,1,1,13,13,3,58,1,5,1,55,57,55,39,33,41,6,40,16,15,1,12,58,26,5,19,40,1,20,1,34:11,1,2018-19
2018-19,1629028,Deandre Ayton,Deandre,1610612756,PHX,Phoenix Suns,0021801019,2019-03-13T00:00:00,PHX vs. UTA,L,32.9,1,9,0.111,0,0,0.0,0,0,0.0,2,7,9,0,0,2,1,1,2,2,2,-23,21.8,0,0,17.0,1,18,18,18,22,69,57,71,1,5,1,55,57,55,39,33,41,56,57,7,15,37,12,37,71,69,63,40,1,66,1,32:54,1,2018-19
2018-19,1629028,Deandre Ayton,Deandre,1610612756,PHX,Phoenix Suns,0021801030,2019-03-15T00:00:00,PHX @ HOU,L,32.43333333333333,7,14,0.5,0,0,0.0,3,4,0.75,6,8,14,0,7,0,1,2,1,3,17,-9,29.8,1,0,33.0,1,18,18,18,25,37,19,54,1,5,1,11,12,27,7,24,6,56,1,40,15,65,5,20,32,44,49,1,1,28,2,32:26,1,2018-19
2018-19,1629028,Deandre Ayton,Deandre,1610612756,PHX,Phoenix Suns,0021801036,2019-03-16T00:00:00,PHX @ NOP,W,22.35,4,7,0.571,0,0,0.0,0,0,0.0,3,2,5,1,0,1,1,1,4,1,8,-6,21.5,0,0,18.0,1,1,1,1,68,59,63,40,1,5,1,55,57,55,27,70,67,36,57,16,15,37,44,58,64,37,64,40,1,65,1,22:21,1,2018-19
2018-19,1629028,Deandre Ayton,Deandre,1610612756,PHX,Phoenix Suns,0021801057,2019-03-18T00:00:00,PHX vs. CHI,L,35.181666666666665,12,17,0.706,0,0,0.0,1,1,1.0,4,8,12,3,1,3,3,1,4,2,25,-5,60.9,1,0,52.0,1,18,18,18,8,3,8,19,1,5,1,39,50,1,15,24,14,8,40,2,1,37,44,37,5,34,3,1,1,3,1,35:11,1,2018-19
2018-19,1629028,Deandre Ayton,Deandre,1610612756,PHX,Phoenix Suns,0021801077,2019-03-21T00:00:00,PHX vs. DET,L,25.22,9,12,0.75,0,0,0.0,2,3,0.667,3,5,8,1,2,0,1,0,5,3,20,-19,32.1,0,0,31.0,1,18,18,18,64,13,35,7,1,5,1,23,24,35,27,52,52,36,20,40,15,1,59,20,16,64,43,40,1,36,1,25:13,1,2018-19
2018-19,1629028,Deandre Ayton,Deandre,1610612756,PHX,Phoenix Suns,0021801094,2019-03-23T00:00:00,PHX @ SAC,L,29.4,9,16,0.563,0,0,0.0,1,4,0.25,6,5,11,0,3,1,1,0,3,2,19,-4,35.2,1,0,34.0,1,18,18,18,49,13,13,45,1,5,1,39,12,54,7,52,25,56,8,16,15,1,32,37,22,31,31,1,1,25,1,29:24,1,2018-19
2018-19,1629028,Deandre Ayton,Deandre,1610612756,PHX,Phoenix Suns,0021801105,2019-03-25T00:00:00,PHX @ UTA,L,31.231666666666666,4,7,0.571,0,0,0.0,1,1,1.0,1,6,7,0,3,2,1,1,2,4,9,-14,23.4,0,0,22.0,1,18,18,18,37,59,63,40,1,5,1,39,50,1,55,45,62,56,8,7,15,37,12,10,62,53,61,40,1,62,1,31:14,1,2018-19
2018-19,1629028,Deandre Ayton,Deandre,1610612756,PHX,Phoenix Suns,0021801120,2019-03-27T00:00:00,PHX vs. WAS,L,26.863333333333333,6,13,0.462,0,0,0.0,2,3,0.667,2,8,10,1,2,0,2,0,4,3,14,-14,31.5,1,0,29.0,1,18,18,18,59,44,24,60,1,5,1,23,24,35,39,24,33,36,20,40,10,1,44,20,47,53,45,1,1,47,1,26:52,1,2018-19
2018-19,1629028,Deandre Ayton,Deandre,1610612756,PHX,Phoenix Suns,0021801144,2019-03-30T00:00:00,PHX vs. MEM,L,27.428333333333335,7,11,0.636,0,0,0.0,3,4,0.75,3,10,13,1,4,0,1,0,2,2,17,7,33.1,1,0,33.0,1,18,18,18,57,37,40,24,1,5,1,11,12,27,27,5,9,36,4,40,15,1,12,37,32,10,39,1,1,28,1,27:26,1,2018-19
2019-20,1629028,Deandre Ayton,Deandre,1610612756,PHX,Phoenix Suns,0021900012,2019-10-23T00:00:00,PHX vs. SAC,W,33.405,9,14,0.643,0,0,0.0,0,0,0.0,3,8,11,0,0,1,4,0,2,1,18,25,46.2,1,0,39.0,1,1,1,1,21,14,19,9,3,10,3,23,27,23,16,16,20,31,35,8,1,1,6,27,18,3,13,1,1,14,1,33:24,1,2019-20
2019-20,1629028,Deandre Ayton,Deandre,1610612756,PHX,Phoenix Suns,0021900406,2019-12-17T00:00:00,PHX @ LAC,L,24.216666666666665,9,19,0.474,0,0,0.0,0,1,0.0,7,5,12,3,2,0,1,1,2,2,18,-9,37.9,1,0,35.0,1,21,21,21,33,14,7,26,3,10,3,23,21,23,4,28,12,7,11,18,19,16,6,18,18,31,20,1,1,20,1,24:13,1,2019-20
2019-20,1629028,Deandre Ayton,Deandre,1610612756,PHX,Phoenix Suns,0021900496,2019-12-30T00:00:00,PHX @ POR,W,20.111666666666668,3,9,0.333,0,1,0.0,0,0,0.0,4,8,12,0,2,0,0,1,3,0,6,-1,18.4,0,0,18.0,1,1,1,1,37,37,35,38,3,4,3,23,27,23,11,16,12,31,11,18,30,16,13,34,38,21,36,24,1,36,1,20:07,1,2019-20
2019-20,1629028,Deandre Ayton,Deandre,1610612756,PHX,Phoenix Suns,0021900507,2020-01-01T00:00:00,PHX @ LAL,L,31.533333333333335,7,13,0.538,0,0,0.0,2,2,1.0,4,10,14,2,2,1,1,2,5,1,16,-3,39.8,1,0,36.0,1,21,21,21,26,24,27,18,3,10,3,12,14,1,11,5,8,12,11,8,19,30,32,27,24,24,18,1,1,17,1,31:32,1,2019-20
2019-20,1629028,Deandre Ayton,Deandre,1610612756,PHX,Phoenix Suns,0021900521,2020-01-03T00:00:00,PHX vs. NYK,W,37.43333333333333,5,11,0.455,0,0,0.0,5,6,0.833,1,12,13,5,1,0,1,1,3,5,15,10,40.1,1,0,35.0,1,1,1,1,9,29,30,28,3,10,3,3,3,11,36,2,11,1,24,18,19,16,13,3,27,10,17,1,1,20,1,37:26,1,2019-20
2019-20,1629028,Deandre Ayton,Deandre,1610612756,PHX,Phoenix Suns,0021900537,2020-01-05T00:00:00,PHX vs. MEM,L,31.7,7,14,0.5,0,0,0.0,0,0,0.0,3,9,12,4,2,1,2,0,5,0,14,10,41.4,1,0,36.0,1,21,21,21,25,24,19,20,3,10,3,23,27,23,16,9,12,3,11,8,9,1,32,34,28,10,16,1,1,17,1,31:42,1,2019-20
2019-20,1629028,Deandre Ayton,Deandre,1610612756,PHX,Phoenix Suns,0021900552,2020-01-07T00:00:00,PHX vs. SAC,L,37.44166666666667,10,14,0.714,0,0,0.0,1,1,1.0,4,5,9,2,2,0,1,0,4,2,21,-14,35.8,0,0,34.0,1,21,21,21,8,10,19,6,3,10,3,16,21,1,11,28,26,12,11,18,19,1,23,18,12,35,23,24,1,23,1,37:27,1,2019-20
2019-20,1629028,Deandre Ayton,Deandre,1610612756,PHX,Phoenix Suns,0021900573,2020-01-10T00:00:00,PHX vs. ORL,W,30.233333333333334,6,16,0.375,0,0,0.0,1,1,1.0,2,7,9,1,1,0,3,2,2,2,13,4,33.3,0,0,29.0,1,1,1,1,28,28,12,32,3,10,3,16,21,1,30,22,26,24,24,18,4,30,6,18,29,18,27,24,1,28,1,30:14,1,2019-20
2019-20,1629028,Deandre Ayton,Deandre,1610612756,PHX,Phoenix Suns,0021900590,2020-01-12T00:00:00,PHX vs. CHA,W,26.15,9,15,0.6,0,0,0.0,0,2,0.0,5,4,9,0,1,2,1,2,3,3,18,0,36.8,0,0,33.0,1,1,1,1,32,14,14,14,3,10,3,23,14,23,9,34,26,31,24,3,19,30,13,11,18,20,22,24,1,24,1,26:09,1,2019-20
2019-20,1629028,Deandre Ayton,Deandre,1610612756,PHX,Phoenix Suns,0021900598,2020-01-14T00:00:00,PHX @ ATL,L,32.791666666666664,10,14,0.714,0,0,0.0,0,0,0.0,2,8,10,1,4,0,2,0,2,0,20,3,35.5,1,0,35.0,1,21,21,21,23,10,19,6,3,10,3,23,27,23,30,16,22,24,5,18,9,1,6,34,13,19,24,1,1,20,1,32:48,1,2019-20
2019-20,1629028,Deandre Ayton,Deandre,1610612756,PHX,Phoenix Suns,0021900614,2020-01-16T00:00:00,PHX @ NYK,W,34.8,11,15,0.733,0,0,0.0,4,4,1.0,6,15,21,2,2,0,2,1,2,2,26,31,58.2,1,0,53.0,1,1,1,1,19,6,14,5,3,10,3,5,9,1,8,1,1,12,11,18,9,16,6,18,4,1,2,1,1,3,1,34:48,1,2019-20
2019-20,1629028,Deandre Ayton,Deandre,1610612756,PHX,Phoenix Suns,0021900628,2020-01-18T00:00:00,PHX @ BOS,W,35.81666666666667,8,22,0.364,0,0,0.0,10,11,0.909,4,11,15,2,2,0,2,0,0,6,26,18,51.0,1,0,47.0,1,1,1,1,14,19,2,36,3,10,3,1,1,9,11,4,6,12,11,18,9,1,1,1,4,7,8,1,1,7,1,35:49,1,2019-20
2019-20,1629028,Deandre Ayton,Deandre,1610612756,PHX,Phoenix Suns,0021900650,2020-01-20T00:00:00,PHX vs. SAS,L,38.583333333333336,9,14,0.643,0,0,0.0,7,8,0.875,2,10,12,2,1,1,1,0,5,4,25,-5,47.4,1,0,43.0,1,21,21,21,6,14,19,9,3,10,3,2,2,10,30,5,12,12,24,8,19,1,32,5,7,25,12,1,1,12,1,38:35,1,2019-20
2019-20,1629028,Deandre Ayton,Deandre,1610612756,PHX,Phoenix Suns,0021900664,2020-01-22T00:00:00,PHX vs. IND,L,30.5,5,12,0.417,0,0,0.0,0,0,0.0,3,5,8,2,1,1,0,1,4,1,10,-17,24.6,0,0,22.0,1,21,21,21,27,29,28,30,3,10,3,23,27,23,16,28,32,12,24,8,30,16,23,27,33,37,34,24,1,34,1,30:30,1,2019-20
2019-20,1629028,Deandre Ayton,Deandre,1610612756,PHX,Phoenix Suns,0021900678,2020-01-24T00:00:00,PHX @ SAS,W,36.016666666666666,5,11,0.455,0,0,0.0,0,0,0.0,3,8,11,3,2,1,0,0,4,2,10,7,28.7,1,0,26.0,1,1,1,1,12,29,30,28,3,10,3,23,27,23,16,16,20,7,11,8,30,1,23,18,33,12,31,1,1,31,1,36:01,1,2019-20
2019-20,1629028,Deandre Ayton,Deandre,1610612756,PHX,Phoenix Suns,0021900690,2020-01-26T00:00:00,PHX @ MEM,L,39.55,7,19,0.368,0,0,0.0,3,5,0.6,7,8,15,2,1,3,2,1,3,4,17,-8,52.0,1,0,44.0,1,21,21,21,4,24,7,35,3,10,3,9,4,17,4,16,6,12,24,1,9,16,13,5,22,30,6,1,1,11,1,39:33,1,2019-20
2019-20,1629028,Deandre Ayton,Deandre,1610612756,PHX,Phoenix Suns,0021900706,2020-01-28T00:00:00,PHX @ DAL,W,29.165,13,15,0.867,0,0,0.0,5,5,1.0,2,7,9,1,1,2,1,0,4,3,31,29,51.3,0,0,47.0,1,1,1,1,30,1,14,2,3,10,3,3,4,1,30,22,26,24,24,3,19,1,23,11,1,2,7,24,1,7,1,29:10,1,2019-20
2019-20,1629028,Deandre Ayton,Deandre,1610612756,PHX,Phoenix Suns,0021900725,2020-01-31T00:00:00,PHX vs. OKC,L,39.61666666666667,8,15,0.533,0,0,0.0,0,0,0.0,2,4,6,1,2,0,3,1,0,2,16,-6,31.7,0,0,29.0,1,21,21,21,3,19,14,19,3,10,3,23,27,23,30,34,35,24,11,18,4,16,1,18,24,26,30,24,1,28,1,39:37,1,2019-20
2019-20,1629028,Deandre Ayton,Deandre,1610612756,PHX,Phoenix Suns,0021900739,2020-02-02T00:00:00,PHX @ MIL,L,29.75,10,27,0.37,0,0,0.0,0,0,0.0,8,6,14,2,2,1,1,3,4,2,20,-13,43.8,1,0,40.0,1,21,21,21,29,10,1,34,3,10,3,23,27,23,2,26,8,12,11,8,19,35,23,18,13,33,14,1,1,13,1,29:45,1,2019-20
2019-20,1629028,Deandre Ayton,Deandre,1610612756,PHX,Phoenix Suns,0021900746,2020-02-03T00:00:00,PHX @ BKN,L,34.28333333333333,12,22,0.545,0,0,0.0,1,2,0.5,8,9,17,5,3,0,2,3,4,4,25,-6,55.9,1,0,51.0,1,21,21,21,20,3,2,17,3,10,3,16,14,18,2,9,4,1,8,18,9,35,23,5,7,26,4,1,1,4,1,34:17,1,2019-20
2019-20,1629028,Deandre Ayton,Deandre,1610612756,PHX,Phoenix Suns,0021900755,2020-02-05T00:00:00,PHX @ DET,L,41.016666666666666,12,18,0.667,0,0,0.0,2,4,0.5,3,9,12,4,2,0,4,0,3,3,26,-7,56.4,1,0,50.0,1,21,21,21,2,3,9,8,3,10,3,12,9,18,16,9,12,3,11,18,1,1,13,11,4,29,3,1,1,5,1,41:01,1,2019-20
2019-20,1629028,Deandre Ayton,Deandre,1610612756,PHX,Phoenix Suns,0021900774,2020-02-07T00:00:00,PHX vs. HOU,W,23.623333333333335,5,8,0.625,0,0,0.0,2,2,1.0,1,5,6,4,3,0,2,1,3,3,12,16,28.2,0,0,26.0,1,1,1,1,34,29,37,11,3,10,3,12,14,1,36,28,35,3,8,18,9,16,13,11,31,8,32,24,1,31,1,23:37,1,2019-20
2019-20,1629028,Deandre Ayton,Deandre,1610612756,PHX,Phoenix Suns,0021900784,2020-02-08T00:00:00,PHX vs. DEN,L,42.43333333333333,13,21,0.619,0,1,0.0,2,2,1.0,7,12,19,2,5,3,1,1,5,5,28,-1,60.8,1,0,57.0,1,21,21,21,1,1,5,12,3,4,3,12,14,1,4,2,2,12,2,1,19,16,32,3,2,21,1,1,1,1,1,42:26,1,2019-20
2019-20,1629028,Deandre Ayton,Deandre,1610612756,PHX,Phoenix Suns,0021900829,2020-02-21T00:00:00,PHX @ TOR,L,35.833333333333336,8,14,0.571,0,0,0.0,1,3,0.333,5,5,10,0,2,1,1,4,4,3,17,-13,33.0,1,0,31.0,1,21,21,21,13,19,19,16,3,10,3,16,13,22,9,28,22,31,11,8,19,38,23,11,22,33,28,1,1,26,1,35:50,1,2019-20
2019-20,1629028,Deandre Ayton,Deandre,1610612756,PHX,Phoenix Suns,0021900839,2020-02-22T00:00:00,PHX @ CHI,W,35.36833333333333,12,20,0.6,0,0,0.0,4,5,0.8,10,9,19,1,7,0,3,2,3,6,28,21,54.3,1,0,54.0,1,1,1,1,16,3,6,14,3,10,3,5,4,12,1,9,2,24,1,18,4,30,13,1,2,5,5,1,1,2,1,35:22,1,2019-20
2019-20,1629028,Deandre Ayton,Deandre,1610612756,PHX,Phoenix Suns,0021900855,2020-02-24T00:00:00,PHX @ UTA,W,21.331666666666667,8,9,0.889,0,0,0.0,0,0,0.0,2,3,5,2,1,0,0,0,4,1,16,5,24.0,0,0,23.0,1,1,1,1,35,19,35,1,3,10,3,23,27,23,30,37,38,12,24,18,30,1,23,27,24,14,35,24,1,33,1,21:20,1,2019-20
2019-20,1629028,Deandre Ayton,Deandre,1610612756,PHX,Phoenix Suns,0021900871,2020-02-26T00:00:00,PHX vs. LAC,L,36.25,11,22,0.5,0,1,0.0,3,4,0.75,7,10,17,0,4,0,3,0,3,3,25,-11,50.4,1,0,48.0,1,21,21,21,11,6,2,20,3,4,3,9,9,15,4,5,4,31,5,18,4,1,13,11,7,32,10,1,1,6,1,36:15,1,2019-20
2019-20,1629028,Deandre Ayton,Deandre,1610612756,PHX,Phoenix Suns,0021900884,2020-02-28T00:00:00,PHX vs. DET,L,35.416666666666664,10,12,0.833,0,0,0.0,0,1,0.0,3,7,10,3,3,1,2,0,2,3,20,5,42.5,1,0,39.0,1,21,21,21,15,10,28,3,3,10,3,23,21,23,16,22,22,7,8,8,9,1,6,11,13,14,15,1,1,14,1,35:25,1,2019-20
2019-20,1629028,Deandre Ayton,Deandre,1610612756,PHX,Phoenix Suns,0021900894,2020-02-29T00:00:00,PHX vs. GSW,L,33.013333333333335,8,16,0.5,0,0,0.0,4,5,0.8,1,8,9,0,5,2,2,1,5,4,20,-18,37.8,0,0,37.0,1,21,21,21,22,19,12,20,3,10,3,5,4,12,36,16,26,31,2,3,9,16,32,5,13,38,21,24,1,16,1,33:01,1,2019-20
2019-20,1629028,Deandre Ayton,Deandre,1610612756,PHX,Phoenix Suns,0021900914,2020-03-03T00:00:00,PHX vs. TOR,L,38.7,5,14,0.357,0,0,0.0,3,4,0.75,4,10,14,1,5,1,3,1,4,4,13,-15,38.3,1,0,36.0,1,21,21,21,5,29,19,37,3,10,3,9,9,15,11,5,8,24,2,8,4,16,23,5,29,36,19,1,1,17,1,38:42,1,2019-20
2019-20,1629028,Deandre Ayton,Deandre,1610612756,PHX,Phoenix Suns,0021901235,2020-07-31T00:00:00,PHX @ WAS,W,34.86666666666667,11,14,0.786,2,3,0.667,0,0,0.0,3,9,12,3,1,0,2,1,2,0,24,12,47.9,1,0,45.0,1,1,1,1,18,6,19,4,1,1,1,23,27,23,16,9,12,7,24,18,9,16,6,34,10,9,11,1,1,10,1,34:52,1,2019-20
2019-20,1629028,Deandre Ayton,Deandre,1610612756,PHX,Phoenix Suns,0021901249,2020-08-02T00:00:00,PHX vs. DAL,W,21.0,3,8,0.375,0,1,0.0,1,2,0.5,3,5,8,0,0,0,0,0,5,1,7,-6,16.6,0,0,15.0,1,1,1,1,36,37,37,32,3,4,3,16,14,18,16,28,32,31,35,18,30,1,32,27,37,26,37,24,1,38,1,21:00,1,2019-20
2019-20,1629028,Deandre Ayton,Deandre,1610612756,PHX,Phoenix Suns,0021901258,2020-08-04T00:00:00,PHX @ LAC,W,37.56666666666667,9,18,0.5,1,2,0.5,0,1,0.0,3,4,7,4,1,0,0,1,3,1,19,-2,32.4,0,0,31.0,1,1,1,1,7,14,9,20,2,2,2,23,21,23,16,34,34,3,24,18,30,16,13,27,17,23,29,24,1,26,1,37:34,1,2019-20
2019-20,1629028,Deandre Ayton,Deandre,1610612756,PHX,Phoenix Suns,0021901270,2020-08-06T00:00:00,PHX vs. IND,W,34.88333333333333,11,18,0.611,0,1,0.0,1,1,1.0,3,7,10,1,4,2,4,3,1,1,23,5,50.5,1,0,46.0,1,1,1,1,17,6,9,13,3,4,3,16,21,1,16,22,22,24,5,3,1,35,4,27,11,14,9,1,1,9,1,34:53,1,2019-20
2019-20,1629028,Deandre Ayton,Deandre,1610612756,PHX,Phoenix Suns,0021901283,2020-08-08T00:00:00,PHX @ MIA,W,36.46666666666667,7,15,0.467,0,0,0.0,4,5,0.8,3,9,12,2,2,0,0,2,5,4,18,6,33.4,1,0,32.0,1,1,1,1,10,24,14,27,3,10,3,5,4,12,16,9,12,12,11,18,30,30,32,5,18,13,26,1,1,25,1,36:28,1,2019-20
2019-20,1629028,Deandre Ayton,Deandre,1610612756,PHX,Phoenix Suns,0021901292,2020-08-10T00:00:00,PHX vs. OKC,W,17.083333333333332,5,10,0.5,0,0,0.0,0,0,0.0,3,3,6,0,1,0,0,0,3,0,10,22,16.2,0,0,16.0,1,1,1,1,38,29,32,20,3,10,3,23,27,23,16,37,35,31,24,18,30,1,13,34,33,4,38,24,1,37,1,17:05,1,2019-20
2019-20,1629028,Deandre Ayton,Deandre,1610612756,PHX,Phoenix Suns,0021901299,2020-08-11T00:00:00,PHX @ PHI,W,32.2,4,10,0.4,0,2,0.0,0,0,0.0,3,9,12,2,0,0,0,1,1,2,8,5,25.4,0,0,22.0,1,1,1,1,24,36,32,31,3,2,3,23,27,23,16,9,12,12,35,18,30,16,4,18,36,14,33,24,1,34,1,32:12,1,2019-20
2019-20,1629028,Deandre Ayton,Deandre,1610612756,PHX,Phoenix Suns,0021901313,2020-08-13T00:00:00,PHX vs. DAL,W,26.183333333333334,5,10,0.5,0,1,0.0,1,2,0.5,3,6,9,3,0,2,1,0,0,2,11,19,35.3,0,0,29.0,1,1,1,1,31,29,32,20,3,4,3,16,14,18,16,26,26,7,35,3,19,1,1,18,32,6,25,24,1,28,1,26:11,1,2019-20
2020-21,1629028,Deandre Ayton,Deandre,1610612756,PHX,Phoenix Suns,0022000004,2020-12-23T00:00:00,PHX vs. DAL,W,24.161666666666665,5,9,0.556,0,0,0.0,3,6,0.5,1,7,8,1,2,1,2,0,4,3,13,-4,31.1,0,0,28.0,1,1,1,1,62,39,40,48,5,18,5,13,5,41,56,30,48,30,14,9,9,1,50,17,38,52,39,34,1,38,1,24:10,1,2020-21
2020-21,1629028,Deandre Ayton,Deandre,1610612756,PHX,Phoenix Suns,0022000030,2020-12-26T00:00:00,PHX @ SAC,L,29.933333333333334,3,5,0.6,0,0,0.0,3,5,0.6,4,8,12,2,2,0,1,1,5,5,9,7,27.4,0,0,25.0,1,49,49,49,37,61,65,42,5,18,5,13,8,39,14,24,25,13,14,33,22,37,59,3,54,28,49,34,1,45,1,29:56,1,2020-21
2020-21,1629028,Deandre Ayton,Deandre,1610612756,PHX,Phoenix Suns,0022000039,2020-12-27T00:00:00,PHX @ SAC,W,29.3,5,11,0.455,1,2,0.5,0,0,0.0,3,12,15,4,1,0,0,1,2,2,11,-1,34.0,1,0,31.0,1,1,1,1,43,39,21,59,1,1,3,53,57,53,33,2,8,1,34,33,49,37,12,27,43,45,29,1,1,31,1,29:18,1,2020-21
2020-21,1629028,Deandre Ayton,Deandre,1610612756,PHX,Phoenix Suns,0022000053,2020-12-29T00:00:00,PHX vs. NOP,W,26.45,6,11,0.545,0,0,0.0,1,1,1.0,5,7,12,0,0,0,1,3,1,1,13,16,30.4,1,0,27.0,1,1,1,1,53,34,21,49,5,18,5,35,47,1,11,30,25,56,50,33,22,67,4,48,38,10,42,1,1,42,1,26:27,1,2020-21
2020-21,1629028,Deandre Ayton,Deandre,1610612756,PHX,Phoenix Suns,0022000068,2020-12-31T00:00:00,PHX @ UTA,W,28.333333333333332,2,8,0.25,0,0,0.0,0,0,0.0,2,7,9,3,1,1,2,1,3,1,4,-1,27.3,0,0,22.0,1,1,1,1,49,66,46,68,5,18,5,53,57,53,46,30,40,4,34,9,9,37,31,48,69,45,50,34,1,55,1,28:20,1,2020-21
2020-21,1629028,Deandre Ayton,Deandre,1610612756,PHX,Phoenix Suns,0022000076,2021-01-01T00:00:00,PHX @ DEN,W,37.5,10,13,0.769,0,1,0.0,2,2,1.0,2,9,11,1,4,0,2,0,3,4,22,-11,38.7,1,0,38.0,1,1,1,1,6,3,10,11,5,4,5,21,28,1,46,16,29,30,3,33,9,1,31,8,8,62,19,1,1,12,1,37:30,1,2020-21
2020-21,1629028,Deandre Ayton,Deandre,1610612756,PHX,Phoenix Suns,0022000091,2021-01-03T00:00:00,PHX vs. LAC,L,29.5,9,12,0.75,0,0,0.0,6,7,0.857,4,4,8,2,1,1,0,0,5,5,24,-15,38.6,0,0,36.0,1,49,49,49,41,9,14,13,5,18,5,2,3,31,14,59,48,13,34,9,49,1,59,3,7,66,20,34,1,17,1,29:30,1,2020-21
2020-21,1629028,Deandre Ayton,Deandre,1610612756,PHX,Phoenix Suns,0022000115,2021-01-06T00:00:00,PHX vs. TOR,W,31.43,5,8,0.625,0,1,0.0,1,1,1.0,2,14,16,1,2,0,0,0,5,2,11,-1,29.7,1,0,28.0,1,1,1,1,33,39,46,36,5,4,5,35,47,1,46,1,4,30,14,33,49,1,59,27,43,45,43,1,1,38,1,31:26,1,2020-21
2020-21,1629028,Deandre Ayton,Deandre,1610612756,PHX,Phoenix Suns,0022000123,2021-01-08T00:00:00,PHX @ DET,L,36.81666666666667,7,9,0.778,0,0,0.0,0,3,0.0,4,9,13,2,5,1,2,0,5,2,14,-26,36.6,1,0,35.0,1,49,49,49,8,22,40,9,5,18,5,53,20,53,14,16,15,13,1,9,9,1,59,27,33,69,24,1,1,21,1,36:49,1,2020-21
2020-21,1629028,Deandre Ayton,Deandre,1610612756,PHX,Phoenix Suns,0022000135,2021-01-09T00:00:00,PHX @ IND,W,33.7,4,10,0.4,0,0,0.0,0,0,0.0,3,11,14,3,0,0,0,2,2,0,8,12,29.3,0,0,25.0,1,1,1,1,21,52,32,63,5,18,5,53,57,53,33,8,11,4,50,33,49,60,12,66,57,18,44,34,1,45,1,33:42,1,2020-21
2020-21,1629028,Deandre Ayton,Deandre,1610612756,PHX,Phoenix Suns,0022000152,2021-01-11T00:00:00,PHX @ WAS,L,24.9,4,10,0.4,0,0,0.0,0,0,0.0,2,4,6,1,2,0,1,0,2,1,8,-23,17.7,0,0,17.0,1,49,49,49,60,52,32,63,5,18,5,53,57,53,46,59,60,30,14,33,22,1,12,48,57,68,67,34,1,66,1,24:54,1,2020-21
2020-21,1629028,Deandre Ayton,Deandre,1610612756,PHX,Phoenix Suns,0022000208,2021-01-18T00:00:00,PHX @ MEM,L,34.645,7,14,0.5,0,2,0.0,4,5,0.8,3,12,15,3,3,0,1,0,2,4,18,7,40.5,1,0,38.0,1,49,49,49,15,22,5,51,5,1,5,9,8,33,33,2,8,4,7,33,22,1,12,8,17,28,16,1,1,12,1,34:39,1,2020-21
2020-21,1629028,Deandre Ayton,Deandre,1610612756,PHX,Phoenix Suns,0022000222,2021-01-20T00:00:00,PHX @ HOU,W,35.56666666666667,11,15,0.733,0,0,0.0,4,4,1.0,6,11,17,3,2,0,5,0,3,5,26,-5,63.9,1,0,56.0,1,1,1,1,11,1,4,18,5,18,5,9,13,1,6,8,1,4,14,33,1,1,31,3,3,55,1,1,1,1,1,35:34,1,2020-21
2020-21,1629028,Deandre Ayton,Deandre,1610612756,PHX,Phoenix Suns,0022000238,2021-01-22T00:00:00,PHX vs. DEN,L,37.166666666666664,11,13,0.846,0,1,0.0,5,5,1.0,6,7,13,1,0,1,0,0,3,4,27,4,47.1,1,0,43.0,1,49,49,49,7,1,10,3,5,4,5,7,8,1,6,30,15,30,50,9,49,1,31,8,1,35,4,1,1,3,1,37:10,1,2020-21
2020-21,1629028,Deandre Ayton,Deandre,1610612756,PHX,Phoenix Suns,0022000248,2021-01-23T00:00:00,PHX vs. DEN,L,37.6,7,14,0.5,1,2,0.5,2,3,0.667,2,11,13,1,3,0,2,0,6,3,17,2,37.1,1,0,36.0,1,49,49,49,5,22,5,51,1,1,3,21,20,37,46,8,15,30,7,33,9,1,68,17,22,38,22,1,1,17,1,37:36,1,2020-21
2020-21,1629028,Deandre Ayton,Deandre,1610612756,PHX,Phoenix Suns,0022000281,2021-01-27T00:00:00,PHX vs. OKC,L,35.06666666666667,2,7,0.286,0,0,0.0,1,2,0.5,4,10,14,0,4,1,0,1,3,2,5,7,20.8,0,0,21.0,1,49,49,49,13,66,57,67,5,18,5,35,28,41,14,13,11,56,3,9,49,37,31,27,66,28,64,34,1,59,1,35:04,1,2020-21
2020-21,1629028,Deandre Ayton,Deandre,1610612756,PHX,Phoenix Suns,0022000286,2021-01-28T00:00:00,PHX vs. GSW,W,23.316666666666666,5,7,0.714,0,0,0.0,2,2,1.0,4,9,13,4,4,1,0,0,4,3,12,11,32.6,1,0,31.0,1,1,1,1,65,39,57,21,5,18,5,21,28,1,14,16,15,1,3,9,49,1,50,17,42,20,35,1,1,31,1,23:19,1,2020-21
2020-21,1629028,Deandre Ayton,Deandre,1610612756,PHX,Phoenix Suns,0022000303,2021-01-30T00:00:00,PHX @ DAL,W,39.06166666666667,8,16,0.5,0,1,0.0,2,4,0.5,6,11,17,4,2,1,0,2,2,6,18,10,45.4,1,0,41.0,1,1,1,1,3,16,2,51,5,4,5,21,13,41,6,8,1,1,14,9,49,60,12,1,17,22,8,1,1,6,1,39:04,1,2020-21
2020-21,1629028,Deandre Ayton,Deandre,1610612756,PHX,Phoenix Suns,0022000319,2021-02-01T00:00:00,PHX @ DAL,W,32.93833333333333,5,12,0.417,0,1,0.0,0,1,0.0,6,11,17,1,2,0,1,3,5,2,10,-13,32.9,1,0,30.0,1,1,1,1,25,39,14,62,5,4,5,53,47,53,6,8,1,30,14,33,22,67,59,27,49,64,34,1,1,35,1,32:56,1,2020-21
2020-21,1629028,Deandre Ayton,Deandre,1610612756,PHX,Phoenix Suns,0022000335,2021-02-03T00:00:00,PHX @ NOP,L,29.1,6,9,0.667,0,0,0.0,1,1,1.0,4,7,11,2,1,0,1,0,3,1,13,-14,31.2,1,0,28.0,1,49,49,49,46,34,40,30,5,18,5,35,47,1,14,30,29,13,34,33,22,1,31,48,38,65,38,1,1,38,1,29:06,1,2020-21
2020-21,1629028,Deandre Ayton,Deandre,1610612756,PHX,Phoenix Suns,0022000349,2021-02-05T00:00:00,PHX vs. DET,W,32.945,4,11,0.364,0,1,0.0,0,0,0.0,5,8,13,1,5,0,1,1,4,1,8,23,23.1,0,0,24.0,1,1,1,1,24,52,21,65,5,4,5,53,57,53,11,24,15,30,1,33,22,37,50,48,57,2,59,34,1,49,1,32:57,1,2020-21
2020-21,1629028,Deandre Ayton,Deandre,1610612756,PHX,Phoenix Suns,0022000365,2021-02-07T00:00:00,PHX vs. BOS,W,38.8,7,11,0.636,0,1,0.0,2,2,1.0,2,9,11,3,3,0,1,0,3,2,16,20,33.7,1,0,32.0,1,1,1,1,4,22,21,34,5,4,5,21,28,1,46,16,29,4,7,33,22,1,31,27,26,5,32,1,1,28,1,38:48,1,2020-21
2020-21,1629028,Deandre Ayton,Deandre,1610612756,PHX,Phoenix Suns,0022000372,2021-02-08T00:00:00,PHX vs. CLE,W,36.69166666666667,7,11,0.636,0,0,0.0,1,2,0.5,8,8,16,2,1,0,3,0,2,1,15,4,45.2,1,0,39.0,1,1,1,1,9,22,21,34,5,18,5,35,28,41,1,24,4,13,34,33,3,1,12,48,30,35,9,1,1,9,1,36:42,1,2020-21
2020-21,1629028,Deandre Ayton,Deandre,1610612756,PHX,Phoenix Suns,0022000389,2021-02-10T00:00:00,PHX vs. MIL,W,29.833333333333332,7,10,0.7,1,1,1.0,2,2,1.0,4,3,7,0,2,0,0,0,5,2,17,-4,23.4,0,0,25.0,1,1,1,1,40,22,32,25,1,4,1,21,28,1,14,66,55,56,14,33,49,1,59,27,22,52,58,34,1,45,1,29:50,1,2020-21
2020-21,1629028,Deandre Ayton,Deandre,1610612756,PHX,Phoenix Suns,0022000406,2021-02-13T00:00:00,PHX vs. PHI,W,26.8,5,6,0.833,0,0,0.0,1,2,0.5,1,5,6,0,2,0,0,0,3,2,11,-6,16.2,0,0,17.0,1,1,1,1,52,39,63,4,5,18,5,35,28,41,56,46,60,56,14,33,49,1,31,27,43,56,68,34,1,66,1,26:48,1,2020-21
2020-21,1629028,Deandre Ayton,Deandre,1610612756,PHX,Phoenix Suns,0022000417,2021-02-14T00:00:00,PHX vs. ORL,W,30.0,5,7,0.714,0,1,0.0,0,0,0.0,4,9,13,1,2,0,0,0,2,0,10,20,25.1,1,0,24.0,1,1,1,1,36,39,57,21,5,4,5,53,57,53,14,16,15,30,14,33,49,1,12,66,49,5,55,1,1,49,1,30:00,1,2020-21
2020-21,1629028,Deandre Ayton,Deandre,1610612756,PHX,Phoenix Suns,0022000433,2021-02-16T00:00:00,PHX vs. BKN,L,34.538333333333334,7,9,0.778,1,1,1.0,1,1,1.0,1,8,9,2,1,0,1,2,4,2,16,-1,31.8,0,0,30.0,1,49,49,49,16,22,40,9,1,4,1,35,47,1,56,24,40,13,34,33,22,60,50,27,26,45,37,34,1,35,1,34:32,1,2020-21
2020-21,1629028,Deandre Ayton,Deandre,1610612756,PHX,Phoenix Suns,0022000455,2021-02-19T00:00:00,PHX @ NOP,W,35.11666666666667,7,12,0.583,0,0,0.0,2,3,0.667,4,12,16,2,2,0,1,1,3,4,16,20,39.2,1,0,36.0,1,1,1,1,12,22,14,44,5,18,5,21,20,37,14,2,4,13,14,33,22,37,31,8,26,5,17,1,1,17,1,35:07,1,2020-21
2020-21,1629028,Deandre Ayton,Deandre,1610612756,PHX,Phoenix Suns,0022000462,2021-02-20T00:00:00,PHX @ MEM,W,22.483333333333334,3,6,0.5,0,0,0.0,1,2,0.5,1,5,6,1,0,0,2,1,0,1,7,15,21.7,0,0,18.0,1,1,1,1,67,61,63,51,5,18,5,35,28,41,56,46,60,30,50,33,9,37,1,48,63,12,61,34,1,64,1,22:29,1,2020-21
2020-21,1629028,Deandre Ayton,Deandre,1610612756,PHX,Phoenix Suns,0022000477,2021-02-22T00:00:00,PHX vs. POR,W,25.833333333333332,8,11,0.727,0,0,0.0,3,3,1.0,2,3,5,2,1,1,2,1,2,2,19,25,36.0,0,0,32.0,1,1,1,1,57,16,21,19,5,18,5,13,20,1,46,66,66,13,34,9,9,37,12,27,14,1,27,34,1,28,1,25:50,1,2020-21
2020-21,1629028,Deandre Ayton,Deandre,1610612756,PHX,Phoenix Suns,0022000496,2021-02-24T00:00:00,PHX vs. CHA,L,31.633333333333333,5,8,0.625,0,0,0.0,6,8,0.75,4,6,10,1,0,0,1,1,2,5,16,-9,32.5,1,0,29.0,1,49,49,49,31,39,46,36,5,18,5,2,1,34,14,39,35,30,50,33,22,37,12,3,26,59,36,1,1,37,1,31:38,1,2020-21
2020-21,1629028,Deandre Ayton,Deandre,1610612756,PHX,Phoenix Suns,0022000508,2021-02-26T00:00:00,PHX @ CHI,W,33.416666666666664,10,17,0.588,0,0,0.0,2,2,1.0,2,5,7,1,0,1,3,2,2,2,22,9,43.9,0,0,38.0,1,1,1,1,23,3,1,43,5,18,5,21,28,1,46,46,55,30,50,9,3,60,12,27,8,25,10,34,1,12,1,33:25,1,2020-21
2020-21,1629028,Deandre Ayton,Deandre,1610612756,PHX,Phoenix Suns,0022000526,2021-02-28T00:00:00,PHX @ MIN,W,25.8,9,11,0.818,0,0,0.0,4,4,1.0,2,8,10,1,0,1,0,0,4,4,22,13,38.5,1,0,35.0,1,1,1,1,58,9,21,5,5,18,5,9,13,1,46,24,35,30,50,9,49,1,50,8,8,17,21,1,1,21,1,25:48,1,2020-21
2020-21,1629028,Deandre Ayton,Deandre,1610612756,PHX,Phoenix Suns,0022000542,2021-03-02T00:00:00,PHX @ LAL,W,24.733333333333334,7,14,0.5,0,0,0.0,3,3,1.0,1,5,6,1,1,0,1,1,3,2,17,5,27.7,0,0,26.0,1,1,1,1,61,22,5,51,5,18,5,13,20,1,56,46,60,30,34,33,22,37,31,27,22,34,48,34,1,43,1,24:44,1,2020-21
2020-21,1629028,Deandre Ayton,Deandre,1610612756,PHX,Phoenix Suns,0022000185,2021-03-04T00:00:00,PHX vs. GSW,W,22.45,5,10,0.5,0,1,0.0,1,2,0.5,3,7,10,2,0,0,1,1,3,2,11,9,29.0,1,0,25.0,1,1,1,1,68,39,32,51,5,4,5,35,28,41,33,30,35,13,50,33,22,37,31,27,43,25,45,1,1,45,1,22:27,1,2020-21
2020-21,1629028,Deandre Ayton,Deandre,1610612756,PHX,Phoenix Suns,0022000577,2021-03-11T00:00:00,PHX @ POR,W,22.683333333333334,5,8,0.625,0,0,0.0,1,3,0.333,2,2,4,0,1,1,0,0,3,2,11,-4,17.8,0,0,17.0,1,1,1,1,66,39,46,36,5,18,5,35,20,52,46,68,68,56,34,9,49,1,31,27,43,52,66,34,1,66,1,22:41,1,2020-21
2020-21,1629028,Deandre Ayton,Deandre,1610612756,PHX,Phoenix Suns,0022000194,2021-03-13T00:00:00,PHX vs. IND,L,29.05,7,10,0.7,0,0,0.0,0,2,0.0,4,8,12,1,2,1,2,1,2,2,14,-10,36.9,1,0,33.0,1,49,49,49,47,22,32,25,5,18,5,53,28,53,14,24,25,30,14,9,9,37,12,27,33,60,23,1,1,25,1,29:03,1,2020-21
2020-21,1629028,Deandre Ayton,Deandre,1610612756,PHX,Phoenix Suns,0022000607,2021-03-15T00:00:00,PHX vs. MEM,W,28.383333333333333,6,9,0.667,0,0,0.0,3,3,1.0,3,6,9,0,2,2,3,0,1,3,15,7,38.8,0,0,34.0,1,1,1,1,48,34,40,30,5,18,5,13,20,1,33,39,40,56,14,2,3,1,4,17,30,28,18,34,1,23,1,28:23,1,2020-21
2020-21,1629028,Deandre Ayton,Deandre,1610612756,PHX,Phoenix Suns,0022000628,2021-03-18T00:00:00,PHX vs. MIN,L,26.333333333333332,6,8,0.75,0,0,0.0,2,2,1.0,3,4,7,1,2,0,1,1,6,1,14,7,24.9,0,0,24.0,1,49,49,49,55,34,46,13,5,18,5,21,28,1,33,59,55,30,14,33,22,37,68,48,33,28,56,34,1,49,1,26:20,1,2020-21
2020-21,1629028,Deandre Ayton,Deandre,1610612756,PHX,Phoenix Suns,0022000638,2021-03-19T00:00:00,PHX vs. MIN,W,17.65,3,7,0.429,0,0,0.0,2,2,1.0,1,5,6,0,1,0,0,0,5,1,8,12,14.2,0,0,14.0,1,1,1,1,69,61,57,61,5,18,5,21,28,1,56,46,60,56,34,33,49,1,59,48,57,18,69,34,1,69,1,17:39,1,2020-21
2020-21,1629028,Deandre Ayton,Deandre,1610612756,PHX,Phoenix Suns,0022000651,2021-03-21T00:00:00,PHX vs. LAL,W,32.035,10,13,0.769,0,0,0.0,6,7,0.857,3,5,8,2,0,0,1,1,2,6,26,22,41.6,0,0,38.0,1,1,1,1,29,3,10,11,5,18,5,2,3,31,33,46,48,13,50,33,22,37,12,1,3,3,12,34,1,12,1,32:02,1,2020-21
2020-21,1629028,Deandre Ayton,Deandre,1610612756,PHX,Phoenix Suns,0022000664,2021-03-23T00:00:00,PHX @ MIA,W,34.4,8,12,0.667,0,0,0.0,1,1,1.0,4,12,16,3,2,0,3,1,3,2,17,20,47.7,1,0,42.0,1,1,1,1,17,16,14,30,5,18,5,35,47,1,14,2,4,4,14,33,3,37,31,27,22,5,3,1,1,5,1,34:24,1,2020-21
2020-21,1629028,Deandre Ayton,Deandre,1610612756,PHX,Phoenix Suns,0022000670,2021-03-24T00:00:00,PHX @ ORL,L,33.81666666666667,8,12,0.667,0,0,0.0,5,5,1.0,4,5,9,0,1,1,0,2,3,3,21,10,33.8,0,0,32.0,1,49,49,49,19,16,14,30,5,18,5,7,8,1,14,46,40,56,34,9,49,60,31,17,11,22,30,34,1,28,1,33:49,1,2020-21
2020-21,1629028,Deandre Ayton,Deandre,1610612756,PHX,Phoenix Suns,0022000684,2021-03-26T00:00:00,PHX @ TOR,W,29.161666666666665,9,12,0.75,0,0,0.0,1,1,1.0,3,6,9,1,2,0,2,0,2,3,19,0,35.3,0,0,33.0,1,1,1,1,45,9,14,13,5,18,5,35,47,1,33,39,40,30,14,33,9,1,12,17,14,43,28,34,1,25,1,29:10,1,2020-21
2020-21,1629028,Deandre Ayton,Deandre,1610612756,PHX,Phoenix Suns,0022000703,2021-03-28T00:00:00,PHX @ CHA,W,33.90833333333333,6,11,0.545,0,0,0.0,2,2,1.0,7,7,14,0,0,0,0,0,1,1,14,4,30.8,1,0,28.0,1,1,1,1,18,34,21,49,5,18,5,21,28,1,3,30,11,56,50,33,49,1,4,48,33,35,40,1,1,38,1,33:55,1,2020-21
2020-21,1629028,Deandre Ayton,Deandre,1610612756,PHX,Phoenix Suns,0022000171,2021-03-30T00:00:00,PHX vs. ATL,W,29.843333333333334,5,8,0.625,0,0,0.0,3,5,0.6,5,9,14,2,2,1,0,0,3,3,13,-3,33.8,1,0,31.0,1,1,1,1,39,39,46,36,5,18,5,13,8,39,11,16,11,13,14,9,49,1,31,17,38,50,30,1,1,31,1,29:51,1,2020-21
2020-21,1629028,Deandre Ayton,Deandre,1610612756,PHX,Phoenix Suns,0022000730,2021-03-31T00:00:00,PHX vs. CHI,W,31.816666666666666,4,8,0.5,0,0,0.0,2,2,1.0,0,4,4,0,3,1,2,2,1,1,10,9,20.8,0,0,20.0,1,1,1,1,30,52,46,51,5,18,5,21,28,1,67,59,68,56,7,9,9,60,4,48,49,25,64,34,1,60,1,31:49,1,2020-21
2020-21,1629028,Deandre Ayton,Deandre,1610612756,PHX,Phoenix Suns,0022000744,2021-04-02T00:00:00,PHX vs. OKC,W,24.0,4,7,0.571,0,0,0.0,1,2,0.5,1,6,7,2,0,1,1,1,2,2,9,15,26.4,0,0,22.0,1,1,1,1,63,52,57,45,5,18,5,35,28,41,56,39,55,13,50,9,22,37,12,27,54,12,54,34,1,55,1,24:00,1,2020-21
2020-21,1629028,Deandre Ayton,Deandre,1610612756,PHX,Phoenix Suns,0022000768,2021-04-05T00:00:00,PHX @ HOU,W,33.465,10,14,0.714,0,0,0.0,7,8,0.875,1,10,11,1,2,0,2,0,4,5,27,15,45.7,1,0,43.0,1,1,1,1,22,3,5,21,5,18,5,1,1,30,56,13,29,30,14,33,9,1,50,3,1,12,7,1,1,3,1,33:28,1,2020-21
2020-21,1629028,Deandre Ayton,Deandre,1610612756,PHX,Phoenix Suns,0022000783,2021-04-07T00:00:00,PHX vs. UTA,W,41.318333333333335,9,16,0.563,0,1,0.0,0,0,0.0,7,5,12,1,2,2,3,1,4,2,18,15,46.9,1,0,41.0,1,1,1,1,1,9,2,47,5,4,5,53,57,53,3,46,25,30,14,2,3,37,50,27,17,12,5,1,1,6,1,41:19,1,2020-21
2020-21,1629028,Deandre Ayton,Deandre,1610612756,PHX,Phoenix Suns,0022000788,2021-04-08T00:00:00,PHX @ LAC,L,32.21666666666667,9,11,0.818,0,1,0.0,0,0,0.0,4,6,10,3,4,0,1,0,2,0,18,2,33.5,1,0,33.0,1,49,49,49,28,9,21,5,5,4,5,53,57,53,14,39,35,4,3,33,22,1,12,66,17,38,33,1,1,25,1,32:13,1,2020-21
2020-21,1629028,Deandre Ayton,Deandre,1610612756,PHX,Phoenix Suns,0022000803,2021-04-10T00:00:00,PHX vs. WAS,W,24.916666666666668,7,10,0.7,0,1,0.0,0,0,0.0,0,10,10,1,0,2,1,0,2,0,14,22,36.5,1,0,31.0,1,1,1,1,59,22,32,25,5,4,5,53,57,53,67,13,35,30,50,2,22,1,12,66,33,3,26,1,1,31,1,24:55,1,2020-21
2020-21,1629028,Deandre Ayton,Deandre,1610612756,PHX,Phoenix Suns,0022000822,2021-04-12T00:00:00,PHX vs. HOU,W,29.85,9,13,0.692,0,0,0.0,0,3,0.0,4,4,8,0,3,3,1,0,1,3,18,2,36.6,0,0,34.0,1,1,1,1,38,9,10,29,5,18,5,53,20,53,14,59,48,56,7,1,22,1,4,17,17,38,24,34,1,23,1,29:51,1,2020-21
2020-21,1629028,Deandre Ayton,Deandre,1610612756,PHX,Phoenix Suns,0022000827,2021-04-13T00:00:00,PHX vs. MIA,W,26.9,8,10,0.8,0,0,0.0,3,4,0.75,4,9,13,1,3,2,1,1,2,4,19,-3,42.1,1,0,39.0,1,1,1,1,51,16,32,7,5,18,5,13,13,34,14,16,15,30,7,2,22,37,12,8,14,50,11,1,1,9,1,26:54,1,2020-21
2020-21,1629028,Deandre Ayton,Deandre,1610612756,PHX,Phoenix Suns,0022000843,2021-04-15T00:00:00,PHX vs. SAC,W,30.266666666666666,10,11,0.909,0,0,0.0,6,6,1.0,4,7,11,0,1,0,1,0,1,4,26,10,41.2,1,0,39.0,1,1,1,1,35,3,21,2,5,18,5,2,5,1,14,30,29,56,34,33,22,1,4,8,3,22,13,1,1,9,1,30:16,1,2020-21
2020-21,1629028,Deandre Ayton,Deandre,1610612756,PHX,Phoenix Suns,0022000860,2021-04-17T00:00:00,PHX vs. SAS,L,26.383333333333333,4,9,0.444,0,0,0.0,0,0,0.0,7,2,9,1,2,1,0,2,1,1,8,-15,21.3,0,0,20.0,1,49,49,49,54,52,40,60,5,18,5,53,57,53,3,68,40,30,14,9,49,60,4,48,57,66,62,34,1,60,1,26:23,1,2020-21
2020-21,1629028,Deandre Ayton,Deandre,1610612756,PHX,Phoenix Suns,0022000873,2021-04-19T00:00:00,PHX @ MIL,W,39.77,8,11,0.727,0,0,0.0,4,4,1.0,1,12,13,2,1,0,1,0,3,3,20,1,40.6,1,0,37.0,1,1,1,1,2,16,21,19,5,18,5,9,13,1,56,2,15,13,34,33,22,1,31,17,12,42,15,1,1,16,1,39:46,1,2020-21
2020-21,1629028,Deandre Ayton,Deandre,1610612756,PHX,Phoenix Suns,0022000883,2021-04-21T00:00:00,PHX @ PHI,W,29.466666666666665,4,8,0.5,0,0,0.0,2,2,1.0,1,4,5,0,0,2,2,3,4,1,10,7,28.0,0,0,23.0,1,1,1,1,42,52,46,51,5,18,5,21,28,1,56,59,66,56,50,2,9,67,50,48,49,28,47,34,1,54,1,29:28,1,2020-21
2020-21,1629028,Deandre Ayton,Deandre,1610612756,PHX,Phoenix Suns,0022000892,2021-04-22T00:00:00,PHX @ BOS,L,33.78333333333333,5,8,0.625,0,0,0.0,0,0,0.0,3,6,9,1,0,1,1,0,3,1,10,-10,28.3,0,0,24.0,1,49,49,49,20,39,46,36,5,18,5,53,57,53,33,39,40,30,50,9,22,1,31,48,49,60,46,34,1,49,1,33:47,1,2020-21
2020-21,1629028,Deandre Ayton,Deandre,1610612756,PHX,Phoenix Suns,0022000912,2021-04-25T00:00:00,PHX @ BKN,L,32.751666666666665,9,12,0.75,0,0,0.0,2,4,0.5,8,5,13,3,0,2,0,0,5,4,20,-8,46.1,1,0,40.0,1,49,49,49,26,9,14,13,5,18,5,21,13,41,1,46,15,4,50,2,49,1,59,8,12,58,6,1,1,8,1,32:45,1,2020-21
2020-21,1629028,Deandre Ayton,Deandre,1610612756,PHX,Phoenix Suns,0022000920,2021-04-26T00:00:00,PHX @ NYK,W,34.75333333333333,4,7,0.571,0,0,0.0,1,1,1.0,4,9,13,2,0,0,1,1,2,1,9,0,30.6,0,0,26.0,1,1,1,1,14,52,57,45,5,18,5,35,47,1,14,16,15,13,50,33,22,37,12,48,54,43,41,34,1,43,1,34:45,1,2020-21
2020-21,1629028,Deandre Ayton,Deandre,1610612756,PHX,Phoenix Suns,0022000941,2021-04-28T00:00:00,PHX vs. LAC,W,27.503333333333334,2,8,0.25,0,0,0.0,1,2,0.5,6,5,11,2,0,2,0,0,3,2,5,16,27.2,0,0,22.0,1,1,1,1,50,66,46,68,5,18,5,35,28,41,6,46,29,13,50,2,49,1,31,27,66,10,51,34,1,55,1,27:30,1,2020-21
2020-21,1629028,Deandre Ayton,Deandre,1610612756,PHX,Phoenix Suns,0022000955,2021-04-30T00:00:00,PHX vs. UTA,W,23.616666666666667,5,8,0.625,0,0,0.0,1,1,1.0,3,6,9,2,1,1,0,1,0,2,11,17,26.8,0,0,24.0,1,1,1,1,64,39,46,36,5,18,5,35,47,1,33,39,40,13,34,9,49,37,1,27,43,9,53,34,1,49,1,23:37,1,2020-21
2020-21,1629028,Deandre Ayton,Deandre,1610612756,PHX,Phoenix Suns,0022000972,2021-05-02T00:00:00,PHX @ OKC,W,31.066666666666666,1,3,0.333,0,0,0.0,3,4,0.75,0,7,7,1,0,0,3,1,5,3,5,-1,23.9,0,0,19.0,1,1,1,1,34,69,68,66,5,18,5,13,13,34,67,30,55,30,50,33,3,37,59,17,66,45,57,34,1,63,1,31:04,1,2020-21
2020-21,1629028,Deandre Ayton,Deandre,1610612756,PHX,Phoenix Suns,0022000983,2021-05-04T00:00:00,PHX @ CLE,W,36.401666666666664,7,10,0.7,0,0,0.0,1,1,1.0,3,5,8,1,3,1,5,1,3,1,15,15,41.1,0,0,36.0,1,1,1,1,10,22,32,25,5,18,5,35,47,1,33,46,48,30,7,9,1,37,31,48,30,12,14,34,1,17,1,36:24,1,2020-21
2020-21,1629028,Deandre Ayton,Deandre,1610612756,PHX,Phoenix Suns,0022000992,2021-05-05T00:00:00,PHX @ ATL,L,26.033333333333335,3,4,0.75,0,0,0.0,1,2,0.5,4,4,8,3,0,1,1,1,2,2,7,2,27.1,0,0,22.0,1,49,49,49,56,61,67,13,5,18,5,35,28,41,14,59,48,4,50,9,22,37,12,27,63,38,52,34,1,55,1,26:02,1,2020-21
2020-21,1629028,Deandre Ayton,Deandre,1610612756,PHX,Phoenix Suns,0022001009,2021-05-07T00:00:00,PHX vs. NYK,W,29.266666666666666,10,14,0.714,0,0,0.0,6,6,1.0,3,12,15,1,0,1,1,0,1,4,26,11,51.5,1,0,46.0,1,1,1,1,44,3,5,21,5,18,5,2,5,1,33,2,8,30,50,9,22,1,4,8,3,20,2,1,1,2,1,29:16,1,2020-21
2020-21,1629028,Deandre Ayton,Deandre,1610612756,PHX,Phoenix Suns,0022001024,2021-05-09T00:00:00,PHX @ LAL,L,32.583333333333336,3,3,1.0,0,0,0.0,0,0,0.0,1,5,6,2,1,1,1,0,4,1,6,-11,21.2,0,0,18.0,1,49,49,49,27,61,68,1,5,18,5,53,57,53,56,46,60,13,34,9,22,1,50,48,65,62,63,34,1,64,1,32:35,1,2020-21
2020-21,1629028,Deandre Ayton,Deandre,1610612756,PHX,Phoenix Suns,0022001039,2021-05-11T00:00:00,PHX @ GSW,L,31.633333333333333,4,5,0.8,0,0,0.0,0,0,0.0,3,5,8,0,1,0,2,0,0,1,8,-7,22.6,0,0,20.0,1,49,49,49,31,52,65,7,5,18,5,53,57,53,33,46,48,56,34,33,9,1,1,48,57,57,60,34,1,60,1,31:38,1,2020-21
2021-22,1629028,Deandre Ayton,Deandre,1610612756,PHX,Phoenix Suns,0022100012,2021-10-20T00:00:00,PHX vs. DEN,L,32.6,6,10,0.6,1,3,0.333,2,2,1.0,2,4,6,2,2,1,0,0,2,1,15,-15,26.2,0,0,26.0,1,47,47,47,16,39,37,36,1,1,7,20,26,1,28,48,49,7,11,8,31,1,20,37,38,55,47,31,1,44,1,32:36,1,2021-22
2021-22,1629028,Deandre Ayton,Deandre,1610612756,PHX,Phoenix Suns,0022100025,2021-10-22T00:00:00,PHX @ LAL,W,32.55,4,10,0.4,0,0,0.0,0,0,0.0,4,11,15,2,0,2,1,2,2,1,8,5,38.0,0,0,31.0,1,1,1,1,18,50,37,56,8,17,8,41,42,41,10,8,7,7,47,2,9,48,20,37,52,32,22,31,1,29,1,32:33,1,2021-22
2021-22,1629028,Deandre Ayton,Deandre,1610612756,PHX,Phoenix Suns,0022100033,2021-10-23T00:00:00,PHX @ POR,L,25.733333333333334,3,6,0.5,0,0,0.0,2,4,0.5,1,2,3,1,1,0,1,1,3,2,8,-23,15.1,0,0,14.0,1,47,47,47,46,55,53,50,8,17,8,20,9,30,39,57,56,27,29,33,9,37,32,20,52,57,57,31,1,56,1,25:44,1,2021-22
2021-22,1629028,Deandre Ayton,Deandre,1610612756,PHX,Phoenix Suns,0022100062,2021-10-27T00:00:00,PHX vs. SAC,L,33.73833333333334,9,12,0.75,0,0,0.0,3,4,0.75,5,16,21,1,1,1,1,0,1,2,21,8,52.7,1,0,47.0,1,47,47,47,11,14,25,11,8,17,8,11,9,22,6,1,1,27,29,8,9,1,8,20,14,25,2,1,1,2,1,33:44,1,2021-22
2021-22,1629028,Deandre Ayton,Deandre,1610612756,PHX,Phoenix Suns,0022100088,2021-10-30T00:00:00,PHX vs. CLE,W,24.233333333333334,8,10,0.8,0,1,0.0,1,3,0.333,1,11,12,1,2,3,0,0,1,4,17,30,39.9,1,0,36.0,1,1,1,1,51,23,37,6,8,3,8,30,21,38,39,8,15,27,11,1,31,1,8,5,29,2,16,1,1,17,1,24:14,1,2021-22
2021-22,1629028,Deandre Ayton,Deandre,1610612756,PHX,Phoenix Suns,0022100122,2021-11-04T00:00:00,PHX vs. HOU,W,25.8,8,17,0.471,0,0,0.0,0,0,0.0,4,7,11,0,2,1,1,0,6,1,16,1,33.2,1,0,31.0,1,1,1,1,45,23,8,53,8,17,8,41,42,41,10,28,24,49,11,8,9,1,56,37,32,40,32,1,1,29,1,25:48,1,2021-22
2021-22,1629028,Deandre Ayton,Deandre,1610612756,PHX,Phoenix Suns,0022100206,2021-11-15T00:00:00,PHX @ MIN,W,32.9,10,14,0.714,0,0,0.0,2,3,0.667,7,5,12,1,2,0,0,1,5,2,22,-5,35.9,1,0,35.0,1,1,1,1,13,9,17,20,8,17,8,20,21,28,1,44,15,27,11,33,31,37,53,20,12,46,27,1,1,22,1,32:54,1,2021-22
2021-22,1629028,Deandre Ayton,Deandre,1610612756,PHX,Phoenix Suns,0022100222,2021-11-17T00:00:00,PHX vs. DAL,W,35.64833333333333,9,13,0.692,0,0,0.0,1,3,0.333,3,10,13,2,1,0,1,0,2,3,19,4,39.6,1,0,36.0,1,1,1,1,3,14,23,25,8,17,8,30,21,38,19,13,11,7,29,33,9,1,20,10,21,35,18,1,1,17,1,35:39,1,2021-22
2021-22,1629028,Deandre Ayton,Deandre,1610612756,PHX,Phoenix Suns,0022100237,2021-11-19T00:00:00,PHX vs. DAL,W,29.24,4,7,0.571,0,0,0.0,0,0,0.0,2,15,17,2,1,1,1,0,3,0,8,-8,36.4,0,0,31.0,1,1,1,1,35,50,50,42,8,17,8,41,42,41,28,2,3,7,29,8,9,1,32,49,52,50,26,31,1,29,1,29:14,1,2021-22
2021-22,1629028,Deandre Ayton,Deandre,1610612756,PHX,Phoenix Suns,0022100251,2021-11-21T00:00:00,PHX vs. DEN,W,26.133333333333333,9,12,0.75,0,1,0.0,3,4,0.75,4,4,8,1,3,1,2,0,3,4,21,16,38.1,0,0,36.0,1,1,1,1,44,14,25,11,8,3,8,11,9,22,10,48,39,27,5,8,3,1,32,5,14,11,21,31,1,17,1,26:08,1,2021-22
2021-22,1629028,Deandre Ayton,Deandre,1610612756,PHX,Phoenix Suns,0022100260,2021-11-22T00:00:00,PHX @ SAS,W,32.75833333333333,10,16,0.625,0,0,0.0,1,2,0.5,5,9,14,3,2,1,0,3,2,2,21,-6,43.3,1,0,40.0,1,1,1,1,14,9,11,30,8,17,8,30,26,30,6,17,9,5,11,8,31,56,20,20,14,47,11,1,1,10,1,32:46,1,2021-22
2021-22,1629028,Deandre Ayton,Deandre,1610612756,PHX,Phoenix Suns,0022100267,2021-11-24T00:00:00,PHX @ CLE,W,27.288333333333334,8,12,0.667,0,0,0.0,0,0,0.0,4,6,10,1,3,1,0,0,5,2,16,4,29.5,1,0,29.0,1,1,1,1,37,23,25,26,8,17,8,41,42,41,10,36,28,27,5,8,31,1,53,20,32,35,39,1,1,36,1,27:17,1,2021-22
2021-22,1629028,Deandre Ayton,Deandre,1610612756,PHX,Phoenix Suns,0022100282,2021-11-26T00:00:00,PHX @ NYK,W,32.13333333333333,7,9,0.778,0,0,0.0,0,0,0.0,0,13,13,0,2,0,0,0,2,0,14,8,27.6,1,0,27.0,1,1,1,1,19,33,44,10,8,17,8,41,42,41,51,4,11,49,11,33,31,1,20,49,41,25,43,1,1,41,1,32:08,1,2021-22
2021-22,1629028,Deandre Ayton,Deandre,1610612756,PHX,Phoenix Suns,0022100294,2021-11-27T00:00:00,PHX @ BKN,W,31.226666666666667,5,8,0.625,0,0,0.0,0,0,0.0,0,6,6,0,2,0,0,1,2,0,10,4,15.2,0,0,16.0,1,1,1,1,24,43,45,30,8,17,8,41,42,41,51,36,49,49,11,33,31,37,20,49,49,35,56,31,1,55,1,31:14,1,2021-22
2021-22,1629028,Deandre Ayton,Deandre,1610612756,PHX,Phoenix Suns,0022100316,2021-11-30T00:00:00,PHX vs. GSW,W,34.285,11,19,0.579,0,0,0.0,2,4,0.5,6,5,11,2,1,1,2,0,0,2,24,16,48.2,1,0,43.0,1,1,1,1,8,6,2,41,8,17,8,20,9,30,3,44,24,7,29,8,3,1,1,20,6,11,4,1,1,5,1,34:17,1,2021-22
2021-22,1629028,Deandre Ayton,Deandre,1610612756,PHX,Phoenix Suns,0022100331,2021-12-02T00:00:00,PHX vs. DET,W,32.96666666666667,7,11,0.636,0,0,0.0,3,7,0.429,1,11,12,2,0,1,0,1,0,5,17,5,37.4,1,0,33.0,1,1,1,1,12,33,30,28,8,17,8,11,2,37,39,8,15,7,47,8,31,37,1,3,29,32,24,1,1,26,1,32:58,1,2021-22
2021-22,1629028,Deandre Ayton,Deandre,1610612756,PHX,Phoenix Suns,0022100340,2021-12-03T00:00:00,PHX @ GSW,L,31.716666666666665,7,16,0.438,0,0,0.0,9,11,0.818,2,4,6,2,2,0,2,3,2,8,23,-16,37.2,0,0,35.0,1,47,47,47,22,33,11,54,8,17,8,1,1,19,28,48,49,7,11,33,3,56,20,1,7,56,25,31,1,22,1,31:43,1,2021-22
2021-22,1629028,Deandre Ayton,Deandre,1610612756,PHX,Phoenix Suns,0022100360,2021-12-06T00:00:00,PHX vs. SAS,W,35.165,7,13,0.538,0,0,0.0,0,0,0.0,3,6,9,4,5,0,1,2,1,1,14,6,28.8,0,0,29.0,1,1,1,1,5,33,23,46,8,17,8,41,42,41,19,36,34,1,1,33,9,48,8,37,41,30,41,31,1,36,1,35:10,1,2021-22
2021-22,1629028,Deandre Ayton,Deandre,1610612756,PHX,Phoenix Suns,0022100416,2021-12-14T00:00:00,PHX @ POR,W,44.55,12,17,0.706,0,0,0.0,4,5,0.8,3,10,13,1,3,2,0,1,4,3,28,1,48.1,1,0,46.0,1,1,1,1,1,3,8,24,8,17,8,4,7,20,19,13,11,27,5,2,31,37,43,10,3,40,7,1,1,4,2,44:33,1,2021-22
2021-22,1629028,Deandre Ayton,Deandre,1610612756,PHX,Phoenix Suns,0022100432,2021-12-16T00:00:00,PHX vs. WAS,W,24.233333333333334,6,11,0.545,0,1,0.0,3,3,1.0,2,8,10,4,2,0,1,0,0,2,15,8,34.0,1,0,31.0,1,1,1,1,51,39,30,45,8,3,8,11,21,1,28,22,28,1,11,33,9,1,1,20,38,25,30,1,1,29,1,24:14,1,2021-22
2021-22,1629028,Deandre Ayton,Deandre,1610612756,PHX,Phoenix Suns,0022100456,2021-12-19T00:00:00,PHX vs. CHA,W,23.7,6,10,0.6,0,0,0.0,3,4,0.75,2,13,15,2,1,0,3,2,1,2,15,25,44.0,1,0,38.0,1,1,1,1,55,39,37,36,8,17,8,11,9,22,28,4,7,7,29,33,1,48,8,20,38,3,9,1,1,14,1,23:42,1,2021-22
2021-22,1629028,Deandre Ayton,Deandre,1610612756,PHX,Phoenix Suns,0022100469,2021-12-21T00:00:00,PHX @ LAL,W,26.9,9,11,0.818,0,0,0.0,1,1,1.0,1,10,11,2,2,2,0,0,2,1,19,15,39.2,1,0,36.0,1,1,1,1,41,14,30,5,8,17,8,30,37,1,39,13,24,7,11,2,31,1,20,37,21,14,19,1,1,17,1,26:54,1,2021-22
2021-22,1629028,Deandre Ayton,Deandre,1610612756,PHX,Phoenix Suns,0022100483,2021-12-23T00:00:00,PHX vs. OKC,W,30.883333333333333,8,15,0.533,0,1,0.0,3,6,0.5,4,8,12,2,1,0,2,2,3,4,19,17,41.4,1,0,37.0,1,1,1,1,25,23,14,47,8,3,8,11,3,30,10,22,15,7,29,33,3,48,32,5,21,9,15,1,1,15,1,30:53,1,2021-22
2021-22,1629028,Deandre Ayton,Deandre,1610612756,PHX,Phoenix Suns,0022100490,2021-12-25T00:00:00,PHX vs. GSW,L,30.55,8,10,0.8,0,0,0.0,2,2,1.0,4,3,7,1,1,1,1,0,1,3,18,-11,32.9,0,0,30.0,1,47,47,47,27,23,37,6,8,17,8,20,26,1,10,54,44,27,29,8,9,1,8,10,26,52,33,31,1,33,1,30:33,1,2021-22
2021-22,1629028,Deandre Ayton,Deandre,1610612756,PHX,Phoenix Suns,0022100596,2022-01-08T00:00:00,PHX vs. MIA,L,32.03333333333333,4,5,0.8,0,0,0.0,4,4,1.0,1,7,8,1,0,0,1,0,1,3,12,-23,26.1,0,0,23.0,1,47,47,47,20,50,55,6,8,17,8,4,9,1,39,28,39,27,47,33,9,1,8,10,45,57,48,31,1,49,1,32:02,1,2021-22
2021-22,1629028,Deandre Ayton,Deandre,1610612756,PHX,Phoenix Suns,0022100613,2022-01-11T00:00:00,PHX @ TOR,W,30.033333333333335,5,7,0.714,0,0,0.0,6,6,1.0,3,6,9,0,2,0,1,0,4,3,16,7,27.8,0,0,27.0,1,1,1,1,29,43,50,20,8,17,8,2,3,1,19,36,34,49,11,33,9,1,43,10,32,28,42,31,1,41,1,30:02,1,2021-22
2021-22,1629028,Deandre Ayton,Deandre,1610612756,PHX,Phoenix Suns,0022100634,2022-01-14T00:00:00,PHX @ IND,W,29.933333333333334,12,18,0.667,1,1,1.0,2,2,1.0,5,7,12,1,3,2,1,2,4,2,27,2,48.9,1,0,47.0,1,1,1,1,32,3,6,26,1,3,1,20,26,1,6,28,15,27,5,2,9,48,43,20,4,38,3,1,1,2,1,29:56,1,2021-22
2021-22,1629028,Deandre Ayton,Deandre,1610612756,PHX,Phoenix Suns,0022100617,2022-01-16T00:00:00,PHX @ DET,W,7.616666666666666,3,3,1.0,0,0,0.0,0,0,0.0,0,0,0,2,1,1,0,0,0,0,6,7,11.0,0,0,10.0,1,1,1,1,58,55,58,1,8,17,8,41,42,41,51,58,58,7,29,8,31,1,1,49,56,28,58,31,1,58,1,7:37,1,2021-22
2021-22,1629028,Deandre Ayton,Deandre,1610612756,PHX,Phoenix Suns,0022100772,2022-02-01T00:00:00,PHX vs. BKN,W,28.05,5,7,0.714,0,0,0.0,2,2,1.0,0,6,6,0,4,1,0,0,4,2,12,9,18.2,0,0,20.0,1,1,1,1,36,43,50,20,8,17,8,20,26,1,51,36,49,49,4,8,31,1,43,20,45,24,54,31,1,53,1,28:03,1,2021-22
2021-22,1629028,Deandre Ayton,Deandre,1610612756,PHX,Phoenix Suns,0022100783,2022-02-03T00:00:00,PHX @ ATL,L,24.45,3,5,0.6,0,0,0.0,0,0,0.0,1,8,9,4,0,1,0,0,1,0,6,0,25.8,0,0,21.0,1,47,47,47,50,55,55,36,8,17,8,41,42,41,39,22,34,1,47,8,31,1,8,49,56,43,49,31,1,51,1,24:27,1,2021-22
2021-22,1629028,Deandre Ayton,Deandre,1610612756,PHX,Phoenix Suns,0022100798,2022-02-05T00:00:00,PHX @ WAS,W,23.95,8,14,0.571,0,0,0.0,4,5,0.8,6,10,16,2,0,2,0,1,0,3,20,15,48.2,1,0,42.0,1,1,1,1,54,23,17,42,8,17,8,4,7,20,3,13,4,7,47,2,31,37,1,10,18,14,4,1,1,8,1,23:57,1,2021-22
2021-22,1629028,Deandre Ayton,Deandre,1610612756,PHX,Phoenix Suns,0022100812,2022-02-07T00:00:00,PHX @ CHI,W,23.466666666666665,5,8,0.625,0,0,0.0,3,4,0.75,2,7,9,1,2,0,1,0,6,2,13,2,26.3,0,0,25.0,1,1,1,1,56,43,45,30,8,17,8,11,9,22,28,28,34,27,11,33,9,1,56,20,44,38,46,31,1,45,1,23:28,1,2021-22
2021-22,1629028,Deandre Ayton,Deandre,1610612756,PHX,Phoenix Suns,0022100815,2022-02-08T00:00:00,PHX @ PHI,W,30.15,5,8,0.625,0,0,0.0,0,0,0.0,3,3,6,0,2,1,1,0,3,2,10,5,21.2,0,0,20.0,1,1,1,1,28,43,45,30,8,17,8,41,42,41,19,54,49,49,11,8,9,1,32,20,49,32,52,31,1,53,1,30:09,1,2021-22
2021-22,1629028,Deandre Ayton,Deandre,1610612756,PHX,Phoenix Suns,0022100836,2022-02-10T00:00:00,PHX vs. MIL,W,26.583333333333332,12,14,0.857,0,0,0.0,3,4,0.75,0,7,7,1,0,0,1,0,3,5,27,21,39.9,0,0,37.0,1,1,1,1,43,3,17,3,8,17,8,11,9,22,51,28,44,27,47,33,9,1,32,3,4,6,16,31,1,15,1,26:35,1,2021-22
2021-22,1629028,Deandre Ayton,Deandre,1610612756,PHX,Phoenix Suns,0022100855,2022-02-12T00:00:00,PHX vs. ORL,W,25.033333333333335,8,11,0.727,0,0,0.0,1,2,0.5,2,8,10,1,0,0,0,1,0,2,17,19,30.5,1,0,28.0,1,1,1,1,49,23,30,17,8,17,8,30,26,30,28,22,28,27,47,33,31,37,1,20,29,7,37,1,1,40,1,25:02,1,2021-22
2021-22,1629028,Deandre Ayton,Deandre,1610612756,PHX,Phoenix Suns,0022100873,2022-02-15T00:00:00,PHX vs. LAC,W,29.991666666666667,6,16,0.375,0,1,0.0,0,0,0.0,3,9,12,1,1,1,1,4,1,0,12,13,32.9,1,0,29.0,1,1,1,1,31,39,11,58,8,3,8,41,42,41,19,17,15,27,29,8,9,58,8,49,45,19,33,1,1,36,1,29:60,1,2021-22
2021-22,1629028,Deandre Ayton,Deandre,1610612756,PHX,Phoenix Suns,0022100882,2022-02-16T00:00:00,PHX vs. HOU,W,27.275,9,15,0.6,0,0,0.0,5,6,0.833,2,7,9,0,2,0,1,0,3,6,23,-10,34.8,0,0,34.0,1,1,1,1,38,14,14,36,8,17,8,3,3,18,28,28,34,49,11,33,9,1,32,2,7,51,29,31,1,25,1,27:17,1,2021-22
2021-22,1629028,Deandre Ayton,Deandre,1610612756,PHX,Phoenix Suns,0022100893,2022-02-24T00:00:00,PHX @ OKC,W,29.768333333333334,3,5,0.6,0,0,0.0,0,1,0.0,0,8,8,1,5,2,1,0,3,2,6,13,21.1,0,0,21.0,1,1,1,1,34,55,55,36,8,17,8,41,37,41,51,22,39,27,1,2,9,1,32,20,56,19,53,31,1,51,1,29:46,1,2021-22
2021-22,1629028,Deandre Ayton,Deandre,1610612756,PHX,Phoenix Suns,0022100902,2022-02-25T00:00:00,PHX vs. NOP,L,31.75,9,12,0.75,1,1,1.0,1,2,0.5,1,4,5,1,2,1,3,0,4,4,20,-4,37.5,0,0,35.0,1,47,47,47,21,14,25,11,1,3,1,30,26,30,39,48,54,27,11,8,1,1,43,5,18,45,23,31,1,22,1,31:45,1,2021-22
2021-22,1629028,Deandre Ayton,Deandre,1610612756,PHX,Phoenix Suns,0022100913,2022-02-27T00:00:00,PHX vs. UTA,L,34.416666666666664,11,15,0.733,1,1,1.0,0,0,0.0,3,4,7,2,1,1,2,2,3,0,23,16,42.4,0,0,39.0,1,47,47,47,7,6,14,16,1,3,1,41,42,41,19,48,44,7,29,8,3,48,32,49,7,11,13,31,1,12,1,34:25,1,2021-22
2021-22,1629028,Deandre Ayton,Deandre,1610612756,PHX,Phoenix Suns,0022100939,2022-03-02T00:00:00,PHX vs. POR,W,25.7,9,12,0.75,0,0,0.0,0,0,0.0,2,6,8,1,1,1,0,0,1,0,18,23,31.1,0,0,29.0,1,1,1,1,47,14,25,11,8,17,8,41,42,41,28,36,39,27,29,8,31,1,8,49,26,4,36,31,1,36,1,25:42,1,2021-22
2021-22,1629028,Deandre Ayton,Deandre,1610612756,PHX,Phoenix Suns,0022100953,2022-03-04T00:00:00,PHX vs. NYK,W,34.2,4,10,0.4,0,1,0.0,0,0,0.0,0,3,3,1,0,0,1,0,3,0,8,-2,16.1,0,0,14.0,1,1,1,1,9,50,37,56,8,3,8,41,42,41,51,54,56,27,47,33,9,1,32,49,52,44,55,31,1,56,1,34:12,1,2021-22
2021-22,1629028,Deandre Ayton,Deandre,1610612756,PHX,Phoenix Suns,0022100961,2022-03-06T00:00:00,PHX @ MIL,L,32.583333333333336,14,19,0.737,1,1,1.0,1,2,0.5,1,7,8,2,2,1,0,0,2,2,30,-11,43.6,0,0,43.0,1,47,47,47,17,2,2,15,1,3,1,30,26,30,39,28,39,7,11,8,31,1,20,20,2,52,10,31,1,5,1,32:35,1,2021-22
2021-22,1629028,Deandre Ayton,Deandre,1610612756,PHX,Phoenix Suns,0022100977,2022-03-08T00:00:00,PHX @ ORL,W,36.02166666666667,10,19,0.526,0,0,0.0,1,1,1.0,4,15,19,1,3,0,0,0,4,3,21,14,42.3,1,0,41.0,1,1,1,1,2,9,2,48,8,17,8,30,37,1,10,2,2,27,5,33,31,1,43,10,14,18,14,1,1,9,1,36:01,1,2021-22
2021-22,1629028,Deandre Ayton,Deandre,1610612756,PHX,Phoenix Suns,0022100983,2022-03-09T00:00:00,PHX @ MIA,W,29.833333333333332,9,10,0.9,0,0,0.0,1,1,1.0,2,8,10,1,0,0,0,0,2,1,19,17,32.5,1,0,30.0,1,1,1,1,33,14,37,2,8,17,8,30,37,1,28,22,28,27,47,33,31,1,20,37,21,9,35,1,1,33,1,29:50,1,2021-22
2021-22,1629028,Deandre Ayton,Deandre,1610612756,PHX,Phoenix Suns,0022101003,2022-03-11T00:00:00,PHX vs. TOR,L,30.033333333333335,8,11,0.727,0,1,0.0,0,0,0.0,1,6,7,2,1,0,0,0,0,0,16,-7,26.4,0,0,25.0,1,47,47,47,29,23,30,17,8,3,8,41,42,41,39,36,44,7,29,33,31,1,1,49,32,49,44,31,1,45,1,30:02,1,2021-22
2021-22,1629028,Deandre Ayton,Deandre,1610612756,PHX,Phoenix Suns,0022101019,2022-03-13T00:00:00,PHX vs. LAL,W,27.116666666666667,11,14,0.786,0,1,0.0,1,1,1.0,5,11,16,2,0,1,0,1,1,1,23,35,48.2,1,0,43.0,1,1,1,1,39,6,17,9,8,3,8,30,37,1,6,8,4,7,47,8,31,37,8,37,7,1,4,1,1,5,1,27:07,1,2021-22
2021-22,1629028,Deandre Ayton,Deandre,1610612756,PHX,Phoenix Suns,0022101032,2022-03-15T00:00:00,PHX @ NOP,W,23.25,7,11,0.636,0,0,0.0,4,4,1.0,1,4,5,2,1,1,0,0,2,2,18,1,29.0,0,0,27.0,1,1,1,1,57,33,30,28,8,17,8,4,9,1,39,48,54,7,29,8,31,1,20,20,26,40,40,31,1,41,1,23:15,1,2021-22
2021-22,1629028,Deandre Ayton,Deandre,1610612756,PHX,Phoenix Suns,0022101038,2022-03-16T00:00:00,PHX @ HOU,W,31.27,10,19,0.526,0,0,0.0,3,4,0.75,6,5,11,0,0,0,1,1,3,3,23,23,39.2,1,0,36.0,1,1,1,1,23,9,2,48,8,17,8,11,9,22,3,44,24,49,47,33,9,37,32,10,7,4,19,1,1,17,1,31:16,1,2021-22
2021-22,1629028,Deandre Ayton,Deandre,1610612756,PHX,Phoenix Suns,0022101056,2022-03-18T00:00:00,PHX vs. CHI,W,23.983333333333334,8,11,0.727,0,1,0.0,4,4,1.0,3,9,12,1,0,0,0,0,2,3,20,18,35.9,1,0,33.0,1,1,1,1,53,23,30,17,8,3,8,4,9,1,19,17,15,27,47,33,31,1,20,10,18,8,27,1,1,26,1,23:59,1,2021-22
2021-22,1629028,Deandre Ayton,Deandre,1610612756,PHX,Phoenix Suns,0022101066,2022-03-20T00:00:00,PHX @ SAC,W,27.048333333333332,5,6,0.833,0,0,0.0,2,2,1.0,1,9,10,2,2,0,0,0,6,1,12,-6,25.0,1,0,24.0,1,1,1,1,40,43,53,4,8,17,8,20,26,1,39,17,28,7,11,33,31,1,56,37,45,47,50,1,1,48,1,27:03,1,2021-22
2021-22,1629028,Deandre Ayton,Deandre,1610612756,PHX,Phoenix Suns,0022101090,2022-03-23T00:00:00,PHX @ MIN,W,35.11666666666667,15,24,0.625,1,1,1.0,4,4,1.0,7,7,14,3,3,1,1,2,1,3,35,11,59.3,1,0,57.0,1,1,1,1,6,1,1,30,1,3,1,4,9,1,1,28,9,5,5,8,9,48,8,10,1,22,1,1,1,1,1,35:07,1,2021-22
2021-22,1629028,Deandre Ayton,Deandre,1610612756,PHX,Phoenix Suns,0022101099,2022-03-24T00:00:00,PHX @ DEN,W,32.63333333333333,8,14,0.571,0,0,0.0,0,0,0.0,2,5,7,0,1,1,0,0,5,1,16,10,26.4,0,0,25.0,1,1,1,1,15,23,17,42,8,17,8,41,42,41,28,44,44,49,29,8,31,1,53,37,32,23,44,31,1,45,1,32:38,1,2021-22
2021-22,1629028,Deandre Ayton,Deandre,1610612756,PHX,Phoenix Suns,0022101118,2022-03-27T00:00:00,PHX vs. PHI,W,30.75,5,8,0.625,0,0,0.0,4,6,0.667,1,11,12,2,1,1,0,0,4,4,14,6,33.4,1,0,30.0,1,1,1,1,26,43,45,30,8,17,8,4,3,28,39,8,15,7,29,8,31,1,43,5,41,30,31,1,1,33,1,30:45,1,2021-22
2021-22,1629028,Deandre Ayton,Deandre,1610612756,PHX,Phoenix Suns,0022101145,2022-03-30T00:00:00,PHX @ GSW,W,35.36,7,17,0.412,0,0,0.0,2,2,1.0,3,13,16,0,5,0,0,1,1,1,16,12,30.2,1,0,32.0,1,1,1,1,4,33,8,55,8,17,8,20,26,1,19,4,4,49,1,33,31,37,8,37,32,21,38,1,1,28,1,35:22,1,2021-22
2021-22,1629028,Deandre Ayton,Deandre,1610612756,PHX,Phoenix Suns,0022101155,2022-04-01T00:00:00,PHX @ MEM,L,25.335,4,8,0.5,0,0,0.0,1,3,0.333,0,12,12,1,2,0,0,0,4,2,9,-11,22.9,0,0,22.0,1,47,47,47,48,50,45,50,8,17,8,30,21,38,51,7,15,27,11,33,31,1,43,20,51,52,51,31,1,50,1,25:20,1,2021-22
2021-22,1629028,Deandre Ayton,Deandre,1610612756,PHX,Phoenix Suns,0022101189,2022-04-05T00:00:00,PHX vs. LAL,W,26.808333333333334,10,14,0.714,0,0,0.0,2,2,1.0,4,9,13,2,1,0,1,1,4,1,22,15,42.6,1,0,39.0,1,1,1,1,42,9,17,20,8,17,8,20,26,1,10,17,11,7,29,33,9,37,43,37,12,14,12,1,1,12,1,26:49,1,2021-22
2021-22,1629028,Deandre Ayton,Deandre,1610612756,PHX,Phoenix Suns,0022101210,2022-04-08T00:00:00,PHX @ UTA,W,34.166666666666664,9,18,0.5,1,2,0.5,0,0,0.0,4,6,10,4,1,1,2,2,4,1,19,15,45.0,1,0,40.0,1,1,1,1,10,14,6,50,1,2,6,41,42,41,10,36,28,1,29,8,3,48,43,37,21,14,8,1,1,10,1,34:10,1,2021-22
2022-23,1629028,Deandre Ayton,Deandre,1610612756,PHX,Phoenix Suns,0022200013,2022-10-19T00:00:00,PHX vs. DAL,W,30.416666666666668,8,11,0.727,0,0,0.0,2,3,0.667,1,9,10,2,1,1,0,0,4,2,18,15,35.0,1,0,32.0,1,1,1,1,38,28,41,13,7,24,7,25,27,37,47,15,33,17,34,6,36,1,45,32,30,11,33,1,1,34,1,30:25,1,2022-23
2022-23,1629028,Deandre Ayton,Deandre,1610612756,PHX,Phoenix Suns,0022200027,2022-10-21T00:00:00,PHX @ POR,L,38.483333333333334,12,22,0.545,1,1,1.0,1,3,0.333,1,5,6,3,4,1,1,1,5,4,26,1,39.7,0,0,40.0,1,37,37,37,2,7,1,42,2,2,1,41,27,50,47,47,53,10,3,6,16,38,55,8,11,28,21,37,1,17,1,38:29,1,2022-23
2022-23,1629028,Deandre Ayton,Deandre,1610612756,PHX,Phoenix Suns,0022200043,2022-10-23T00:00:00,PHX @ LAC,W,28.75,6,11,0.545,0,1,0.0,1,1,1.0,2,6,8,1,4,0,1,0,5,1,13,7,23.1,0,0,24.0,1,1,1,1,48,43,41,42,7,2,7,41,52,1,28,41,40,36,3,31,16,1,55,52,52,18,55,37,1,50,1,28:45,1,2022-23
2022-23,1629028,Deandre Ayton,Deandre,1610612756,PHX,Phoenix Suns,0022200055,2022-10-25T00:00:00,PHX vs. GSW,W,25.066666666666666,6,14,0.429,0,1,0.0,4,4,1.0,5,9,14,4,4,1,0,0,5,4,16,2,37.8,1,0,36.0,1,1,1,1,61,43,24,59,7,2,7,9,14,1,7,15,10,5,3,6,36,1,55,8,36,25,29,1,1,24,1,25:04,1,2022-23
2022-23,1629028,Deandre Ayton,Deandre,1610612756,PHX,Phoenix Suns,0022200079,2022-10-28T00:00:00,PHX vs. NOP,W,7.7,2,4,0.5,0,0,0.0,0,0,0.0,1,2,3,0,0,0,0,0,0,0,4,-5,7.6,0,0,7.0,1,1,1,1,67,64,66,49,7,24,7,53,56,53,47,63,63,48,57,31,36,1,1,60,66,43,66,37,1,67,1,7:42,1,2022-23
2022-23,1629028,Deandre Ayton,Deandre,1610612756,PHX,Phoenix Suns,0022200130,2022-11-04T00:00:00,PHX vs. POR,L,29.5,10,14,0.714,2,2,1.0,2,2,1.0,4,4,8,1,4,0,0,0,5,2,24,3,31.1,0,0,35.0,1,37,37,37,46,16,24,16,1,1,1,25,33,1,10,52,40,36,3,31,36,1,55,32,14,22,41,37,1,27,1,29:30,1,2022-23
2022-23,1629028,Deandre Ayton,Deandre,1610612756,PHX,Phoenix Suns,0022200139,2022-11-05T00:00:00,PHX vs. POR,W,15.883333333333333,3,6,0.5,0,1,0.0,1,2,0.5,2,4,6,1,1,0,2,0,3,2,7,1,20.7,0,0,18.0,1,1,1,1,65,63,64,49,7,2,7,41,33,41,28,52,53,36,34,31,4,1,28,32,63,28,60,37,1,62,1,15:53,1,2022-23
2022-23,1629028,Deandre Ayton,Deandre,1610612756,PHX,Phoenix Suns,0022200148,2022-11-07T00:00:00,PHX @ PHI,L,30.6,6,11,0.545,0,0,0.0,2,2,1.0,3,4,7,0,0,1,1,0,4,3,14,-13,28.4,0,0,25.0,1,37,37,37,37,43,41,42,7,24,7,25,33,1,17,52,47,48,57,6,16,1,45,16,44,55,46,37,1,48,1,30:36,1,2022-23
2022-23,1629028,Deandre Ayton,Deandre,1610612756,PHX,Phoenix Suns,0022200167,2022-11-09T00:00:00,PHX @ MIN,W,32.96666666666667,4,10,0.4,0,0,0.0,1,2,0.5,2,4,6,2,2,0,0,2,1,3,9,16,17.2,0,0,17.0,1,1,1,1,21,58,50,61,7,24,7,41,33,41,28,52,53,17,20,31,36,59,8,16,58,9,63,37,1,63,1,32:58,1,2022-23
2022-23,1629028,Deandre Ayton,Deandre,1610612756,PHX,Phoenix Suns,0022200177,2022-11-11T00:00:00,PHX @ ORL,L,26.383333333333333,7,12,0.583,0,1,0.0,0,0,0.0,1,4,5,1,1,2,1,0,0,0,14,-23,29.5,0,0,26.0,1,37,37,37,57,35,33,32,7,2,7,53,56,53,47,52,58,36,34,2,16,1,1,60,44,64,44,37,1,45,1,26:23,1,2022-23
2022-23,1629028,Deandre Ayton,Deandre,1610612756,PHX,Phoenix Suns,0022200202,2022-11-14T00:00:00,PHX @ MIA,L,34.36666666666667,8,10,0.8,0,1,0.0,0,0,0.0,8,4,12,2,3,1,0,0,5,1,16,-8,33.4,1,0,32.0,1,37,37,37,17,28,50,5,7,2,7,53,56,53,2,52,17,17,10,6,36,1,55,52,36,48,37,1,1,34,1,34:22,1,2022-23
2022-23,1629028,Deandre Ayton,Deandre,1610612756,PHX,Phoenix Suns,0022200220,2022-11-16T00:00:00,PHX vs. GSW,W,31.516666666666666,7,14,0.5,0,0,0.0,0,0,0.0,2,5,7,2,4,0,0,1,3,3,14,16,21.4,0,0,23.0,1,1,1,1,28,35,24,49,7,24,7,53,56,53,28,47,47,17,3,31,36,38,28,16,44,9,58,37,1,54,1,31:31,1,2022-23
2022-23,1629028,Deandre Ayton,Deandre,1610612756,PHX,Phoenix Suns,0022200232,2022-11-18T00:00:00,PHX @ UTA,L,36.63333333333333,7,12,0.583,0,1,0.0,3,3,1.0,5,5,10,8,2,0,3,1,3,3,17,0,48.0,1,0,41.0,1,37,37,37,7,35,33,32,7,2,7,16,27,1,7,47,33,1,20,31,1,38,28,16,34,34,10,1,1,15,1,36:38,1,2022-23
2022-23,1629028,Deandre Ayton,Deandre,1610612756,PHX,Phoenix Suns,0022200240,2022-11-20T00:00:00,PHX vs. NYK,W,26.8,6,9,0.667,0,1,0.0,1,5,0.2,4,7,11,4,0,1,0,0,3,4,13,6,35.2,1,0,30.0,1,1,1,1,54,43,57,20,7,2,7,41,10,52,10,33,23,5,57,6,36,1,28,8,52,20,32,1,1,38,1,26:48,1,2022-23
2022-23,1629028,Deandre Ayton,Deandre,1610612756,PHX,Phoenix Suns,0022200259,2022-11-22T00:00:00,PHX vs. LAL,W,31.55,7,11,0.636,0,1,0.0,0,0,0.0,1,14,15,2,0,1,0,1,4,0,14,9,38.0,1,0,33.0,1,1,1,1,26,35,41,27,7,2,7,53,56,53,47,3,8,17,57,6,36,38,45,60,44,16,28,1,1,31,1,31:33,1,2022-23
2022-23,1629028,Deandre Ayton,Deandre,1610612756,PHX,Phoenix Suns,0022200283,2022-11-25T00:00:00,PHX vs. DET,W,29.966666666666665,11,13,0.846,0,0,0.0,6,7,0.857,2,10,12,1,0,0,2,0,0,5,28,13,49.9,1,0,45.0,1,1,1,1,41,9,29,2,7,24,7,6,5,25,28,12,17,36,57,31,4,1,1,3,8,12,9,1,1,9,1,29:58,1,2022-23
2022-23,1629028,Deandre Ayton,Deandre,1610612756,PHX,Phoenix Suns,0022200289,2022-11-26T00:00:00,PHX vs. UTA,W,34.13333333333333,11,19,0.579,0,0,0.0,7,9,0.778,9,12,21,3,2,1,2,0,1,5,29,-4,65.7,1,0,59.0,1,1,1,1,18,9,9,35,7,24,7,2,2,29,1,8,1,10,20,6,4,1,8,3,6,42,1,1,1,1,1,34:08,1,2022-23
2022-23,1629028,Deandre Ayton,Deandre,1610612756,PHX,Phoenix Suns,0022200307,2022-11-28T00:00:00,PHX @ SAC,W,34.736666666666665,8,10,0.8,0,0,0.0,1,2,0.5,3,9,12,1,1,0,0,0,3,2,17,7,31.9,1,0,30.0,1,1,1,1,15,28,50,5,7,24,7,41,33,41,17,15,17,36,34,31,36,1,28,32,34,18,39,1,1,38,1,34:44,1,2022-23
2022-23,1629028,Deandre Ayton,Deandre,1610612756,PHX,Phoenix Suns,0022200321,2022-11-30T00:00:00,PHX vs. CHI,W,31.483333333333334,11,17,0.647,0,1,0.0,8,9,0.889,2,12,14,3,1,0,2,1,4,7,30,17,56.3,1,0,51.0,1,1,1,1,29,9,16,25,7,2,7,1,2,23,28,8,10,10,34,31,4,38,45,1,4,7,3,1,1,4,1,31:29,1,2022-23
2022-23,1629028,Deandre Ayton,Deandre,1610612756,PHX,Phoenix Suns,0022200334,2022-12-02T00:00:00,PHX vs. HOU,L,29.866666666666667,4,7,0.571,0,0,0.0,0,0,0.0,2,4,6,2,5,1,1,1,3,0,8,3,19.2,0,0,20.0,1,37,37,37,42,58,62,36,7,24,7,53,56,53,28,52,53,17,2,6,16,38,28,60,60,22,61,37,1,60,1,29:52,1,2022-23
2022-23,1629028,Deandre Ayton,Deandre,1610612756,PHX,Phoenix Suns,0022200345,2022-12-04T00:00:00,PHX @ SAS,W,25.283333333333335,10,14,0.714,1,1,1.0,4,5,0.8,2,8,10,3,2,0,0,0,1,4,25,30,39.5,1,0,39.0,1,1,1,1,60,16,24,16,2,2,1,9,10,27,28,24,33,10,20,31,36,1,8,8,12,1,23,1,1,19,1,25:17,1,2022-23
2022-23,1629028,Deandre Ayton,Deandre,1610612756,PHX,Phoenix Suns,0022200358,2022-12-05T00:00:00,PHX @ DAL,L,26.8,9,11,0.818,0,0,0.0,2,4,0.5,1,7,8,1,1,0,3,0,2,3,20,-15,39.1,0,0,35.0,1,37,37,37,54,20,41,3,7,24,7,25,14,41,47,33,40,36,34,31,1,1,15,16,25,58,25,37,1,27,1,26:48,1,2022-23
2022-23,1629028,Deandre Ayton,Deandre,1610612756,PHX,Phoenix Suns,0022200373,2022-12-07T00:00:00,PHX vs. BOS,L,24.466666666666665,4,7,0.571,0,0,0.0,0,0,0.0,2,5,7,2,4,1,0,0,1,1,8,-28,18.4,0,0,19.0,1,37,37,37,62,58,62,36,7,24,7,53,56,53,28,47,47,17,3,6,36,1,8,52,60,67,62,37,1,61,1,24:28,1,2022-23
2022-23,1629028,Deandre Ayton,Deandre,1610612756,PHX,Phoenix Suns,0022200384,2022-12-09T00:00:00,PHX @ NOP,L,39.65,11,15,0.733,0,0,0.0,3,5,0.6,4,10,14,2,3,1,1,0,3,5,25,-11,47.8,1,0,45.0,1,37,37,37,1,9,20,12,7,24,7,16,10,40,10,12,10,17,10,6,16,1,28,3,12,51,12,1,1,9,1,39:39,1,2022-23
2022-23,1629028,Deandre Ayton,Deandre,1610612756,PHX,Phoenix Suns,0022200395,2022-12-11T00:00:00,PHX @ NOP,L,32.82666666666667,13,18,0.722,0,0,0.0,2,3,0.667,6,6,12,5,1,0,1,1,6,3,28,-17,51.9,1,0,47.0,1,37,37,37,22,3,12,15,7,24,7,25,27,37,4,41,17,3,34,31,16,38,67,16,8,61,6,1,1,7,1,32:50,1,2022-23
2022-23,1629028,Deandre Ayton,Deandre,1610612756,PHX,Phoenix Suns,0022200411,2022-12-13T00:00:00,PHX @ HOU,L,14.5,2,10,0.2,0,1,0.0,1,1,1.0,3,0,3,0,1,0,0,0,2,2,5,-17,7.6,0,0,8.0,1,37,37,37,66,64,50,66,7,2,7,41,52,1,17,67,63,48,34,31,36,1,15,32,65,61,66,37,1,66,1,14:30,1,2022-23
2022-23,1629028,Deandre Ayton,Deandre,1610612756,PHX,Phoenix Suns,0022200459,2022-12-19T00:00:00,PHX vs. LAL,W,25.866666666666667,9,11,0.818,1,1,1.0,2,4,0.5,4,7,11,0,3,0,1,0,0,3,21,11,34.2,1,0,35.0,1,1,1,1,58,20,41,3,2,2,1,25,14,41,10,33,23,48,10,31,16,1,1,16,24,14,34,1,1,27,1,25:52,1,2022-23
2022-23,1629028,Deandre Ayton,Deandre,1610612756,PHX,Phoenix Suns,0022200464,2022-12-20T00:00:00,PHX vs. WAS,L,32.12,12,20,0.6,0,0,0.0,6,6,1.0,4,9,13,0,4,0,1,0,5,5,30,-16,44.6,1,0,45.0,1,37,37,37,23,7,4,30,7,24,7,6,7,1,10,15,15,48,3,31,16,1,55,3,4,60,15,1,1,9,1,32:07,1,2022-23
2022-23,1629028,Deandre Ayton,Deandre,1610612756,PHX,Phoenix Suns,0022200490,2022-12-23T00:00:00,PHX vs. MEM,L,21.033333333333335,9,12,0.75,0,1,0.0,0,2,0.0,1,4,5,0,0,0,0,1,4,1,18,-11,24.0,0,0,23.0,1,37,37,37,64,20,33,10,7,2,7,53,33,53,47,52,58,48,57,31,36,38,45,52,30,51,52,37,1,54,1,21:02,1,2022-23
2022-23,1629028,Deandre Ayton,Deandre,1610612756,PHX,Phoenix Suns,0022200497,2022-12-25T00:00:00,PHX @ DEN,L,37.583333333333336,9,18,0.5,1,1,1.0,3,4,0.75,3,13,16,2,6,2,2,2,3,2,22,-13,50.2,1,0,49.0,1,37,37,37,3,20,12,49,2,2,1,16,14,30,17,5,4,17,1,2,4,59,28,32,19,55,7,1,1,6,1,37:35,1,2022-23
2022-23,1629028,Deandre Ayton,Deandre,1610612756,PHX,Phoenix Suns,0022200510,2022-12-27T00:00:00,PHX @ MEM,W,27.35,6,12,0.5,0,0,0.0,3,3,1.0,1,9,10,0,1,0,1,2,3,2,15,17,29.0,1,0,27.0,1,1,1,1,53,43,33,49,7,24,7,16,27,1,47,15,33,48,34,31,16,59,28,32,42,7,45,1,1,43,1,27:21,1,2022-23
2022-23,1629028,Deandre Ayton,Deandre,1610612756,PHX,Phoenix Suns,0022200516,2022-12-28T00:00:00,PHX @ WAS,L,36.2,14,22,0.636,1,1,1.0,2,2,1.0,6,1,7,3,2,2,0,2,3,2,31,-5,47.9,0,0,46.0,1,37,37,37,9,1,1,27,2,2,1,25,33,1,4,66,47,10,20,2,36,59,28,32,2,43,11,37,1,8,1,36:12,1,2022-23
2022-23,1629028,Deandre Ayton,Deandre,1610612756,PHX,Phoenix Suns,0022200531,2022-12-30T00:00:00,PHX @ TOR,L,30.966666666666665,2,10,0.2,0,0,0.0,0,0,0.0,1,6,7,3,2,0,0,2,2,1,4,-18,14.9,0,0,14.0,1,37,37,37,33,64,50,66,7,24,7,53,56,53,47,41,47,10,20,31,36,59,15,52,66,63,64,37,1,64,1,30:58,1,2022-23
2022-23,1629028,Deandre Ayton,Deandre,1610612756,PHX,Phoenix Suns,0022200550,2023-01-02T00:00:00,PHX @ NYK,L,29.4,6,13,0.462,0,1,0.0,0,0,0.0,0,5,5,2,3,1,0,0,1,0,12,-24,21.0,0,0,21.0,1,37,37,37,47,43,29,58,7,2,7,53,56,53,63,47,58,17,10,6,36,1,8,60,54,65,59,37,1,57,1,29:24,1,2022-23
2022-23,1629028,Deandre Ayton,Deandre,1610612756,PHX,Phoenix Suns,0022200565,2023-01-04T00:00:00,PHX @ CLE,L,36.666666666666664,7,12,0.583,0,1,0.0,1,2,0.5,2,16,18,1,3,1,0,2,2,3,15,-5,38.1,1,0,36.0,1,37,37,37,6,35,33,32,7,2,7,41,33,41,28,1,3,36,10,6,36,59,15,16,42,43,26,1,1,24,1,36:40,1,2022-23
2022-23,1629028,Deandre Ayton,Deandre,1610612756,PHX,Phoenix Suns,0022200589,2023-01-06T00:00:00,PHX vs. MIA,L,35.733333333333334,10,20,0.5,0,1,0.0,3,4,0.75,2,12,14,2,3,0,0,2,2,3,23,-3,39.8,1,0,39.0,1,37,37,37,10,16,4,49,7,2,7,16,14,30,28,8,10,17,10,31,36,59,15,16,16,40,20,1,1,19,1,35:44,1,2022-23
2022-23,1629028,Deandre Ayton,Deandre,1610612756,PHX,Phoenix Suns,0022200603,2023-01-08T00:00:00,PHX vs. CLE,L,29.866666666666667,6,16,0.375,0,0,0.0,2,2,1.0,3,8,11,6,0,0,1,1,2,1,14,-5,39.2,1,0,33.0,1,37,37,37,42,43,19,62,7,24,7,25,33,1,17,24,23,2,57,31,16,38,15,52,44,43,24,1,1,31,1,29:52,1,2022-23
2022-23,1629028,Deandre Ayton,Deandre,1610612756,PHX,Phoenix Suns,0022200637,2023-01-13T00:00:00,PHX @ MIN,L,30.901666666666667,5,18,0.278,0,1,0.0,1,2,0.5,3,8,11,4,2,0,0,1,2,2,11,-11,28.2,1,0,26.0,1,37,37,37,34,54,12,65,7,2,7,41,33,41,17,24,23,5,20,31,36,38,15,32,56,51,47,1,1,45,1,30:54,1,2022-23
2022-23,1629028,Deandre Ayton,Deandre,1610612756,PHX,Phoenix Suns,0022200663,2023-01-16T00:00:00,PHX @ MEM,L,30.24,8,11,0.727,0,0,0.0,2,2,1.0,1,4,5,1,2,0,0,0,4,2,18,-14,23.5,0,0,24.0,1,37,37,37,39,28,41,13,7,24,7,25,33,1,47,52,58,36,20,31,36,1,45,32,30,57,54,37,1,50,1,30:14,1,2022-23
2022-23,1629028,Deandre Ayton,Deandre,1610612756,PHX,Phoenix Suns,0022200681,2023-01-19T00:00:00,PHX vs. BKN,W,31.548333333333332,11,20,0.55,0,0,0.0,2,6,0.333,2,12,14,4,3,1,0,2,5,4,24,1,46.8,1,0,44.0,1,1,1,1,27,9,4,40,7,24,7,25,7,50,28,8,10,5,10,6,36,59,55,8,14,28,13,1,1,13,1,31:33,1,2022-23
2022-23,1629028,Deandre Ayton,Deandre,1610612756,PHX,Phoenix Suns,0022200734,2023-01-26T00:00:00,PHX vs. DAL,L,31.071666666666665,6,20,0.3,0,1,0.0,7,10,0.7,7,13,20,2,2,0,2,1,3,5,19,-1,50.0,1,0,45.0,1,37,37,37,32,43,4,64,7,2,7,2,1,36,3,5,2,17,20,31,4,38,28,3,27,36,8,1,1,9,1,31:04,1,2022-23
2022-23,1629028,Deandre Ayton,Deandre,1610612756,PHX,Phoenix Suns,0022200748,2023-01-28T00:00:00,PHX @ SAS,W,36.54333333333334,11,20,0.55,0,0,0.0,1,2,0.5,1,7,8,3,2,1,0,0,3,3,23,2,38.1,0,0,36.0,1,1,1,1,8,9,4,40,7,24,7,41,33,41,47,33,40,10,20,6,36,1,28,16,16,25,26,37,1,24,1,36:33,1,2022-23
2022-23,1629028,Deandre Ayton,Deandre,1610612756,PHX,Phoenix Suns,0022200762,2023-01-30T00:00:00,PHX vs. TOR,W,31.121666666666666,9,17,0.529,0,0,0.0,4,4,1.0,5,8,13,2,1,0,0,1,2,3,22,1,39.6,1,0,37.0,1,1,1,1,31,20,16,47,7,24,7,9,14,1,7,24,15,17,34,31,36,38,15,16,19,28,22,1,1,22,1,31:07,1,2022-23
2022-23,1629028,Deandre Ayton,Deandre,1610612756,PHX,Phoenix Suns,0022200777,2023-02-01T00:00:00,PHX vs. ATL,L,26.533333333333335,9,12,0.75,0,0,0.0,2,3,0.667,1,8,9,0,0,0,0,0,0,2,20,-26,30.8,0,0,29.0,1,37,37,37,56,20,33,10,7,24,7,25,27,37,47,24,39,48,57,31,36,1,1,32,25,66,42,37,1,41,1,26:32,1,2022-23
2022-23,1629028,Deandre Ayton,Deandre,1610612756,PHX,Phoenix Suns,0022200788,2023-02-03T00:00:00,PHX @ BOS,W,34.85,7,13,0.538,0,0,0.0,0,1,0.0,2,8,10,5,3,0,1,0,2,4,14,-6,33.5,1,0,31.0,1,1,1,1,14,35,29,46,7,24,7,53,52,53,28,24,33,3,10,31,16,1,15,8,44,47,36,1,1,36,1,34:51,1,2022-23
2022-23,1629028,Deandre Ayton,Deandre,1610612756,PHX,Phoenix Suns,0022200794,2023-02-04T00:00:00,PHX @ DET,W,31.166666666666668,13,15,0.867,0,0,0.0,5,6,0.833,3,13,16,2,0,0,1,0,3,4,31,20,56.2,1,0,51.0,1,1,1,1,30,3,20,1,7,24,7,8,7,26,17,5,4,17,57,31,16,1,28,8,2,6,4,1,1,4,1,31:10,1,2022-23
2022-23,1629028,Deandre Ayton,Deandre,1610612756,PHX,Phoenix Suns,0022200817,2023-02-07T00:00:00,PHX @ BKN,W,34.525,14,18,0.778,0,0,0.0,7,8,0.875,6,9,15,0,1,1,0,0,3,6,35,12,55.0,1,0,52.0,1,1,1,1,16,1,12,7,7,24,7,2,4,24,4,15,8,48,34,6,36,1,28,2,1,13,5,1,1,3,1,34:32,1,2022-23
2022-23,1629028,Deandre Ayton,Deandre,1610612756,PHX,Phoenix Suns,0022200832,2023-02-09T00:00:00,PHX @ ATL,L,29.816666666666666,10,15,0.667,0,0,0.0,3,4,0.75,0,2,2,2,1,1,2,1,3,2,23,-9,36.4,0,0,33.0,1,37,37,37,44,16,20,20,7,24,7,16,14,30,63,63,67,17,34,6,4,38,28,32,16,50,31,37,1,31,1,29:49,1,2022-23
2022-23,1629028,Deandre Ayton,Deandre,1610612756,PHX,Phoenix Suns,0022200836,2023-02-10T00:00:00,PHX @ IND,W,29.52,9,14,0.643,0,0,0.0,4,4,1.0,4,7,11,2,1,2,1,1,2,3,22,23,46.2,1,0,41.0,1,1,1,1,45,20,24,26,7,24,7,9,14,1,10,33,23,17,34,2,16,38,15,16,19,4,14,1,1,15,1,29:31,1,2022-23
2022-23,1629028,Deandre Ayton,Deandre,1610612756,PHX,Phoenix Suns,0022200870,2023-02-14T00:00:00,PHX vs. SAC,W,36.68333333333333,13,17,0.765,0,0,0.0,3,4,0.75,3,8,11,2,1,4,2,0,2,3,29,21,62.2,1,0,54.0,1,1,1,1,5,3,16,9,7,24,7,16,14,30,17,24,23,17,34,1,4,1,15,16,6,5,2,1,1,2,1,36:41,1,2022-23
2022-23,1629028,Deandre Ayton,Deandre,1610612756,PHX,Phoenix Suns,0022200885,2023-02-16T00:00:00,PHX vs. LAC,L,31.921666666666667,8,13,0.615,0,0,0.0,2,2,1.0,0,6,6,0,1,0,1,0,4,1,18,-11,27.2,0,0,26.0,1,37,37,37,24,28,29,29,7,24,7,25,33,1,63,41,53,48,34,31,16,1,45,52,30,51,49,37,1,45,1,31:55,1,2022-23
2022-23,1629028,Deandre Ayton,Deandre,1610612756,PHX,Phoenix Suns,0022200899,2023-02-24T00:00:00,PHX vs. OKC,W,30.856666666666666,6,11,0.545,0,0,0.0,2,2,1.0,3,8,11,0,2,1,2,0,5,2,14,-2,34.2,1,0,31.0,1,1,1,1,35,43,41,42,7,24,7,25,33,1,17,24,23,48,20,6,4,1,55,32,44,39,34,1,1,36,1,30:51,1,2022-23
2022-23,1629028,Deandre Ayton,Deandre,1610612756,PHX,Phoenix Suns,0022200910,2023-02-26T00:00:00,PHX @ MIL,L,35.416666666666664,11,21,0.524,0,0,0.0,0,0,0.0,3,8,11,0,1,0,2,1,3,0,22,-1,40.2,1,0,37.0,1,37,37,37,11,9,3,48,7,24,7,53,56,53,17,24,23,48,34,31,4,38,28,60,19,36,19,1,1,22,1,35:25,1,2022-23
2022-23,1629028,Deandre Ayton,Deandre,1610612756,PHX,Phoenix Suns,0022200933,2023-03-01T00:00:00,PHX @ CHA,W,33.333333333333336,7,10,0.7,0,0,0.0,2,2,1.0,1,15,16,4,1,0,1,0,5,2,16,9,43.2,1,0,38.0,1,1,1,1,20,35,50,18,7,24,7,25,33,1,47,2,4,5,34,31,16,1,55,32,36,16,17,1,1,21,1,33:20,1,2022-23
2022-23,1629028,Deandre Ayton,Deandre,1610612756,PHX,Phoenix Suns,0022200950,2023-03-03T00:00:00,PHX @ CHI,W,27.433333333333334,2,4,0.5,0,0,0.0,3,4,0.75,1,2,3,0,0,1,0,1,4,2,7,11,13.6,0,0,12.0,1,1,1,1,52,64,66,49,7,24,7,16,14,30,47,63,63,48,57,6,36,38,45,32,63,14,65,37,1,65,1,27:26,1,2022-23
2022-23,1629028,Deandre Ayton,Deandre,1610612756,PHX,Phoenix Suns,0022200962,2023-03-05T00:00:00,PHX @ DAL,W,33.888333333333335,4,6,0.667,0,0,0.0,1,2,0.5,2,14,16,0,2,1,1,0,5,2,9,4,32.2,0,0,29.0,1,1,1,1,19,58,64,20,7,24,7,41,33,41,28,3,4,48,20,6,16,1,55,32,58,21,38,37,1,41,1,33:53,1,2022-23
2022-23,1629028,Deandre Ayton,Deandre,1610612756,PHX,Phoenix Suns,0022200990,2023-03-08T00:00:00,PHX vs. OKC,W,24.066666666666666,5,9,0.556,0,0,0.0,2,2,1.0,1,7,8,2,0,0,1,0,0,1,12,29,27.6,0,0,24.0,1,1,1,1,63,54,57,38,7,24,7,25,33,1,47,33,40,17,57,31,16,1,1,52,54,2,48,37,1,50,1,24:04,1,2022-23
2022-23,1629028,Deandre Ayton,Deandre,1610612756,PHX,Phoenix Suns,0022201013,2023-03-11T00:00:00,PHX vs. SAC,L,37.1,9,15,0.6,0,0,0.0,4,5,0.8,2,10,12,0,1,1,2,0,2,3,22,0,44.4,1,0,40.0,1,37,37,37,4,20,20,30,7,24,7,9,10,27,28,12,17,48,34,6,4,1,15,16,19,34,16,1,1,17,1,37:06,1,2022-23
2022-23,1629028,Deandre Ayton,Deandre,1610612756,PHX,Phoenix Suns,0022201025,2023-03-13T00:00:00,PHX @ GSW,L,35.083333333333336,13,19,0.684,0,0,0.0,1,1,1.0,3,9,12,1,3,1,0,0,0,2,27,-8,42.9,1,0,42.0,1,37,37,37,12,3,9,19,7,24,7,41,52,1,17,15,17,36,10,6,36,1,1,32,10,48,18,1,1,14,1,35:05,1,2022-23
2022-23,1629028,Deandre Ayton,Deandre,1610612756,PHX,Phoenix Suns,0022201033,2023-03-14T00:00:00,PHX vs. MIL,L,25.416666666666668,8,19,0.421,0,1,0.0,0,0,0.0,2,6,8,0,2,0,0,1,5,0,16,-15,23.6,0,0,24.0,1,37,37,37,59,28,9,60,7,2,7,53,56,53,28,41,40,48,20,31,36,38,55,60,36,58,53,37,1,50,1,25:25,1,2022-23
2022-23,1629028,Deandre Ayton,Deandre,1610612756,PHX,Phoenix Suns,0022201046,2023-03-16T00:00:00,PHX vs. ORL,W,34.865,6,12,0.5,0,0,0.0,4,4,1.0,0,7,7,0,1,0,1,2,3,2,16,1,26.4,0,0,25.0,1,1,1,1,13,43,33,49,7,24,7,9,14,1,63,33,47,48,34,31,16,59,28,32,36,28,50,37,1,48,1,34:52,1,2022-23
2022-23,1629028,Deandre Ayton,Deandre,1610612756,PHX,Phoenix Suns,0022201125,2023-03-27T00:00:00,PHX @ UTA,W,30.2,5,10,0.5,0,0,0.0,4,4,1.0,2,6,8,0,1,0,0,1,1,2,14,-3,22.6,0,0,22.0,1,1,1,1,40,54,50,49,7,24,7,9,14,1,28,41,40,48,34,31,36,38,8,32,44,40,56,37,1,56,1,30:12,1,2022-23
2022-23,1629028,Deandre Ayton,Deandre,1610612756,PHX,Phoenix Suns,0022201144,2023-03-29T00:00:00,PHX vs. MIN,W,28.683333333333334,5,9,0.556,0,0,0.0,0,0,0.0,0,3,3,0,1,1,3,1,4,0,10,-1,24.6,0,0,21.0,1,1,1,1,49,54,57,38,7,24,7,53,56,53,63,61,63,48,34,6,1,38,45,60,57,36,51,37,1,57,1,28:41,1,2022-23
2022-23,1629028,Deandre Ayton,Deandre,1610612756,PHX,Phoenix Suns,0022201160,2023-03-31T00:00:00,PHX vs. DEN,W,28.3,4,11,0.364,0,0,0.0,0,2,0.0,1,9,10,1,2,1,0,1,5,3,8,28,22.5,0,0,21.0,1,1,1,1,51,58,41,63,7,24,7,53,33,53,47,15,33,36,20,6,36,38,55,16,60,3,57,37,1,57,1,28:18,1,2022-23
2022-23,1629028,Deandre Ayton,Deandre,1610612756,PHX,Phoenix Suns,0022201172,2023-04-02T00:00:00,PHX @ OKC,W,30.666666666666668,8,12,0.667,0,0,0.0,3,4,0.75,2,9,11,0,1,0,0,0,1,2,19,1,31.2,1,0,30.0,1,1,1,1,36,28,33,20,7,24,7,16,14,30,28,15,23,48,34,31,36,1,8,32,27,28,40,1,1,38,1,30:40,1,2022-23
2022-23,1629028,Deandre Ayton,Deandre,1610612756,PHX,Phoenix Suns,0022201188,2023-04-04T00:00:00,PHX vs. SAS,W,28.666666666666668,6,9,0.667,0,0,0.0,7,7,1.0,4,7,11,1,3,1,1,1,2,4,19,2,36.7,1,0,35.0,1,1,1,1,50,43,57,20,7,24,7,2,5,1,10,33,23,36,10,6,16,38,15,8,27,25,30,1,1,27,1,28:40,1,2022-23
2022-23,1629028,Deandre Ayton,Deandre,1610612756,PHX,Phoenix Suns,0022201201,2023-04-06T00:00:00,PHX vs. DEN,W,31.8,7,9,0.778,0,0,0.0,2,2,1.0,2,3,5,2,1,0,2,0,4,3,16,3,30.0,0,0,27.0,1,1,1,1,25,35,57,7,7,24,7,25,33,1,28,61,58,17,34,31,4,1,45,16,36,22,43,37,1,43,1,31:48,1,2022-23
2023-24,1629028,Deandre Ayton,Deandre,1610612757,POR,Portland Trail Blazers,0022300074,2023-10-25T00:00:00,POR @ LAC,L,23.083333333333332,2,4,0.5,0,0,0.0,0,0,0.0,3,9,12,1,3,3,1,1,5,1,4,-5,28.9,0,0,25.0,1,15,15,15,49,53,55,36,2,10,2,26,28,26,23,20,20,30,6,2,10,25,53,21,54,21,39,33,1,39,1,23:05,1,2023-24
2023-24,1629028,Deandre Ayton,Deandre,1610612757,POR,Portland Trail Blazers,0022300086,2023-10-27T00:00:00,POR vs. ORL,L,30.416666666666668,7,9,0.778,0,0,0.0,0,0,0.0,4,11,15,1,2,0,0,0,4,1,14,6,31.5,1,0,30.0,1,15,15,15,38,31,40,3,2,10,2,26,28,26,14,6,10,30,16,33,33,1,48,21,33,11,33,1,1,32,1,30:25,1,2023-24
2023-24,1629028,Deandre Ayton,Deandre,1610612757,POR,Portland Trail Blazers,0022300098,2023-10-29T00:00:00,POR @ PHI,L,20.616666666666667,3,7,0.429,0,0,0.0,1,1,1.0,2,7,9,2,0,2,1,1,3,1,7,-15,29.8,0,0,24.0,1,15,15,15,53,46,47,46,2,10,2,18,23,1,33,29,36,12,48,7,10,25,35,21,47,44,38,33,1,41,1,20:37,1,2023-24
2023-24,1629028,Deandre Ayton,Deandre,1610612757,POR,Portland Trail Blazers,0022300105,2023-10-30T00:00:00,POR @ TOR,W,32.016666666666666,5,9,0.556,0,0,0.0,0,0,0.0,7,16,23,2,1,1,2,1,1,0,10,7,48.6,1,0,41.0,1,1,1,1,34,39,40,31,2,10,2,26,28,26,2,1,1,12,32,17,2,25,10,38,41,8,11,1,1,15,1,32:01,1,2023-24
2023-24,1629028,Deandre Ayton,Deandre,1610612757,POR,Portland Trail Blazers,0022300115,2023-11-01T00:00:00,POR @ DET,W,33.733333333333334,8,13,0.615,0,0,0.0,0,0,0.0,1,10,11,1,2,5,1,0,0,0,16,5,46.7,1,0,40.0,1,1,1,1,30,28,27,19,2,10,2,26,28,26,42,12,26,30,16,1,10,1,1,38,30,12,14,1,1,16,1,33:44,1,2023-24
2023-24,1629028,Deandre Ayton,Deandre,1610612757,POR,Portland Trail Blazers,0022300007,2023-11-03T00:00:00,POR vs. MEM,W,36.266666666666666,7,11,0.636,0,0,0.0,2,2,1.0,4,8,12,2,1,3,1,1,4,1,16,10,44.4,1,0,38.0,1,1,1,1,17,31,35,18,2,10,2,11,12,1,14,25,20,12,32,2,10,25,48,21,30,5,15,1,1,18,1,36:16,1,2023-24
2023-24,1629028,Deandre Ayton,Deandre,1610612757,POR,Portland Trail Blazers,0022300144,2023-11-05T00:00:00,POR vs. MEM,L,35.03333333333333,3,9,0.333,0,0,0.0,0,0,0.0,2,9,11,0,3,2,1,1,4,1,6,-18,25.2,0,0,23.0,1,15,15,15,23,46,40,50,2,10,2,26,28,26,33,20,26,49,6,7,10,25,48,21,49,49,43,33,1,42,1,35:02,1,2023-24
2023-24,1629028,Deandre Ayton,Deandre,1610612757,POR,Portland Trail Blazers,0022300170,2023-11-08T00:00:00,POR @ SAC,L,41.266666666666666,9,14,0.643,0,0,0.0,0,0,0.0,1,9,10,2,2,0,0,0,5,0,18,7,31.0,1,0,30.0,1,15,15,15,1,21,23,15,2,10,2,26,28,26,42,20,31,12,16,33,33,1,53,38,23,8,37,1,1,32,1,41:16,1,2023-24
2023-24,1629028,Deandre Ayton,Deandre,1610612757,POR,Portland Trail Blazers,0022300187,2023-11-12T00:00:00,POR @ LAL,L,33.93333333333333,6,10,0.6,0,0,0.0,0,0,0.0,0,7,7,0,2,0,2,1,2,0,12,-17,24.4,0,0,23.0,1,15,15,15,28,33,36,21,2,10,2,26,28,26,52,29,44,49,16,33,2,25,26,38,37,47,44,33,1,42,1,33:56,1,2023-24
2023-24,1629028,Deandre Ayton,Deandre,1610612757,POR,Portland Trail Blazers,0022300023,2023-11-14T00:00:00,POR @ UTA,L,34.46666666666667,10,17,0.588,0,0,0.0,2,2,1.0,5,5,10,3,2,0,0,0,1,4,22,-5,36.5,1,0,35.0,1,15,15,15,26,15,15,24,2,10,2,11,12,1,11,40,31,3,16,33,33,1,10,3,12,21,29,1,1,24,1,34:28,1,2023-24
2023-24,1629028,Deandre Ayton,Deandre,1610612757,POR,Portland Trail Blazers,0022300199,2023-11-15T00:00:00,POR vs. CLE,L,25.8,3,10,0.3,0,0,0.0,0,0,0.0,2,4,6,0,2,0,0,0,3,2,6,-14,11.2,0,0,12.0,1,15,15,15,46,46,36,52,2,10,2,26,28,26,33,46,47,49,16,33,33,1,35,13,49,42,53,33,1,53,1,25:48,1,2023-24
2023-24,1629028,Deandre Ayton,Deandre,1610612757,POR,Portland Trail Blazers,0022300036,2023-11-17T00:00:00,POR vs. LAL,L,37.8,8,14,0.571,0,0,0.0,1,2,0.5,7,5,12,2,4,2,0,2,4,1,17,-7,36.4,1,0,35.0,1,15,15,15,11,28,23,28,2,10,2,18,12,21,2,40,20,12,2,7,33,47,48,21,29,26,30,1,1,24,1,37:48,1,2023-24
2023-24,1629028,Deandre Ayton,Deandre,1610612757,POR,Portland Trail Blazers,0022300215,2023-11-19T00:00:00,POR vs. OKC,L,24.166666666666668,5,7,0.714,0,0,0.0,1,2,0.5,2,3,5,2,2,1,1,0,0,1,11,-26,24.0,0,0,22.0,1,15,15,15,48,39,47,7,2,10,2,18,12,21,33,51,51,12,16,17,10,1,1,21,40,52,45,33,1,45,1,24:10,1,2023-24
2023-24,1629028,Deandre Ayton,Deandre,1610612757,POR,Portland Trail Blazers,0022300041,2023-11-21T00:00:00,POR @ PHX,L,30.766666666666666,9,14,0.643,0,0,0.0,0,0,0.0,6,2,8,4,2,1,1,2,1,0,18,-33,37.6,0,0,34.0,1,15,15,15,37,21,23,15,2,10,2,26,28,26,5,53,39,1,16,17,10,47,10,38,23,55,25,33,1,29,1,30:46,1,2023-24
2023-24,1629028,Deandre Ayton,Deandre,1610612757,POR,Portland Trail Blazers,0022300245,2023-11-26T00:00:00,POR @ MIL,L,32.2,5,6,0.833,0,0,0.0,4,6,0.667,4,9,13,2,0,1,2,0,3,3,14,-13,41.6,1,0,35.0,1,15,15,15,33,39,51,2,2,10,2,3,2,20,14,20,16,12,48,17,2,1,35,6,33,40,19,1,1,24,1,32:12,1,2023-24
2023-24,1629028,Deandre Ayton,Deandre,1610612757,POR,Portland Trail Blazers,0022300254,2023-11-27T00:00:00,POR @ IND,W,38.18333333333333,9,13,0.692,0,0,0.0,4,4,1.0,3,10,13,1,4,1,0,0,1,3,22,3,38.1,1,0,38.0,1,1,1,1,9,21,27,8,2,10,2,3,4,1,23,12,16,30,2,17,33,1,10,6,12,14,24,1,1,18,1,38:11,1,2023-24
2023-24,1629028,Deandre Ayton,Deandre,1610612757,POR,Portland Trail Blazers,0022300265,2023-11-30T00:00:00,POR @ CLE,W,29.683333333333334,5,9,0.556,0,0,0.0,0,0,0.0,2,4,6,3,3,0,0,0,2,1,10,-6,18.7,0,0,19.0,1,1,1,1,40,39,40,31,2,10,2,26,28,26,33,46,47,3,6,33,33,1,26,21,41,23,49,33,1,47,1,29:41,1,2023-24
2023-24,1629028,Deandre Ayton,Deandre,1610612757,POR,Portland Trail Blazers,0022300289,2023-12-02T00:00:00,POR @ UTA,L,35.483333333333334,4,8,0.5,0,0,0.0,2,2,1.0,1,10,11,0,0,0,0,2,3,1,10,-8,23.2,1,0,21.0,1,15,15,15,20,43,45,36,2,10,2,11,12,1,42,12,26,49,48,33,33,47,35,21,41,28,46,1,1,46,1,35:29,1,2023-24
2023-24,1629028,Deandre Ayton,Deandre,1610612757,POR,Portland Trail Blazers,0022300323,2023-12-14T00:00:00,POR vs. UTA,L,20.766666666666666,6,13,0.462,0,0,0.0,2,2,1.0,5,4,9,0,4,1,1,2,2,1,14,-13,26.8,0,0,27.0,1,15,15,15,52,33,27,45,2,10,2,11,12,1,11,46,36,49,2,17,10,47,26,21,33,40,42,33,1,37,1,20:46,1,2023-24
2023-24,1629028,Deandre Ayton,Deandre,1610612757,POR,Portland Trail Blazers,0022300341,2023-12-16T00:00:00,POR vs. DAL,L,27.446666666666665,3,5,0.6,0,0,0.0,1,2,0.5,3,7,10,2,1,2,0,0,3,1,7,1,27.0,0,0,23.0,1,15,15,15,42,46,53,21,2,10,2,18,12,21,23,29,31,12,32,7,33,1,35,21,47,16,41,33,1,42,1,27:27,1,2023-24
2023-24,1629028,Deandre Ayton,Deandre,1610612757,POR,Portland Trail Blazers,0022300348,2023-12-17T00:00:00,POR vs. GSW,L,32.805,4,8,0.5,0,0,0.0,0,0,0.0,3,5,8,1,1,0,1,1,0,1,8,-3,21.1,0,0,19.0,1,15,15,15,32,43,45,36,2,10,2,26,28,26,23,40,39,30,32,33,10,25,1,21,44,20,48,33,1,47,1,32:48,1,2023-24
2023-24,1629028,Deandre Ayton,Deandre,1610612757,POR,Portland Trail Blazers,0022300363,2023-12-19T00:00:00,POR vs. PHX,W,40.43333333333333,6,18,0.333,0,0,0.0,4,4,1.0,4,11,15,3,3,0,0,0,3,2,16,7,35.5,1,0,34.0,1,1,1,1,5,33,12,50,2,10,2,3,4,1,14,6,10,3,6,33,33,1,35,13,30,8,31,1,1,29,1,40:26,1,2023-24
2023-24,1629028,Deandre Ayton,Deandre,1610612757,POR,Portland Trail Blazers,0022300381,2023-12-21T00:00:00,POR vs. WAS,L,34.9,10,21,0.476,0,0,0.0,3,4,0.75,10,6,16,2,5,0,1,3,3,2,23,-8,43.2,1,0,43.0,1,15,15,15,25,15,7,44,2,10,2,8,4,17,1,36,7,12,1,33,10,55,35,13,11,28,17,1,1,13,1,34:54,1,2023-24
2023-24,1629028,Deandre Ayton,Deandre,1610612757,POR,Portland Trail Blazers,0022300399,2023-12-23T00:00:00,POR @ GSW,L,28.9,6,12,0.5,0,0,0.0,1,3,0.333,1,5,6,2,1,3,0,0,2,2,13,2,31.2,0,0,27.0,1,15,15,15,41,33,32,36,2,10,2,18,11,25,42,40,47,12,32,2,33,1,26,13,36,15,34,33,1,37,1,28:54,1,2023-24
2023-24,1629028,Deandre Ayton,Deandre,1610612757,POR,Portland Trail Blazers,0022300590,2024-01-19T00:00:00,POR vs. IND,W,30.188333333333333,6,15,0.4,0,0,0.0,0,0,0.0,2,6,8,1,1,0,2,1,1,0,12,-14,28.1,0,0,25.0,1,1,1,1,39,33,21,48,2,10,2,26,28,26,33,36,39,30,32,33,2,25,10,38,37,42,40,33,1,39,1,30:11,1,2023-24
2023-24,1629028,Deandre Ayton,Deandre,1610612757,POR,Portland Trail Blazers,0022300605,2024-01-21T00:00:00,POR @ LAL,L,22.316666666666666,3,7,0.429,0,0,0.0,0,0,0.0,1,3,4,0,1,0,0,1,3,1,6,-17,9.8,0,0,10.0,1,15,15,15,51,46,47,46,2,10,2,26,28,26,42,51,52,49,32,33,33,25,35,21,49,47,55,33,1,55,1,22:19,1,2023-24
2023-24,1629028,Deandre Ayton,Deandre,1610612757,POR,Portland Trail Blazers,0022300617,2024-01-23T00:00:00,POR @ OKC,L,27.051666666666666,2,7,0.286,0,0,0.0,1,2,0.5,2,5,7,2,3,0,0,2,2,2,5,-9,13.4,0,0,14.0,1,15,15,15,43,53,47,54,2,10,2,18,12,21,33,40,44,12,6,33,33,47,26,13,53,35,52,33,1,51,1,27:03,1,2023-24
2023-24,1629028,Deandre Ayton,Deandre,1610612757,POR,Portland Trail Blazers,0022300623,2024-01-24T00:00:00,POR @ HOU,W,40.733333333333334,8,13,0.615,0,0,0.0,2,2,1.0,6,11,17,3,1,1,2,1,3,3,18,15,50.9,1,0,44.0,1,1,1,1,2,28,27,19,2,10,2,11,12,1,5,6,5,3,32,17,2,25,35,6,23,3,7,1,1,11,1,40:44,1,2023-24
2023-24,1629028,Deandre Ayton,Deandre,1610612757,POR,Portland Trail Blazers,0022300641,2024-01-26T00:00:00,POR @ SAS,L,34.11666666666667,10,17,0.588,0,0,0.0,0,0,0.0,2,10,12,2,2,2,0,0,2,0,20,-8,41.4,1,0,38.0,1,15,15,15,27,15,15,24,2,10,2,26,28,26,33,12,20,12,16,7,33,1,26,38,19,28,20,1,1,18,1,34:07,1,2023-24
2023-24,1629028,Deandre Ayton,Deandre,1610612757,POR,Portland Trail Blazers,0022300656,2024-01-28T00:00:00,POR vs. CHI,L,37.43333333333333,9,12,0.75,0,0,0.0,4,4,1.0,1,11,12,1,0,0,1,1,0,3,22,0,40.9,1,0,37.0,1,15,15,15,12,21,32,5,2,10,2,3,4,1,42,6,20,30,48,33,10,25,1,6,12,17,21,1,1,22,1,37:26,1,2023-24
2023-24,1629028,Deandre Ayton,Deandre,1610612757,POR,Portland Trail Blazers,0022300668,2024-01-29T00:00:00,POR vs. PHI,W,30.983333333333334,9,14,0.643,0,0,0.0,0,0,0.0,0,6,6,2,0,1,0,1,2,2,18,28,31.2,0,0,28.0,1,1,1,1,36,21,23,15,2,10,2,26,28,26,52,36,47,12,48,17,33,25,26,13,23,1,34,33,1,36,1,30:59,1,2023-24
2023-24,1629028,Deandre Ayton,Deandre,1610612757,POR,Portland Trail Blazers,0022300683,2024-01-31T00:00:00,POR vs. MIL,W,35.0,10,17,0.588,0,0,0.0,0,0,0.0,3,8,11,1,1,1,1,1,3,0,20,-10,39.7,1,0,36.0,1,1,1,1,24,15,15,24,2,10,2,26,28,26,23,25,26,30,32,17,10,25,35,38,19,37,23,1,1,23,1,35:00,1,2023-24
2023-24,1629028,Deandre Ayton,Deandre,1610612757,POR,Portland Trail Blazers,0022300697,2024-02-02T00:00:00,POR @ DEN,L,26.74,3,6,0.5,0,0,0.0,2,2,1.0,1,2,3,1,0,0,1,0,1,1,8,-16,16.1,0,0,14.0,1,15,15,15,44,46,51,36,2,10,2,11,12,1,42,53,54,30,48,33,10,1,10,21,44,46,51,33,1,51,1,26:44,1,2023-24
2023-24,1629028,Deandre Ayton,Deandre,1610612757,POR,Portland Trail Blazers,0022300712,2024-02-04T00:00:00,POR @ DEN,L,38.55,13,19,0.684,0,0,0.0,1,1,1.0,4,5,9,4,1,1,2,1,1,1,27,5,51.8,0,0,46.0,1,15,15,15,8,4,10,10,2,10,2,18,23,1,14,40,36,1,32,17,2,25,10,21,6,12,6,33,1,7,1,38:33,1,2023-24
2023-24,1629028,Deandre Ayton,Deandre,1610612757,POR,Portland Trail Blazers,0022300758,2024-02-10T00:00:00,POR vs. NOP,L,37.233333333333334,9,18,0.5,0,0,0.0,0,0,0.0,6,11,17,3,3,2,3,1,0,0,18,-7,54.9,1,0,48.0,1,15,15,15,14,21,12,36,2,10,2,26,28,26,5,6,5,3,6,7,1,25,1,38,23,26,5,1,1,5,1,37:14,1,2023-24
2023-24,1629028,Deandre Ayton,Deandre,1610612757,POR,Portland Trail Blazers,0022300775,2024-02-13T00:00:00,POR vs. MIN,L,31.95,11,12,0.917,0,0,0.0,0,0,0.0,2,14,16,1,0,0,0,0,1,0,22,-11,42.7,1,0,39.0,1,15,15,15,35,9,32,1,2,10,2,26,28,26,33,4,7,30,48,33,33,1,10,38,12,38,18,1,1,17,1,31:57,1,2023-24
2023-24,1629028,Deandre Ayton,Deandre,1610612757,POR,Portland Trail Blazers,0022300791,2024-02-15T00:00:00,POR vs. MIN,L,19.816666666666666,1,5,0.2,0,0,0.0,0,0,0.0,0,4,4,3,1,3,1,0,6,0,2,-9,22.3,0,0,17.0,1,15,15,15,54,55,53,55,2,10,2,26,28,26,52,46,52,3,32,2,10,1,55,38,55,35,47,33,1,50,1,19:49,1,2023-24
2023-24,1629028,Deandre Ayton,Deandre,1610612757,POR,Portland Trail Blazers,0022300812,2024-02-23T00:00:00,POR vs. DEN,L,35.05,11,17,0.647,0,0,0.0,0,0,0.0,3,7,10,3,1,0,0,0,3,0,22,-20,37.5,1,0,35.0,1,15,15,15,22,9,15,13,2,10,2,26,28,26,23,29,31,3,32,33,33,1,35,38,12,51,26,1,1,24,1,35:03,1,2023-24
2023-24,1629028,Deandre Ayton,Deandre,1610612757,POR,Portland Trail Blazers,0022300826,2024-02-25T00:00:00,POR vs. CHA,L,37.25,11,16,0.688,0,0,0.0,4,4,1.0,3,16,19,2,2,1,1,0,1,4,26,-8,55.8,1,0,51.0,1,15,15,15,13,9,20,9,2,10,2,3,4,1,23,1,2,12,16,17,10,1,10,3,7,28,4,1,1,4,1,37:15,1,2023-24
2023-24,1629028,Deandre Ayton,Deandre,1610612757,POR,Portland Trail Blazers,0022300842,2024-02-27T00:00:00,POR vs. MIA,L,18.566666666666666,6,9,0.667,0,0,0.0,0,0,0.0,3,7,10,2,2,2,1,0,1,2,12,14,34.0,1,0,30.0,1,15,15,15,55,33,40,12,2,10,2,26,28,26,23,29,31,12,16,7,10,1,10,13,37,4,32,1,1,32,1,18:34,1,2023-24
2023-24,1629028,Deandre Ayton,Deandre,1610612757,POR,Portland Trail Blazers,0022300923,2024-03-09T00:00:00,POR vs. TOR,W,39.95,14,25,0.56,0,1,0.0,2,2,1.0,5,14,19,1,3,2,1,2,1,3,30,10,60.3,1,0,56.0,1,1,1,1,7,3,1,30,2,2,2,11,12,1,11,4,2,30,6,7,10,47,10,6,4,5,2,1,1,3,1,39:57,1,2023-24
2023-24,1629028,Deandre Ayton,Deandre,1610612757,POR,Portland Trail Blazers,0022300938,2024-03-11T00:00:00,POR vs. BOS,L,32.833333333333336,11,19,0.579,0,0,0.0,0,0,0.0,6,9,15,1,1,0,0,2,0,0,22,-6,40.5,1,0,38.0,1,15,15,15,31,9,10,27,2,10,2,26,28,26,5,20,10,30,32,33,33,47,1,38,12,23,22,1,1,18,1,32:50,1,2023-24
2023-24,1629028,Deandre Ayton,Deandre,1610612757,POR,Portland Trail Blazers,0022300953,2024-03-13T00:00:00,POR vs. ATL,W,40.5,15,20,0.75,0,0,0.0,3,4,0.75,4,15,19,1,3,1,1,1,3,3,33,16,60.3,1,0,57.0,1,1,1,1,3,1,9,5,2,10,2,8,4,17,14,3,2,30,6,17,10,25,35,6,2,2,2,1,1,2,1,40:30,1,2023-24
2023-24,1629028,Deandre Ayton,Deandre,1610612757,POR,Portland Trail Blazers,0022300960,2024-03-14T00:00:00,POR vs. NYK,L,40.0,12,21,0.571,1,1,1.0,6,6,1.0,6,8,14,0,3,0,1,0,1,6,31,-12,47.8,1,0,48.0,1,15,15,15,6,6,7,28,1,2,1,2,2,1,5,25,14,49,6,33,10,1,10,1,3,39,12,1,1,5,1,40:00,1,2023-24
2023-24,1629028,Deandre Ayton,Deandre,1610612757,POR,Portland Trail Blazers,0022300970,2024-03-16T00:00:00,POR @ NOP,L,37.96666666666667,10,13,0.769,0,1,0.0,0,1,0.0,4,4,8,2,2,1,1,1,2,1,20,-6,36.6,0,0,34.0,1,15,15,15,10,15,27,4,2,2,2,26,23,26,14,46,39,12,16,17,10,25,26,21,19,23,28,33,1,29,1,37:58,1,2023-24
2023-24,1629028,Deandre Ayton,Deandre,1610612757,POR,Portland Trail Blazers,0022300986,2024-03-18T00:00:00,POR @ CHI,L,37.11666666666667,11,17,0.647,0,0,0.0,3,4,0.75,4,11,15,1,1,0,2,1,3,3,25,-8,49.5,1,0,45.0,1,15,15,15,16,9,15,13,2,10,2,8,4,17,14,6,10,30,32,33,2,25,35,6,8,28,10,1,1,9,1,37:07,1,2023-24
2023-24,1629028,Deandre Ayton,Deandre,1610612757,POR,Portland Trail Blazers,0022301003,2024-03-20T00:00:00,POR vs. LAC,L,26.403333333333332,4,10,0.4,0,0,0.0,0,1,0.0,1,6,7,1,4,0,1,0,0,1,8,-15,16.9,0,0,18.0,1,15,15,15,45,43,36,48,2,10,2,26,23,26,42,36,44,30,2,33,10,1,1,21,44,44,50,33,1,49,1,26:24,1,2023-24
2023-24,1629028,Deandre Ayton,Deandre,1610612757,POR,Portland Trail Blazers,0022301068,2024-03-29T00:00:00,POR @ MIA,L,24.716666666666665,9,15,0.6,0,1,0.0,0,0,0.0,1,7,8,1,1,1,0,1,1,0,18,-32,31.1,0,0,29.0,1,15,15,15,47,21,21,21,2,2,2,26,28,26,42,29,39,30,32,17,33,25,10,38,23,54,36,33,1,35,1,24:43,1,2023-24
2023-24,1629028,Deandre Ayton,Deandre,1610612757,POR,Portland Trail Blazers,0022301090,2024-04-01T00:00:00,POR @ ORL,L,36.0,10,18,0.556,0,0,0.0,0,0,0.0,4,8,12,3,2,0,0,1,4,4,20,-8,36.9,1,0,35.0,1,15,15,15,18,15,12,31,2,10,2,26,28,26,14,25,20,3,16,33,33,25,48,3,19,28,27,1,1,24,1,36:00,1,2023-24
2023-24,1629028,Deandre Ayton,Deandre,1610612757,POR,Portland Trail Blazers,0022301102,2024-04-03T00:00:00,POR @ CHA,W,37.233333333333334,12,22,0.545,0,1,0.0,0,0,0.0,6,10,16,2,2,0,0,1,1,0,24,0,44.2,1,0,42.0,1,1,1,1,14,6,5,34,2,2,2,26,28,26,5,12,7,12,16,33,33,25,10,38,10,17,16,1,1,14,1,37:14,1,2023-24
2023-24,1629028,Deandre Ayton,Deandre,1610612757,POR,Portland Trail Blazers,0022301117,2024-04-05T00:00:00,POR @ WAS,W,40.45,13,25,0.52,0,0,0.0,8,9,0.889,3,10,13,3,2,2,2,0,0,6,34,8,64.1,1,0,58.0,1,1,1,1,4,4,1,35,2,10,2,1,1,16,23,12,16,3,16,7,2,1,1,1,1,7,1,1,1,1,1,40:27,1,2023-24
2023-24,1629028,Deandre Ayton,Deandre,1610612757,POR,Portland Trail Blazers,0022301134,2024-04-07T00:00:00,POR @ BOS,L,35.06666666666667,11,23,0.478,0,1,0.0,0,0,0.0,7,7,14,2,0,2,1,0,1,0,22,-19,50.8,1,0,44.0,1,15,15,15,21,9,4,43,2,2,2,26,28,26,2,29,14,12,48,7,10,1,10,38,12,50,8,1,1,11,1,35:04,1,2023-24
2023-24,1629028,Deandre Ayton,Deandre,1610612757,POR,Portland Trail Blazers,0022301157,2024-04-09T00:00:00,POR vs. NOP,L,35.663333333333334,15,22,0.682,0,1,0.0,0,0,0.0,3,10,13,1,3,1,0,0,2,0,30,-26,47.1,1,0,46.0,1,15,15,15,19,1,5,11,2,2,2,26,28,26,23,12,16,30,6,17,33,1,26,38,4,52,13,1,1,7,1,35:40,1,2023-24
2023-24,1629028,Deandre Ayton,Deandre,1610612757,POR,Portland Trail Blazers,0022301169,2024-04-11T00:00:00,POR vs. GSW,L,33.78333333333333,12,24,0.5,0,1,0.0,1,1,1.0,1,10,11,1,1,3,1,1,0,2,25,-8,50.7,1,0,45.0,1,15,15,15,29,6,3,36,2,2,2,18,23,1,42,12,26,30,32,2,10,25,1,13,8,28,9,1,1,9,1,33:47,1,2023-24
2023-24,1629028,Deandre Ayton,Deandre,1610612757,POR,Portland Trail Blazers,0022301183,2024-04-12T00:00:00,POR vs. HOU,L,22.666666666666668,3,10,0.3,0,2,0.0,0,0,0.0,0,2,2,1,2,1,0,2,1,0,6,-2,10.9,0,0,11.0,1,15,15,15,50,46,36,52,2,1,2,26,28,26,52,53,55,30,16,17,33,47,10,38,49,19,54,33,1,54,1,22:40,1,2023-24
2024-25,1629028,Deandre Ayton,Deandre,1610612757,POR,Portland Trail Blazers,0022400072,2024-10-23T00:00:00,POR vs. GSW,L,30.95,5,12,0.417,0,2,0.0,0,0,0.0,2,9,11,2,1,2,0,0,2,2,10,-19,31.2,1,0,27.0,1,18,18,18,22,27,19,34,7,2,7,17,21,17,23,8,18,8,20,2,26,1,15,9,28,31,23,1,1,24,1,30:57,1,2024-25
2024-25,1629028,Deandre Ayton,Deandre,1610612757,POR,Portland Trail Blazers,0022400086,2024-10-25T00:00:00,POR vs. NOP,L,32.925,5,14,0.357,0,0,0.0,0,1,0.0,2,13,15,2,1,0,2,1,4,2,10,-2,36.0,1,0,31.0,1,18,18,18,16,27,11,36,7,24,7,17,18,17,23,1,4,8,20,24,4,29,34,9,28,16,17,1,1,20,1,32:56,1,2024-25
2024-25,1629028,Deandre Ayton,Deandre,1610612757,POR,Portland Trail Blazers,0022400099,2024-10-27T00:00:00,POR vs. NOP,W,30.9,7,9,0.778,1,1,1.0,2,2,1.0,6,6,12,0,2,0,1,0,2,1,17,15,32.4,1,0,32.0,1,1,1,1,23,16,28,5,1,9,1,7,11,1,4,23,14,32,9,24,11,1,15,19,15,5,21,1,1,18,1,30:54,1,2024-25
2024-25,1629028,Deandre Ayton,Deandre,1610612757,POR,Portland Trail Blazers,0022400112,2024-10-28T00:00:00,POR @ SAC,L,34.016666666666666,10,17,0.588,0,0,0.0,0,0,0.0,3,8,11,1,1,0,0,2,2,0,20,-11,33.7,1,0,32.0,1,18,18,18,12,4,4,18,7,24,7,17,21,17,17,14,18,24,20,24,26,38,15,30,9,26,19,1,1,18,1,34:01,1,2024-25
2024-25,1629028,Deandre Ayton,Deandre,1610612757,POR,Portland Trail Blazers,0022400127,2024-10-30T00:00:00,POR @ LAC,W,33.55,7,15,0.467,1,3,0.333,0,0,0.0,3,9,12,1,1,1,1,0,2,4,15,-7,35.9,1,0,33.0,1,1,1,1,15,16,7,31,1,1,6,17,21,17,17,8,14,24,20,8,11,1,15,1,19,23,18,1,1,17,1,33:33,1,2024-25
2024-25,1629028,Deandre Ayton,Deandre,1610612757,POR,Portland Trail Blazers,0022400140,2024-11-01T00:00:00,POR vs. OKC,L,28.066666666666666,7,11,0.636,0,0,0.0,0,0,0.0,3,2,5,2,2,2,0,0,1,4,14,-11,27.0,0,0,25.0,1,18,18,18,29,16,22,13,7,24,7,17,21,17,17,39,37,8,9,2,26,1,2,1,22,26,28,21,1,27,1,28:04,1,2024-25
2024-25,1629028,Deandre Ayton,Deandre,1610612757,POR,Portland Trail Blazers,0022400149,2024-11-02T00:00:00,POR @ PHX,L,30.433333333333334,3,13,0.231,1,2,0.5,3,3,1.0,1,12,13,2,0,0,0,0,2,2,10,1,28.6,1,0,26.0,1,18,18,18,26,33,17,40,1,2,3,4,8,1,32,2,8,8,37,24,26,1,15,9,28,14,27,1,1,26,1,30:26,1,2024-25
2024-25,1629028,Deandre Ayton,Deandre,1610612757,POR,Portland Trail Blazers,0022400164,2024-11-04T00:00:00,POR @ NOP,W,31.85,9,14,0.643,1,1,1.0,0,2,0.0,5,8,13,0,1,1,0,0,1,1,19,9,36.6,1,0,35.0,1,1,1,1,20,7,11,12,1,9,1,17,11,17,6,14,8,32,20,8,26,1,2,19,10,9,15,1,1,12,1,31:51,1,2024-25
2024-25,1629028,Deandre Ayton,Deandre,1610612757,POR,Portland Trail Blazers,0022400183,2024-11-07T00:00:00,POR @ SAS,L,30.783333333333335,10,15,0.667,1,2,0.5,0,0,0.0,2,8,10,0,2,2,1,0,2,1,21,-4,40.0,1,0,38.0,1,18,18,18,24,4,7,11,1,2,3,17,21,17,23,14,21,32,9,2,11,1,15,19,6,21,11,1,1,9,1,30:47,1,2024-25
2024-25,1629028,Deandre Ayton,Deandre,1610612757,POR,Portland Trail Blazers,0022400193,2024-11-08T00:00:00,POR @ MIN,L,17.9,2,6,0.333,0,1,0.0,0,0,0.0,2,4,6,0,1,1,0,1,1,0,4,-8,13.2,0,0,12.0,1,18,18,18,39,38,35,37,7,9,7,17,21,17,23,32,33,32,20,8,26,29,2,30,39,24,37,21,1,38,1,17:54,1,2024-25
2024-25,1629028,Deandre Ayton,Deandre,1610612757,POR,Portland Trail Blazers,0022400210,2024-11-10T00:00:00,POR vs. MEM,L,20.616666666666667,3,5,0.6,0,1,0.0,0,0,0.0,4,4,8,1,4,1,0,0,3,0,6,-22,16.1,0,0,17.0,1,18,18,18,37,33,38,16,7,9,7,17,21,17,10,32,25,24,2,8,26,1,28,30,34,34,36,21,1,35,1,20:37,1,2024-25
2024-25,1629028,Deandre Ayton,Deandre,1610612757,POR,Portland Trail Blazers,0022400288,2024-11-27T00:00:00,POR @ IND,L,33.733333333333334,7,10,0.7,0,0,0.0,2,2,1.0,4,8,12,2,4,1,3,0,1,2,16,-3,41.4,1,0,38.0,1,18,18,18,14,16,26,10,7,24,7,7,11,1,10,14,14,8,2,8,2,1,2,9,16,18,10,1,1,9,1,33:44,1,2024-25
2024-25,1629028,Deandre Ayton,Deandre,1610612757,POR,Portland Trail Blazers,0022400049,2024-11-29T00:00:00,POR vs. SAC,W,40.95,11,19,0.579,0,2,0.0,4,6,0.667,2,7,9,2,1,1,1,2,2,4,26,7,44.8,0,0,41.0,1,1,1,1,2,1,2,19,7,2,7,2,2,9,23,21,22,8,20,8,11,38,15,1,1,10,5,21,1,4,1,40:57,1,2024-25
2024-25,1629028,Deandre Ayton,Deandre,1610612757,POR,Portland Trail Blazers,0022400312,2024-12-01T00:00:00,POR vs. DAL,L,31.68166666666667,8,11,0.727,0,1,0.0,2,3,0.667,2,5,7,3,5,1,0,0,5,3,18,-6,28.9,0,0,30.0,1,18,18,18,21,12,22,8,7,9,7,7,8,9,23,27,30,4,1,8,26,1,39,5,11,22,25,21,1,21,1,31:41,1,2024-25
2024-25,1629028,Deandre Ayton,Deandre,1610612757,POR,Portland Trail Blazers,0022400060,2024-12-03T00:00:00,POR @ LAC,L,32.821666666666665,8,10,0.8,0,1,0.0,0,0,0.0,0,3,3,2,1,0,1,0,2,1,16,-27,24.6,0,0,23.0,1,18,18,18,18,12,26,3,7,9,7,17,21,17,37,37,39,8,20,24,11,1,15,19,16,39,32,21,1,32,1,32:49,1,2024-25
2024-25,1629028,Deandre Ayton,Deandre,1610612757,POR,Portland Trail Blazers,0022400339,2024-12-06T00:00:00,POR vs. UTA,L,17.45,3,7,0.429,0,0,0.0,0,2,0.0,0,4,4,0,2,1,2,1,1,1,6,-29,17.8,0,0,16.0,1,18,18,18,40,33,34,33,7,24,7,17,11,17,37,32,38,32,9,8,4,29,2,19,34,40,35,21,1,36,1,17:27,1,2024-25
2024-25,1629028,Deandre Ayton,Deandre,1610612757,POR,Portland Trail Blazers,0022400358,2024-12-08T00:00:00,POR @ LAL,L,34.73,7,14,0.5,0,2,0.0,0,0,0.0,7,12,19,1,2,1,1,0,6,1,14,-14,42.3,1,0,38.0,1,18,18,18,5,16,11,24,7,2,7,17,21,17,2,2,2,24,9,8,11,1,40,19,22,29,9,1,1,9,1,34:44,1,2024-25
2024-25,1629028,Deandre Ayton,Deandre,1610612757,POR,Portland Trail Blazers,0022400371,2024-12-19T00:00:00,POR vs. DEN,W,34.55,7,14,0.5,0,0,0.0,1,2,0.5,4,9,13,4,1,1,4,0,4,2,15,-3,50.6,1,0,42.0,1,1,1,1,8,16,11,24,7,24,7,13,11,12,10,8,8,1,20,8,1,1,34,9,19,18,3,1,1,3,1,34:33,1,2024-25
2024-25,1629028,Deandre Ayton,Deandre,1610612757,POR,Portland Trail Blazers,0022400386,2024-12-21T00:00:00,POR @ SAS,L,28.616666666666667,7,11,0.636,0,2,0.0,0,0,0.0,2,6,8,2,0,0,0,1,2,0,14,-24,26.6,0,0,24.0,1,18,18,18,28,16,22,13,7,2,7,17,21,17,23,23,25,8,37,24,26,29,15,30,22,36,30,21,1,30,1,28:37,1,2024-25
2024-25,1629028,Deandre Ayton,Deandre,1610612757,POR,Portland Trail Blazers,0022400401,2024-12-23T00:00:00,POR @ DAL,L,25.716666666666665,8,11,0.727,0,0,0.0,0,0,0.0,4,5,9,0,1,2,0,0,3,0,16,-20,31.8,0,0,29.0,1,18,18,18,31,12,22,8,7,24,7,17,21,17,10,27,22,32,20,2,26,1,28,30,16,33,22,21,1,22,1,25:43,1,2024-25
2024-25,1629028,Deandre Ayton,Deandre,1610612757,POR,Portland Trail Blazers,0022400417,2024-12-26T00:00:00,POR vs. UTA,W,34.36666666666667,8,16,0.5,1,2,0.5,1,1,1.0,4,8,12,2,1,1,2,1,1,1,18,-1,43.4,1,0,39.0,1,1,1,1,9,12,5,24,1,2,3,13,18,1,10,14,14,8,20,8,4,29,2,19,11,15,7,1,1,7,1,34:22,1,2024-25
2024-25,1629028,Deandre Ayton,Deandre,1610612757,POR,Portland Trail Blazers,0022400434,2024-12-28T00:00:00,POR vs. DAL,W,35.7,9,15,0.6,0,1,0.0,3,4,0.75,4,12,16,1,4,2,3,1,4,3,21,16,52.7,1,0,48.0,1,1,1,1,4,7,7,16,7,9,7,4,3,7,10,2,3,24,2,2,2,29,34,5,6,4,2,1,1,2,1,35:42,1,2024-25
2024-25,1629028,Deandre Ayton,Deandre,1610612757,POR,Portland Trail Blazers,0022400447,2024-12-30T00:00:00,POR vs. PHI,L,29.85,6,8,0.75,0,1,0.0,0,0,0.0,3,3,6,3,3,0,2,0,3,1,12,-24,26.7,0,0,25.0,1,18,18,18,27,26,31,6,7,9,7,17,21,17,17,37,33,4,6,24,4,1,28,19,26,36,29,21,1,27,1,29:51,1,2024-25
2024-25,1629028,Deandre Ayton,Deandre,1610612757,POR,Portland Trail Blazers,0022400468,2025-01-02T00:00:00,POR @ LAL,L,20.983333333333334,3,4,0.75,0,1,0.0,0,0,0.0,1,5,6,1,3,0,0,0,1,0,6,-14,11.7,0,0,13.0,1,18,18,18,35,33,39,6,7,9,7,17,21,17,32,27,33,24,6,24,26,1,2,30,34,29,38,21,1,37,1,20:59,1,2024-25
2024-25,1629028,Deandre Ayton,Deandre,1610612757,POR,Portland Trail Blazers,0022400483,2025-01-04T00:00:00,POR @ MIL,W,34.06666666666667,5,9,0.556,0,1,0.0,0,1,0.0,2,11,13,0,2,1,1,0,1,2,10,3,29.6,1,0,27.0,1,1,1,1,11,27,28,21,7,9,7,17,18,17,23,5,8,32,9,8,11,1,2,9,28,12,24,1,1,24,1,34:04,1,2024-25
2024-25,1629028,Deandre Ayton,Deandre,1610612757,POR,Portland Trail Blazers,0022400493,2025-01-06T00:00:00,POR @ DET,L,34.61666666666667,9,16,0.563,0,1,0.0,0,0,0.0,1,10,11,4,1,0,1,0,1,0,18,-10,39.2,1,0,35.0,1,18,18,18,7,7,5,20,7,9,7,17,21,17,32,7,18,1,20,24,11,1,2,30,11,25,13,1,1,12,1,34:37,1,2024-25
2024-25,1629028,Deandre Ayton,Deandre,1610612757,POR,Portland Trail Blazers,0022400514,2025-01-08T00:00:00,POR @ NOP,W,27.05,5,8,0.625,0,0,0.0,1,2,0.5,7,6,13,3,1,0,1,0,1,3,11,26,33.1,1,0,29.0,1,1,1,1,30,27,31,15,7,24,7,13,11,12,2,23,8,4,20,24,11,1,2,5,27,2,20,1,1,22,1,27:03,1,2024-25
2024-25,1629028,Deandre Ayton,Deandre,1610612757,POR,Portland Trail Blazers,0022400521,2025-01-09T00:00:00,POR @ DAL,L,20.8,3,6,0.5,0,0,0.0,0,0,0.0,1,5,6,1,3,1,2,0,2,0,6,-3,20.7,0,0,19.0,1,18,18,18,36,33,35,24,7,24,7,17,21,17,32,27,33,24,6,8,4,1,15,30,34,18,34,21,1,34,1,20:48,1,2024-25
2024-25,1629028,Deandre Ayton,Deandre,1610612757,POR,Portland Trail Blazers,0022400560,2025-01-14T00:00:00,POR vs. BKN,L,24.3,1,4,0.25,0,0,0.0,0,0,0.0,0,8,8,0,1,0,0,0,1,0,2,-19,10.6,0,0,10.0,1,18,18,18,32,40,39,39,7,24,7,17,21,17,37,14,25,32,20,24,26,1,2,30,40,31,40,21,1,40,1,24:18,1,2024-25
2024-25,1629028,Deandre Ayton,Deandre,1610612757,POR,Portland Trail Blazers,0022400575,2025-01-16T00:00:00,POR vs. LAC,L,23.766666666666666,7,13,0.538,0,0,0.0,0,0,0.0,3,4,7,1,1,0,0,1,1,1,14,-26,22.9,0,0,22.0,1,18,18,18,33,16,17,23,7,24,7,17,21,17,17,32,30,24,20,24,26,29,2,19,22,38,33,21,1,33,1,23:46,1,2024-25
2024-25,1629028,Deandre Ayton,Deandre,1610612757,POR,Portland Trail Blazers,0022400597,2025-01-19T00:00:00,POR vs. CHI,W,37.166666666666664,7,15,0.467,0,1,0.0,1,2,0.5,5,8,13,2,0,0,2,1,3,1,15,7,39.6,1,0,34.0,1,1,1,1,3,16,7,31,7,9,7,13,11,12,6,14,8,8,37,24,4,29,28,19,19,10,12,1,1,15,1,37:10,1,2024-25
2024-25,1629028,Deandre Ayton,Deandre,1610612757,POR,Portland Trail Blazers,0022400607,2025-01-21T00:00:00,POR @ MIA,W,33.95,11,14,0.786,0,1,0.0,0,0,0.0,6,9,15,2,1,1,0,0,1,0,22,11,45.0,1,0,41.0,1,1,1,1,13,1,11,4,7,9,7,17,21,17,4,8,4,8,20,8,26,1,2,30,4,8,4,1,1,4,1,33:57,1,2024-25
2024-25,1629028,Deandre Ayton,Deandre,1610612757,POR,Portland Trail Blazers,0022400662,2025-01-28T00:00:00,POR vs. MIL,W,34.266666666666666,9,19,0.474,0,1,0.0,3,4,0.75,5,9,14,2,2,1,1,1,2,2,21,15,44.8,1,0,41.0,1,1,1,1,10,7,2,30,7,9,7,4,3,7,6,8,6,8,9,8,11,29,15,9,6,5,5,1,1,4,1,34:16,1,2024-25
2024-25,1629028,Deandre Ayton,Deandre,1610612757,POR,Portland Trail Blazers,0022400678,2025-01-30T00:00:00,POR vs. ORL,W,34.62166666666667,10,12,0.833,0,0,0.0,2,4,0.5,4,4,8,3,2,3,0,0,0,3,22,31,43.1,0,0,39.0,1,1,1,1,6,4,19,2,7,24,7,7,3,12,10,32,25,4,9,1,26,1,1,5,4,1,8,21,1,7,1,34:37,1,2024-25
2024-25,1629028,Deandre Ayton,Deandre,1610612757,POR,Portland Trail Blazers,0022400694,2025-02-01T00:00:00,POR vs. PHX,W,32.92333333333333,11,12,0.917,0,0,0.0,2,3,0.667,1,6,7,2,2,0,1,0,3,2,24,25,36.4,0,0,35.0,1,1,1,1,17,1,19,1,7,24,7,7,8,9,32,23,30,8,9,24,11,1,28,9,3,3,16,21,1,12,1,32:55,1,2024-25
2024-25,1629028,Deandre Ayton,Deandre,1610612757,POR,Portland Trail Blazers,0022400709,2025-02-03T00:00:00,POR vs. PHX,W,42.13333333333333,9,22,0.409,0,1,0.0,7,8,0.875,9,11,20,2,0,1,1,2,3,4,25,13,58.0,1,0,51.0,1,1,1,1,1,7,1,35,7,9,7,1,1,6,1,5,1,8,37,8,11,38,28,1,2,7,1,1,1,1,1,42:08,1,2024-25
2024-25,1629028,Deandre Ayton,Deandre,1610612757,POR,Portland Trail Blazers,0022400716,2025-02-04T00:00:00,POR vs. IND,W,21.616666666666667,4,8,0.5,0,0,0.0,0,0,0.0,2,7,9,2,2,2,1,0,4,1,8,3,28.8,0,0,25.0,1,1,1,1,34,32,31,24,7,24,7,17,21,17,23,21,22,8,9,2,11,1,34,19,33,12,26,21,1,27,1,21:37,1,2024-25
2024-25,1629028,Deandre Ayton,Deandre,1610612757,POR,Portland Trail Blazers,0022400732,2025-02-06T00:00:00,POR vs. SAC,W,30.516666666666666,7,14,0.5,0,0,0.0,4,4,1.0,3,5,8,4,1,0,2,0,2,2,18,-2,38.6,0,0,34.0,1,1,1,1,25,16,11,24,7,24,7,2,3,1,17,27,25,1,20,24,4,1,15,9,11,16,14,21,1,15,1,30:31,1,2024-25
2024-25,1629028,Deandre Ayton,Deandre,1610612757,POR,Portland Trail Blazers,0022400747,2025-02-08T00:00:00,POR @ MIN,L,32.13333333333333,2,6,0.333,0,0,0.0,2,4,0.5,5,9,14,2,4,0,1,0,2,2,6,-23,24.8,0,0,24.0,1,18,18,18,19,38,35,37,7,24,7,7,3,12,6,8,6,8,2,24,11,1,15,9,34,35,31,21,1,30,1,32:08,1,2024-25
2024-25,1629028,Deandre Ayton,Deandre,1610612757,POR,Portland Trail Blazers,0022400763,2025-02-10T00:00:00,POR @ DEN,L,18.55,5,9,0.556,0,0,0.0,0,0,0.0,0,0,0,0,2,0,1,0,4,0,10,-12,11.0,0,0,12.0,1,18,18,18,38,27,28,21,7,24,7,17,21,17,37,40,40,32,9,24,11,1,34,30,28,28,39,21,1,38,1,18:33,1,2024-25
2025-26,1629028,Deandre Ayton,Deandre,1610612747,LAL,Los Angeles Lakers,0022500002,2025-10-21T00:00:00,LAL vs. GSW,L,33.88333333333333,5,7,0.714,0,0,0.0,0,2,0.0,2,4,6,0,4,0,1,0,3,1,10,-4,16.2,0,0,18.0,1,18,18,18,7,18,20,14,1,1,1,14,4,14,16,19,20,15,1,16,7,1,12,10,21,14,21,13,1,21,1,33:53,1,2025-26
2025-26,1629028,Deandre Ayton,Deandre,1610612747,LAL,Los Angeles Lakers,0022500019,2025-10-24T00:00:00,LAL vs. MIN,W,30.871666666666666,7,11,0.636,0,0,0.0,1,2,0.5,3,5,8,0,2,0,1,1,3,3,15,9,25.6,0,0,25.0,1,1,1,1,12,12,7,19,1,1,1,5,4,7,8,16,15,15,11,16,7,15,12,3,13,8,17,13,1,16,1,30:52,1,2025-26
2025-26,1629028,Deandre Ayton,Deandre,1610612747,LAL,Los Angeles Lakers,0022500113,2025-10-26T00:00:00,LAL @ SAC,W,35.95,10,17,0.588,0,0,0.0,2,4,0.5,5,10,15,2,3,1,1,0,4,2,22,-6,46.0,1,0,43.0,1,1,1,1,3,2,2,21,1,1,1,3,2,7,2,2,2,2,4,6,7,1,19,5,2,16,4,1,1,3,1,35:57,1,2025-26
2025-26,1629028,Deandre Ayton,Deandre,1610612747,LAL,Los Angeles Lakers,0022500122,2025-10-27T00:00:00,LAL vs. POR,L,35.55,8,15,0.533,0,0,0.0,0,0,0.0,5,3,8,2,3,2,1,1,4,0,16,-10,34.6,0,0,32.0,1,18,18,18,5,8,3,24,1,1,1,14,19,14,2,20,15,2,4,2,7,15,19,21,12,19,11,13,1,10,1,35:33,1,2025-26
2025-26,1629028,Deandre Ayton,Deandre,1610612747,LAL,Los Angeles Lakers,0022500136,2025-10-29T00:00:00,LAL @ MIN,W,35.29833333333333,8,11,0.727,0,0,0.0,1,2,0.5,1,9,10,3,2,0,1,0,3,2,17,0,34.5,1,0,32.0,1,1,1,1,6,8,7,12,1,1,1,5,4,7,23,5,8,1,11,16,7,1,12,5,9,12,12,1,1,10,1,35:18,1,2025-26
2025-26,1629028,Deandre Ayton,Deandre,1610612747,LAL,Los Angeles Lakers,0022500024,2025-10-31T00:00:00,LAL @ MEM,W,16.716666666666665,4,6,0.667,0,0,0.0,1,1,1.0,0,0,0,0,1,0,0,0,0,1,9,-17,8.0,0,0,9.0,1,1,1,1,25,23,22,18,1,1,1,5,14,1,26,26,26,15,17,16,18,1,1,10,23,24,26,13,1,25,1,16:43,1,2025-26
2025-26,1629028,Deandre Ayton,Deandre,1610612747,LAL,Los Angeles Lakers,0022500163,2025-11-03T00:00:00,LAL @ POR,W,30.583333333333332,14,19,0.737,0,0,0.0,1,2,0.5,4,6,10,2,3,0,3,0,5,1,29,8,50.0,1,0,47.0,1,1,1,1,13,1,1,11,1,1,1,5,4,7,4,12,8,2,4,16,2,1,24,10,1,9,1,1,1,1,1,30:35,1,2025-26
2025-26,1629028,Deandre Ayton,Deandre,1610612747,LAL,Los Angeles Lakers,0022500179,2025-11-05T00:00:00,LAL vs. SAS,W,33.11666666666667,9,13,0.692,0,0,0.0,4,4,1.0,4,6,10,0,0,1,2,1,3,3,22,1,43.0,1,0,38.0,1,1,1,1,8,6,4,16,1,1,1,2,2,1,4,12,8,15,20,6,3,15,12,3,2,11,6,1,1,7,1,33:07,1,2025-26
2025-26,1629028,Deandre Ayton,Deandre,1610612747,LAL,Los Angeles Lakers,0022500185,2025-11-08T00:00:00,LAL @ ATL,L,19.9,5,5,1.0,0,0,0.0,1,1,1.0,2,3,5,0,3,0,0,0,0,2,11,-15,14.0,0,0,16.0,1,18,18,18,24,18,24,1,1,1,1,5,14,1,16,20,22,15,4,16,18,1,1,5,18,23,22,13,1,22,1,19:54,1,2025-26
2025-26,1629028,Deandre Ayton,Deandre,1610612747,LAL,Los Angeles Lakers,0022500198,2025-11-10T00:00:00,LAL @ CHA,W,32.935,7,10,0.7,0,0,0.0,0,0,0.0,3,3,6,0,3,0,0,2,3,0,14,2,18.2,0,0,20.0,1,1,1,1,9,12,12,15,1,1,1,14,19,14,8,20,20,15,4,16,18,24,12,21,14,10,20,13,1,19,1,32:56,1,2025-26
2025-26,1629028,Deandre Ayton,Deandre,1610612747,LAL,Los Angeles Lakers,0022500222,2025-11-12T00:00:00,LAL @ OKC,L,25.816666666666666,3,5,0.6,0,0,0.0,0,1,0.0,3,2,5,1,4,1,0,1,4,2,6,-18,12.5,0,0,14.0,1,18,18,18,22,24,24,20,1,1,1,14,14,14,8,23,22,9,1,6,18,15,19,5,24,25,23,13,1,23,1,25:49,1,2025-26
2025-26,1629028,Deandre Ayton,Deandre,1610612747,LAL,Los Angeles Lakers,0022500045,2025-11-14T00:00:00,LAL @ NOP,W,35.56666666666667,10,11,0.909,0,0,0.0,0,0,0.0,3,13,16,2,4,2,1,0,5,0,20,35,47.2,1,0,44.0,1,1,1,1,4,2,7,3,1,1,1,14,19,14,8,1,1,2,1,2,7,1,24,21,5,1,3,1,1,2,1,35:34,1,2025-26
2025-26,1629028,Deandre Ayton,Deandre,1610612747,LAL,Los Angeles Lakers,0022500231,2025-11-15T00:00:00,LAL @ MIL,W,28.433333333333334,9,13,0.692,0,0,0.0,2,2,1.0,2,8,10,0,3,2,1,1,5,1,20,12,38.0,1,0,36.0,1,1,1,1,17,6,4,16,1,1,1,3,4,1,16,8,8,15,4,2,7,15,24,10,5,5,8,1,1,8,1,28:26,1,2025-26
2025-26,1629028,Deandre Ayton,Deandre,1610612747,LAL,Los Angeles Lakers,0022500253,2025-11-18T00:00:00,LAL vs. UTA,W,29.995,10,13,0.769,0,0,0.0,0,2,0.0,4,10,14,1,1,1,1,1,2,1,20,10,43.3,1,0,39.0,1,1,1,1,16,2,4,8,1,1,1,14,4,14,4,2,3,9,17,6,7,15,8,10,5,6,5,1,1,5,1,29:60,1,2025-26
2025-26,1629028,Deandre Ayton,Deandre,1610612747,LAL,Los Angeles Lakers,0022500282,2025-11-23T00:00:00,LAL @ UTA,W,13.433333333333334,1,2,0.5,0,0,0.0,0,0,0.0,1,2,3,0,0,1,0,0,1,1,2,-4,8.6,0,0,7.0,1,1,1,1,26,26,26,25,1,1,1,14,19,14,23,23,24,15,20,6,18,1,5,10,26,14,25,13,1,26,1,13:26,1,2025-26
2025-26,1629028,Deandre Ayton,Deandre,1610612747,LAL,Los Angeles Lakers,0022500078,2025-11-28T00:00:00,LAL vs. DAL,W,36.333333333333336,8,9,0.889,0,0,0.0,1,2,0.5,2,6,8,2,2,1,2,1,1,1,17,18,36.6,0,0,33.0,1,1,1,1,1,8,13,5,1,1,1,5,4,7,16,12,15,2,11,6,3,15,5,10,9,3,10,13,1,9,1,36:20,1,2025-26
2025-26,1629028,Deandre Ayton,Deandre,1610612747,LAL,Los Angeles Lakers,0022500308,2025-11-30T00:00:00,LAL vs. NOP,W,26.983333333333334,7,9,0.778,0,0,0.0,8,8,1.0,3,9,12,1,0,0,4,0,0,4,22,14,49.9,1,0,43.0,1,1,1,1,21,12,13,7,1,1,1,1,1,1,8,5,5,9,20,16,1,1,1,1,2,4,2,1,1,3,1,26:59,1,2025-26
2025-26,1629028,Deandre Ayton,Deandre,1610612747,LAL,Los Angeles Lakers,0022500317,2025-12-01T00:00:00,LAL vs. PHX,L,27.866666666666667,6,8,0.75,0,0,0.0,0,0,0.0,2,7,9,1,0,1,0,0,2,0,12,-9,27.3,0,0,24.0,1,18,18,18,18,16,18,9,1,1,1,14,19,14,16,9,14,9,20,6,18,1,8,21,16,18,16,13,1,17,1,27:52,1,2025-26
2025-26,1629028,Deandre Ayton,Deandre,1610612747,LAL,Los Angeles Lakers,0022500336,2025-12-04T00:00:00,LAL @ TOR,W,31.65,8,11,0.727,0,0,0.0,1,1,1.0,3,5,8,0,2,0,2,2,1,1,17,-1,30.6,0,0,29.0,1,1,1,1,10,8,7,12,1,1,1,5,14,1,8,16,15,15,11,16,3,24,5,10,9,13,15,13,1,13,1,31:39,1,2025-26
2025-26,1629028,Deandre Ayton,Deandre,1610612747,LAL,Los Angeles Lakers,0022500338,2025-12-05T00:00:00,LAL @ BOS,L,27.533333333333335,3,9,0.333,0,0,0.0,0,0,0.0,4,6,10,0,2,1,1,1,2,0,6,-7,22.0,0,0,20.0,1,18,18,18,19,24,13,26,1,1,1,14,19,14,4,12,8,15,11,6,7,15,8,21,24,17,19,13,1,19,1,27:32,1,2025-26
2025-26,1629028,Deandre Ayton,Deandre,1610612747,LAL,Los Angeles Lakers,0022500362,2025-12-07T00:00:00,LAL @ PHI,W,31.413333333333334,7,7,1.0,0,0,0.0,0,0,0.0,2,10,12,2,0,1,1,0,4,1,14,10,37.4,1,0,32.0,1,1,1,1,11,12,20,1,1,1,1,14,19,14,16,2,5,2,20,6,7,1,19,10,14,6,9,1,1,10,1,31:25,1,2025-26
2025-26,1629028,Deandre Ayton,Deandre,1610612747,LAL,Los Angeles Lakers,0022501204,2025-12-10T00:00:00,LAL vs. SAS,L,25.65,5,9,0.556,0,0,0.0,1,2,0.5,3,5,8,1,0,1,0,2,3,1,11,-10,25.1,0,0,22.0,1,18,18,18,23,18,13,22,1,1,1,5,4,7,8,16,15,9,20,6,18,24,12,10,18,19,18,13,1,18,1,25:39,1,2025-26
2025-26,1629028,Deandre Ayton,Deandre,1610612747,LAL,Los Angeles Lakers,0022501228,2025-12-14T00:00:00,LAL @ PHX,W,30.14666666666667,10,11,0.909,0,0,0.0,0,2,0.0,6,7,13,0,3,2,1,0,4,1,20,-12,41.6,1,0,39.0,1,1,1,1,15,2,7,3,1,1,1,14,4,14,1,9,4,15,4,2,7,1,19,10,5,21,7,1,1,5,1,30:09,1,2025-26
2025-26,1629028,Deandre Ayton,Deandre,1610612747,LAL,Los Angeles Lakers,0022500418,2025-12-23T00:00:00,LAL @ PHX,L,27.433333333333334,6,8,0.75,0,0,0.0,0,1,0.0,3,7,10,1,2,3,0,0,2,2,12,-23,32.5,1,0,29.0,1,18,18,18,20,16,18,9,1,1,1,14,14,14,8,9,8,9,11,1,18,1,8,5,16,26,14,1,1,13,1,27:26,1,2025-26
2025-26,1629028,Deandre Ayton,Deandre,1610612747,LAL,Los Angeles Lakers,0022500012,2025-12-25T00:00:00,LAL vs. HOU,L,36.28333333333333,5,6,0.833,0,0,0.0,0,0,0.0,1,1,2,0,1,0,0,1,3,0,10,-14,11.4,0,0,12.0,1,18,18,18,2,18,22,6,1,1,1,14,19,14,23,25,25,15,17,16,18,15,12,21,21,22,24,13,1,24,1,36:17,1,2025-26
2025-26,1629028,Deandre Ayton,Deandre,1610612747,LAL,Los Angeles Lakers,0022500446,2025-12-28T00:00:00,LAL vs. SAC,W,30.166666666666668,5,9,0.556,0,0,0.0,1,2,0.5,2,9,11,2,0,0,2,0,0,4,11,24,33.2,1,0,28.0,1,1,1,1,14,18,13,22,1,1,1,5,4,7,16,5,7,2,20,16,3,1,1,1,18,2,13,1,1,15,1,30:10,1,2025-26
