SEASON_YEAR,PLAYER_ID,PLAYER_NAME,NICKNAME,TEAM_ID,TEAM_ABBREVIATION,TEAM_NAME,GAME_ID,GAME_DATE,MATCHUP,WL,MIN,FGM,FGA,FG_PCT,FG3M,FG3A,FG3_PCT,FTM,FTA,FT_PCT,OREB,DREB,REB,AST,TOV,STL,BLK,BLKA,PF,PFD,PTS,PLUS_MINUS,NBA_FANTASY_PTS,DD2,TD3,WNBA_FANTASY_PTS,GP_RANK,W_RANK,L_RANK,W_PCT_RANK,MIN_RANK,FGM_RANK,FGA_RANK,FG_PCT_RANK,FG3M_RANK,FG3A_RANK,FG3_PCT_RANK,FTM_RANK,FTA_RANK,FT_PCT_RANK,OREB_RANK,DREB_RANK,REB_RANK,AST_RANK,TOV_RANK,STL_RANK,BLK_RANK,BLKA_RANK,PF_RANK,PFD_RANK,PTS_RANK,PLUS_MINUS_RANK,NBA_FANTASY_PTS_RANK,DD2_RANK,TD3_RANK,WNBA_FANTASY_PTS_RANK,AVAILABLE_FLAG,MIN_SEC,TEAM_COUNT,SEASON
2017-18,1627734,Domantas Sabonis,Domantas,1610612754,IND,Indiana Pacers,0021700004,2017-10-18T00:00:00,IND vs. BKN,W,19.216666666666665,7,7,1.0,0,0,0.0,2,3,0.667,4,3,7,1,1,0,0,0,3,3,16,-4,24.9,0,0,24.0,1,1,1,1,59,10,46,1,14,28,14,29,32,36,5,51,42,45,41,33,27,1,34,25,17,44,37,16,1,33,1,19:13,1,2017-18
2017-18,1627734,Domantas Sabonis,Domantas,1610612754,IND,Indiana Pacers,0021700018,2017-10-20T00:00:00,IND vs. POR,L,28.94,1,5,0.2,0,1,0.0,1,4,0.25,2,6,8,1,3,0,1,0,4,2,3,-18,14.1,0,0,14.0,1,46,46,46,18,69,61,67,14,11,14,46,14,58,33,26,30,45,11,33,5,1,47,42,72,72,65,16,1,65,1,28:56,1,2017-18
2017-18,1627734,Domantas Sabonis,Domantas,1610612754,IND,Indiana Pacers,0021700029,2017-10-21T00:00:00,IND @ MIA,L,30.366666666666667,6,10,0.6,0,1,0.0,6,8,0.75,3,9,12,2,2,1,1,2,4,8,18,2,39.4,1,0,36.0,1,46,46,46,12,17,24,23,14,11,14,3,3,28,12,7,6,25,23,7,5,65,47,1,8,29,4,1,1,4,1,30:22,1,2017-18
2017-18,1627734,Domantas Sabonis,Domantas,1610612754,IND,Indiana Pacers,0021700052,2017-10-24T00:00:00,IND @ MIN,W,25.366666666666667,7,7,1.0,0,0,0.0,1,2,0.5,3,8,11,5,3,0,0,0,3,3,15,9,32.7,1,0,31.0,1,1,1,1,30,10,46,1,14,28,14,46,43,44,12,12,11,3,11,33,27,1,34,25,19,17,16,1,1,14,2,25:22,1,2017-18
2017-18,1627734,Domantas Sabonis,Domantas,1610612754,IND,Indiana Pacers,0021700060,2017-10-25T00:00:00,IND @ OKC,L,18.733333333333334,1,9,0.111,0,0,0.0,2,2,1.0,8,3,11,2,1,0,0,2,5,1,4,-11,19.2,0,0,17.0,1,46,46,46,63,69,35,74,14,28,14,29,43,1,1,51,11,25,41,33,27,65,61,55,67,64,56,16,1,57,1,18:44,1,2017-18
2017-18,1627734,Domantas Sabonis,Domantas,1610612754,IND,Indiana Pacers,0021700086,2017-10-29T00:00:00,IND vs. SAS,W,32.71666666666667,9,9,1.0,1,1,1.0,3,4,0.75,2,10,12,2,1,1,1,0,3,3,22,22,44.4,1,0,41.0,1,1,1,1,8,3,35,1,1,11,1,20,14,28,33,5,6,25,41,7,5,1,34,25,3,3,2,1,1,2,1,32:43,1,2017-18
2017-18,1627734,Domantas Sabonis,Domantas,1610612754,IND,Indiana Pacers,0021700101,2017-10-31T00:00:00,IND vs. SAC,W,25.116666666666667,5,6,0.833,0,0,0.0,2,3,0.667,2,14,16,5,4,0,0,0,2,2,12,27,34.7,1,0,33.0,1,1,1,1,32,26,55,5,14,28,14,29,32,36,33,1,1,3,3,33,27,1,12,42,32,1,11,1,1,8,2,25:07,1,2017-18
2017-18,1627734,Domantas Sabonis,Domantas,1610612754,IND,Indiana Pacers,0021700106,2017-11-01T00:00:00,IND @ CLE,W,35.25,6,15,0.4,0,0,0.0,3,4,0.75,1,11,12,6,3,0,1,1,3,5,15,18,38.4,1,0,35.0,1,1,1,1,3,17,2,50,14,28,14,20,14,28,50,3,6,1,11,33,5,39,34,8,19,6,6,1,1,5,2,35:15,1,2017-18
2017-18,1627734,Domantas Sabonis,Domantas,1610612754,IND,Indiana Pacers,0021700121,2017-11-03T00:00:00,IND @ PHI,L,23.583333333333332,6,9,0.667,0,0,0.0,2,4,0.5,1,5,6,3,2,0,0,1,6,2,14,-17,23.7,0,0,23.0,1,46,46,46,43,17,35,13,14,28,14,29,14,44,50,37,49,10,23,33,27,39,73,42,24,71,40,16,1,36,1,23:35,1,2017-18
2017-18,1627734,Domantas Sabonis,Domantas,1610612754,IND,Indiana Pacers,0021700142,2017-11-05T00:00:00,IND @ NYK,L,29.348333333333333,6,9,0.667,0,0,0.0,4,4,1.0,2,6,8,3,3,0,0,1,2,2,16,4,27.1,0,0,27.0,1,46,46,46,16,17,35,13,14,28,14,8,14,1,33,26,30,10,11,33,27,39,12,42,17,26,27,16,1,26,1,29:21,1,2017-18
2017-18,1627734,Domantas Sabonis,Domantas,1610612754,IND,Indiana Pacers,0021700171,2017-11-10T00:00:00,IND @ CHI,W,26.333333333333332,2,4,0.5,0,1,0.0,4,6,0.667,3,6,9,1,3,0,0,0,3,5,8,8,17.3,0,0,18.0,1,1,1,1,29,56,69,37,14,11,14,8,6,36,12,26,22,45,11,33,27,1,34,8,49,20,58,16,1,53,1,26:20,1,2017-18
2017-18,1627734,Domantas Sabonis,Domantas,1610612754,IND,Indiana Pacers,0021700190,2017-11-12T00:00:00,IND vs. HOU,L,23.016666666666666,7,10,0.7,1,1,1.0,2,2,1.0,3,2,5,2,2,1,0,1,1,4,17,-4,27.0,0,0,27.0,1,46,46,46,44,10,24,10,1,11,1,29,43,1,12,64,55,25,23,7,27,39,3,16,11,44,28,16,1,26,1,23:01,1,2017-18
2017-18,1627734,Domantas Sabonis,Domantas,1610612754,IND,Indiana Pacers,0021700208,2017-11-15T00:00:00,IND @ MEM,W,24.066666666666666,6,10,0.6,0,0,0.0,1,1,1.0,0,6,6,4,3,0,0,0,5,1,13,0,23.2,0,0,23.0,1,1,1,1,38,17,24,23,14,28,14,46,56,1,66,26,49,7,11,33,27,1,61,55,29,34,42,16,1,36,1,24:04,1,2017-18
2017-18,1627734,Domantas Sabonis,Domantas,1610612754,IND,Indiana Pacers,0021700217,2017-11-17T00:00:00,IND vs. DET,W,24.333333333333332,4,11,0.364,0,1,0.0,4,4,1.0,4,6,10,0,1,1,0,2,2,2,12,17,26.0,1,0,24.0,1,1,1,1,35,36,16,57,14,11,14,8,14,1,5,26,15,67,41,7,27,65,12,42,32,7,33,1,1,33,1,24:20,1,2017-18
2017-18,1627734,Domantas Sabonis,Domantas,1610612754,IND,Indiana Pacers,0021700235,2017-11-19T00:00:00,IND @ MIA,W,18.7,4,7,0.571,0,0,0.0,0,0,0.0,3,7,10,2,0,0,1,0,0,1,8,-2,26.0,0,0,22.0,1,1,1,1,64,36,46,29,14,28,14,59,60,59,12,19,15,25,64,33,5,1,1,55,49,41,33,16,1,40,1,18:42,1,2017-18
2017-18,1627734,Domantas Sabonis,Domantas,1610612754,IND,Indiana Pacers,0021700243,2017-11-20T00:00:00,IND @ ORL,W,20.31,3,7,0.429,1,1,1.0,3,4,0.75,2,2,4,1,3,0,0,1,5,2,10,2,13.3,0,0,16.0,1,1,1,1,53,49,46,47,1,11,1,20,14,28,33,64,62,45,11,33,27,39,61,42,39,29,68,16,1,59,1,20:19,1,2017-18
2017-18,1627734,Domantas Sabonis,Domantas,1610612754,IND,Indiana Pacers,0021700271,2017-11-24T00:00:00,IND vs. TOR,W,26.45,2,10,0.2,0,1,0.0,9,12,0.75,3,3,6,1,2,1,1,0,2,6,13,-13,25.7,0,0,24.0,1,1,1,1,28,56,24,67,14,11,14,1,1,28,12,51,49,45,23,7,5,1,12,4,29,68,35,16,1,33,1,26:27,1,2017-18
2017-18,1627734,Domantas Sabonis,Domantas,1610612754,IND,Indiana Pacers,0021700281,2017-11-25T00:00:00,IND vs. BOS,L,30.466666666666665,5,13,0.385,1,2,0.5,6,6,1.0,4,3,7,1,1,1,0,0,3,4,17,-15,28.9,0,0,28.0,1,46,46,46,11,26,5,55,1,1,8,3,6,1,5,51,42,45,41,7,27,1,34,16,11,70,22,16,1,23,1,30:28,1,2017-18
2017-18,1627734,Domantas Sabonis,Domantas,1610612754,IND,Indiana Pacers,0021700290,2017-11-27T00:00:00,IND vs. ORL,W,26.733333333333334,5,7,0.714,1,1,1.0,8,9,0.889,3,5,8,5,2,0,0,1,2,6,19,10,34.1,0,0,33.0,1,1,1,1,26,26,46,9,1,11,1,2,2,23,12,37,30,3,23,33,27,39,12,4,6,16,12,16,1,8,1,26:44,1,2017-18
2017-18,1627734,Domantas Sabonis,Domantas,1610612754,IND,Indiana Pacers,0021700308,2017-11-29T00:00:00,IND @ HOU,L,19.733333333333334,2,4,0.5,0,0,0.0,0,0,0.0,1,6,7,0,1,0,1,0,4,1,4,-13,14.4,0,0,13.0,1,46,46,46,58,56,69,37,14,28,14,59,60,59,50,26,42,67,41,33,5,1,47,55,67,68,64,16,1,67,1,19:44,1,2017-18
2017-18,1627734,Domantas Sabonis,Domantas,1610612754,IND,Indiana Pacers,0021700319,2017-12-01T00:00:00,IND @ TOR,L,20.468333333333334,2,10,0.2,0,0,0.0,2,4,0.5,5,3,8,0,2,1,0,0,2,2,6,-4,16.6,0,0,16.0,1,46,46,46,51,56,24,67,14,28,14,29,14,44,3,51,30,67,23,7,27,1,12,42,60,44,61,16,1,59,1,20:28,1,2017-18
2017-18,1627734,Domantas Sabonis,Domantas,1610612754,IND,Indiana Pacers,0021700340,2017-12-04T00:00:00,IND vs. NYK,W,24.183333333333334,5,11,0.455,0,0,0.0,2,2,1.0,3,9,12,2,5,0,0,0,5,3,12,-12,24.4,1,0,26.0,1,1,1,1,37,26,16,44,14,28,14,29,43,1,12,7,6,25,1,33,27,1,61,25,32,67,38,1,1,29,1,24:11,1,2017-18
2017-18,1627734,Domantas Sabonis,Domantas,1610612754,IND,Indiana Pacers,0021700354,2017-12-06T00:00:00,IND vs. CHI,W,21.15,3,5,0.6,0,0,0.0,0,0,0.0,1,4,5,1,1,0,0,1,1,1,6,-9,12.5,0,0,12.0,1,1,1,1,50,49,61,23,14,28,14,59,60,59,50,47,55,45,41,33,27,39,3,55,60,57,70,16,1,70,1,21:09,1,2017-18
2017-18,1627734,Domantas Sabonis,Domantas,1610612754,IND,Indiana Pacers,0021700369,2017-12-08T00:00:00,IND vs. CLE,W,20.15,4,6,0.667,0,0,0.0,1,3,0.333,2,7,9,1,0,0,0,1,2,4,9,8,21.3,0,0,19.0,1,1,1,1,54,36,55,13,14,28,14,46,32,54,33,19,22,45,64,33,27,39,12,16,45,20,48,16,1,46,1,20:09,1,2017-18
2017-18,1627734,Domantas Sabonis,Domantas,1610612754,IND,Indiana Pacers,0021700387,2017-12-10T00:00:00,IND vs. DEN,W,19.933333333333334,6,10,0.6,0,0,0.0,2,2,1.0,2,2,4,2,1,1,0,1,4,1,14,-4,23.8,0,0,22.0,1,1,1,1,55,17,24,23,14,28,14,29,43,1,33,64,62,25,41,7,27,39,47,55,24,44,39,16,1,40,1,19:56,1,2017-18
2017-18,1627734,Domantas Sabonis,Domantas,1610612754,IND,Indiana Pacers,0021700404,2017-12-13T00:00:00,IND vs. OKC,L,18.816666666666666,4,6,0.667,0,0,0.0,0,0,0.0,1,5,6,1,3,0,0,2,1,2,8,-9,13.7,0,0,15.0,1,46,46,46,62,36,55,13,14,28,14,59,60,59,50,37,49,45,11,33,27,65,3,42,49,57,66,16,1,63,1,18:49,1,2017-18
2017-18,1627734,Domantas Sabonis,Domantas,1610612754,IND,Indiana Pacers,0021700419,2017-12-15T00:00:00,IND vs. DET,L,16.883333333333333,4,6,0.667,0,1,0.0,3,6,0.5,4,3,7,0,2,0,0,0,1,3,11,-10,17.4,0,0,18.0,1,46,46,46,69,36,55,13,14,11,14,20,6,44,5,51,42,67,23,33,27,1,3,25,36,62,57,16,1,53,1,16:53,1,2017-18
2017-18,1627734,Domantas Sabonis,Domantas,1610612754,IND,Indiana Pacers,0021700439,2017-12-17T00:00:00,IND @ BKN,W,21.483333333333334,7,13,0.538,0,0,0.0,3,4,0.75,3,5,8,1,3,0,3,1,4,3,17,12,34.1,0,0,32.0,1,1,1,1,47,10,5,35,14,28,14,20,14,28,12,37,30,45,11,33,1,39,47,25,11,12,12,16,1,12,1,21:29,1,2017-18
2017-18,1627734,Domantas Sabonis,Domantas,1610612754,IND,Indiana Pacers,0021700442,2017-12-18T00:00:00,IND vs. BOS,L,29.456666666666667,7,14,0.5,0,1,0.0,4,4,1.0,3,4,7,2,4,1,0,1,2,4,18,12,28.4,0,0,29.0,1,46,46,46,15,10,4,37,14,11,14,8,14,1,12,47,42,25,3,7,27,39,12,16,8,12,24,16,1,19,1,29:27,1,2017-18
2017-18,1627734,Domantas Sabonis,Domantas,1610612754,IND,Indiana Pacers,0021700455,2017-12-20T00:00:00,IND @ ATL,W,21.883333333333333,2,5,0.4,0,0,0.0,0,0,0.0,1,3,4,3,0,0,1,0,3,1,4,16,16.3,0,0,13.0,1,1,1,1,46,56,61,50,14,28,14,59,60,59,50,51,62,10,64,33,5,1,34,55,67,8,62,16,1,67,1,21:53,1,2017-18
2017-18,1627734,Domantas Sabonis,Domantas,1610612754,IND,Indiana Pacers,0021700482,2017-12-23T00:00:00,IND vs. BKN,W,28.85,4,11,0.364,0,0,0.0,1,2,0.5,0,9,9,5,1,3,1,0,5,4,9,-5,38.3,0,0,31.0,1,1,1,1,19,36,16,57,14,28,14,46,43,44,66,7,22,3,41,1,5,1,61,16,45,49,7,16,1,14,1,28:51,1,2017-18
2017-18,1627734,Domantas Sabonis,Domantas,1610612754,IND,Indiana Pacers,0021700498,2017-12-26T00:00:00,IND @ DET,L,17.466666666666665,5,9,0.556,0,0,0.0,0,0,0.0,3,2,5,3,1,0,0,0,4,0,10,-6,19.5,0,0,18.0,1,46,46,46,68,26,35,31,14,28,14,59,60,59,12,64,55,10,41,33,27,1,47,71,39,51,55,16,1,53,1,17:28,1,2017-18
2017-18,1627734,Domantas Sabonis,Domantas,1610612754,IND,Indiana Pacers,0021700507,2017-12-27T00:00:00,IND vs. DAL,L,19.033333333333335,3,7,0.429,0,0,0.0,0,0,0.0,2,6,8,4,1,1,1,1,2,3,6,-5,26.6,0,0,22.0,1,46,46,46,60,49,46,47,14,28,14,59,60,59,33,26,30,7,41,7,5,39,12,25,60,49,30,16,1,40,1,19:02,1,2017-18
2017-18,1627734,Domantas Sabonis,Domantas,1610612754,IND,Indiana Pacers,0021700524,2017-12-29T00:00:00,IND @ CHI,L,27.9,6,13,0.462,0,0,0.0,2,2,1.0,3,6,9,2,0,0,3,1,1,3,14,-9,36.8,0,0,31.0,1,46,46,46,22,17,5,42,14,28,14,29,43,1,12,26,22,25,64,33,1,39,3,25,24,57,8,16,1,14,1,27:54,1,2017-18
2017-18,1627734,Domantas Sabonis,Domantas,1610612754,IND,Indiana Pacers,0021700538,2017-12-31T00:00:00,IND vs. MIN,L,29.316666666666666,3,10,0.3,0,2,0.0,2,3,0.667,2,9,11,2,2,1,1,1,2,5,8,-11,28.2,0,0,25.0,1,46,46,46,17,49,24,62,14,1,14,29,32,36,33,7,11,25,23,7,5,39,12,8,49,64,25,16,1,32,1,29:19,1,2017-18
2017-18,1627734,Domantas Sabonis,Domantas,1610612754,IND,Indiana Pacers,0021700561,2018-01-03T00:00:00,IND @ MIL,L,32.78333333333333,10,13,0.769,0,0,0.0,4,5,0.8,1,1,2,1,4,1,0,0,1,6,24,-9,26.9,0,0,29.0,1,46,46,46,7,2,5,7,14,28,14,8,11,26,50,71,72,45,3,7,27,1,3,4,2,57,29,16,1,19,1,32:47,1,2017-18
2017-18,1627734,Domantas Sabonis,Domantas,1610612754,IND,Indiana Pacers,0021700581,2018-01-06T00:00:00,IND vs. CHI,W,26.983333333333334,9,12,0.75,1,2,0.5,3,6,0.5,2,3,5,0,2,0,1,0,3,5,22,21,29.0,0,0,30.0,1,1,1,1,25,3,12,8,1,1,8,20,6,44,33,51,55,67,23,33,5,1,34,8,3,4,21,16,1,17,1,26:59,1,2017-18
2017-18,1627734,Domantas Sabonis,Domantas,1610612754,IND,Indiana Pacers,0021700591,2018-01-08T00:00:00,IND vs. MIL,W,23.916666666666668,8,12,0.667,1,1,1.0,0,1,0.0,2,8,10,3,3,1,0,0,2,1,17,12,33.5,1,0,33.0,1,1,1,1,39,6,12,13,1,11,1,59,56,59,33,12,15,10,11,7,27,1,12,55,11,12,15,1,1,8,1,23:55,1,2017-18
2017-18,1627734,Domantas Sabonis,Domantas,1610612754,IND,Indiana Pacers,0021700604,2018-01-10T00:00:00,IND vs. MIA,L,30.9,8,15,0.533,0,0,0.0,2,3,0.667,3,5,8,0,4,0,0,2,5,3,18,-3,23.6,0,0,26.0,1,46,46,46,10,6,2,36,14,28,14,29,32,36,12,37,30,67,3,33,27,65,61,25,8,43,41,16,1,29,1,30:54,1,2017-18
2017-18,1627734,Domantas Sabonis,Domantas,1610612754,IND,Indiana Pacers,0021700619,2018-01-12T00:00:00,IND vs. CLE,W,28.336666666666666,4,11,0.364,0,0,0.0,4,4,1.0,2,13,15,3,2,0,1,1,4,2,12,-1,35.5,1,0,32.0,1,1,1,1,20,36,16,57,14,28,14,8,14,1,33,2,2,10,23,33,5,39,47,42,32,37,9,1,1,12,1,28:20,1,2017-18
2017-18,1627734,Domantas Sabonis,Domantas,1610612754,IND,Indiana Pacers,0021700636,2018-01-14T00:00:00,IND @ PHX,W,23.783333333333335,2,5,0.4,0,0,0.0,0,0,0.0,4,10,14,1,1,0,0,0,2,0,4,20,21.3,0,0,19.0,1,1,1,1,41,56,61,50,14,28,14,59,60,59,5,5,3,45,41,33,27,1,12,71,67,5,48,16,1,46,1,23:47,1,2017-18
2017-18,1627734,Domantas Sabonis,Domantas,1610612754,IND,Indiana Pacers,0021700647,2018-01-15T00:00:00,IND @ UTA,W,29.895,6,13,0.462,0,0,0.0,3,3,1.0,6,2,8,4,4,0,0,0,2,3,15,12,26.6,0,0,27.0,1,1,1,1,14,17,5,42,14,28,14,20,32,1,2,64,30,7,3,33,27,1,12,25,19,12,30,16,1,26,1,29:54,1,2017-18
2017-18,1627734,Domantas Sabonis,Domantas,1610612754,IND,Indiana Pacers,0021700666,2018-01-18T00:00:00,IND @ POR,L,33.461666666666666,4,9,0.444,0,0,0.0,1,1,1.0,2,8,10,3,3,1,1,1,5,1,9,0,28.5,0,0,26.0,1,46,46,46,6,36,35,46,14,28,14,46,56,1,33,12,15,10,11,7,5,39,61,55,45,34,23,16,1,29,1,33:28,1,2017-18
2017-18,1627734,Domantas Sabonis,Domantas,1610612754,IND,Indiana Pacers,0021700673,2018-01-19T00:00:00,IND @ LAL,L,34.55,6,10,0.6,0,1,0.0,3,5,0.6,3,11,14,1,0,0,2,0,2,6,15,-9,39.3,1,0,34.0,1,46,46,46,4,17,24,23,14,11,14,20,11,43,12,3,3,45,64,33,3,1,12,4,19,57,5,1,1,7,1,34:33,1,2017-18
2017-18,1627734,Domantas Sabonis,Domantas,1610612754,IND,Indiana Pacers,0021700686,2018-01-21T00:00:00,IND @ SAS,W,27.683333333333334,2,8,0.25,0,2,0.0,5,6,0.833,1,2,3,1,0,1,0,2,5,4,9,9,17.1,0,0,15.0,1,1,1,1,24,56,44,64,14,1,14,7,6,25,50,64,67,45,64,7,27,65,61,16,45,17,59,16,1,63,2,27:41,1,2017-18
2017-18,1627734,Domantas Sabonis,Domantas,1610612754,IND,Indiana Pacers,0021700703,2018-01-24T00:00:00,IND vs. PHX,W,24.216666666666665,8,12,0.667,1,2,0.5,2,4,0.5,1,7,8,3,4,1,1,0,3,3,19,23,35.1,0,0,35.0,1,1,1,1,36,6,12,13,1,1,8,29,14,44,50,19,30,10,3,7,5,1,34,25,6,2,10,16,1,5,1,24:13,1,2017-18
2017-18,1627734,Domantas Sabonis,Domantas,1610612754,IND,Indiana Pacers,0021700715,2018-01-26T00:00:00,IND @ CLE,L,35.63333333333333,7,10,0.7,1,1,1.0,2,2,1.0,2,9,11,2,4,1,0,0,1,2,17,-4,32.2,1,0,33.0,1,46,46,46,2,10,24,10,1,11,1,29,43,1,33,7,11,25,3,7,27,1,3,42,11,44,19,1,1,8,1,35:38,1,2017-18
2017-18,1627734,Domantas Sabonis,Domantas,1610612754,IND,Indiana Pacers,0021700725,2018-01-27T00:00:00,IND vs. ORL,W,27.966666666666665,8,13,0.615,0,1,0.0,1,3,0.333,4,5,9,2,0,1,0,1,5,2,17,4,33.8,0,0,30.0,1,1,1,1,21,6,5,22,14,11,14,46,32,54,5,37,22,25,64,7,27,39,61,42,11,26,14,16,1,17,1,27:58,1,2017-18
2017-18,1627734,Domantas Sabonis,Domantas,1610612754,IND,Indiana Pacers,0021700738,2018-01-29T00:00:00,IND vs. CHA,W,27.8,5,11,0.455,0,0,0.0,1,3,0.333,3,7,10,3,1,2,0,1,4,4,11,7,32.5,1,0,28.0,1,1,1,1,23,26,16,44,14,28,14,46,32,54,12,19,15,10,41,3,27,39,47,16,36,22,18,1,1,23,1,27:48,1,2017-18
2017-18,1627734,Domantas Sabonis,Domantas,1610612754,IND,Indiana Pacers,0021700753,2018-01-31T00:00:00,IND vs. MEM,W,21.166666666666668,4,5,0.8,0,0,0.0,2,3,0.667,3,4,7,2,2,2,0,0,3,4,10,-6,25.4,0,0,23.0,1,1,1,1,49,36,61,6,14,28,14,29,32,36,12,47,42,25,23,3,27,1,34,16,39,51,36,16,1,36,1,21:10,1,2017-18
2017-18,1627734,Domantas Sabonis,Domantas,1610612754,IND,Indiana Pacers,0021700766,2018-02-02T00:00:00,IND @ CHA,L,16.533333333333335,2,4,0.5,0,0,0.0,4,4,1.0,0,3,3,2,1,1,1,0,5,3,8,-8,19.6,0,0,17.0,1,46,46,46,70,56,69,37,14,28,14,8,14,1,66,51,67,25,41,7,5,1,61,25,49,55,54,16,1,57,1,16:32,1,2017-18
2017-18,1627734,Domantas Sabonis,Domantas,1610612754,IND,Indiana Pacers,0021700777,2018-02-03T00:00:00,IND vs. PHI,W,32.19166666666667,2,5,0.4,0,0,0.0,6,7,0.857,3,5,8,6,2,1,1,0,4,5,10,14,32.6,0,0,28.0,1,1,1,1,9,56,61,50,14,28,14,3,5,24,12,37,30,1,23,7,5,1,47,8,39,10,17,16,1,23,1,32:12,1,2017-18
2017-18,1627734,Domantas Sabonis,Domantas,1610612754,IND,Indiana Pacers,0021700791,2018-02-05T00:00:00,IND vs. WAS,L,26.633333333333333,7,12,0.583,0,2,0.0,1,3,0.333,1,3,4,2,3,0,0,0,2,3,15,2,19.8,0,0,21.0,1,46,46,46,27,10,12,28,14,1,14,46,32,54,50,51,62,25,11,33,27,1,12,25,19,29,53,16,1,43,1,26:38,1,2017-18
2017-18,1627734,Domantas Sabonis,Domantas,1610612754,IND,Indiana Pacers,0021700820,2018-02-09T00:00:00,IND @ BOS,W,19.863333333333333,2,7,0.286,0,0,0.0,1,2,0.5,1,4,5,1,2,0,1,1,4,2,5,5,13.5,0,0,13.0,1,1,1,1,57,56,46,63,14,28,14,46,43,44,50,47,55,45,23,33,5,39,47,42,65,23,67,16,1,67,1,19:52,1,2017-18
2017-18,1627734,Domantas Sabonis,Domantas,1610612754,IND,Indiana Pacers,0021700836,2018-02-11T00:00:00,IND vs. NYK,W,25.15,2,11,0.182,0,0,0.0,2,2,1.0,2,8,10,3,1,0,0,2,2,1,6,5,21.5,0,0,19.0,1,1,1,1,31,56,16,72,14,28,14,29,43,1,33,12,15,10,41,33,27,65,12,55,60,23,46,16,1,46,1,25:09,1,2017-18
2017-18,1627734,Domantas Sabonis,Domantas,1610612754,IND,Indiana Pacers,0021700856,2018-02-14T00:00:00,IND @ BKN,W,22.666666666666668,3,7,0.429,0,0,0.0,2,2,1.0,1,6,7,2,1,0,1,0,2,1,8,-8,21.4,0,0,19.0,1,1,1,1,45,49,46,47,14,28,14,29,43,1,50,26,42,25,41,33,5,1,12,55,49,55,47,16,1,46,1,22:40,1,2017-18
2017-18,1627734,Domantas Sabonis,Domantas,1610612754,IND,Indiana Pacers,0021700874,2018-02-23T00:00:00,IND vs. ATL,W,30.15,9,13,0.692,1,2,0.5,2,3,0.667,5,8,13,3,1,0,0,0,1,5,21,15,40.1,1,0,38.0,1,1,1,1,13,3,5,12,1,1,8,29,32,36,3,12,5,10,41,33,27,1,3,8,5,9,3,1,1,3,1,30:09,1,2017-18
2017-18,1627734,Domantas Sabonis,Domantas,1610612754,IND,Indiana Pacers,0021700904,2018-02-26T00:00:00,IND @ DAL,L,16.216666666666665,1,4,0.25,0,0,0.0,3,4,0.75,0,1,1,1,2,1,0,1,3,3,5,-20,8.7,0,0,9.0,1,46,46,46,71,69,69,64,14,28,14,20,14,28,66,71,73,45,23,7,27,39,34,25,65,73,74,16,1,72,1,16:13,1,2017-18
2017-18,1627734,Domantas Sabonis,Domantas,1610612754,IND,Indiana Pacers,0021700915,2018-02-28T00:00:00,IND @ ATL,L,33.766666666666666,4,7,0.571,0,1,0.0,6,8,0.75,4,8,12,3,5,0,0,1,3,8,14,-2,27.9,1,0,29.0,1,46,46,46,5,36,46,29,14,11,14,3,3,28,5,12,6,10,1,33,27,39,34,1,24,41,26,1,1,19,2,33:46,1,2017-18
2017-18,1627734,Domantas Sabonis,Domantas,1610612754,IND,Indiana Pacers,0021700932,2018-03-02T00:00:00,IND @ MIL,W,19.916666666666668,3,8,0.375,0,0,0.0,0,0,0.0,3,6,9,2,0,0,1,3,6,1,6,2,22.8,0,0,19.0,1,1,1,1,56,49,44,56,14,28,14,59,60,59,12,26,22,25,64,33,5,73,73,55,60,29,43,16,1,46,1,19:55,1,2017-18
2017-18,1627734,Domantas Sabonis,Domantas,1610612754,IND,Indiana Pacers,0021700945,2018-03-04T00:00:00,IND @ WAS,W,18.366666666666667,2,6,0.333,0,0,0.0,4,4,1.0,2,3,5,1,4,0,0,0,2,3,8,-7,11.5,0,0,14.0,1,1,1,1,66,56,55,61,14,28,14,8,14,1,33,51,55,45,3,33,27,1,12,25,49,53,71,16,1,65,1,18:22,1,2017-18
2017-18,1627734,Domantas Sabonis,Domantas,1610612754,IND,Indiana Pacers,0021700951,2018-03-05T00:00:00,IND vs. MIL,W,20.4,5,9,0.556,0,0,0.0,1,1,1.0,0,5,5,0,1,0,0,2,0,1,11,-11,16.0,0,0,16.0,1,1,1,1,52,26,35,31,14,28,14,46,56,1,66,37,55,67,41,33,27,65,1,55,36,64,63,16,1,59,1,20:24,1,2017-18
2017-18,1627734,Domantas Sabonis,Domantas,1610612754,IND,Indiana Pacers,0021700965,2018-03-07T00:00:00,IND vs. UTA,L,18.266666666666666,4,10,0.4,0,0,0.0,0,0,0.0,2,7,9,1,0,0,0,1,4,2,8,-26,20.3,0,0,18.0,1,46,46,46,67,36,24,50,14,28,14,59,60,59,33,19,22,45,64,33,27,39,47,42,49,74,52,16,1,53,1,18:16,1,2017-18
2017-18,1627734,Domantas Sabonis,Domantas,1610612754,IND,Indiana Pacers,0021700978,2018-03-09T00:00:00,IND vs. ATL,W,25.116666666666667,1,5,0.2,1,2,0.5,1,2,0.5,0,3,3,2,1,1,0,0,4,3,4,-1,12.6,0,0,12.0,1,1,1,1,32,69,61,67,1,1,8,46,43,44,66,51,67,25,41,7,27,1,47,25,67,37,69,16,1,70,1,25:07,1,2017-18
2017-18,1627734,Domantas Sabonis,Domantas,1610612754,IND,Indiana Pacers,0021700998,2018-03-11T00:00:00,IND @ BOS,W,18.55,5,9,0.556,0,0,0.0,0,0,0.0,0,6,6,0,1,2,0,0,1,1,10,9,22.2,0,0,20.0,1,1,1,1,65,26,35,31,14,28,14,59,60,59,66,26,49,67,41,3,27,1,3,55,39,17,44,16,1,44,1,18:33,1,2017-18
2017-18,1627734,Domantas Sabonis,Domantas,1610612754,IND,Indiana Pacers,0021701005,2018-03-13T00:00:00,IND @ PHI,W,10.566666666666666,1,4,0.25,1,1,1.0,0,0,0.0,0,0,0,1,0,2,0,1,3,1,3,0,10.5,0,0,9.0,1,1,1,1,74,69,69,64,1,11,1,59,60,59,66,74,74,45,64,3,27,39,34,55,72,34,72,16,1,72,1,10:34,1,2017-18
2017-18,1627734,Domantas Sabonis,Domantas,1610612754,IND,Indiana Pacers,0021701114,2018-03-27T00:00:00,IND @ GSW,W,23.716666666666665,3,3,1.0,0,0,0.0,1,2,0.5,1,5,6,3,2,0,0,0,2,5,7,5,16.7,0,0,16.0,1,1,1,1,42,49,74,1,14,28,14,46,43,44,50,37,49,10,23,33,27,1,12,8,59,23,60,16,1,59,1,23:43,1,2017-18
2017-18,1627734,Domantas Sabonis,Domantas,1610612754,IND,Indiana Pacers,0021701127,2018-03-29T00:00:00,IND @ SAC,W,24.448333333333334,4,6,0.667,0,0,0.0,0,0,0.0,1,7,8,3,1,0,0,0,4,1,8,-7,21.1,0,0,19.0,1,1,1,1,34,36,55,13,14,28,14,59,60,59,50,19,30,10,41,33,27,1,47,55,49,53,50,16,1,46,1,24:27,1,2017-18
2017-18,1627734,Domantas Sabonis,Domantas,1610612754,IND,Indiana Pacers,0021701146,2018-04-01T00:00:00,IND @ LAC,W,19.033333333333335,1,5,0.2,0,0,0.0,0,0,0.0,3,1,4,1,1,1,0,1,2,0,2,-10,10.3,0,0,9.0,1,1,1,1,60,69,61,67,14,28,14,59,60,59,12,71,62,45,41,7,27,39,12,71,74,62,73,16,1,72,1,19:02,1,2017-18
2017-18,1627734,Domantas Sabonis,Domantas,1610612754,IND,Indiana Pacers,0021701165,2018-04-03T00:00:00,IND @ DEN,L,14.433333333333334,5,10,0.5,0,0,0.0,4,4,1.0,0,3,3,1,1,1,0,1,4,5,14,13,21.1,0,0,20.0,1,46,46,46,73,26,24,37,14,28,14,8,14,1,66,51,67,45,41,7,27,39,47,8,24,11,50,16,1,44,1,14:26,1,2017-18
2017-18,1627734,Domantas Sabonis,Domantas,1610612754,IND,Indiana Pacers,0021701175,2018-04-05T00:00:00,IND vs. GSW,W,23.916666666666668,4,11,0.364,1,2,0.5,4,5,0.8,1,8,9,2,2,1,1,3,5,7,13,1,30.8,0,0,29.0,1,1,1,1,39,36,16,57,1,1,8,8,11,26,50,12,22,25,23,7,5,73,61,3,29,33,20,16,1,19,1,23:55,1,2017-18
2017-18,1627734,Domantas Sabonis,Domantas,1610612754,IND,Indiana Pacers,0021701187,2018-04-06T00:00:00,IND @ TOR,L,21.283333333333335,2,11,0.182,0,2,0.0,4,4,1.0,1,2,3,2,2,1,2,0,2,3,8,-1,21.6,0,0,19.0,1,46,46,46,48,56,16,72,14,1,14,8,14,1,50,64,67,25,23,7,3,1,12,25,49,37,45,16,1,46,1,21:17,1,2017-18
2017-18,1627734,Domantas Sabonis,Domantas,1610612754,IND,Indiana Pacers,0021701197,2018-04-08T00:00:00,IND @ CHA,W,38.05,13,21,0.619,0,0,0.0,4,4,1.0,3,5,8,3,2,3,0,1,5,4,30,3,51.1,0,0,47.0,1,1,1,1,1,1,1,21,14,28,14,8,14,1,12,37,30,10,23,1,27,39,61,16,1,28,1,16,1,1,1,38:03,1,2017-18
2017-18,1627734,Domantas Sabonis,Domantas,1610612754,IND,Indiana Pacers,0021701213,2018-04-10T00:00:00,IND vs. CHA,L,16.05,5,9,0.556,0,0,0.0,0,0,0.0,3,7,10,1,0,0,1,0,2,0,10,-1,26.5,1,0,23.0,1,46,46,46,72,26,35,31,14,28,14,59,60,59,12,19,15,45,64,33,5,1,12,71,39,37,32,1,1,36,1,16:03,1,2017-18
2018-19,1627734,Domantas Sabonis,Domantas,1610612754,IND,Indiana Pacers,0021800005,2018-10-17T00:00:00,IND vs. MEM,W,28.55,7,11,0.636,0,0,0.0,0,2,0.0,6,9,15,2,3,0,0,0,3,4,14,26,32.0,1,0,31.0,1,1,1,1,15,10,22,31,9,16,9,65,45,65,3,12,6,42,13,33,28,1,25,31,37,3,36,1,1,30,1,28:33,1,2018-19
2018-19,1627734,Domantas Sabonis,Domantas,1610612754,IND,Indiana Pacers,0021800023,2018-10-19T00:00:00,IND @ MIL,L,22.166666666666668,4,6,0.667,0,0,0.0,4,4,1.0,6,7,13,2,3,1,0,0,3,6,12,-16,30.6,1,0,29.0,1,44,44,44,54,52,66,23,9,16,9,16,25,1,3,32,9,42,13,12,28,1,25,9,47,67,39,1,1,38,1,22:10,1,2018-19
2018-19,1627734,Domantas Sabonis,Domantas,1610612754,IND,Indiana Pacers,0021800043,2018-10-22T00:00:00,IND @ MIN,L,17.465,3,8,0.375,0,0,0.0,2,3,0.667,4,3,7,1,1,0,1,1,2,4,8,-9,19.9,0,0,18.0,1,44,44,44,73,62,48,67,9,16,9,37,38,36,10,65,51,61,52,33,4,48,10,31,65,54,68,31,1,68,1,17:28,1,2018-19
2018-19,1627734,Domantas Sabonis,Domantas,1610612754,IND,Indiana Pacers,0021800058,2018-10-24T00:00:00,IND @ SAS,W,21.133333333333333,7,9,0.778,1,1,1.0,1,1,1.0,3,7,10,4,0,2,1,0,4,4,16,32,43.0,1,0,37.0,1,1,1,1,62,10,36,11,2,3,1,52,62,1,19,32,27,12,63,5,4,1,41,31,23,1,7,1,1,9,1,21:08,1,2018-19
2018-19,1627734,Domantas Sabonis,Domantas,1610612754,IND,Indiana Pacers,0021800077,2018-10-27T00:00:00,IND @ CLE,W,21.45,6,9,0.667,0,0,0.0,3,3,1.0,1,4,5,1,2,0,0,0,0,4,15,3,20.5,0,0,21.0,1,1,1,1,58,32,36,23,9,16,9,23,38,1,53,57,68,61,28,33,28,1,1,31,30,37,66,31,1,62,1,21:27,1,2018-19
2018-19,1627734,Domantas Sabonis,Domantas,1610612754,IND,Indiana Pacers,0021800087,2018-10-29T00:00:00,IND vs. POR,L,23.843333333333334,2,3,0.667,0,0,0.0,2,3,0.667,0,8,8,2,2,2,1,0,2,7,6,-18,25.6,0,0,22.0,1,44,44,44,42,69,74,23,9,16,9,37,38,36,67,21,41,42,28,5,4,1,10,3,69,72,51,31,1,57,1,23:51,1,2018-19
2018-19,1627734,Domantas Sabonis,Domantas,1610612754,IND,Indiana Pacers,0021800105,2018-10-31T00:00:00,IND @ NYK,W,21.433333333333334,12,12,1.0,0,0,0.0,6,7,0.857,3,6,9,3,6,0,2,0,6,7,30,6,45.3,0,0,46.0,1,1,1,1,59,1,13,1,9,16,9,7,13,27,19,43,35,20,2,33,1,1,72,3,1,29,2,31,1,1,1,21:26,1,2018-19
2018-19,1627734,Domantas Sabonis,Domantas,1610612754,IND,Indiana Pacers,0021800120,2018-11-02T00:00:00,IND @ CHI,W,21.383333333333333,1,4,0.25,0,0,0.0,7,8,0.875,1,2,3,1,1,1,1,1,3,8,9,-4,19.1,0,0,17.0,1,1,1,1,60,71,71,70,9,16,9,3,3,24,53,70,72,61,52,12,4,48,25,2,60,50,70,31,1,70,1,21:23,1,2018-19
2018-19,1627734,Domantas Sabonis,Domantas,1610612754,IND,Indiana Pacers,0021800127,2018-11-03T00:00:00,IND vs. BOS,W,27.083333333333332,5,8,0.625,0,0,0.0,2,2,1.0,2,7,9,5,1,0,0,1,5,2,12,-2,29.3,0,0,26.0,1,1,1,1,25,43,48,33,9,16,9,37,45,1,36,32,35,8,52,33,28,48,59,54,47,46,44,31,1,45,1,27:05,1,2018-19
2018-19,1627734,Domantas Sabonis,Domantas,1610612754,IND,Indiana Pacers,0021800141,2018-11-05T00:00:00,IND vs. HOU,L,30.433333333333334,7,9,0.778,0,0,0.0,3,4,0.75,1,7,8,5,1,0,0,0,0,5,17,3,33.1,0,0,30.0,1,44,44,44,11,10,36,11,9,16,9,23,25,29,53,32,41,8,52,33,28,1,1,13,17,37,31,31,1,33,1,30:26,1,2018-19
2018-19,1627734,Domantas Sabonis,Domantas,1610612754,IND,Indiana Pacers,0021800157,2018-11-07T00:00:00,IND vs. PHI,L,31.75,7,14,0.5,0,1,0.0,2,2,1.0,3,8,11,3,1,0,1,1,2,1,16,8,35.7,1,0,32.0,1,44,44,44,4,10,1,50,9,3,9,37,45,1,19,21,21,20,52,33,4,48,10,67,23,27,21,1,1,21,1,31:45,1,2018-19
2018-19,1627734,Domantas Sabonis,Domantas,1610612754,IND,Indiana Pacers,0021800170,2018-11-09T00:00:00,IND @ MIA,W,24.038333333333334,6,7,0.857,0,0,0.0,5,8,0.625,2,9,11,1,2,0,1,0,4,5,17,-12,32.7,1,0,31.0,1,1,1,1,41,32,57,5,9,16,9,9,3,39,36,12,21,61,28,33,4,1,41,13,17,62,35,1,1,30,1,24:02,1,2018-19
2018-19,1627734,Domantas Sabonis,Domantas,1610612754,IND,Indiana Pacers,0021800185,2018-11-11T00:00:00,IND @ HOU,L,22.233333333333334,4,4,1.0,0,0,0.0,3,6,0.5,1,5,6,2,4,0,1,0,3,7,11,0,20.2,0,0,21.0,1,44,44,44,53,52,71,1,9,16,9,23,18,47,53,51,61,42,6,33,4,1,25,3,53,43,67,31,1,62,1,22:14,1,2018-19
2018-19,1627734,Domantas Sabonis,Domantas,1610612754,IND,Indiana Pacers,0021800217,2018-11-16T00:00:00,IND vs. MIA,W,24.9,7,10,0.7,0,0,0.0,1,1,1.0,0,12,12,3,3,0,0,0,4,2,15,21,30.9,1,0,30.0,1,1,1,1,36,10,27,19,9,16,9,52,62,1,67,2,14,20,13,33,28,1,41,54,30,8,38,1,1,33,1,24:54,1,2018-19
2018-19,1627734,Domantas Sabonis,Domantas,1610612754,IND,Indiana Pacers,0021800226,2018-11-17T00:00:00,IND vs. ATL,W,28.466666666666665,4,7,0.571,0,0,0.0,1,1,1.0,4,12,16,6,1,1,1,0,4,4,9,9,42.2,0,0,35.0,1,1,1,1,16,52,57,45,9,16,9,52,62,1,10,2,1,2,52,12,4,1,41,31,60,24,9,31,1,12,1,28:28,1,2018-19
2018-19,1627734,Domantas Sabonis,Domantas,1610612754,IND,Indiana Pacers,0021800241,2018-11-19T00:00:00,IND vs. UTA,W,26.133333333333333,7,9,0.778,2,2,1.0,3,6,0.5,1,8,9,9,4,2,0,0,2,5,19,16,45.3,0,0,43.0,1,1,1,1,28,10,36,11,1,1,1,23,18,47,53,21,35,1,6,5,28,1,10,13,10,12,2,31,1,2,1,26:08,1,2018-19
2018-19,1627734,Domantas Sabonis,Domantas,1610612754,IND,Indiana Pacers,0021800252,2018-11-21T00:00:00,IND @ CHA,L,18.65,7,8,0.875,1,1,1.0,0,0,0.0,0,6,6,2,2,0,0,0,6,1,15,4,23.2,0,0,24.0,1,44,44,44,69,10,48,3,2,3,1,65,67,65,67,43,61,42,28,33,28,1,72,67,30,34,58,31,1,53,1,18:39,1,2018-19
2018-19,1627734,Domantas Sabonis,Domantas,1610612754,IND,Indiana Pacers,0021800272,2018-11-23T00:00:00,IND vs. SAS,L,34.35666666666667,8,12,0.667,0,0,0.0,3,6,0.5,1,15,16,4,3,0,0,0,4,6,19,-17,41.2,1,0,39.0,1,44,44,44,1,5,13,23,9,16,9,23,18,47,53,1,1,12,13,33,28,1,41,9,10,70,11,1,1,7,1,34:21,1,2018-19
2018-19,1627734,Domantas Sabonis,Domantas,1610612754,IND,Indiana Pacers,0021800299,2018-11-26T00:00:00,IND @ UTA,W,23.466666666666665,5,10,0.5,0,0,0.0,3,3,1.0,2,8,10,6,4,1,1,0,4,4,13,19,36.0,1,0,33.0,1,1,1,1,44,43,27,50,9,16,9,23,38,1,36,21,27,2,6,12,4,1,41,31,42,10,19,1,1,17,1,23:28,1,2018-19
2018-19,1627734,Domantas Sabonis,Domantas,1610612754,IND,Indiana Pacers,0021800305,2018-11-27T00:00:00,IND @ PHX,W,22.6,7,14,0.5,0,0,0.0,7,8,0.875,7,9,16,3,2,1,0,1,1,4,21,-3,45.7,1,0,42.0,1,1,1,1,49,10,1,50,9,16,9,3,3,24,1,12,1,20,28,12,28,48,4,31,6,47,1,1,1,3,1,22:36,1,2018-19
2018-19,1627734,Domantas Sabonis,Domantas,1610612754,IND,Indiana Pacers,0021800317,2018-11-29T00:00:00,IND @ LAL,L,29.116666666666667,6,13,0.462,1,1,1.0,7,8,0.875,3,12,15,3,2,0,1,1,3,5,20,3,43.5,1,0,41.0,1,44,44,44,14,32,6,58,2,3,1,3,3,24,19,2,6,20,28,33,4,48,25,13,7,37,5,1,1,4,1,29:07,1,2018-19
2018-19,1627734,Domantas Sabonis,Domantas,1610612754,IND,Indiana Pacers,0021800336,2018-12-01T00:00:00,IND @ SAC,L,24.266666666666666,3,7,0.429,0,0,0.0,0,0,0.0,1,6,7,5,7,0,2,0,5,1,6,-6,20.9,0,0,22.0,1,44,44,44,38,62,57,62,9,16,9,65,67,65,53,43,51,8,1,33,1,1,59,67,69,52,64,31,1,57,1,24:16,1,2018-19
2018-19,1627734,Domantas Sabonis,Domantas,1610612754,IND,Indiana Pacers,0021800350,2018-12-04T00:00:00,IND vs. CHI,W,28.183333333333334,4,8,0.5,0,0,0.0,1,2,0.5,2,9,11,2,4,2,1,0,2,5,9,6,30.2,0,0,28.0,1,1,1,1,17,52,48,50,9,16,9,52,45,47,36,12,21,42,6,5,4,1,10,13,60,29,41,31,1,42,1,28:11,1,2018-19
2018-19,1627734,Domantas Sabonis,Domantas,1610612754,IND,Indiana Pacers,0021800379,2018-12-08T00:00:00,IND vs. SAC,W,24.133333333333333,6,10,0.6,0,0,0.0,2,2,1.0,2,4,6,1,2,1,1,0,3,2,14,8,26.7,0,0,25.0,1,1,1,1,39,32,27,36,9,16,9,37,45,1,36,57,61,61,28,12,4,1,25,54,37,27,48,31,1,47,1,24:08,1,2018-19
2018-19,1627734,Domantas Sabonis,Domantas,1610612754,IND,Indiana Pacers,0021800391,2018-12-10T00:00:00,IND vs. WAS,W,17.683333333333334,3,4,0.75,0,0,0.0,5,6,0.833,1,0,1,1,3,0,0,0,5,4,11,-16,10.7,0,0,13.0,1,1,1,1,72,62,71,17,9,16,9,9,18,28,53,74,74,61,13,33,28,1,59,31,53,67,74,31,1,73,1,17:41,1,2018-19
2018-19,1627734,Domantas Sabonis,Domantas,1610612754,IND,Indiana Pacers,0021800407,2018-12-12T00:00:00,IND vs. MIL,W,24.1,5,11,0.455,0,0,0.0,2,3,0.667,3,7,10,3,3,0,0,1,3,5,12,4,25.5,1,0,25.0,1,1,1,1,40,43,22,60,9,16,9,37,38,36,19,32,27,20,13,33,28,48,25,13,47,34,52,1,1,47,1,24:06,1,2018-19
2018-19,1627734,Domantas Sabonis,Domantas,1610612754,IND,Indiana Pacers,0021800424,2018-12-14T00:00:00,IND @ PHI,W,30.8,7,14,0.5,0,0,0.0,0,0,0.0,5,11,16,2,0,0,0,0,3,0,14,21,36.2,1,0,32.0,1,1,1,1,6,10,1,50,9,16,9,65,67,65,5,5,1,42,63,33,28,1,25,73,37,8,16,1,1,21,1,30:48,1,2018-19
2018-19,1627734,Domantas Sabonis,Domantas,1610612754,IND,Indiana Pacers,0021800438,2018-12-16T00:00:00,IND vs. NYK,W,21.2,6,10,0.6,0,0,0.0,1,2,0.5,5,7,12,4,2,1,0,0,4,5,13,11,34.4,1,0,31.0,1,1,1,1,61,32,27,36,9,16,9,52,45,47,5,32,14,12,28,12,28,1,41,13,42,20,27,1,1,30,1,21:12,1,2018-19
2018-19,1627734,Domantas Sabonis,Domantas,1610612754,IND,Indiana Pacers,0021800451,2018-12-18T00:00:00,IND vs. CLE,L,24.283333333333335,7,9,0.778,0,0,0.0,3,3,1.0,7,1,8,3,1,2,0,0,2,4,17,-8,36.1,0,0,32.0,1,44,44,44,37,10,36,11,9,16,9,23,38,1,1,73,41,20,52,5,28,1,10,31,17,53,18,31,1,21,1,24:17,1,2018-19
2018-19,1627734,Domantas Sabonis,Domantas,1610612754,IND,Indiana Pacers,0021800459,2018-12-19T00:00:00,IND @ TOR,L,25.15,5,10,0.5,0,0,0.0,2,4,0.5,3,7,10,2,3,0,0,0,2,3,12,-14,24.0,1,0,24.0,1,44,44,44,34,43,27,50,9,16,9,37,25,47,19,32,27,42,13,33,28,1,10,44,47,64,54,1,1,53,1,25:09,1,2018-19
2018-19,1627734,Domantas Sabonis,Domantas,1610612754,IND,Indiana Pacers,0021800471,2018-12-21T00:00:00,IND @ BKN,W,18.516666666666666,7,11,0.636,0,0,0.0,3,4,0.75,0,2,2,0,5,3,0,0,5,4,17,-9,23.4,0,0,25.0,1,1,1,1,70,10,22,31,9,16,9,23,25,29,67,70,73,72,3,2,28,1,59,31,17,54,57,31,1,47,1,18:31,1,2018-19
2018-19,1627734,Domantas Sabonis,Domantas,1610612754,IND,Indiana Pacers,0021800487,2018-12-23T00:00:00,IND vs. WAS,W,25.266666666666666,6,7,0.857,0,0,0.0,3,4,0.75,2,8,10,3,2,0,2,0,5,5,15,12,35.5,1,0,32.0,1,1,1,1,33,32,57,5,9,16,9,23,25,29,36,21,27,20,28,33,1,1,59,13,30,19,23,1,1,21,1,25:16,1,2018-19
2018-19,1627734,Domantas Sabonis,Domantas,1610612754,IND,Indiana Pacers,0021800504,2018-12-26T00:00:00,IND @ ATL,W,29.315,7,12,0.583,0,0,0.0,5,8,0.625,3,5,8,2,3,1,1,1,2,7,19,24,34.6,0,0,33.0,1,1,1,1,13,10,13,40,9,16,9,9,3,39,19,51,41,42,13,12,4,48,10,3,10,6,25,31,1,17,1,29:19,1,2018-19
2018-19,1627734,Domantas Sabonis,Domantas,1610612754,IND,Indiana Pacers,0021800518,2018-12-28T00:00:00,IND vs. DET,W,25.7,8,11,0.727,0,0,0.0,3,4,0.75,2,9,11,3,4,0,1,0,5,5,19,26,35.7,1,0,35.0,1,1,1,1,31,5,22,18,9,16,9,23,25,29,36,12,21,20,6,33,4,1,59,13,10,3,21,1,1,12,1,25:42,1,2018-19
2018-19,1627734,Domantas Sabonis,Domantas,1610612754,IND,Indiana Pacers,0021800542,2018-12-31T00:00:00,IND vs. ATL,W,27.216666666666665,7,12,0.583,0,0,0.0,6,8,0.75,4,3,7,0,1,1,0,2,2,5,20,1,30.4,0,0,29.0,1,1,1,1,22,10,13,40,9,16,9,7,3,29,10,65,51,72,52,12,28,71,10,13,7,41,40,31,1,38,1,27:13,1,2018-19
2018-19,1627734,Domantas Sabonis,Domantas,1610612754,IND,Indiana Pacers,0021800569,2019-01-04T00:00:00,IND @ CHI,W,30.561666666666667,9,13,0.692,0,0,0.0,5,5,1.0,4,8,12,3,2,1,0,0,1,7,23,14,42.9,1,0,40.0,1,1,1,1,10,2,6,21,9,16,9,9,22,1,10,21,14,20,28,12,28,1,4,3,3,14,8,1,1,5,1,30:34,1,2018-19
2018-19,1627734,Domantas Sabonis,Domantas,1610612754,IND,Indiana Pacers,0021800589,2019-01-06T00:00:00,IND @ TOR,L,30.633333333333333,6,14,0.429,0,0,0.0,4,4,1.0,2,9,11,6,2,0,0,1,2,5,16,-10,36.2,1,0,33.0,1,44,44,44,8,32,1,62,9,16,9,16,25,1,36,12,21,2,28,33,28,48,10,13,23,58,16,1,1,17,1,30:38,1,2018-19
2018-19,1627734,Domantas Sabonis,Domantas,1610612754,IND,Indiana Pacers,0021800599,2019-01-08T00:00:00,IND @ CLE,W,34.105,7,13,0.538,0,1,0.0,1,2,0.5,2,7,9,4,0,3,0,0,1,1,15,11,40.8,0,0,34.0,1,1,1,1,2,10,6,48,9,3,9,52,45,47,36,32,35,12,63,2,28,1,4,67,30,20,13,31,1,15,1,34:06,1,2018-19
2018-19,1627734,Domantas Sabonis,Domantas,1610612754,IND,Indiana Pacers,0021800607,2019-01-09T00:00:00,IND @ BOS,L,27.183333333333334,6,9,0.667,0,0,0.0,8,8,1.0,3,4,7,5,1,0,0,0,3,5,20,-22,34.9,0,0,32.0,1,44,44,44,23,32,36,23,9,16,9,2,3,1,19,57,51,8,52,33,28,1,25,13,7,74,24,31,1,21,1,27:11,1,2018-19
2018-19,1627734,Domantas Sabonis,Domantas,1610612754,IND,Indiana Pacers,0021800623,2019-01-11T00:00:00,IND @ NYK,W,31.868333333333332,9,14,0.643,0,0,0.0,4,4,1.0,4,11,15,3,0,0,0,1,2,3,22,14,44.5,1,0,40.0,1,1,1,1,3,2,1,30,9,16,9,16,25,1,10,5,6,20,63,33,28,48,10,44,5,14,4,1,1,5,1,31:52,1,2018-19
2018-19,1627734,Domantas Sabonis,Domantas,1610612754,IND,Indiana Pacers,0021800651,2019-01-15T00:00:00,IND vs. PHX,W,19.766666666666666,5,9,0.556,0,0,0.0,4,7,0.571,2,6,8,0,2,1,1,0,4,6,14,10,27.6,0,0,26.0,1,1,1,1,67,43,36,46,9,16,9,16,13,45,36,43,41,72,28,12,4,1,41,9,37,23,46,31,1,45,1,19:46,1,2018-19
2018-19,1627734,Domantas Sabonis,Domantas,1610612754,IND,Indiana Pacers,0021800667,2019-01-17T00:00:00,IND vs. PHI,L,21.633333333333333,3,7,0.429,0,0,0.0,0,2,0.0,2,6,8,2,0,1,0,1,1,1,6,-11,21.6,0,0,18.0,1,44,44,44,57,62,57,62,9,16,9,65,45,65,36,43,41,42,63,12,28,48,4,67,69,61,62,31,1,68,1,21:38,1,2018-19
2018-19,1627734,Domantas Sabonis,Domantas,1610612754,IND,Indiana Pacers,0021800681,2019-01-19T00:00:00,IND vs. DAL,W,27.1,7,8,0.875,1,1,1.0,1,1,1.0,3,8,11,2,2,0,0,0,5,2,16,22,30.2,1,0,30.0,1,1,1,1,24,10,48,3,2,3,1,52,62,1,19,21,21,42,28,33,28,1,59,54,23,7,41,1,1,33,1,27:06,1,2018-19
2018-19,1627734,Domantas Sabonis,Domantas,1610612754,IND,Indiana Pacers,0021800688,2019-01-20T00:00:00,IND vs. CHA,W,23.066666666666666,6,13,0.462,0,0,0.0,4,4,1.0,5,3,8,3,0,1,0,1,4,3,16,18,33.1,0,0,29.0,1,1,1,1,46,32,6,58,9,16,9,16,25,1,5,65,41,20,63,12,28,48,41,44,23,11,31,31,1,38,1,23:04,1,2018-19
2018-19,1627734,Domantas Sabonis,Domantas,1610612754,IND,Indiana Pacers,0021800706,2019-01-23T00:00:00,IND vs. TOR,W,13.616666666666667,4,5,0.8,1,1,1.0,3,5,0.6,1,5,6,1,0,0,1,0,5,3,12,6,23.7,0,0,22.0,1,1,1,1,74,52,69,8,2,3,1,23,22,43,53,51,61,61,63,33,4,1,59,44,47,29,56,31,1,57,1,13:37,1,2018-19
2018-19,1627734,Domantas Sabonis,Domantas,1610612754,IND,Indiana Pacers,0021800731,2019-01-26T00:00:00,IND @ MEM,L,31.4,3,7,0.429,0,0,0.0,5,8,0.625,3,5,8,1,3,1,0,0,2,5,11,-5,22.1,0,0,22.0,1,44,44,44,5,62,57,62,9,16,9,9,3,39,19,51,41,61,13,12,28,1,10,13,53,51,61,31,1,57,1,31:24,1,2018-19
2018-19,1627734,Domantas Sabonis,Domantas,1610612754,IND,Indiana Pacers,0021800745,2019-01-28T00:00:00,IND vs. GSW,L,19.783333333333335,3,8,0.375,0,0,0.0,0,0,0.0,3,2,5,3,2,0,0,1,5,3,6,-10,14.5,0,0,14.0,1,44,44,44,66,62,48,67,9,16,9,65,67,65,19,70,68,20,28,33,28,48,59,44,69,58,72,31,1,72,1,19:47,1,2018-19
2018-19,1627734,Domantas Sabonis,Domantas,1610612754,IND,Indiana Pacers,0021800759,2019-01-30T00:00:00,IND @ WAS,L,22.916666666666668,5,8,0.625,0,0,0.0,0,0,0.0,4,4,8,3,2,1,0,0,5,3,10,-9,25.1,0,0,23.0,1,44,44,44,47,43,48,33,9,16,9,65,67,65,10,57,41,20,28,12,28,1,59,44,57,54,53,31,1,55,1,22:55,1,2018-19
2018-19,1627734,Domantas Sabonis,Domantas,1610612754,IND,Indiana Pacers,0021800765,2019-01-31T00:00:00,IND @ ORL,L,19.683333333333334,1,9,0.111,0,0,0.0,2,4,0.5,0,4,4,1,2,0,1,2,3,3,4,-17,11.3,0,0,11.0,1,44,44,44,68,71,36,74,9,16,9,37,25,47,67,57,70,61,28,33,4,71,25,44,74,70,73,31,1,74,1,19:41,1,2018-19
2018-19,1627734,Domantas Sabonis,Domantas,1610612754,IND,Indiana Pacers,0021800781,2019-02-02T00:00:00,IND @ MIA,W,23.733333333333334,1,7,0.143,0,2,0.0,5,8,0.625,3,7,10,2,2,3,1,0,2,5,7,-3,32.0,0,0,27.0,1,1,1,1,43,71,57,72,9,1,9,9,3,39,19,32,27,42,28,2,4,1,10,13,67,47,36,31,1,43,1,23:44,1,2018-19
2018-19,1627734,Domantas Sabonis,Domantas,1610612754,IND,Indiana Pacers,0021800793,2019-02-04T00:00:00,IND @ NOP,W,22.533333333333335,7,9,0.778,0,0,0.0,2,2,1.0,2,11,13,1,0,0,0,0,3,2,16,-3,33.1,1,0,30.0,1,1,1,1,51,10,36,11,9,16,9,37,45,1,36,5,9,61,63,33,28,1,25,54,23,47,31,1,1,33,1,22:32,1,2018-19
2018-19,1627734,Domantas Sabonis,Domantas,1610612754,IND,Indiana Pacers,0021800798,2019-02-05T00:00:00,IND vs. LAL,W,21.883333333333333,7,10,0.7,0,1,0.0,3,4,0.75,0,4,4,4,2,0,0,1,3,3,17,29,25.8,0,0,25.0,1,1,1,1,55,10,27,19,9,3,9,23,25,29,67,57,70,12,28,33,28,48,25,44,17,2,50,31,1,47,1,21:53,1,2018-19
2018-19,1627734,Domantas Sabonis,Domantas,1610612754,IND,Indiana Pacers,0021800811,2019-02-07T00:00:00,IND vs. LAC,W,21.816666666666666,4,6,0.667,0,0,0.0,0,0,0.0,1,6,7,2,3,1,0,0,2,2,8,9,19.4,0,0,19.0,1,1,1,1,56,52,66,23,9,16,9,65,67,65,53,43,51,42,13,12,28,1,10,54,65,24,69,31,1,67,1,21:49,1,2018-19
2018-19,1627734,Domantas Sabonis,Domantas,1610612754,IND,Indiana Pacers,0021800826,2019-02-09T00:00:00,IND vs. CLE,W,29.683333333333334,5,6,0.833,1,1,1.0,2,2,1.0,2,8,10,3,5,1,0,0,4,2,13,6,27.5,1,0,29.0,1,1,1,1,12,43,66,7,2,3,1,37,45,1,36,21,27,20,3,12,28,1,41,54,42,29,47,1,1,38,1,29:41,1,2018-19
2018-19,1627734,Domantas Sabonis,Domantas,1610612754,IND,Indiana Pacers,0021800841,2019-02-11T00:00:00,IND vs. CHA,W,20.916666666666668,4,5,0.8,0,0,0.0,1,2,0.5,0,9,9,2,2,0,0,0,3,2,9,9,20.8,0,0,20.0,1,1,1,1,64,52,69,8,9,16,9,52,45,47,67,12,35,42,28,33,28,1,25,54,60,24,65,31,1,65,1,20:55,1,2018-19
2018-19,1627734,Domantas Sabonis,Domantas,1610612754,IND,Indiana Pacers,0021800854,2019-02-13T00:00:00,IND vs. MIL,L,26.1,7,12,0.583,0,1,0.0,0,0,0.0,1,8,9,3,2,2,0,0,4,2,14,-9,33.3,0,0,30.0,1,44,44,44,29,10,13,40,9,3,9,65,67,65,53,21,35,20,28,5,28,1,41,54,37,54,30,31,1,33,1,26:06,1,2018-19
2018-19,1627734,Domantas Sabonis,Domantas,1610612754,IND,Indiana Pacers,0021800874,2019-02-22T00:00:00,IND vs. NOP,W,27.95,7,9,0.778,0,0,0.0,4,7,0.571,3,10,13,4,1,0,1,0,4,4,18,15,41.6,1,0,37.0,1,1,1,1,18,10,36,11,9,16,9,16,13,45,19,10,9,12,52,33,4,1,41,31,14,13,10,1,1,9,1,27:57,1,2018-19
2018-19,1627734,Domantas Sabonis,Domantas,1610612754,IND,Indiana Pacers,0021800886,2019-02-23T00:00:00,IND @ WAS,W,26.55,5,9,0.556,0,0,0.0,3,7,0.429,5,7,12,3,3,4,0,1,4,4,13,11,40.9,1,0,36.0,1,1,1,1,26,43,36,46,9,16,9,23,13,63,5,32,14,20,13,1,28,48,41,31,42,20,12,1,1,11,1,26:33,1,2018-19
2018-19,1627734,Domantas Sabonis,Domantas,1610612754,IND,Indiana Pacers,0021800899,2019-02-25T00:00:00,IND @ DET,L,25.7,9,13,0.692,0,0,0.0,5,7,0.714,4,3,7,2,0,0,1,2,5,5,23,-1,37.4,0,0,34.0,1,44,44,44,31,2,6,21,9,16,9,9,13,35,10,65,51,42,63,33,4,71,59,13,3,44,15,31,1,15,1,25:42,1,2018-19
2018-19,1627734,Domantas Sabonis,Domantas,1610612754,IND,Indiana Pacers,0021800994,2019-03-10T00:00:00,IND @ PHI,L,20.17,1,7,0.143,0,0,0.0,7,12,0.583,2,4,6,6,5,1,0,1,4,7,9,-15,23.2,0,0,23.0,1,44,44,44,65,71,57,72,9,16,9,3,2,44,36,57,61,2,3,12,28,48,41,3,60,65,58,31,1,55,1,20:10,1,2018-19
2018-19,1627734,Domantas Sabonis,Domantas,1610612754,IND,Indiana Pacers,0021801007,2019-03-12T00:00:00,IND vs. NYK,W,17.966666666666665,4,12,0.333,0,1,0.0,2,4,0.5,1,6,7,2,3,1,0,4,5,5,10,-1,21.4,0,0,21.0,1,1,1,1,71,52,13,69,9,3,9,37,25,47,53,43,51,42,13,12,28,74,59,13,57,44,63,31,1,62,1,17:58,1,2018-19
2018-19,1627734,Domantas Sabonis,Domantas,1610612754,IND,Indiana Pacers,0021801020,2019-03-14T00:00:00,IND vs. OKC,W,27.55,7,12,0.583,0,0,0.0,12,13,0.923,0,7,7,4,0,0,1,0,3,9,26,14,43.4,0,0,39.0,1,1,1,1,20,10,13,40,9,16,9,1,1,23,67,32,51,12,63,33,4,1,25,1,2,14,6,31,1,7,1,27:33,1,2018-19
2018-19,1627734,Domantas Sabonis,Domantas,1610612754,IND,Indiana Pacers,0021801040,2019-03-16T00:00:00,IND @ DEN,L,25.15,6,10,0.6,0,0,0.0,4,8,0.5,2,5,7,2,1,1,0,0,4,4,16,1,29.4,0,0,27.0,1,44,44,44,34,32,27,36,9,16,9,16,3,47,36,51,51,42,52,12,28,1,41,31,23,41,43,31,1,43,1,25:09,1,2018-19
2018-19,1627734,Domantas Sabonis,Domantas,1610612754,IND,Indiana Pacers,0021801058,2019-03-18T00:00:00,IND @ POR,L,25.883333333333333,3,7,0.429,0,0,0.0,1,2,0.5,1,6,7,1,4,0,1,0,4,3,7,-10,15.9,0,0,17.0,1,44,44,44,30,62,57,62,9,16,9,52,45,47,53,43,51,61,6,33,4,1,41,44,67,58,71,31,1,70,1,25:53,1,2018-19
2018-19,1627734,Domantas Sabonis,Domantas,1610612754,IND,Indiana Pacers,0021801064,2019-03-19T00:00:00,IND @ LAC,L,27.89666666666667,5,11,0.455,0,0,0.0,3,3,1.0,5,11,16,6,2,0,0,1,3,6,13,3,39.2,1,0,35.0,1,44,44,44,19,43,22,60,9,16,9,23,38,1,5,5,1,2,28,33,28,48,25,9,42,37,14,1,1,12,1,27:54,1,2018-19
2018-19,1627734,Domantas Sabonis,Domantas,1610612754,IND,Indiana Pacers,0021801079,2019-03-21T00:00:00,IND @ GSW,L,22.533333333333335,2,9,0.222,0,0,0.0,1,2,0.5,3,9,12,3,0,0,0,1,4,2,5,-19,23.9,0,0,20.0,1,44,44,44,51,69,36,71,9,16,9,52,45,47,19,12,14,20,63,33,28,48,41,54,73,73,55,31,1,65,1,22:32,1,2018-19
2018-19,1627734,Domantas Sabonis,Domantas,1610612754,IND,Indiana Pacers,0021801097,2019-03-24T00:00:00,IND vs. DEN,W,22.718333333333334,7,13,0.538,0,0,0.0,1,2,0.5,3,10,13,4,3,0,0,1,4,2,15,26,33.6,1,0,32.0,1,1,1,1,48,10,6,48,9,16,9,52,45,47,19,10,9,12,13,33,28,48,41,54,30,3,29,1,1,21,1,22:43,1,2018-19
2018-19,1627734,Domantas Sabonis,Domantas,1610612754,IND,Indiana Pacers,0021801119,2019-03-27T00:00:00,IND @ OKC,L,30.7,8,13,0.615,0,0,0.0,2,5,0.4,2,8,10,2,0,0,1,0,0,5,18,5,36.0,1,0,32.0,1,44,44,44,7,5,6,35,9,16,9,37,22,64,36,21,27,42,63,33,4,1,1,13,14,33,19,1,1,21,1,30:42,1,2018-19
2018-19,1627734,Domantas Sabonis,Domantas,1610612754,IND,Indiana Pacers,0021801130,2019-03-29T00:00:00,IND @ BOS,L,21.066666666666666,4,8,0.5,1,1,1.0,2,4,0.5,3,5,8,3,2,0,1,1,5,2,11,4,26.1,0,0,25.0,1,44,44,44,63,52,48,50,2,3,1,37,25,47,19,51,41,20,28,33,4,48,59,54,53,34,49,31,1,47,1,21:04,1,2018-19
2018-19,1627734,Domantas Sabonis,Domantas,1610612754,IND,Indiana Pacers,0021801140,2019-03-30T00:00:00,IND vs. ORL,L,26.366666666666667,4,8,0.5,0,0,0.0,2,2,1.0,3,3,6,6,4,0,0,0,2,2,10,-13,22.2,0,0,22.0,1,44,44,44,27,52,48,50,9,16,9,37,45,1,19,65,61,2,6,33,28,1,10,54,57,63,60,31,1,57,1,26:22,1,2018-19
2018-19,1627734,Domantas Sabonis,Domantas,1610612754,IND,Indiana Pacers,0021801152,2019-04-01T00:00:00,IND vs. DET,W,23.316666666666666,8,10,0.8,0,0,0.0,2,2,1.0,4,8,12,3,3,0,0,1,6,5,18,14,33.9,1,0,33.0,1,1,1,1,45,5,27,8,9,16,9,37,45,1,10,21,14,20,13,33,28,48,72,13,14,14,28,1,1,17,1,23:19,1,2018-19
2018-19,1627734,Domantas Sabonis,Domantas,1610612754,IND,Indiana Pacers,0021801165,2019-04-03T00:00:00,IND @ DET,W,27.325,7,12,0.583,0,1,0.0,1,1,1.0,4,9,13,2,2,1,0,0,1,3,15,14,34.6,1,0,32.0,1,1,1,1,21,10,13,40,9,3,9,52,62,1,10,12,9,42,28,12,28,1,4,44,30,14,25,1,1,21,1,27:20,1,2018-19
2018-19,1627734,Domantas Sabonis,Domantas,1610612754,IND,Indiana Pacers,0021801183,2019-04-05T00:00:00,IND vs. BOS,L,22.583333333333332,6,10,0.6,0,0,0.0,0,0,0.0,2,4,6,3,2,2,0,1,1,0,12,-16,27.7,0,0,25.0,1,44,44,44,50,32,27,36,9,16,9,65,67,65,36,57,61,20,28,5,28,48,4,73,47,67,45,31,1,47,1,22:35,1,2018-19
2018-19,1627734,Domantas Sabonis,Domantas,1610612754,IND,Indiana Pacers,0021801199,2019-04-07T00:00:00,IND vs. BKN,L,30.566666666666666,8,12,0.667,0,0,0.0,1,2,0.5,1,11,12,3,3,0,0,1,3,1,17,-15,32.9,1,0,32.0,1,44,44,44,9,5,13,23,9,16,9,52,45,47,53,5,14,20,13,33,28,48,25,67,17,65,34,1,1,21,1,30:34,1,2018-19
2019-20,1627734,Domantas Sabonis,Domantas,1610612754,IND,Indiana Pacers,0021900004,2019-10-23T00:00:00,IND vs. DET,L,35.68833333333333,11,15,0.733,0,1,0.0,5,5,1.0,5,8,13,2,2,0,0,1,5,5,27,3,43.6,1,0,42.0,1,38,38,38,29,3,19,5,15,23,15,10,30,1,6,39,24,51,32,34,25,27,50,26,4,31,29,1,5,21,1,35:41,1,2019-20
2019-20,1627734,Domantas Sabonis,Domantas,1610612754,IND,Indiana Pacers,0021900030,2019-10-26T00:00:00,IND @ CLE,L,32.833333333333336,6,13,0.462,0,0,0.0,2,2,1.0,0,5,5,2,5,2,0,1,5,4,14,-17,24.0,0,0,25.0,1,38,38,38,43,38,32,43,15,40,15,42,49,1,59,56,61,51,6,2,25,27,50,33,49,57,60,51,5,59,1,32:50,1,2019-20
2019-20,1627734,Domantas Sabonis,Domantas,1610612754,IND,Indiana Pacers,0021900041,2019-10-28T00:00:00,IND @ DET,L,38.705,8,18,0.444,1,2,0.5,4,5,0.8,4,10,14,1,1,0,0,0,2,6,21,7,38.3,1,0,37.0,1,38,38,38,9,21,3,46,4,6,6,22,30,21,10,20,16,61,48,34,25,1,10,14,19,20,38,1,5,38,1,38:42,1,2019-20
2019-20,1627734,Domantas Sabonis,Domantas,1610612754,IND,Indiana Pacers,0021900059,2019-10-30T00:00:00,IND @ BKN,W,36.335,11,18,0.611,2,4,0.5,5,6,0.833,3,5,8,4,3,1,1,1,4,6,29,26,47.6,0,0,47.0,1,1,1,1,24,3,3,22,1,1,6,10,14,14,27,56,56,31,18,14,7,27,35,14,1,3,19,51,5,8,1,36:20,1,2019-20
2019-20,1627734,Domantas Sabonis,Domantas,1610612754,IND,Indiana Pacers,0021900070,2019-11-01T00:00:00,IND vs. CLE,W,37.28333333333333,9,15,0.6,0,0,0.0,0,0,0.0,3,14,17,4,2,0,2,0,4,3,18,0,48.4,1,0,43.0,1,1,1,1,19,15,19,24,15,40,15,56,57,56,27,4,4,31,32,34,1,1,35,46,27,34,17,1,5,16,1,37:17,1,2019-20
2019-20,1627734,Domantas Sabonis,Domantas,1610612754,IND,Indiana Pacers,0021900104,2019-11-06T00:00:00,IND vs. WAS,W,27.983333333333334,4,11,0.364,0,0,0.0,5,6,0.833,4,13,17,7,4,2,1,1,6,6,13,24,48.9,1,0,43.0,1,1,1,1,60,54,47,56,15,40,15,10,14,14,10,5,4,13,13,2,7,27,60,14,52,4,16,1,5,16,1,27:59,1,2019-20
2019-20,1627734,Domantas Sabonis,Domantas,1610612754,IND,Indiana Pacers,0021900116,2019-11-08T00:00:00,IND vs. DET,W,38.68666666666667,6,14,0.429,0,2,0.0,5,6,0.833,4,10,14,6,1,0,1,1,4,4,17,6,44.8,1,0,39.0,1,1,1,1,10,38,29,48,15,6,15,10,14,14,10,20,16,17,48,34,7,27,35,33,36,23,26,1,5,32,1,38:41,1,2019-20
2019-20,1627734,Domantas Sabonis,Domantas,1610612754,IND,Indiana Pacers,0021900133,2019-11-10T00:00:00,IND @ ORL,W,37.53333333333333,9,18,0.5,0,2,0.0,3,4,0.75,3,13,16,7,2,1,1,3,2,4,21,5,54.7,1,0,48.0,1,1,1,1,17,15,3,35,15,6,15,31,36,26,27,5,8,13,32,14,7,57,10,33,19,27,7,1,5,5,1,37:32,1,2019-20
2019-20,1627734,Domantas Sabonis,Domantas,1610612754,IND,Indiana Pacers,0021900146,2019-11-12T00:00:00,IND vs. OKC,W,29.216666666666665,9,19,0.474,0,0,0.0,0,0,0.0,7,9,16,2,2,0,1,0,3,1,18,27,41.2,1,0,38.0,1,1,1,1,57,15,2,42,15,40,15,56,57,56,2,30,8,51,32,34,7,1,25,59,27,2,33,1,5,33,1,29:13,1,2019-20
2019-20,1627734,Domantas Sabonis,Domantas,1610612754,IND,Indiana Pacers,0021900169,2019-11-15T00:00:00,IND @ HOU,L,35.97833333333333,6,12,0.5,0,0,0.0,6,8,0.75,3,10,13,3,4,0,0,2,4,6,18,-18,34.1,1,0,34.0,1,38,38,38,26,38,40,35,15,40,15,6,4,26,27,20,24,44,13,34,25,50,35,14,27,59,51,1,5,45,1,35:59,1,2019-20
2019-20,1627734,Domantas Sabonis,Domantas,1610612754,IND,Indiana Pacers,0021900176,2019-11-16T00:00:00,IND vs. MIL,L,29.9,3,13,0.231,2,3,0.667,3,4,0.75,6,8,14,2,3,1,0,3,2,3,11,-17,30.8,1,0,31.0,1,38,38,38,54,61,32,62,1,2,5,31,36,26,4,39,16,51,18,14,25,57,10,46,58,57,56,1,5,52,1,29:54,1,2019-20
2019-20,1627734,Domantas Sabonis,Domantas,1610612754,IND,Indiana Pacers,0021900190,2019-11-18T00:00:00,IND @ BKN,W,29.0,7,16,0.438,0,2,0.0,2,2,1.0,5,13,18,3,2,0,2,1,4,3,16,16,46.1,1,0,41.0,1,1,1,1,58,32,12,47,15,6,15,42,49,1,6,5,2,44,32,34,1,27,35,46,39,11,22,1,5,26,1,29:00,1,2019-20
2019-20,1627734,Domantas Sabonis,Domantas,1610612754,IND,Indiana Pacers,0021900227,2019-11-23T00:00:00,IND vs. ORL,W,35.016666666666666,9,15,0.6,0,0,0.0,7,7,1.0,3,6,9,4,5,0,0,2,4,6,25,-2,36.8,0,0,38.0,1,1,1,1,32,15,19,24,15,40,15,3,12,1,27,52,51,31,6,34,25,50,35,14,9,40,46,51,5,33,1,35:01,1,2019-20
2019-20,1627734,Domantas Sabonis,Domantas,1610612754,IND,Indiana Pacers,0021900242,2019-11-25T00:00:00,IND vs. MEM,W,33.0,5,8,0.625,0,1,0.0,3,6,0.5,3,10,13,6,1,2,0,0,1,9,13,9,42.6,1,0,36.0,1,1,1,1,41,46,59,16,15,23,15,31,14,46,27,20,24,17,48,2,25,1,3,1,52,18,31,1,5,41,1,33:00,1,2019-20
2019-20,1627734,Domantas Sabonis,Domantas,1610612754,IND,Indiana Pacers,0021900256,2019-11-27T00:00:00,IND vs. UTA,W,32.9,9,15,0.6,0,2,0.0,5,6,0.833,4,8,12,1,2,1,0,1,3,7,23,18,39.9,1,0,38.0,1,1,1,1,42,15,19,24,15,6,15,10,14,14,10,39,33,61,32,14,25,27,25,11,15,10,35,1,5,33,1,32:54,1,2019-20
2019-20,1627734,Domantas Sabonis,Domantas,1610612754,IND,Indiana Pacers,0021900272,2019-11-29T00:00:00,IND vs. ATL,W,41.885,6,10,0.6,0,0,0.0,5,8,0.625,4,7,11,2,2,2,0,0,2,9,17,4,37.2,1,0,34.0,1,1,1,1,2,38,55,24,15,40,15,10,4,41,10,47,38,51,32,2,25,1,10,1,36,30,44,1,5,45,1,41:53,1,2019-20
2019-20,1627734,Domantas Sabonis,Domantas,1610612754,IND,Indiana Pacers,0021900281,2019-11-30T00:00:00,IND @ PHI,L,32.31666666666667,4,7,0.571,0,1,0.0,5,6,0.833,1,9,10,5,5,0,0,0,6,5,13,-12,27.5,1,0,28.0,1,38,38,38,45,54,60,29,15,23,15,10,14,14,48,30,45,24,6,34,25,1,60,26,52,53,59,1,5,56,1,32:19,1,2019-20
2019-20,1627734,Domantas Sabonis,Domantas,1610612754,IND,Indiana Pacers,0021900296,2019-12-02T00:00:00,IND @ MEM,W,29.82,9,18,0.5,0,1,0.0,0,0,0.0,4,10,14,8,3,0,0,3,6,2,18,13,43.8,1,0,40.0,1,1,1,1,55,15,3,35,15,23,15,56,57,56,10,20,16,9,18,34,25,57,60,56,27,15,28,1,5,29,1,29:49,1,2019-20
2019-20,1627734,Domantas Sabonis,Domantas,1610612754,IND,Indiana Pacers,0021900312,2019-12-04T00:00:00,IND @ OKC,W,35.333333333333336,7,13,0.538,0,2,0.0,3,4,0.75,5,8,13,2,4,2,0,0,5,5,17,2,37.6,1,0,36.0,1,1,1,1,31,32,32,33,15,6,15,31,36,26,6,39,24,51,13,2,25,1,50,26,36,33,42,1,5,41,1,35:20,1,2019-20
2019-20,1627734,Domantas Sabonis,Domantas,1610612754,IND,Indiana Pacers,0021900322,2019-12-06T00:00:00,IND @ DET,L,34.276666666666664,7,17,0.412,0,1,0.0,4,6,0.667,2,11,13,5,2,1,1,2,5,3,18,5,45.1,1,0,40.0,1,38,38,38,36,32,9,52,15,23,15,22,14,36,41,16,24,24,32,14,7,50,50,46,27,27,25,1,5,29,1,34:17,1,2019-20
2019-20,1627734,Domantas Sabonis,Domantas,1610612754,IND,Indiana Pacers,0021900331,2019-12-07T00:00:00,IND @ NYK,W,38.35,8,11,0.727,0,0,0.0,3,5,0.6,2,13,15,2,5,1,2,1,3,4,19,-2,44.0,1,0,42.0,1,1,1,1,11,21,47,8,15,40,15,31,30,45,41,5,13,51,6,14,1,27,25,33,24,40,27,1,5,21,1,38:21,1,2019-20
2019-20,1627734,Domantas Sabonis,Domantas,1610612754,IND,Indiana Pacers,0021900343,2019-12-09T00:00:00,IND vs. LAC,L,35.833333333333336,7,18,0.389,0,2,0.0,4,6,0.667,4,18,22,4,1,1,1,1,2,3,18,14,55.4,1,0,48.0,1,38,38,38,28,32,3,53,15,6,15,22,14,36,10,1,1,31,48,14,7,27,10,46,27,14,6,1,5,5,1,35:50,1,2019-20
2019-20,1627734,Domantas Sabonis,Domantas,1610612754,IND,Indiana Pacers,0021900357,2019-12-11T00:00:00,IND vs. BOS,W,34.846666666666664,5,11,0.455,0,0,0.0,5,6,0.833,2,12,14,8,2,2,0,0,4,6,15,21,47.8,1,0,41.0,1,1,1,1,33,46,47,45,15,40,15,10,14,14,41,11,16,9,32,2,25,1,35,14,42,7,18,1,5,26,1,34:51,1,2019-20
2019-20,1627734,Domantas Sabonis,Domantas,1610612754,IND,Indiana Pacers,0021900373,2019-12-13T00:00:00,IND @ ATL,W,31.983333333333334,6,11,0.545,0,0,0.0,0,0,0.0,1,13,14,2,6,1,0,1,4,6,12,7,28.8,1,0,30.0,1,1,1,1,47,38,47,32,15,40,15,56,57,56,48,5,16,51,2,14,25,27,35,14,55,20,57,1,5,54,1,31:59,1,2019-20
2019-20,1627734,Domantas Sabonis,Domantas,1610612754,IND,Indiana Pacers,0021900389,2019-12-15T00:00:00,IND vs. CHA,W,34.06666666666667,5,10,0.5,0,0,0.0,2,2,1.0,2,10,12,4,0,0,0,0,5,6,12,15,32.4,1,0,28.0,1,1,1,1,38,46,55,35,15,40,15,42,49,1,41,20,33,31,58,34,25,1,50,14,55,13,53,1,5,56,1,34:04,1,2019-20
2019-20,1627734,Domantas Sabonis,Domantas,1610612754,IND,Indiana Pacers,0021900402,2019-12-17T00:00:00,IND vs. LAL,W,34.571666666666665,10,15,0.667,1,2,0.5,5,8,0.625,4,6,10,4,2,0,0,1,5,5,26,13,42.0,1,0,41.0,1,1,1,1,35,9,19,11,4,6,6,10,4,41,10,52,45,31,32,34,25,27,50,26,7,15,32,1,5,26,1,34:34,1,2019-20
2019-20,1627734,Domantas Sabonis,Domantas,1610612754,IND,Indiana Pacers,0021900421,2019-12-20T00:00:00,IND vs. SAC,W,32.733333333333334,6,13,0.462,0,0,0.0,3,6,0.5,3,6,9,6,3,0,2,2,3,8,15,24,37.8,0,0,34.0,1,1,1,1,44,38,32,43,15,40,15,31,14,46,27,52,51,17,18,34,1,50,25,5,42,4,40,51,5,45,1,32:44,1,2019-20
2019-20,1627734,Domantas Sabonis,Domantas,1610612754,IND,Indiana Pacers,0021900441,2019-12-22T00:00:00,IND @ MIL,L,30.966666666666665,8,16,0.5,2,2,1.0,1,1,1.0,2,16,18,5,1,2,2,1,1,1,19,-16,59.1,1,0,52.0,1,38,38,38,52,21,12,35,1,6,1,52,54,1,41,2,2,24,48,2,1,27,3,59,24,56,2,1,5,2,1,30:58,1,2019-20
2019-20,1627734,Domantas Sabonis,Domantas,1610612754,IND,Indiana Pacers,0021900446,2019-12-23T00:00:00,IND vs. TOR,W,40.516666666666666,5,14,0.357,0,0,0.0,2,7,0.286,5,12,17,3,3,0,1,3,4,8,12,6,36.9,1,0,34.0,1,1,1,1,7,46,29,59,15,40,15,42,12,55,6,11,4,44,18,34,7,57,35,5,55,23,45,1,5,45,1,40:31,1,2019-20
2019-20,1627734,Domantas Sabonis,Domantas,1610612754,IND,Indiana Pacers,0021900470,2019-12-27T00:00:00,IND @ MIA,L,31.15,4,11,0.364,0,0,0.0,0,0,0.0,1,6,7,4,0,2,0,1,0,0,8,-5,28.4,0,0,23.0,1,38,38,38,49,54,47,56,15,40,15,56,57,56,48,52,60,31,58,2,25,27,1,62,61,45,58,51,5,60,1,31:09,1,2019-20
2019-20,1627734,Domantas Sabonis,Domantas,1610612754,IND,Indiana Pacers,0021900474,2019-12-28T00:00:00,IND @ NOP,L,31.1,5,10,0.5,1,3,0.333,4,5,0.8,4,12,16,4,4,1,0,0,3,4,15,-9,39.2,1,0,38.0,1,38,38,38,50,46,55,35,4,2,13,22,30,21,10,11,8,31,13,14,25,1,25,33,42,51,36,1,5,33,1,31:06,1,2019-20
2019-20,1627734,Domantas Sabonis,Domantas,1610612754,IND,Indiana Pacers,0021900498,2019-12-31T00:00:00,IND vs. PHI,W,30.155,10,16,0.625,1,3,0.333,2,4,0.5,1,9,10,5,3,1,1,2,2,4,23,21,45.5,1,0,43.0,1,1,1,1,53,9,12,16,4,2,13,42,36,46,48,30,45,24,18,14,7,50,10,33,15,7,23,1,5,16,1,30:09,1,2019-20
2019-20,1627734,Domantas Sabonis,Domantas,1610612754,IND,Indiana Pacers,0021900509,2020-01-02T00:00:00,IND vs. DEN,L,38.266666666666666,8,12,0.667,0,0,0.0,2,6,0.333,4,5,9,9,2,2,1,0,0,4,18,-2,49.3,0,0,42.0,1,38,38,38,12,21,40,11,15,40,15,42,14,53,10,56,51,5,32,2,7,1,1,33,27,40,15,51,5,21,1,38:16,1,2019-20
2019-20,1627734,Domantas Sabonis,Domantas,1610612754,IND,Indiana Pacers,0021900526,2020-01-04T00:00:00,IND @ ATL,L,34.166666666666664,11,15,0.733,0,2,0.0,3,3,1.0,7,4,11,4,2,1,0,0,3,5,25,-5,45.2,1,0,42.0,1,38,38,38,37,3,19,5,15,6,15,31,45,1,2,61,38,31,32,14,25,1,25,26,9,45,24,1,5,21,1,34:10,1,2019-20
2019-20,1627734,Domantas Sabonis,Domantas,1610612754,IND,Indiana Pacers,0021900539,2020-01-06T00:00:00,IND @ CHA,W,37.583333333333336,7,11,0.636,0,1,0.0,4,6,0.667,4,8,12,7,2,2,1,1,4,3,18,6,49.9,1,0,43.0,1,1,1,1,16,32,47,15,15,23,15,22,14,36,10,39,33,13,32,2,7,27,35,46,27,23,13,1,5,16,1,37:35,1,2019-20
2019-20,1627734,Domantas Sabonis,Domantas,1610612754,IND,Indiana Pacers,0021900556,2020-01-08T00:00:00,IND vs. MIA,L,37.35166666666667,10,13,0.769,0,0,0.0,7,8,0.875,1,13,14,6,3,0,0,0,1,6,27,-12,49.8,1,0,47.0,1,38,38,38,18,9,32,3,15,40,15,3,4,13,48,5,16,17,18,34,25,1,3,14,4,53,14,1,5,8,1,37:21,1,2019-20
2019-20,1627734,Domantas Sabonis,Domantas,1610612754,IND,Indiana Pacers,0021900592,2020-01-13T00:00:00,IND vs. PHI,W,32.016666666666666,3,12,0.25,0,1,0.0,4,6,0.667,6,10,16,3,1,0,0,0,2,4,10,-1,32.7,1,0,29.0,1,1,1,1,46,61,40,61,15,23,15,22,14,36,4,20,8,44,48,34,25,1,10,33,59,37,52,1,5,55,1,32:01,1,2019-20
2019-20,1627734,Domantas Sabonis,Domantas,1610612754,IND,Indiana Pacers,0021900608,2020-01-15T00:00:00,IND @ MIN,W,35.85,13,17,0.765,0,0,0.0,3,3,1.0,3,10,13,6,3,1,1,1,4,4,29,21,56.6,1,0,52.0,1,1,1,1,27,1,9,4,15,40,15,31,45,1,27,20,24,17,18,14,7,27,35,33,1,7,4,1,5,2,1,35:51,1,2019-20
2019-20,1627734,Domantas Sabonis,Domantas,1610612754,IND,Indiana Pacers,0021900619,2020-01-17T00:00:00,IND vs. MIN,W,25.58,4,5,0.8,0,0,0.0,0,1,0.0,1,4,5,4,5,0,1,0,5,3,8,-14,18.0,0,0,19.0,1,1,1,1,62,54,62,1,15,40,15,56,54,56,48,61,61,31,6,34,7,1,50,46,61,55,62,51,5,62,1,25:35,1,2019-20
2019-20,1627734,Domantas Sabonis,Domantas,1610612754,IND,Indiana Pacers,0021900638,2020-01-19T00:00:00,IND @ DEN,W,40.68333333333333,10,16,0.625,1,2,0.5,1,3,0.333,8,7,15,10,5,0,0,0,4,6,22,12,50.0,1,1,48.0,1,1,1,1,6,9,12,16,4,6,6,52,45,53,1,47,13,3,6,34,25,1,35,14,18,17,12,1,1,5,1,40:41,1,2019-20
2019-20,1627734,Domantas Sabonis,Domantas,1610612754,IND,Indiana Pacers,0021900651,2020-01-20T00:00:00,IND @ UTA,L,28.133333333333333,5,12,0.417,0,1,0.0,0,0,0.0,3,5,8,2,4,0,0,0,2,1,10,-26,18.6,0,0,20.0,1,38,38,38,59,46,40,49,15,23,15,56,57,56,27,56,56,51,13,34,25,1,10,59,59,60,61,51,5,61,1,28:08,1,2019-20
2019-20,1627734,Domantas Sabonis,Domantas,1610612754,IND,Indiana Pacers,0021900664,2020-01-22T00:00:00,IND @ PHX,W,33.71333333333333,8,11,0.727,0,0,0.0,8,11,0.727,3,10,13,4,1,0,1,0,2,9,24,22,47.6,1,0,43.0,1,1,1,1,39,21,47,8,15,40,15,1,1,34,27,20,24,31,48,34,7,1,10,1,12,6,19,1,5,16,1,33:43,1,2019-20
2019-20,1627734,Domantas Sabonis,Domantas,1610612754,IND,Indiana Pacers,0021900679,2020-01-24T00:00:00,IND @ GSW,W,36.5,5,12,0.417,0,0,0.0,6,6,1.0,1,9,10,8,6,3,0,1,3,7,16,-8,43.0,1,0,40.0,1,1,1,1,23,46,40,49,15,40,15,6,14,1,48,30,45,9,2,1,25,27,25,11,39,49,30,1,5,29,1,36:30,1,2019-20
2019-20,1627734,Domantas Sabonis,Domantas,1610612754,IND,Indiana Pacers,0021900692,2020-01-26T00:00:00,IND @ POR,L,41.05,11,17,0.647,0,2,0.0,5,6,0.833,3,11,14,11,3,0,1,1,4,4,27,-7,60.3,1,1,54.0,1,38,38,38,5,3,9,14,15,6,15,10,14,14,27,16,16,1,18,34,7,27,35,33,4,48,1,1,1,1,1,41:03,1,2019-20
2019-20,1627734,Domantas Sabonis,Domantas,1610612754,IND,Indiana Pacers,0021900708,2020-01-29T00:00:00,IND vs. CHI,W,37.88333333333333,5,12,0.417,0,1,0.0,5,8,0.625,3,8,11,5,1,0,0,1,4,6,15,16,34.7,1,0,31.0,1,1,1,1,14,46,40,49,15,23,15,10,4,41,27,39,38,24,48,34,25,27,35,14,42,11,49,1,5,52,1,37:53,1,2019-20
2019-20,1627734,Domantas Sabonis,Domantas,1610612754,IND,Indiana Pacers,0021900728,2020-02-01T00:00:00,IND vs. NYK,L,34.7,10,15,0.667,0,1,0.0,5,8,0.625,1,7,8,2,3,0,0,0,5,6,25,-10,34.6,0,0,35.0,1,38,38,38,34,9,19,11,15,23,15,10,4,41,48,47,56,51,18,34,25,1,50,14,9,52,50,51,5,43,1,34:42,1,2019-20
2019-20,1627734,Domantas Sabonis,Domantas,1610612754,IND,Indiana Pacers,0021900743,2020-02-03T00:00:00,IND vs. DAL,L,36.516666666666666,11,18,0.611,0,1,0.0,4,4,1.0,1,11,12,9,2,2,0,0,2,5,26,-8,57.9,1,0,51.0,1,38,38,38,22,3,3,22,15,23,15,22,36,1,48,16,33,5,32,2,25,1,10,26,7,49,3,1,5,4,1,36:31,1,2019-20
2019-20,1627734,Domantas Sabonis,Domantas,1610612754,IND,Indiana Pacers,0021900758,2020-02-05T00:00:00,IND @ TOR,L,37.92666666666667,4,7,0.571,1,2,0.5,6,8,0.75,0,11,11,10,5,0,0,0,3,7,15,-1,38.2,1,1,37.0,1,38,38,38,13,54,60,29,4,6,6,6,4,26,59,16,38,3,6,34,25,1,25,11,42,37,39,1,1,38,1,37:56,1,2019-20
2019-20,1627734,Domantas Sabonis,Domantas,1610612754,IND,Indiana Pacers,0021900772,2020-02-07T00:00:00,IND vs. TOR,L,39.4,8,13,0.615,0,1,0.0,3,4,0.75,4,12,16,3,6,0,0,0,2,8,19,-3,36.7,1,0,38.0,1,38,38,38,8,21,32,19,15,23,15,31,36,26,10,11,8,44,2,34,25,1,10,5,24,44,47,1,5,33,1,39:24,1,2019-20
2019-20,1627734,Domantas Sabonis,Domantas,1610612754,IND,Indiana Pacers,0021900780,2020-02-08T00:00:00,IND vs. NOP,L,33.61666666666667,7,12,0.583,1,2,0.5,1,2,0.5,0,8,8,6,3,0,2,0,5,2,16,-5,37.6,0,0,35.0,1,38,38,38,40,32,40,28,4,6,6,52,49,46,59,39,56,17,18,34,1,1,50,56,39,45,42,51,5,43,1,33:37,1,2019-20
2019-20,1627734,Domantas Sabonis,Domantas,1610612754,IND,Indiana Pacers,0021900794,2020-02-10T00:00:00,IND vs. BKN,L,37.765,11,15,0.733,0,2,0.0,1,1,1.0,1,9,10,11,0,1,0,0,2,4,23,0,54.5,1,1,46.0,1,38,38,38,15,3,19,5,15,6,15,52,54,1,48,30,45,1,58,14,25,1,10,33,15,34,8,1,1,11,1,37:46,1,2019-20
2019-20,1627734,Domantas Sabonis,Domantas,1610612754,IND,Indiana Pacers,0021900810,2020-02-12T00:00:00,IND vs. MIL,W,29.816666666666666,4,15,0.267,0,3,0.0,7,10,0.7,0,9,9,4,0,0,0,4,5,8,15,0,31.8,0,0,28.0,1,1,1,1,56,54,19,60,15,2,15,3,2,35,59,30,51,31,58,34,25,62,50,5,42,34,54,51,5,56,1,29:49,1,2019-20
2019-20,1627734,Domantas Sabonis,Domantas,1610612754,IND,Indiana Pacers,0021900828,2020-02-21T00:00:00,IND @ NYK,W,37.138333333333335,8,16,0.5,0,0,0.0,8,10,0.8,4,9,13,3,3,1,1,2,4,8,24,7,47.1,1,0,44.0,1,1,1,1,20,21,12,35,15,40,15,1,2,21,10,30,24,44,18,14,7,50,35,5,12,20,21,1,5,15,1,37:08,1,2019-20
2019-20,1627734,Domantas Sabonis,Domantas,1610612754,IND,Indiana Pacers,0021900843,2020-02-23T00:00:00,IND @ TOR,L,31.016666666666666,6,16,0.375,0,0,0.0,2,3,0.667,2,9,11,5,2,1,0,3,2,9,14,-28,35.7,1,0,32.0,1,38,38,38,51,38,12,54,15,40,15,42,45,36,41,30,38,24,32,14,25,57,10,1,49,61,48,1,5,51,1,31:01,1,2019-20
2019-20,1627734,Domantas Sabonis,Domantas,1610612754,IND,Indiana Pacers,0021900857,2020-02-25T00:00:00,IND vs. CHA,W,31.25,8,10,0.8,1,1,1.0,4,5,0.8,3,12,15,9,1,0,0,0,1,4,21,39,51.5,1,0,46.0,1,1,1,1,48,21,55,1,4,23,1,22,30,21,27,11,13,5,48,34,25,1,3,33,19,1,9,1,5,11,1,31:15,1,2019-20
2019-20,1627734,Domantas Sabonis,Domantas,1610612754,IND,Indiana Pacers,0021900874,2020-02-27T00:00:00,IND vs. POR,W,27.581666666666667,8,15,0.533,0,1,0.0,4,5,0.8,4,7,11,4,2,1,0,1,3,3,20,-2,40.2,1,0,37.0,1,1,1,1,61,21,19,34,15,23,15,22,30,21,10,47,38,31,32,14,25,27,25,46,22,40,34,1,5,38,1,27:35,1,2019-20
2019-20,1627734,Domantas Sabonis,Domantas,1610612754,IND,Indiana Pacers,0021900890,2020-02-29T00:00:00,IND @ CLE,W,41.9,8,13,0.615,0,1,0.0,2,4,0.5,3,10,13,9,0,2,1,1,2,4,18,6,56.1,1,0,46.0,1,1,1,1,1,21,32,19,15,23,15,42,36,46,27,20,24,5,58,2,7,27,10,33,27,23,5,1,5,11,1,41:54,1,2019-20
2019-20,1627734,Domantas Sabonis,Domantas,1610612754,IND,Indiana Pacers,0021900908,2020-03-02T00:00:00,IND @ SAS,W,35.42166666666667,4,11,0.364,0,0,0.0,6,8,0.75,4,7,11,5,3,1,1,1,3,8,14,9,37.7,1,0,34.0,1,1,1,1,30,54,47,56,15,40,15,6,4,26,10,47,38,24,18,14,7,27,25,5,49,18,41,1,5,45,1,35:25,1,2019-20
2019-20,1627734,Domantas Sabonis,Domantas,1610612754,IND,Indiana Pacers,0021900924,2020-03-04T00:00:00,IND @ MIL,L,36.70666666666666,6,16,0.375,1,2,0.5,2,4,0.5,1,9,10,7,6,0,0,1,1,3,15,-38,31.5,1,0,33.0,1,38,38,38,21,38,12,54,4,6,6,42,36,46,48,30,45,13,2,34,25,27,3,46,42,62,55,1,5,50,1,36:42,1,2019-20
2019-20,1627734,Domantas Sabonis,Domantas,1610612754,IND,Indiana Pacers,0021900934,2020-03-06T00:00:00,IND @ CHI,W,36.333333333333336,10,14,0.714,1,1,1.0,3,6,0.5,4,8,12,3,7,1,0,0,1,5,24,-1,38.9,1,0,42.0,1,1,1,1,25,9,29,10,4,23,1,31,14,46,10,39,33,44,1,14,25,1,3,26,12,37,37,1,5,21,1,36:20,1,2019-20
2019-20,1627734,Domantas Sabonis,Domantas,1610612754,IND,Indiana Pacers,0021900952,2020-03-08T00:00:00,IND @ DAL,W,41.333333333333336,8,13,0.615,1,1,1.0,3,4,0.75,2,15,17,6,1,1,0,1,1,3,20,3,51.4,1,0,46.0,1,1,1,1,4,21,32,19,4,23,1,31,36,26,41,3,4,17,48,14,25,27,3,46,22,31,10,1,5,11,1,41:20,1,2019-20
2019-20,1627734,Domantas Sabonis,Domantas,1610612754,IND,Indiana Pacers,0021900960,2020-03-10T00:00:00,IND vs. BOS,L,41.483333333333334,13,23,0.565,0,2,0.0,2,2,1.0,4,5,9,8,3,1,0,2,2,2,28,5,50.8,0,0,47.0,1,38,38,38,3,1,1,31,15,6,15,42,49,1,10,56,51,9,18,14,25,50,10,56,3,27,11,51,5,8,1,41:29,1,2019-20
2020-21,1627734,Domantas Sabonis,Domantas,1610612754,IND,Indiana Pacers,0022000011,2020-12-23T00:00:00,IND vs. NYK,W,36.80833333333333,11,18,0.611,2,4,0.5,8,12,0.667,4,9,13,5,4,1,0,0,5,10,32,12,54.1,1,0,54.0,1,1,1,1,32,11,13,17,4,5,12,7,3,30,6,30,20,37,15,23,24,1,51,1,4,13,16,1,10,9,1,36:49,1,2020-21
2020-21,1627734,Domantas Sabonis,Domantas,1610612754,IND,Indiana Pacers,0022000026,2020-12-26T00:00:00,IND @ CHI,W,33.93333333333333,8,11,0.727,0,1,0.0,6,11,0.545,1,9,10,11,5,1,0,1,6,7,22,16,48.5,1,1,45.0,1,1,1,1,46,24,49,7,34,52,34,12,7,44,43,30,43,5,6,23,24,29,59,11,19,8,25,1,1,23,1,33:56,1,2020-21
2020-21,1627734,Domantas Sabonis,Domantas,1610612754,IND,Indiana Pacers,0022000037,2020-12-27T00:00:00,IND vs. BOS,W,40.583333333333336,8,18,0.444,2,4,0.5,1,3,0.333,2,8,10,5,4,0,1,3,2,4,19,3,37.5,1,0,38.0,1,1,1,1,10,24,13,50,4,5,12,50,43,52,29,44,43,37,15,40,7,57,5,33,34,22,49,1,10,44,1,40:35,1,2020-21
2020-21,1627734,Domantas Sabonis,Domantas,1610612754,IND,Indiana Pacers,0022000048,2020-12-29T00:00:00,IND vs. BOS,L,36.733333333333334,5,12,0.417,1,2,0.5,3,4,0.75,2,9,11,8,2,2,1,0,3,2,14,-15,46.2,1,0,40.0,1,30,30,30,33,48,43,51,17,34,12,32,32,22,29,30,31,19,45,11,7,1,24,49,50,49,30,1,10,36,1,36:44,1,2020-21
2020-21,1627734,Domantas Sabonis,Domantas,1610612754,IND,Indiana Pacers,0022000062,2020-12-31T00:00:00,IND vs. CLE,W,36.995,10,14,0.714,2,2,1.0,3,3,1.0,2,9,11,7,1,0,0,1,2,7,25,25,47.7,1,0,45.0,1,1,1,1,29,12,29,9,4,34,1,32,43,1,29,30,31,23,58,40,24,29,5,11,13,2,27,1,10,23,1,36:60,1,2020-21
2020-21,1627734,Domantas Sabonis,Domantas,1610612754,IND,Indiana Pacers,0022000080,2021-01-02T00:00:00,IND vs. NYK,L,39.18333333333333,4,8,0.5,1,1,1.0,4,4,1.0,4,9,13,4,4,2,0,1,5,4,13,-9,36.6,1,0,35.0,1,30,30,30,17,56,59,37,17,52,1,19,32,1,6,30,20,47,15,11,24,29,51,33,53,42,51,1,10,48,1,39:11,1,2020-21
2020-21,1627734,Domantas Sabonis,Domantas,1610612754,IND,Indiana Pacers,0022000100,2021-01-04T00:00:00,IND @ NOP,W,35.03333333333333,9,16,0.563,1,3,0.333,0,0,0.0,1,10,11,7,5,0,2,0,6,1,19,-13,43.7,1,0,42.0,1,1,1,1,39,16,21,27,17,15,23,54,54,54,43,21,31,23,6,40,3,1,59,59,34,45,35,1,10,31,1,35:02,1,2020-21
2020-21,1627734,Domantas Sabonis,Domantas,1610612754,IND,Indiana Pacers,0022000107,2021-01-06T00:00:00,IND vs. HOU,W,38.13333333333333,9,14,0.643,0,0,0.0,4,6,0.667,3,9,12,4,5,0,1,3,4,8,22,4,40.4,1,0,40.0,1,1,1,1,21,16,29,12,34,60,34,19,21,30,16,30,29,47,6,40,7,57,34,5,19,21,44,1,10,36,1,38:08,1,2020-21
2020-21,1627734,Domantas Sabonis,Domantas,1610612754,IND,Indiana Pacers,0022000135,2021-01-09T00:00:00,IND vs. PHX,L,41.46666666666667,12,24,0.5,0,4,0.0,4,8,0.5,7,15,22,4,3,0,0,0,5,5,28,-6,57.4,1,0,54.0,1,30,30,30,7,5,2,37,34,5,34,19,12,45,1,4,1,47,30,40,24,1,51,26,9,38,11,1,10,9,1,41:28,1,2020-21
2020-21,1627734,Domantas Sabonis,Domantas,1610612754,IND,Indiana Pacers,0022000156,2021-01-11T00:00:00,IND @ SAC,L,39.516666666666666,12,21,0.571,0,1,0.0,4,4,1.0,3,8,11,3,3,0,0,4,4,6,28,-5,42.7,1,0,42.0,1,30,30,30,14,5,4,23,34,52,34,19,32,1,16,44,31,56,30,40,24,62,34,17,9,34,38,1,10,31,1,39:31,1,2020-21
2020-21,1627734,Domantas Sabonis,Domantas,1610612754,IND,Indiana Pacers,0022000163,2021-01-12T00:00:00,IND @ GSW,W,36.6,7,15,0.467,0,2,0.0,4,5,0.8,4,10,14,6,4,0,1,2,1,4,18,5,42.8,1,0,40.0,1,1,1,1,35,31,23,46,34,34,34,19,27,19,6,21,15,29,15,40,7,50,2,33,37,20,37,1,10,36,1,36:36,1,2020-21
2020-21,1627734,Domantas Sabonis,Domantas,1610612754,IND,Indiana Pacers,0022000178,2021-01-14T00:00:00,IND @ POR,W,38.45,10,18,0.556,0,2,0.0,3,4,0.75,5,10,15,5,3,2,0,0,2,7,23,17,51.5,1,0,47.0,1,1,1,1,20,12,13,29,34,34,34,32,32,22,3,21,9,37,30,11,24,1,5,11,18,7,19,1,10,20,1,38:27,1,2020-21
2020-21,1627734,Domantas Sabonis,Domantas,1610612754,IND,Indiana Pacers,0022000202,2021-01-17T00:00:00,IND @ LAC,L,34.28333333333333,7,14,0.5,0,3,0.0,5,8,0.625,3,11,14,6,1,2,0,0,4,9,19,-24,49.8,1,0,43.0,1,30,30,30,43,31,29,37,34,15,34,17,12,40,16,16,15,29,58,11,24,1,34,2,34,59,23,1,10,28,1,34:17,1,2020-21
2020-21,1627734,Domantas Sabonis,Domantas,1610612754,IND,Indiana Pacers,0022000217,2021-01-20T00:00:00,IND vs. DAL,L,40.77,9,15,0.6,3,4,0.75,4,9,0.444,2,8,10,4,4,0,1,0,4,6,25,-12,42.0,1,0,44.0,1,30,30,30,9,16,23,18,1,5,8,19,10,51,29,44,43,47,15,40,7,1,34,17,13,44,40,1,10,26,1,40:46,1,2020-21
2020-21,1627734,Domantas Sabonis,Domantas,1610612754,IND,Indiana Pacers,0022000231,2021-01-22T00:00:00,IND vs. ORL,W,44.93333333333333,7,13,0.538,1,5,0.2,3,4,0.75,2,9,11,9,3,5,0,1,2,3,18,2,56.7,1,0,49.0,1,1,1,1,2,31,36,32,17,2,33,32,32,22,29,30,31,12,30,1,24,29,5,42,37,25,12,1,10,17,1,44:56,1,2020-21
2020-21,1627734,Domantas Sabonis,Domantas,1610612754,IND,Indiana Pacers,0022000249,2021-01-24T00:00:00,IND vs. TOR,L,40.083333333333336,1,10,0.1,0,3,0.0,8,8,1.0,7,12,19,5,3,0,0,2,5,6,10,-8,37.3,1,0,34.0,1,30,30,30,11,62,54,62,34,15,34,7,12,1,1,9,3,37,30,40,24,50,51,17,56,41,50,1,10,50,1,40:05,1,2020-21
2020-21,1627734,Domantas Sabonis,Domantas,1610612754,IND,Indiana Pacers,0022000258,2021-01-25T00:00:00,IND vs. TOR,W,10.8,3,5,0.6,2,2,1.0,3,4,0.75,0,3,3,2,2,0,0,0,1,2,11,3,15.6,0,0,18.0,1,1,1,1,62,59,62,18,4,34,1,32,32,22,57,61,62,59,45,40,24,1,2,49,55,22,62,49,10,62,1,10:48,1,2020-21
2020-21,1627734,Domantas Sabonis,Domantas,1610612754,IND,Indiana Pacers,0022000271,2021-01-27T00:00:00,IND @ CHA,W,37.166666666666664,9,10,0.9,2,3,0.667,2,4,0.5,2,9,11,10,5,1,0,0,4,4,22,19,48.2,1,1,47.0,1,1,1,1,28,16,54,1,4,15,9,45,32,45,29,30,31,7,6,23,24,1,34,33,19,6,26,1,1,20,1,37:10,1,2020-21
2020-21,1627734,Domantas Sabonis,Domantas,1610612754,IND,Indiana Pacers,0022000288,2021-01-29T00:00:00,IND @ CHA,L,37.75,8,16,0.5,0,1,0.0,6,9,0.667,1,10,11,6,4,0,0,3,2,6,22,8,40.2,1,0,39.0,1,30,30,30,23,24,21,37,34,52,34,12,10,30,43,21,31,29,15,40,24,57,5,17,19,17,45,1,10,41,1,37:45,1,2020-21
2020-21,1627734,Domantas Sabonis,Domantas,1610612754,IND,Indiana Pacers,0022000307,2021-01-31T00:00:00,IND vs. PHI,L,36.916666666666664,8,17,0.471,0,5,0.0,5,5,1.0,1,7,8,3,6,0,0,2,2,5,21,-5,29.1,0,0,32.0,1,30,30,30,30,24,18,45,34,2,34,17,27,1,43,50,54,56,2,40,24,50,5,26,29,34,59,49,10,55,1,36:55,1,2020-21
2020-21,1627734,Domantas Sabonis,Domantas,1610612754,IND,Indiana Pacers,0022000322,2021-02-02T00:00:00,IND vs. MEM,W,35.03333333333333,13,15,0.867,2,2,1.0,4,6,0.667,4,9,13,5,3,2,0,1,3,3,32,21,58.1,1,0,56.0,1,1,1,1,39,3,23,2,4,34,1,19,21,30,6,30,20,37,30,11,24,29,24,42,4,4,10,1,10,7,1,35:02,1,2020-21
2020-21,1627734,Domantas Sabonis,Domantas,1610612754,IND,Indiana Pacers,0022000329,2021-02-03T00:00:00,IND @ MIL,L,30.99,14,25,0.56,3,5,0.6,2,2,1.0,2,10,12,6,2,0,0,1,2,1,33,-25,54.4,1,0,54.0,1,30,30,30,53,1,1,28,1,2,11,45,51,1,29,21,29,29,45,40,24,29,5,59,3,60,15,1,10,9,1,30:59,1,2020-21
2020-21,1627734,Domantas Sabonis,Domantas,1610612754,IND,Indiana Pacers,0022000343,2021-02-05T00:00:00,IND vs. NOP,L,29.466666666666665,3,13,0.231,0,1,0.0,2,4,0.5,3,3,6,5,3,0,1,1,2,3,8,-25,22.7,0,0,21.0,1,30,30,30,57,59,36,61,34,52,34,45,32,45,16,61,58,37,30,40,7,29,5,42,61,60,61,49,10,61,1,29:28,1,2020-21
2020-21,1627734,Domantas Sabonis,Domantas,1610612754,IND,Indiana Pacers,0022000363,2021-02-07T00:00:00,IND vs. UTA,L,34.225,7,19,0.368,2,4,0.5,4,6,0.667,1,8,9,2,2,1,2,0,6,6,20,-20,40.8,0,0,39.0,1,30,30,30,44,31,8,54,4,5,12,19,21,30,43,44,49,59,45,23,3,1,59,17,31,56,43,49,10,41,1,34:14,1,2020-21
2020-21,1627734,Domantas Sabonis,Domantas,1610612754,IND,Indiana Pacers,0022000383,2021-02-10T00:00:00,IND @ BKN,L,34.88333333333333,7,20,0.35,2,6,0.333,2,4,0.5,3,6,9,4,2,2,1,0,3,5,18,-17,41.8,0,0,39.0,1,30,30,30,42,31,7,57,4,1,23,45,32,45,16,53,49,47,45,11,7,1,24,26,37,51,41,49,10,41,1,34:53,1,2020-21
2020-21,1627734,Domantas Sabonis,Domantas,1610612754,IND,Indiana Pacers,0022000391,2021-02-11T00:00:00,IND @ DET,W,38.483333333333334,9,14,0.643,2,4,0.5,6,7,0.857,4,4,8,8,1,3,2,1,5,7,26,22,61.6,0,0,54.0,1,1,1,1,19,16,29,12,4,5,12,12,16,16,6,60,54,19,58,5,3,29,51,11,11,3,7,49,10,9,1,38:29,1,2020-21
2020-21,1627734,Domantas Sabonis,Domantas,1610612754,IND,Indiana Pacers,0022000407,2021-02-13T00:00:00,IND @ ATL,W,27.216666666666665,7,14,0.5,0,3,0.0,0,0,0.0,4,9,13,7,3,1,1,0,4,2,14,-13,43.1,1,0,38.0,1,1,1,1,60,31,29,37,34,15,34,54,54,54,6,30,20,23,30,23,7,1,34,49,50,45,36,1,10,44,1,27:13,1,2020-21
2020-21,1627734,Domantas Sabonis,Domantas,1610612754,IND,Indiana Pacers,0022000420,2021-02-15T00:00:00,IND vs. CHI,L,43.21666666666667,7,19,0.368,0,2,0.0,11,14,0.786,0,10,10,5,8,1,4,0,5,9,25,-18,51.5,1,0,50.0,1,30,30,30,4,31,8,54,34,34,34,1,2,21,57,21,43,37,1,23,1,1,51,2,13,52,19,1,10,16,1,43:13,1,2020-21
2020-21,1627734,Domantas Sabonis,Domantas,1610612754,IND,Indiana Pacers,0022000440,2021-02-17T00:00:00,IND @ MIN,W,45.583333333333336,13,21,0.619,1,2,0.5,9,11,0.818,3,13,16,10,3,3,1,3,4,8,36,6,79.2,1,1,71.0,1,1,1,1,1,3,4,16,17,34,12,3,7,18,16,5,6,7,30,5,7,57,34,5,1,18,1,1,1,1,1,45:35,1,2020-21
2020-21,1627734,Domantas Sabonis,Domantas,1610612754,IND,Indiana Pacers,0022000489,2021-02-24T00:00:00,IND vs. GSW,L,39.21666666666667,7,12,0.583,0,2,0.0,8,12,0.667,3,13,16,4,6,2,1,0,4,9,22,2,50.2,1,0,48.0,1,30,30,30,16,31,43,20,34,34,34,7,3,30,16,5,6,47,2,11,7,1,34,2,19,25,22,1,10,19,1,39:13,1,2020-21
2020-21,1627734,Domantas Sabonis,Domantas,1610612754,IND,Indiana Pacers,0022000505,2021-02-26T00:00:00,IND @ BOS,L,37.25,7,12,0.583,1,3,0.333,9,10,0.9,1,5,6,9,2,0,0,1,4,6,24,-7,42.7,0,0,40.0,1,30,30,30,27,31,43,20,17,15,23,3,9,15,43,57,58,12,45,40,24,29,34,17,17,40,38,49,10,36,1,37:15,1,2020-21
2020-21,1627734,Domantas Sabonis,Domantas,1610612754,IND,Indiana Pacers,0022000515,2021-02-27T00:00:00,IND @ NYK,L,36.45,5,10,0.5,2,2,1.0,3,5,0.6,1,6,7,9,5,0,0,1,4,7,15,-1,31.9,0,0,33.0,1,30,30,30,36,48,54,37,4,34,1,32,27,41,43,53,57,12,6,40,24,29,34,11,48,30,58,49,10,52,1,36:27,1,2020-21
2020-21,1627734,Domantas Sabonis,Domantas,1610612754,IND,Indiana Pacers,0022000530,2021-03-01T00:00:00,IND @ PHI,L,33.916666666666664,6,12,0.5,0,3,0.0,3,3,1.0,2,7,9,7,4,0,0,0,2,2,15,-21,32.3,0,0,31.0,1,30,30,30,47,46,43,37,34,15,34,32,43,1,29,50,49,23,15,40,24,1,5,49,48,58,57,49,10,57,1,33:55,1,2020-21
2020-21,1627734,Domantas Sabonis,Domantas,1610612754,IND,Indiana Pacers,0022000543,2021-03-03T00:00:00,IND @ CLE,W,37.6,7,12,0.583,0,2,0.0,4,7,0.571,0,5,5,6,1,1,1,0,2,4,18,-5,38.0,0,0,33.0,1,1,1,1,24,31,43,20,34,34,34,19,16,43,57,57,61,29,58,23,7,1,5,33,37,34,48,49,10,52,1,37:36,1,2020-21
2020-21,1627734,Domantas Sabonis,Domantas,1610612754,IND,Indiana Pacers,0022000553,2021-03-04T00:00:00,IND vs. DEN,L,37.91166666666667,5,15,0.333,0,3,0.0,0,0,0.0,4,6,10,10,3,4,0,0,1,3,10,-4,46.0,1,1,38.0,1,30,30,30,22,48,23,58,34,15,34,54,54,54,6,53,43,7,30,2,24,1,2,42,56,33,31,1,1,44,1,37:55,1,2020-21
2020-21,1627734,Domantas Sabonis,Domantas,1610612754,IND,Indiana Pacers,0022000585,2021-03-12T00:00:00,IND @ LAL,L,33.78333333333333,7,15,0.467,0,3,0.0,6,8,0.75,2,12,14,8,3,0,1,0,4,8,20,2,48.8,1,0,44.0,1,30,30,30,48,31,23,46,34,15,34,12,12,22,29,9,15,19,30,40,7,1,34,5,31,25,24,1,10,26,1,33:47,1,2020-21
2020-21,1627734,Domantas Sabonis,Domantas,1610612754,IND,Indiana Pacers,0022000194,2021-03-13T00:00:00,IND @ PHX,W,43.166666666666664,9,13,0.692,1,2,0.5,3,3,1.0,1,12,13,10,5,4,1,1,5,5,22,12,62.6,1,1,56.0,1,1,1,1,5,16,36,10,17,34,12,32,43,1,43,9,20,7,6,2,7,29,51,26,19,13,6,1,1,7,1,43:10,1,2020-21
2020-21,1627734,Domantas Sabonis,Domantas,1610612754,IND,Indiana Pacers,0022000606,2021-03-15T00:00:00,IND @ DEN,L,30.91,5,11,0.455,0,1,0.0,0,0,0.0,3,6,9,10,2,0,0,3,3,2,10,-15,33.8,1,0,29.0,1,30,30,30,54,48,49,48,34,52,34,54,54,54,16,53,49,7,45,40,24,57,24,49,56,49,55,1,10,59,1,30:55,1,2020-21
2020-21,1627734,Domantas Sabonis,Domantas,1610612754,IND,Indiana Pacers,0022000617,2021-03-17T00:00:00,IND vs. BKN,L,39.75,8,11,0.727,1,2,0.5,1,3,0.333,0,11,11,11,4,4,1,1,4,2,18,2,58.7,1,1,51.0,1,30,30,30,13,24,49,7,17,34,12,50,43,52,57,16,31,5,15,2,7,29,34,49,37,25,8,1,1,15,1,39:45,1,2020-21
2020-21,1627734,Domantas Sabonis,Domantas,1610612754,IND,Indiana Pacers,0022000632,2021-03-19T00:00:00,IND @ MIA,W,28.083333333333332,5,11,0.455,0,0,0.0,3,6,0.5,5,10,15,4,4,1,0,0,2,6,13,20,36.0,1,0,34.0,1,1,1,1,58,48,49,48,34,60,34,32,21,45,3,21,9,47,15,23,24,1,5,17,53,5,53,1,10,50,1,28:05,1,2020-21
2020-21,1627734,Domantas Sabonis,Domantas,1610612754,IND,Indiana Pacers,0022000645,2021-03-21T00:00:00,IND @ MIA,W,35.1,5,13,0.385,0,2,0.0,7,7,1.0,2,9,11,1,5,3,0,1,6,5,17,-2,35.7,1,0,35.0,1,1,1,1,38,48,36,52,34,34,34,10,16,1,29,30,31,62,6,5,24,29,59,26,44,31,54,1,10,48,1,35:06,1,2020-21
2020-21,1627734,Domantas Sabonis,Domantas,1610612754,IND,Indiana Pacers,0022000659,2021-03-22T00:00:00,IND @ MIL,L,32.93333333333333,9,17,0.529,0,3,0.0,4,5,0.8,0,9,9,6,1,2,0,0,3,4,22,-18,46.8,0,0,41.0,1,30,30,30,50,16,18,35,34,15,34,19,27,19,57,30,49,29,58,11,24,1,24,33,19,52,28,49,10,35,1,32:56,1,2020-21
2020-21,1627734,Domantas Sabonis,Domantas,1610612754,IND,Indiana Pacers,0022000667,2021-03-24T00:00:00,IND vs. DET,W,33.06666666666667,5,13,0.385,0,2,0.0,4,4,1.0,3,8,11,4,3,1,1,2,3,5,14,1,36.2,1,0,33.0,1,1,1,1,49,48,36,52,34,34,34,19,32,1,16,44,31,47,30,23,7,50,24,26,50,29,52,1,10,52,1,33:04,1,2020-21
2020-21,1627734,Domantas Sabonis,Domantas,1610612754,IND,Indiana Pacers,0022000690,2021-03-26T00:00:00,IND @ DAL,W,34.166666666666664,6,11,0.545,1,3,0.333,9,12,0.75,4,11,15,5,3,0,0,1,2,8,22,9,44.5,1,0,43.0,1,1,1,1,45,46,49,31,17,15,23,3,3,22,6,16,9,37,30,40,24,29,5,5,19,15,33,1,10,28,1,34:10,1,2020-21
2020-21,1627734,Domantas Sabonis,Domantas,1610612754,IND,Indiana Pacers,0022000707,2021-03-29T00:00:00,IND @ WAS,L,37.333333333333336,12,19,0.632,1,3,0.333,10,15,0.667,2,9,11,6,5,2,0,2,3,8,35,-6,58.2,1,0,57.0,1,30,30,30,25,5,8,15,17,15,23,2,1,30,29,30,31,29,6,11,24,50,24,5,2,38,9,1,10,6,1,37:20,1,2020-21
2020-21,1627734,Domantas Sabonis,Domantas,1610612754,IND,Indiana Pacers,0022000722,2021-03-31T00:00:00,IND vs. MIA,L,35.016666666666666,4,8,0.5,0,1,0.0,1,2,0.5,5,9,14,3,3,1,1,0,4,4,9,-11,33.3,0,0,30.0,1,30,30,30,41,56,59,37,34,52,34,50,51,45,3,30,15,56,30,23,7,1,34,33,60,43,56,49,10,58,1,35:01,1,2020-21
2020-21,1627734,Domantas Sabonis,Domantas,1610612754,IND,Indiana Pacers,0022000740,2021-04-02T00:00:00,IND vs. CHA,L,27.483333333333334,4,7,0.571,0,0,0.0,0,0,0.0,2,8,10,4,2,1,0,0,0,2,8,-18,27.0,0,0,24.0,1,30,30,30,59,56,61,23,34,60,34,54,54,54,29,44,43,47,45,23,24,1,1,49,61,52,60,49,10,60,1,27:29,1,2020-21
2020-21,1627734,Domantas Sabonis,Domantas,1610612754,IND,Indiana Pacers,0022000790,2021-04-09T00:00:00,IND @ ORL,W,32.70166666666667,3,12,0.25,1,2,0.5,9,12,0.75,3,12,15,6,4,0,2,1,4,8,16,6,45.0,1,0,42.0,1,1,1,1,51,59,43,60,17,34,12,3,3,22,16,9,9,29,15,40,3,29,34,5,46,18,32,1,10,31,1,32:42,1,2020-21
2020-21,1627734,Domantas Sabonis,Domantas,1610612754,IND,Indiana Pacers,0022000811,2021-04-11T00:00:00,IND @ MEM,W,29.65,7,13,0.538,1,4,0.25,3,3,1.0,4,11,15,9,2,1,0,1,5,2,18,15,50.5,1,0,45.0,1,1,1,1,55,31,36,32,17,5,30,32,43,1,6,16,9,12,45,23,24,29,51,49,37,10,21,1,10,23,1,29:39,1,2020-21
2020-21,1627734,Domantas Sabonis,Domantas,1610612754,IND,Indiana Pacers,0022000823,2021-04-13T00:00:00,IND vs. LAC,L,36.685,9,17,0.529,1,4,0.25,1,1,1.0,2,11,13,2,3,1,0,0,2,3,20,3,38.6,1,0,38.0,1,30,30,30,34,16,18,35,17,5,30,50,53,1,29,16,20,59,30,23,24,1,5,42,31,22,47,1,10,44,1,36:41,1,2020-21
2020-21,1627734,Domantas Sabonis,Domantas,1610612754,IND,Indiana Pacers,0022000461,2021-04-14T00:00:00,IND @ HOU,W,36.85,10,18,0.556,0,3,0.0,2,3,0.667,1,10,11,7,4,0,0,1,4,2,22,-5,41.7,1,0,40.0,1,1,1,1,31,12,13,29,34,15,34,45,43,30,43,21,31,23,15,40,24,29,34,49,19,34,42,1,10,36,1,36:51,1,2020-21
2020-21,1627734,Domantas Sabonis,Domantas,1610612754,IND,Indiana Pacers,0022000844,2021-04-16T00:00:00,IND @ UTA,L,35.583333333333336,7,19,0.368,1,4,0.25,7,7,1.0,3,12,15,7,2,1,1,2,2,6,22,-13,54.5,1,0,49.0,1,30,30,30,37,31,8,54,17,5,30,10,16,1,16,9,9,23,45,23,7,50,5,17,19,45,14,1,10,17,1,35:35,1,2020-21
2020-21,1627734,Domantas Sabonis,Domantas,1610612754,IND,Indiana Pacers,0022000861,2021-04-18T00:00:00,IND @ ATL,L,32.53333333333333,8,14,0.571,2,4,0.5,0,0,0.0,1,13,14,5,4,2,0,1,3,3,18,-31,44.3,1,0,43.0,1,30,30,30,52,24,29,23,4,5,12,54,54,54,43,5,15,37,15,11,24,29,24,42,37,62,34,1,10,28,1,32:32,1,2020-21
2020-21,1627734,Domantas Sabonis,Domantas,1610612754,IND,Indiana Pacers,0022000963,2021-05-01T00:00:00,IND @ OKC,W,29.5,10,13,0.769,2,3,0.667,4,6,0.667,0,19,19,14,5,1,0,0,2,4,26,49,67.8,1,1,63.0,1,1,1,1,56,12,36,6,4,15,9,19,21,30,57,1,3,2,6,23,24,1,5,33,11,1,5,1,1,3,1,29:30,1,2020-21
2020-21,1627734,Domantas Sabonis,Domantas,1610612754,IND,Indiana Pacers,0022000976,2021-05-03T00:00:00,IND @ WAS,L,43.016666666666666,14,22,0.636,1,3,0.333,3,4,0.75,2,17,19,9,6,3,0,0,2,6,32,-20,71.3,1,0,67.0,1,30,30,30,6,1,3,14,17,15,23,32,32,22,29,2,3,12,2,5,24,1,5,17,4,56,3,1,10,2,1,43:01,1,2020-21
2020-21,1627734,Domantas Sabonis,Domantas,1610612754,IND,Indiana Pacers,0022000993,2021-05-05T00:00:00,IND vs. SAC,L,37.28333333333333,7,9,0.778,0,1,0.0,3,3,1.0,3,10,13,8,4,2,0,0,2,2,17,-13,46.6,1,0,42.0,1,30,30,30,26,31,57,4,34,52,34,32,43,1,16,21,20,19,15,11,24,1,5,49,44,45,29,1,10,31,1,37:17,1,2020-21
2020-21,1627734,Domantas Sabonis,Domantas,1610612754,IND,Indiana Pacers,0022001000,2021-05-06T00:00:00,IND vs. ATL,W,41.28333333333333,12,14,0.857,3,3,1.0,3,5,0.6,1,7,8,9,4,1,0,2,4,5,30,13,52.1,0,0,52.0,1,1,1,1,8,5,29,3,1,15,1,32,27,41,43,50,54,12,15,23,24,50,34,26,7,12,17,49,10,14,1,41:17,1,2020-21
2020-21,1627734,Domantas Sabonis,Domantas,1610612754,IND,Indiana Pacers,0022001012,2021-05-08T00:00:00,IND vs. WAS,L,43.43333333333333,12,21,0.571,0,3,0.0,6,7,0.857,1,12,13,13,4,3,0,1,4,7,30,-3,70.1,1,1,62.0,1,30,30,30,3,5,4,23,34,15,34,12,16,16,43,9,20,4,15,5,24,29,34,11,7,32,4,1,1,5,1,43:26,1,2020-21
2020-21,1627734,Domantas Sabonis,Domantas,1610612754,IND,Indiana Pacers,0022001027,2021-05-10T00:00:00,IND @ CLE,W,38.93333333333333,8,15,0.533,1,3,0.333,4,6,0.667,4,16,20,9,2,2,4,0,3,4,21,14,74.5,1,0,63.0,1,1,1,1,18,24,23,34,17,15,23,19,21,30,6,3,2,12,45,11,1,1,24,33,29,11,2,1,10,3,1,38:56,1,2020-21
2020-21,1627734,Domantas Sabonis,Domantas,1610612754,IND,Indiana Pacers,0022001035,2021-05-11T00:00:00,IND vs. PHI,W,39.983333333333334,7,9,0.778,2,2,1.0,0,0,0.0,1,12,13,15,2,0,0,0,2,3,16,16,52.1,1,1,46.0,1,1,1,1,12,31,57,4,4,34,1,54,54,54,43,9,20,1,45,40,24,1,5,42,46,8,17,1,1,22,1,39:59,1,2020-21
2020-21,1627734,Domantas Sabonis,Domantas,1610612754,IND,Indiana Pacers,0022001048,2021-05-13T00:00:00,IND vs. MIL,L,26.383333333333333,5,19,0.263,0,3,0.0,0,0,0.0,1,5,6,14,2,1,0,1,2,1,10,-19,39.2,1,0,32.0,1,30,30,30,61,48,8,59,34,15,34,54,54,54,43,57,58,2,45,23,24,29,5,59,56,55,46,1,10,55,1,26:23,1,2020-21
2020-21,1627734,Domantas Sabonis,Domantas,1610612754,IND,Indiana Pacers,0022001079,2021-05-16T00:00:00,IND @ TOR,W,39.25,12,18,0.667,1,2,0.5,0,0,0.0,3,13,16,5,6,3,0,1,3,1,25,9,54.7,1,0,53.0,1,1,1,1,15,5,13,11,17,34,12,54,54,54,16,5,6,37,2,5,24,29,24,59,13,15,13,1,10,13,1,39:15,1,2020-21
2021-22,1627734,Domantas Sabonis,Domantas,1610612754,IND,Indiana Pacers,0022100003,2021-10-20T00:00:00,IND @ CHA,L,39.31,13,19,0.684,4,6,0.667,3,4,0.75,3,12,15,2,6,0,0,2,4,5,33,-1,48.0,1,0,54.0,1,22,22,22,10,3,4,17,1,2,11,33,34,31,29,7,12,54,2,39,25,54,36,27,2,34,21,1,6,7,1,39:19,1,2021-22
2021-22,1627734,Domantas Sabonis,Domantas,1610612754,IND,Indiana Pacers,0022100019,2021-10-22T00:00:00,IND @ WAS,L,42.833333333333336,10,13,0.769,2,4,0.5,6,8,0.75,1,8,9,7,3,0,1,1,3,8,28,6,49.3,0,0,48.0,1,22,22,22,3,8,25,7,5,4,15,11,12,31,49,28,49,8,23,39,4,28,20,6,9,18,17,47,6,11,1,42:50,1,2021-22
2021-22,1627734,Domantas Sabonis,Domantas,1610612754,IND,Indiana Pacers,0022100028,2021-10-23T00:00:00,IND vs. MIA,W,42.55166666666667,8,17,0.471,0,3,0.0,1,2,0.5,4,8,12,4,3,4,0,0,3,6,17,18,46.4,1,0,41.0,1,1,1,1,4,18,7,47,24,10,24,52,50,49,18,28,26,41,23,1,25,1,20,16,33,5,23,1,6,26,1,42:33,1,2021-22
2021-22,1627734,Domantas Sabonis,Domantas,1610612754,IND,Indiana Pacers,0022100042,2021-10-25T00:00:00,IND vs. MIL,L,37.45666666666666,8,13,0.615,0,2,0.0,5,6,0.833,2,11,13,5,3,1,0,2,3,7,21,1,44.1,1,0,41.0,1,22,22,22,16,18,25,26,24,20,24,17,21,21,36,12,22,30,23,16,25,54,20,9,21,27,31,1,6,26,1,37:27,1,2021-22
2021-22,1627734,Domantas Sabonis,Domantas,1610612754,IND,Indiana Pacers,0022100058,2021-10-27T00:00:00,IND @ TOR,L,33.733333333333334,3,4,0.75,0,0,0.0,3,4,0.75,3,5,8,3,4,2,1,0,2,4,9,-13,28.1,0,0,26.0,1,22,22,22,39,57,62,9,24,54,24,33,34,31,29,54,52,49,10,6,4,1,7,41,57,52,53,47,6,55,1,33:44,1,2021-22
2021-22,1627734,Domantas Sabonis,Domantas,1610612754,IND,Indiana Pacers,0022100072,2021-10-29T00:00:00,IND @ BKN,L,34.52166666666667,7,14,0.5,1,4,0.25,1,2,0.5,2,5,7,6,3,3,1,1,3,3,16,-23,42.4,0,0,38.0,1,22,22,22,36,27,19,42,12,4,21,52,50,49,36,54,54,18,23,2,4,28,20,49,36,62,33,47,6,34,1,34:31,1,2021-22
2021-22,1627734,Domantas Sabonis,Domantas,1610612754,IND,Indiana Pacers,0022100081,2021-10-30T00:00:00,IND vs. TOR,L,39.53333333333333,8,18,0.444,1,7,0.143,5,6,0.833,6,8,14,2,2,3,0,2,5,6,22,-8,48.8,1,0,45.0,1,22,22,22,7,18,6,50,12,1,23,17,21,21,6,28,15,54,45,2,25,54,50,16,15,45,18,1,6,18,1,39:32,1,2021-22
2021-22,1627734,Domantas Sabonis,Domantas,1610612754,IND,Indiana Pacers,0022100095,2021-11-01T00:00:00,IND vs. SAS,W,35.623333333333335,11,15,0.733,0,2,0.0,2,2,1.0,4,9,13,6,1,1,0,0,2,1,24,15,50.6,1,0,45.0,1,1,1,1,28,6,12,11,24,20,24,39,50,1,18,24,22,18,53,16,25,1,7,61,10,8,15,1,6,18,1,35:37,1,2021-22
2021-22,1627734,Domantas Sabonis,Domantas,1610612754,IND,Indiana Pacers,0022100109,2021-11-03T00:00:00,IND vs. NYK,W,34.21666666666667,4,8,0.5,0,1,0.0,2,3,0.667,2,5,7,3,4,0,0,0,6,5,10,15,18.9,0,0,20.0,1,1,1,1,38,51,52,42,24,39,24,39,43,40,36,54,54,49,10,39,25,1,60,27,56,8,61,47,6,59,1,34:13,1,2021-22
2021-22,1627734,Domantas Sabonis,Domantas,1610612754,IND,Indiana Pacers,0022100131,2021-11-05T00:00:00,IND @ POR,L,35.56,7,12,0.583,0,4,0.0,1,4,0.25,1,11,12,4,6,0,0,0,4,3,15,-5,29.4,1,0,31.0,1,22,22,22,29,27,32,29,24,4,24,52,34,58,49,12,26,41,2,39,25,1,36,49,40,38,51,1,6,49,1,35:34,1,2021-22
2021-22,1627734,Domantas Sabonis,Domantas,1610612754,IND,Indiana Pacers,0022100143,2021-11-07T00:00:00,IND @ SAC,W,29.39666666666667,7,13,0.538,0,3,0.0,3,3,1.0,3,7,10,1,3,3,0,1,5,3,17,-5,36.5,1,0,34.0,1,1,1,1,53,27,25,38,24,10,24,33,43,1,29,42,42,59,23,2,25,28,50,49,33,38,47,1,6,45,1,29:24,1,2021-22
2021-22,1627734,Domantas Sabonis,Domantas,1610612754,IND,Indiana Pacers,0022100167,2021-11-10T00:00:00,IND @ DEN,L,33.08833333333333,9,14,0.643,1,2,0.5,1,1,1.0,4,15,19,2,3,1,1,2,3,2,20,-1,48.8,1,0,46.0,1,22,22,22,43,13,19,21,12,20,15,52,58,1,18,3,4,54,23,16,4,54,20,57,26,34,18,1,6,15,1,33:05,1,2021-22
2021-22,1627734,Domantas Sabonis,Domantas,1610612754,IND,Indiana Pacers,0022100172,2021-11-11T00:00:00,IND @ UTA,W,31.333333333333332,2,10,0.2,0,1,0.0,2,4,0.5,3,4,7,5,2,1,1,1,6,5,6,10,25.9,0,0,22.0,1,1,1,1,48,61,41,61,24,39,24,39,34,49,29,59,54,30,45,16,4,28,60,27,61,14,56,47,6,58,1,31:20,1,2021-22
2021-22,1627734,Domantas Sabonis,Domantas,1610612754,IND,Indiana Pacers,0022100186,2021-11-13T00:00:00,IND vs. PHI,W,30.22833333333333,8,11,0.727,2,3,0.667,0,0,0.0,4,8,12,5,1,0,0,0,3,4,18,5,38.9,1,0,37.0,1,1,1,1,52,18,36,13,5,10,11,60,60,60,18,28,26,30,53,39,25,1,20,41,31,22,40,1,6,39,1,30:14,1,2021-22
2021-22,1627734,Domantas Sabonis,Domantas,1610612754,IND,Indiana Pacers,0022100203,2021-11-15T00:00:00,IND @ NYK,L,40.21333333333333,8,15,0.533,3,4,0.75,2,5,0.4,4,11,15,3,1,1,0,1,1,5,21,1,45.5,1,0,44.0,1,22,22,22,5,18,12,39,2,4,9,39,27,55,18,12,12,49,53,16,25,28,2,27,21,27,26,1,6,21,1,40:13,1,2021-22
2021-22,1627734,Domantas Sabonis,Domantas,1610612754,IND,Indiana Pacers,0022100214,2021-11-17T00:00:00,IND @ DET,L,34.99,4,7,0.571,0,1,0.0,7,10,0.7,3,8,11,1,5,0,1,1,0,6,15,2,27.7,1,0,29.0,1,22,22,22,32,51,60,30,24,39,24,7,5,39,29,28,35,59,6,39,4,28,1,16,40,26,54,1,6,52,1,34:59,1,2021-22
2021-22,1627734,Domantas Sabonis,Domantas,1610612754,IND,Indiana Pacers,0022100230,2021-11-19T00:00:00,IND @ CHA,L,22.283333333333335,3,6,0.5,0,3,0.0,2,4,0.5,0,6,6,1,4,1,1,0,2,5,8,-18,18.7,0,0,19.0,1,22,22,22,60,57,61,42,24,10,24,39,34,49,58,50,58,59,10,16,4,1,7,27,60,53,62,47,6,61,1,22:17,1,2021-22
2021-22,1627734,Domantas Sabonis,Domantas,1610612754,IND,Indiana Pacers,0022100240,2021-11-20T00:00:00,IND vs. NOP,W,21.916666666666668,6,11,0.545,2,3,0.667,6,8,0.75,2,8,10,6,2,2,0,3,2,4,20,19,45.0,1,0,42.0,1,1,1,1,61,36,36,37,5,10,11,11,12,31,36,28,42,18,45,6,25,61,7,41,26,4,29,1,6,25,1,21:55,1,2021-22
2021-22,1627734,Domantas Sabonis,Domantas,1610612754,IND,Indiana Pacers,0022100257,2021-11-22T00:00:00,IND @ CHI,W,26.333333333333332,8,14,0.571,0,2,0.0,5,5,1.0,4,7,11,4,3,1,0,0,4,5,21,22,40.2,1,0,38.0,1,1,1,1,57,18,19,30,24,20,24,17,27,1,18,42,35,41,23,16,25,1,36,27,21,2,37,1,6,34,1,26:20,1,2021-22
2021-22,1627734,Domantas Sabonis,Domantas,1610612754,IND,Indiana Pacers,0022100268,2021-11-24T00:00:00,IND vs. LAL,L,34.656666666666666,5,9,0.556,0,0,0.0,4,4,1.0,5,7,12,6,1,1,0,1,5,4,14,-7,39.4,1,0,34.0,1,22,22,22,35,43,47,34,24,54,24,27,34,1,10,42,26,18,53,16,25,28,50,41,46,44,38,1,6,45,1,34:39,1,2021-22
2021-22,1627734,Domantas Sabonis,Domantas,1610612754,IND,Indiana Pacers,0022100284,2021-11-26T00:00:00,IND vs. TOR,W,36.36666666666667,8,15,0.533,1,3,0.333,6,7,0.857,7,11,18,2,4,0,0,0,3,4,23,16,43.6,1,0,44.0,1,1,1,1,25,18,12,39,12,10,19,11,16,18,3,12,5,54,10,39,25,1,20,41,14,7,32,1,6,21,1,36:22,1,2021-22
2021-22,1627734,Domantas Sabonis,Domantas,1610612754,IND,Indiana Pacers,0022100301,2021-11-28T00:00:00,IND vs. MIL,L,21.75,1,8,0.125,0,2,0.0,2,3,0.667,2,8,10,5,3,0,0,1,2,3,4,-11,20.5,0,0,19.0,1,22,22,22,62,62,52,62,24,20,24,39,43,40,36,28,42,30,23,39,25,28,7,49,62,50,60,47,6,61,1,21:45,1,2021-22
2021-22,1627734,Domantas Sabonis,Domantas,1610612754,IND,Indiana Pacers,0022100309,2021-11-29T00:00:00,IND @ MIN,L,36.025,5,12,0.417,0,4,0.0,6,7,0.857,4,21,25,10,4,0,1,0,5,10,16,17,60.0,1,1,53.0,1,22,22,22,26,43,32,52,24,4,24,11,16,18,18,1,1,1,10,39,4,1,50,2,36,6,3,1,1,9,1,36:02,1,2021-22
2021-22,1627734,Domantas Sabonis,Domantas,1610612754,IND,Indiana Pacers,0022100319,2021-12-01T00:00:00,IND vs. ATL,L,39.416666666666664,9,10,0.9,2,2,1.0,2,3,0.667,2,8,10,4,3,0,0,0,5,5,22,1,37.0,1,0,38.0,1,22,22,22,9,13,41,1,5,20,1,39,43,40,36,28,42,41,23,39,25,1,50,27,15,27,46,1,6,34,1,39:25,1,2021-22
2021-22,1627734,Domantas Sabonis,Domantas,1610612754,IND,Indiana Pacers,0022100333,2021-12-03T00:00:00,IND vs. MIA,L,37.016666666666666,5,8,0.625,0,1,0.0,4,4,1.0,4,12,16,3,5,2,0,1,4,3,14,1,38.7,1,0,37.0,1,22,22,22,19,43,52,23,24,39,24,27,34,1,18,7,8,49,6,6,25,28,36,49,46,27,41,1,6,39,1,37:01,1,2021-22
2021-22,1627734,Domantas Sabonis,Domantas,1610612754,IND,Indiana Pacers,0022100355,2021-12-06T00:00:00,IND vs. WAS,W,35.97833333333333,11,15,0.733,0,1,0.0,8,8,1.0,4,6,10,6,3,3,1,0,3,7,30,14,60.0,1,0,54.0,1,1,1,1,27,6,12,11,24,39,24,5,12,1,18,50,42,18,23,2,4,1,20,9,6,10,3,1,6,7,1,35:59,1,2021-22
2021-22,1627734,Domantas Sabonis,Domantas,1610612754,IND,Indiana Pacers,0022100369,2021-12-08T00:00:00,IND vs. NYK,W,33.21,7,8,0.875,2,2,1.0,5,7,0.714,5,6,11,5,0,0,1,1,2,6,21,22,44.7,1,0,41.0,1,1,1,1,41,27,52,2,5,20,1,17,16,36,10,50,35,30,62,39,4,28,7,16,21,2,30,1,6,26,1,33:13,1,2021-22
2021-22,1627734,Domantas Sabonis,Domantas,1610612754,IND,Indiana Pacers,0022100383,2021-12-10T00:00:00,IND vs. DAL,W,34.666666666666664,9,13,0.692,1,1,1.0,5,6,0.833,2,8,10,7,2,1,0,1,3,7,24,23,47.5,1,0,44.0,1,1,1,1,34,13,25,16,12,39,1,17,21,21,36,28,42,8,45,16,25,28,20,9,10,1,22,1,6,21,1,34:40,1,2021-22
2021-22,1627734,Domantas Sabonis,Domantas,1610612754,IND,Indiana Pacers,0022100405,2021-12-13T00:00:00,IND vs. GSW,L,36.36833333333333,12,17,0.706,0,1,0.0,6,10,0.6,6,5,11,0,1,2,1,1,2,8,30,-11,51.2,1,0,47.0,1,22,22,22,24,4,7,14,24,39,24,11,5,46,6,54,35,62,53,6,4,28,7,6,6,50,13,1,6,12,1,36:22,1,2021-22
2021-22,1627734,Domantas Sabonis,Domantas,1610612754,IND,Indiana Pacers,0022100421,2021-12-15T00:00:00,IND @ MIL,L,34.751666666666665,6,10,0.6,0,2,0.0,4,4,1.0,6,8,14,5,5,1,0,0,1,5,16,-20,38.3,1,0,37.0,1,22,22,22,33,36,41,27,24,20,24,27,34,1,6,28,15,30,6,16,25,1,2,27,36,57,43,1,6,39,1,34:45,1,2021-22
2021-22,1627734,Domantas Sabonis,Domantas,1610612754,IND,Indiana Pacers,0022100428,2021-12-16T00:00:00,IND vs. DET,W,31.266666666666666,5,9,0.556,0,1,0.0,2,2,1.0,0,9,9,6,3,0,0,0,4,2,12,5,28.8,0,0,27.0,1,1,1,1,49,43,47,34,24,39,24,39,50,1,58,24,49,18,23,39,25,1,36,57,52,22,52,47,6,53,1,31:16,1,2021-22
2021-22,1627734,Domantas Sabonis,Domantas,1610612754,IND,Indiana Pacers,0022100465,2021-12-21T00:00:00,IND @ MIA,L,28.475,4,11,0.364,0,2,0.0,4,5,0.8,0,4,4,4,2,0,0,1,1,3,12,-20,20.8,0,0,20.0,1,22,22,22,55,51,36,56,24,20,24,27,27,26,58,59,62,41,45,39,25,28,2,49,52,57,59,47,6,59,1,28:29,1,2021-22
2021-22,1627734,Domantas Sabonis,Domantas,1610612754,IND,Indiana Pacers,0022100499,2021-12-26T00:00:00,IND @ CHI,L,35.05833333333333,5,17,0.294,0,1,0.0,4,6,0.667,8,8,16,5,1,2,0,3,1,6,14,-4,45.7,1,0,39.0,1,22,22,22,31,43,7,59,24,39,24,27,21,40,1,28,8,30,53,6,25,61,2,16,46,37,24,1,6,32,1,35:04,1,2021-22
2021-22,1627734,Domantas Sabonis,Domantas,1610612754,IND,Indiana Pacers,0022100517,2021-12-29T00:00:00,IND vs. CHA,L,36.708333333333336,3,9,0.333,1,5,0.2,8,14,0.571,2,16,18,7,6,2,1,1,4,9,15,-5,50.1,1,0,47.0,1,22,22,22,23,57,47,58,12,3,22,5,1,48,36,2,5,8,2,6,4,28,36,4,40,38,16,1,6,12,1,36:43,1,2021-22
2021-22,1627734,Domantas Sabonis,Domantas,1610612754,IND,Indiana Pacers,0022100530,2021-12-31T00:00:00,IND vs. CHI,L,39.75,8,14,0.571,1,2,0.5,7,8,0.875,5,9,14,6,3,1,2,1,3,6,24,1,55.8,1,0,51.0,1,22,22,22,6,18,19,30,12,20,15,7,12,17,10,24,15,18,23,16,1,28,20,16,10,27,8,1,6,10,1,39:45,1,2021-22
2021-22,1627734,Domantas Sabonis,Domantas,1610612754,IND,Indiana Pacers,0022100547,2022-01-02T00:00:00,IND @ CLE,L,39.43333333333333,10,15,0.667,3,3,1.0,9,10,0.9,1,12,13,7,3,0,1,0,2,5,32,9,58.1,1,0,57.0,1,22,22,22,8,8,12,18,2,10,1,4,5,16,49,7,22,8,23,39,4,1,7,27,4,16,6,1,6,5,1,39:26,1,2021-22
2021-22,1627734,Domantas Sabonis,Domantas,1610612754,IND,Indiana Pacers,0022100564,2022-01-04T00:00:00,IND @ NYK,L,39.013333333333335,5,9,0.556,0,3,0.0,5,12,0.417,1,7,8,4,3,0,0,0,3,7,15,-10,27.6,0,0,27.0,1,22,22,22,11,43,47,34,24,10,24,17,4,54,49,42,52,41,23,39,25,1,20,9,40,48,55,47,6,53,1,39:01,1,2021-22
2021-22,1627734,Domantas Sabonis,Domantas,1610612754,IND,Indiana Pacers,0022100571,2022-01-05T00:00:00,IND vs. BKN,L,37.906666666666666,10,13,0.769,1,1,1.0,11,13,0.846,2,10,12,10,6,0,0,0,4,10,32,-5,55.4,1,1,55.0,1,22,22,22,14,8,25,7,12,39,1,1,2,20,36,19,26,1,2,39,25,1,36,2,4,38,9,1,1,6,1,37:54,1,2021-22
2021-22,1627734,Domantas Sabonis,Domantas,1610612754,IND,Indiana Pacers,0022100594,2022-01-08T00:00:00,IND vs. UTA,W,37.68333333333333,18,22,0.818,3,4,0.75,3,4,0.75,1,5,6,3,3,1,1,0,2,6,42,13,56.7,0,0,58.0,1,1,1,1,15,1,2,4,2,4,9,33,34,31,49,54,58,49,23,16,4,1,7,16,1,11,7,47,6,3,1,37:41,1,2021-22
2021-22,1627734,Domantas Sabonis,Domantas,1610612754,IND,Indiana Pacers,0022100609,2022-01-10T00:00:00,IND @ BOS,L,44.55166666666667,3,12,0.25,0,0,0.0,5,6,0.833,7,15,22,10,4,1,0,1,2,7,11,6,51.4,1,1,45.0,1,22,22,22,1,57,32,60,24,54,24,17,21,21,3,3,2,1,10,16,25,28,7,9,55,18,10,1,1,18,1,44:33,1,2021-22
2021-22,1627734,Domantas Sabonis,Domantas,1610612754,IND,Indiana Pacers,0022100618,2022-01-12T00:00:00,IND vs. BOS,L,31.883333333333333,7,11,0.636,0,2,0.0,3,5,0.6,2,4,6,6,1,2,0,0,3,6,17,-20,38.2,0,0,33.0,1,22,22,22,46,27,36,22,24,20,24,33,27,46,36,59,58,18,53,6,25,1,20,16,33,57,44,47,6,48,1,31:53,1,2021-22
2021-22,1627734,Domantas Sabonis,Domantas,1610612754,IND,Indiana Pacers,0022100634,2022-01-14T00:00:00,IND vs. PHX,L,36.763333333333335,4,10,0.4,1,3,0.333,5,6,0.833,0,14,14,6,2,1,0,1,2,5,14,-6,40.8,1,0,37.0,1,22,22,22,21,51,41,53,12,10,19,17,21,21,58,5,15,18,45,16,25,28,7,27,46,43,36,1,6,39,1,36:46,1,2021-22
2021-22,1627734,Domantas Sabonis,Domantas,1610612754,IND,Indiana Pacers,0022100659,2022-01-17T00:00:00,IND @ LAC,L,34.406666666666666,7,14,0.5,0,1,0.0,5,7,0.714,5,6,11,7,3,0,2,2,4,6,19,-8,45.7,1,0,41.0,1,22,22,22,37,27,19,42,24,39,24,17,16,36,10,50,35,8,23,39,1,54,36,16,29,45,24,1,6,26,1,34:24,1,2021-22
2021-22,1627734,Domantas Sabonis,Domantas,1610612754,IND,Indiana Pacers,0022100680,2022-01-19T00:00:00,IND @ LAL,W,35.36666666666667,9,12,0.75,2,2,1.0,0,0,0.0,5,7,12,10,1,0,1,2,4,5,20,10,51.4,1,1,46.0,1,1,1,1,30,13,32,9,5,20,1,60,60,60,10,42,26,1,53,39,4,54,36,27,26,14,10,1,1,15,1,35:22,1,2021-22
2021-22,1627734,Domantas Sabonis,Domantas,1610612754,IND,Indiana Pacers,0022100741,2022-01-28T00:00:00,IND @ OKC,W,43.65,9,16,0.563,0,2,0.0,6,9,0.667,8,10,18,10,5,2,2,1,3,11,24,0,67.6,1,1,60.0,1,1,1,1,2,13,10,33,24,20,24,11,9,40,1,19,5,1,6,6,1,28,20,1,10,33,1,1,1,1,1,43:39,1,2021-22
2021-22,1627734,Domantas Sabonis,Domantas,1610612754,IND,Indiana Pacers,0022100746,2022-01-29T00:00:00,IND @ DAL,L,28.733333333333334,8,10,0.8,1,2,0.5,4,5,0.8,3,12,15,8,3,0,1,0,5,5,21,-18,51.0,1,0,47.0,1,22,22,22,54,18,41,5,12,20,15,27,27,26,29,7,12,6,23,39,4,1,50,27,21,53,14,1,6,12,1,28:44,1,2021-22
2021-22,1627734,Domantas Sabonis,Domantas,1610612754,IND,Indiana Pacers,0022100805,2022-02-06T00:00:00,IND @ CLE,L,25.533333333333335,4,8,0.5,0,0,0.0,1,2,0.5,3,8,11,4,4,0,0,1,3,4,9,-20,24.2,0,0,24.0,1,22,22,22,59,51,52,42,24,54,24,52,50,49,29,28,35,41,10,39,25,28,20,41,57,57,58,47,6,56,1,25:32,1,2021-22
2021-22,1627734,Domantas Sabonis,Domantas,1610612758,SAC,Sacramento Kings,0022100830,2022-02-09T00:00:00,SAC vs. MIN,W,32.56666666666667,10,19,0.526,0,1,0.0,2,3,0.667,5,9,14,5,4,1,0,1,4,4,22,4,45.3,1,0,43.0,1,1,1,1,45,8,4,41,24,39,24,39,43,40,10,24,15,30,10,16,25,28,36,41,15,25,28,1,6,24,1,32:34,1,2021-22
2021-22,1627734,Domantas Sabonis,Domantas,1610612758,SAC,Sacramento Kings,0022100847,2022-02-12T00:00:00,SAC @ WAS,W,33.708333333333336,7,9,0.778,0,0,0.0,2,2,1.0,1,10,11,7,2,0,0,1,4,1,16,13,37.7,1,0,34.0,1,1,1,1,40,27,47,6,24,54,24,39,50,1,49,19,35,8,45,39,25,28,36,61,36,11,45,1,6,45,1,33:43,1,2021-22
2021-22,1627734,Domantas Sabonis,Domantas,1610612758,SAC,Sacramento Kings,0022100859,2022-02-14T00:00:00,SAC @ BKN,L,25.65,4,11,0.364,0,2,0.0,1,3,0.333,1,8,9,2,3,1,1,1,3,4,9,-10,25.8,0,0,24.0,1,22,22,22,58,51,36,56,24,20,24,52,43,57,49,28,49,54,23,16,4,28,20,41,57,48,57,47,6,56,1,25:39,1,2021-22
2021-22,1627734,Domantas Sabonis,Domantas,1610612758,SAC,Sacramento Kings,0022100878,2022-02-16T00:00:00,SAC @ CHI,L,37.31666666666667,10,15,0.667,0,0,0.0,2,2,1.0,5,7,12,8,3,2,0,1,2,3,22,-5,51.4,1,0,46.0,1,22,22,22,17,8,12,18,24,54,24,39,50,1,10,42,26,6,23,6,25,28,7,49,15,38,10,1,6,15,1,37:19,1,2021-22
2021-22,1627734,Domantas Sabonis,Domantas,1610612758,SAC,Sacramento Kings,0022100895,2022-02-24T00:00:00,SAC vs. DEN,L,37.21666666666667,15,23,0.652,2,3,0.667,1,1,1.0,4,10,14,5,4,1,1,0,4,2,33,-8,59.3,1,0,58.0,1,22,22,22,18,2,1,20,5,10,11,52,58,1,18,19,15,30,10,16,4,1,36,57,2,45,5,1,6,3,1,37:13,1,2021-22
2021-22,1627734,Domantas Sabonis,Domantas,1610612758,SAC,Sacramento Kings,0022100911,2022-02-26T00:00:00,SAC @ DEN,L,33.13333333333333,6,14,0.429,0,2,0.0,2,5,0.4,4,12,16,7,1,1,1,1,5,5,14,6,48.7,1,0,41.0,1,22,22,22,42,36,19,51,24,20,24,39,27,55,18,7,8,8,53,16,4,28,50,27,46,18,20,1,6,26,1,33:08,1,2021-22
2021-22,1627734,Domantas Sabonis,Domantas,1610612758,SAC,Sacramento Kings,0022100925,2022-02-28T00:00:00,SAC @ OKC,W,30.97,7,8,0.875,0,0,0.0,0,0,0.0,5,11,16,7,8,1,0,0,5,2,14,8,38.7,1,0,39.0,1,1,1,1,51,27,52,2,24,54,24,60,60,60,10,12,8,8,1,16,25,1,50,57,46,17,41,1,6,32,1,30:58,1,2021-22
2021-22,1627734,Domantas Sabonis,Domantas,1610612758,SAC,Sacramento Kings,0022100937,2022-03-02T00:00:00,SAC @ NOP,L,33.03666666666667,6,16,0.375,0,2,0.0,3,3,1.0,7,7,14,7,3,1,0,2,2,8,15,-20,42.3,1,0,38.0,1,22,22,22,44,36,10,55,24,20,24,33,43,1,3,42,15,8,23,16,25,54,7,6,40,57,34,1,6,34,1,33:02,1,2021-22
2021-22,1627734,Domantas Sabonis,Domantas,1610612758,SAC,Sacramento Kings,0022100944,2022-03-03T00:00:00,SAC @ SAS,W,27.716666666666665,5,8,0.625,0,0,0.0,2,2,1.0,1,11,12,6,4,0,0,0,6,3,12,6,31.4,1,0,30.0,1,1,1,1,56,43,52,23,24,54,24,39,50,1,49,12,26,18,10,39,25,1,60,49,52,18,50,1,6,51,1,27:43,1,2021-22
2021-22,1627734,Domantas Sabonis,Domantas,1610612758,SAC,Sacramento Kings,0022100954,2022-03-05T00:00:00,SAC @ DAL,L,31.558333333333334,7,10,0.7,0,0,0.0,1,5,0.2,2,8,10,6,4,0,0,0,5,5,15,1,32.0,1,0,31.0,1,22,22,22,47,27,41,15,24,54,24,52,27,59,36,28,42,18,10,39,25,1,50,27,40,27,49,1,6,49,1,31:34,1,2021-22
2021-22,1627734,Domantas Sabonis,Domantas,1610612758,SAC,Sacramento Kings,0022100974,2022-03-07T00:00:00,SAC vs. NYK,L,36.71666666666667,6,13,0.462,0,2,0.0,7,9,0.778,2,11,13,5,3,0,0,0,5,6,19,-18,39.1,1,0,37.0,1,22,22,22,22,36,25,48,24,20,24,7,9,28,36,12,22,30,23,39,25,1,50,16,29,53,39,1,6,39,1,36:43,1,2021-22
2021-22,1627734,Domantas Sabonis,Domantas,1610612758,SAC,Sacramento Kings,0022101026,2022-03-14T00:00:00,SAC vs. CHI,W,37.983333333333334,6,15,0.4,0,1,0.0,10,10,1.0,0,7,7,4,4,1,0,1,4,6,22,12,35.4,0,0,35.0,1,1,1,1,13,36,12,53,24,39,24,2,5,1,58,42,54,41,10,16,25,28,36,16,15,13,48,47,6,44,1,37:59,1,2021-22
2021-22,1627734,Domantas Sabonis,Domantas,1610612758,SAC,Sacramento Kings,0022101043,2022-03-16T00:00:00,SAC vs. MIL,L,38.916666666666664,6,13,0.462,0,2,0.0,10,13,0.769,1,4,5,7,3,1,1,1,1,9,22,-19,41.5,0,0,38.0,1,22,22,22,12,36,25,48,24,20,24,2,2,30,49,59,61,8,23,16,4,28,2,4,15,56,35,47,6,34,1,38:55,1,2021-22
2021-22,1627734,Domantas Sabonis,Domantas,1610612758,SAC,Sacramento Kings,0022101057,2022-03-18T00:00:00,SAC vs. BOS,L,36.833333333333336,12,20,0.6,1,1,1.0,5,7,0.714,6,14,20,5,4,1,1,0,3,7,30,-2,63.5,1,0,60.0,1,22,22,22,20,4,3,27,12,39,1,17,16,36,6,5,3,30,10,16,4,1,20,9,6,36,2,1,6,1,1,36:50,1,2021-22
2021-22,1627734,Domantas Sabonis,Domantas,1610612758,SAC,Sacramento Kings,0022101066,2022-03-20T00:00:00,SAC vs. PHX,L,31.0,5,8,0.625,1,1,1.0,7,9,0.778,2,10,12,6,2,2,0,0,4,7,18,5,45.4,1,0,41.0,1,22,22,22,50,43,52,23,12,39,1,7,9,28,36,19,26,18,45,6,25,1,36,9,31,22,27,1,6,26,1,31:00,1,2021-22
2022-23,1627734,Domantas Sabonis,Domantas,1610612758,SAC,Sacramento Kings,0022200014,2022-10-19T00:00:00,SAC vs. POR,L,33.11333333333334,5,10,0.5,0,1,0.0,3,6,0.5,1,3,4,5,3,1,1,1,6,3,13,7,28.3,0,0,26.0,1,48,48,48,56,60,51,60,27,23,27,41,31,62,71,78,79,58,23,15,10,37,71,55,68,25,76,66,15,78,1,33:07,1,2022-23
2022-23,1627734,Domantas Sabonis,Domantas,1610612758,SAC,Sacramento Kings,0022200036,2022-10-22T00:00:00,SAC vs. LAC,L,34.65,4,12,0.333,0,3,0.0,3,6,0.5,3,7,10,7,1,2,2,0,4,8,11,7,44.5,1,0,36.0,1,48,48,48,45,70,33,78,27,1,27,41,31,62,28,58,52,34,66,5,2,1,39,4,72,25,41,1,15,60,1,34:39,1,2022-23
2022-23,1627734,Domantas Sabonis,Domantas,1610612758,SAC,Sacramento Kings,0022200042,2022-10-23T00:00:00,SAC @ GSW,L,22.35,6,10,0.6,0,1,0.0,7,8,0.875,3,11,14,4,1,0,1,1,2,5,19,-25,43.8,1,0,39.0,1,48,48,48,78,49,51,38,27,23,27,8,13,24,28,17,19,66,66,48,10,37,9,27,37,78,45,1,15,44,1,22:21,1,2022-23
2022-23,1627734,Domantas Sabonis,Domantas,1610612758,SAC,Sacramento Kings,0022200069,2022-10-27T00:00:00,SAC vs. MEM,L,30.851666666666667,4,6,0.667,0,1,0.0,3,4,0.75,3,8,11,9,4,1,0,0,4,5,11,7,36.7,1,0,33.0,1,48,48,48,69,70,75,29,27,23,27,41,46,32,28,43,44,19,12,15,29,1,39,27,72,25,66,1,15,68,1,30:51,1,2022-23
2022-23,1627734,Domantas Sabonis,Domantas,1610612758,SAC,Sacramento Kings,0022200081,2022-10-29T00:00:00,SAC vs. MIA,W,22.745,8,9,0.889,0,0,0.0,2,2,1.0,2,5,7,3,2,0,1,0,6,3,18,6,31.9,0,0,30.0,1,1,1,1,77,25,64,4,27,60,27,54,66,1,47,74,74,75,44,48,10,1,71,55,42,28,75,66,15,74,1,22:45,1,2022-23
2022-23,1627734,Domantas Sabonis,Domantas,1610612758,SAC,Sacramento Kings,0022200096,2022-10-31T00:00:00,SAC @ CHA,W,31.233333333333334,3,9,0.333,0,1,0.0,3,5,0.6,4,12,16,7,3,1,0,2,6,5,9,12,38.7,0,0,34.0,1,1,1,1,67,77,64,78,27,23,27,41,39,56,16,12,12,34,23,15,29,64,71,27,77,15,63,66,15,65,1,31:14,1,2022-23
2022-23,1627734,Domantas Sabonis,Domantas,1610612758,SAC,Sacramento Kings,0022200109,2022-11-02T00:00:00,SAC @ MIA,L,37.205,8,15,0.533,1,1,1.0,5,7,0.714,0,12,12,8,2,1,0,1,2,5,22,-5,49.4,1,0,45.0,1,48,48,48,29,25,8,58,6,23,1,26,24,41,78,12,36,24,44,15,29,37,9,27,23,57,25,1,15,25,1,37:12,1,2022-23
2022-23,1627734,Domantas Sabonis,Domantas,1610612758,SAC,Sacramento Kings,0022200132,2022-11-05T00:00:00,SAC @ ORL,W,37.81666666666667,10,14,0.714,0,1,0.0,5,12,0.417,2,9,11,6,2,1,1,1,4,11,25,4,51.2,1,0,46.0,1,1,1,1,18,7,14,22,27,23,27,26,2,69,47,33,44,49,44,15,10,37,39,1,9,37,21,1,15,20,1,37:49,1,2022-23
2022-23,1627734,Domantas Sabonis,Domantas,1610612758,SAC,Sacramento Kings,0022200156,2022-11-07T00:00:00,SAC @ GSW,L,33.22833333333333,6,15,0.4,0,2,0.0,7,8,0.875,4,10,14,6,3,0,0,1,4,6,19,-16,41.8,1,0,39.0,1,48,48,48,54,49,8,74,27,3,27,8,13,24,16,23,19,49,23,48,29,37,39,15,37,73,53,1,15,44,1,33:14,1,2022-23
2022-23,1627734,Domantas Sabonis,Domantas,1610612758,SAC,Sacramento Kings,0022200171,2022-11-09T00:00:00,SAC vs. CLE,W,35.145,5,8,0.625,0,1,0.0,11,12,0.917,1,4,5,6,1,3,0,0,3,6,21,15,44.0,0,0,38.0,1,1,1,1,41,60,70,35,27,23,27,1,2,22,71,76,77,49,66,1,29,1,20,15,28,10,44,66,15,50,1,35:09,1,2022-23
2022-23,1627734,Domantas Sabonis,Domantas,1610612758,SAC,Sacramento Kings,0022200183,2022-11-11T00:00:00,SAC @ LAL,W,31.555,9,15,0.6,0,0,0.0,3,3,1.0,2,8,10,6,2,1,0,3,5,6,21,10,43.0,1,0,39.0,1,1,1,1,65,17,8,38,27,60,27,41,57,1,47,43,52,49,44,15,29,76,59,15,28,22,48,1,15,44,1,31:33,1,2022-23
2022-23,1627734,Domantas Sabonis,Domantas,1610612758,SAC,Sacramento Kings,0022200197,2022-11-13T00:00:00,SAC vs. GSW,W,34.19833333333333,10,17,0.588,2,2,1.0,4,6,0.667,6,16,22,8,3,0,0,2,1,6,26,5,61.4,1,0,58.0,1,1,1,1,49,7,6,43,1,3,1,35,31,46,5,2,2,24,23,48,29,64,3,15,7,35,7,1,15,2,1,34:12,1,2022-23
2022-23,1627734,Domantas Sabonis,Domantas,1610612758,SAC,Sacramento Kings,0022200210,2022-11-15T00:00:00,SAC vs. BKN,W,27.595,6,6,1.0,0,0,0.0,5,5,1.0,1,6,7,7,3,1,1,0,4,6,17,44,38.9,0,0,35.0,1,1,1,1,72,49,75,1,27,60,27,26,39,1,71,65,74,34,23,15,10,1,39,15,50,1,62,66,15,62,1,27:36,1,2022-23
2022-23,1627734,Domantas Sabonis,Domantas,1610612758,SAC,Sacramento Kings,0022200222,2022-11-17T00:00:00,SAC vs. SAS,W,32.4,4,5,0.8,1,1,1.0,7,7,1.0,0,8,8,1,2,0,0,1,4,6,16,-1,25.1,0,0,26.0,1,1,1,1,60,70,77,9,6,23,1,8,24,1,78,43,70,78,44,48,29,37,39,15,55,49,78,66,15,78,1,32:24,1,2022-23
2022-23,1627734,Domantas Sabonis,Domantas,1610612758,SAC,Sacramento Kings,0022200242,2022-11-20T00:00:00,SAC vs. DET,W,33.8,4,5,0.8,1,1,1.0,6,8,0.75,3,10,13,7,3,1,0,1,5,5,15,12,41.1,1,0,38.0,1,1,1,1,51,70,77,9,6,23,1,16,13,32,28,23,28,34,23,15,29,37,59,27,60,15,54,1,15,50,1,33:48,1,2022-23
2022-23,1627734,Domantas Sabonis,Domantas,1610612758,SAC,Sacramento Kings,0022200257,2022-11-22T00:00:00,SAC @ MEM,W,37.335,3,8,0.375,0,1,0.0,3,6,0.5,2,11,13,8,2,0,0,2,5,5,9,1,34.6,0,0,30.0,1,1,1,1,27,77,70,75,27,23,27,41,31,62,47,17,28,24,44,48,29,64,59,27,77,46,71,66,15,74,1,37:20,1,2022-23
2022-23,1627734,Domantas Sabonis,Domantas,1610612758,SAC,Sacramento Kings,0022200263,2022-11-23T00:00:00,SAC @ ATL,L,34.2,6,11,0.545,0,1,0.0,3,4,0.75,1,12,13,7,3,1,0,1,1,3,15,-4,41.1,1,0,37.0,1,48,48,48,48,49,45,54,27,23,27,41,46,32,71,12,28,34,23,15,29,37,3,55,60,55,54,1,15,57,1,34:12,1,2022-23
2022-23,1627734,Domantas Sabonis,Domantas,1610612758,SAC,Sacramento Kings,0022200275,2022-11-25T00:00:00,SAC @ BOS,L,33.18833333333333,7,13,0.538,0,2,0.0,4,4,1.0,2,8,10,6,3,0,0,0,5,4,18,-14,36.0,1,0,34.0,1,48,48,48,55,37,24,55,27,3,27,35,46,1,47,43,52,49,23,48,29,1,59,44,42,69,69,1,15,65,1,33:11,1,2022-23
2022-23,1627734,Domantas Sabonis,Domantas,1610612758,SAC,Sacramento Kings,0022200307,2022-11-28T00:00:00,SAC vs. PHX,L,36.998333333333335,8,10,0.8,1,2,0.5,0,0,0.0,2,7,9,10,5,1,2,0,1,2,17,-5,46.8,1,0,43.0,1,48,48,48,31,25,51,9,6,3,20,75,75,75,47,58,64,10,7,15,2,1,3,72,50,57,35,1,15,35,1,36:60,1,2022-23
2022-23,1627734,Domantas Sabonis,Domantas,1610612758,SAC,Sacramento Kings,0022200323,2022-11-30T00:00:00,SAC vs. IND,W,23.15,5,9,0.556,1,2,0.5,0,0,0.0,1,9,10,7,3,1,0,1,4,0,11,11,33.5,1,0,31.0,1,1,1,1,76,60,64,51,6,3,20,75,75,75,71,33,52,34,23,15,29,37,39,79,72,18,73,1,15,72,1,23:09,1,2022-23
2022-23,1627734,Domantas Sabonis,Domantas,1610612758,SAC,Sacramento Kings,0022200338,2022-12-03T00:00:00,SAC @ LAC,W,26.183333333333334,10,11,0.909,2,2,1.0,2,3,0.667,2,3,5,6,2,0,2,0,5,3,24,32,43.0,0,0,41.0,1,1,1,1,75,7,45,3,1,3,1,54,57,46,47,78,77,49,44,48,2,1,59,55,12,2,48,66,15,38,1,26:11,1,2022-23
2022-23,1627734,Domantas Sabonis,Domantas,1610612758,SAC,Sacramento Kings,0022200350,2022-12-04T00:00:00,SAC vs. CHI,W,36.05,2,4,0.5,1,1,1.0,6,6,1.0,3,14,17,10,2,0,0,0,3,3,11,6,44.4,1,1,39.0,1,1,1,1,36,79,79,60,6,23,1,16,31,1,28,4,8,10,44,48,29,1,20,55,72,28,42,1,1,44,1,36:03,1,2022-23
2022-23,1627734,Domantas Sabonis,Domantas,1610612758,SAC,Sacramento Kings,0022200369,2022-12-07T00:00:00,SAC @ MIL,L,36.266666666666666,9,11,0.818,1,1,1.0,4,4,1.0,4,8,12,7,2,1,0,0,3,4,23,-16,48.9,1,0,45.0,1,48,48,48,35,17,45,7,6,23,1,35,46,1,16,43,36,34,44,15,29,1,20,44,18,73,26,1,15,25,1,36:16,1,2022-23
2022-23,1627734,Domantas Sabonis,Domantas,1610612758,SAC,Sacramento Kings,0022200381,2022-12-09T00:00:00,SAC @ CLE,W,37.483333333333334,5,12,0.417,0,1,0.0,8,14,0.571,5,13,18,6,2,3,2,2,4,10,18,11,61.6,1,0,52.0,1,1,1,1,24,60,33,72,27,23,27,5,1,60,10,10,6,49,44,1,2,64,39,2,42,18,6,1,15,8,1,37:29,1,2022-23
2022-23,1627734,Domantas Sabonis,Domantas,1610612758,SAC,Sacramento Kings,0022200397,2022-12-11T00:00:00,SAC @ NYK,L,39.016666666666666,7,10,0.7,0,0,0.0,6,11,0.545,3,9,12,4,2,0,0,0,2,8,20,-6,38.4,1,0,36.0,1,48,48,48,11,37,51,24,27,60,27,16,6,61,28,33,36,66,44,48,29,1,9,4,32,61,64,1,15,60,1,39:01,1,2022-23
2022-23,1627734,Domantas Sabonis,Domantas,1610612758,SAC,Sacramento Kings,0022200409,2022-12-13T00:00:00,SAC @ PHI,L,29.71,8,10,0.8,0,0,0.0,6,7,0.857,4,6,10,5,1,0,0,0,4,5,22,-13,40.5,1,0,37.0,1,48,48,48,71,25,51,9,27,60,27,16,24,27,16,65,52,58,66,48,29,1,39,27,23,68,57,1,15,57,1,29:43,1,2022-23
2022-23,1627734,Domantas Sabonis,Domantas,1610612758,SAC,Sacramento Kings,0022200417,2022-12-14T00:00:00,SAC @ TOR,W,40.25,10,13,0.769,0,0,0.0,1,1,1.0,5,15,20,7,5,1,1,1,3,3,21,13,56.5,1,0,52.0,1,1,1,1,4,7,24,15,27,60,27,69,73,1,10,3,5,34,7,15,10,37,20,55,28,12,10,1,15,8,1,40:15,1,2022-23
2022-23,1627734,Domantas Sabonis,Domantas,1610612758,SAC,Sacramento Kings,0022200429,2022-12-16T00:00:00,SAC @ DET,W,40.86666666666667,9,11,0.818,0,1,0.0,5,7,0.714,2,11,13,7,3,2,1,0,2,8,23,11,55.1,1,0,49.0,1,1,1,1,2,17,45,7,27,23,27,26,24,41,47,17,28,34,23,5,10,1,9,4,18,18,12,1,15,13,1,40:52,1,2022-23
2022-23,1627734,Domantas Sabonis,Domantas,1610612758,SAC,Sacramento Kings,0022200460,2022-12-19T00:00:00,SAC vs. CHA,L,40.733333333333334,12,19,0.632,2,2,1.0,2,5,0.4,5,18,23,7,1,1,0,2,4,6,28,6,68.1,1,0,62.0,1,48,48,48,3,2,3,34,1,3,1,54,39,70,10,1,1,34,66,15,29,64,39,15,4,28,2,1,15,1,1,40:44,1,2022-23
2022-23,1627734,Domantas Sabonis,Domantas,1610612758,SAC,Sacramento Kings,0022200475,2022-12-21T00:00:00,SAC vs. LAL,W,37.35,4,8,0.5,1,2,0.5,4,4,1.0,7,14,21,12,4,1,0,1,4,3,13,20,55.2,1,1,49.0,1,1,1,1,26,70,70,60,6,3,20,35,46,1,2,4,3,4,12,15,29,37,39,55,68,9,11,1,1,13,1,37:21,1,2022-23
2022-23,1627734,Domantas Sabonis,Domantas,1610612758,SAC,Sacramento Kings,0022200491,2022-12-23T00:00:00,SAC vs. WAS,L,34.43333333333333,5,14,0.357,0,2,0.0,10,10,1.0,7,8,15,10,1,0,0,0,2,7,20,-6,52.0,1,1,45.0,1,48,48,48,47,60,14,77,27,3,27,2,7,1,2,43,14,10,66,48,29,1,9,9,32,61,19,1,1,25,1,34:26,1,2022-23
2022-23,1627734,Domantas Sabonis,Domantas,1610612758,SAC,Sacramento Kings,0022200522,2022-12-28T00:00:00,SAC vs. DEN,W,38.06666666666667,12,18,0.667,2,2,1.0,5,8,0.625,3,7,10,5,2,1,1,1,5,5,31,-4,54.5,1,0,52.0,1,1,1,1,15,2,4,29,1,3,1,26,13,53,28,58,52,58,44,15,10,37,59,27,2,55,14,1,15,8,1,38:04,1,2022-23
2022-23,1627734,Domantas Sabonis,Domantas,1610612758,SAC,Sacramento Kings,0022200537,2022-12-30T00:00:00,SAC vs. UTA,W,37.17,12,12,1.0,2,2,1.0,2,3,0.667,3,8,11,8,7,0,0,0,3,5,28,3,46.2,1,0,49.0,1,1,1,1,30,2,33,1,1,3,1,54,57,46,28,43,44,24,3,48,29,1,20,27,4,42,37,1,15,13,1,37:10,1,2022-23
2022-23,1627734,Domantas Sabonis,Domantas,1610612758,SAC,Sacramento Kings,0022200547,2023-01-01T00:00:00,SAC @ MEM,L,32.95,8,14,0.571,0,2,0.0,2,2,1.0,6,8,14,4,0,1,0,0,4,4,18,-1,43.8,1,0,38.0,1,48,48,48,58,25,14,48,27,3,27,54,66,1,5,43,19,66,78,15,29,1,39,44,42,49,45,1,15,50,1,32:57,1,2022-23
2022-23,1627734,Domantas Sabonis,Domantas,1610612758,SAC,Sacramento Kings,0022200563,2023-01-03T00:00:00,SAC @ UTA,W,38.858333333333334,8,13,0.615,0,1,0.0,5,5,1.0,3,11,14,8,2,0,0,1,5,6,21,21,47.8,1,0,43.0,1,1,1,1,12,25,24,36,27,23,27,26,39,1,28,17,19,24,44,48,29,37,59,15,28,7,32,1,15,35,1,38:52,1,2022-23
2022-23,1627734,Domantas Sabonis,Domantas,1610612758,SAC,Sacramento Kings,0022200575,2023-01-04T00:00:00,SAC vs. ATL,L,39.5,7,13,0.538,0,0,0.0,6,8,0.75,4,10,14,8,4,2,1,1,4,5,20,-5,53.8,1,0,48.0,1,48,48,48,7,37,24,55,27,60,27,16,13,32,16,23,19,24,12,5,10,37,39,27,32,57,16,1,15,17,1,39:30,1,2022-23
2022-23,1627734,Domantas Sabonis,Domantas,1610612758,SAC,Sacramento Kings,0022200595,2023-01-07T00:00:00,SAC vs. LAL,L,35.733333333333334,10,17,0.588,0,2,0.0,5,7,0.714,2,10,12,7,4,0,1,0,6,5,25,4,48.9,1,0,46.0,1,48,48,48,38,7,6,43,27,3,27,26,24,41,47,23,36,34,12,48,10,1,71,27,9,37,26,1,15,20,1,35:44,1,2022-23
2022-23,1627734,Domantas Sabonis,Domantas,1610612758,SAC,Sacramento Kings,0022200610,2023-01-09T00:00:00,SAC vs. ORL,W,31.783333333333335,5,12,0.417,1,1,1.0,1,2,0.5,2,8,10,8,3,0,0,2,0,5,12,14,33.0,1,0,31.0,1,1,1,1,63,60,33,72,6,23,1,69,66,62,47,43,52,24,23,48,29,64,1,27,70,11,74,1,15,72,1,31:47,1,2022-23
2022-23,1627734,Domantas Sabonis,Domantas,1610612758,SAC,Sacramento Kings,0022200625,2023-01-11T00:00:00,SAC vs. HOU,W,37.95,9,12,0.75,0,0,0.0,7,9,0.778,2,12,14,9,4,0,0,0,3,7,25,13,51.3,1,0,48.0,1,1,1,1,17,17,33,17,27,60,27,8,11,31,47,12,19,19,12,48,29,1,20,9,9,12,20,1,15,17,1,37:57,1,2022-23
2022-23,1627734,Domantas Sabonis,Domantas,1610612758,SAC,Sacramento Kings,0022200640,2023-01-13T00:00:00,SAC vs. HOU,W,37.455,6,14,0.429,0,3,0.0,7,10,0.7,5,10,15,16,2,2,2,2,3,6,19,26,71.0,1,1,58.0,1,1,1,1,25,49,14,71,27,1,27,8,7,44,10,23,14,1,44,5,2,64,20,15,37,4,1,1,1,2,1,37:27,1,2022-23
2022-23,1627734,Domantas Sabonis,Domantas,1610612758,SAC,Sacramento Kings,0022200652,2023-01-15T00:00:00,SAC @ SAS,W,35.12166666666667,7,14,0.5,0,1,0.0,4,4,1.0,4,14,18,8,2,0,0,1,4,4,18,10,49.6,1,0,44.0,1,1,1,1,42,37,14,60,27,23,27,35,46,1,16,4,6,24,44,48,29,37,39,44,42,22,24,1,15,30,1,35:07,1,2022-23
2022-23,1627734,Domantas Sabonis,Domantas,1610612758,SAC,Sacramento Kings,0022200691,2023-01-20T00:00:00,SAC vs. OKC,W,37.78333333333333,5,9,0.556,0,1,0.0,8,8,1.0,4,10,14,14,6,0,0,0,3,5,18,4,49.8,1,1,46.0,1,1,1,1,20,60,64,51,27,23,27,5,13,1,16,23,19,3,4,48,29,1,20,27,42,37,23,1,1,20,1,37:47,1,2022-23
2022-23,1627734,Domantas Sabonis,Domantas,1610612758,SAC,Sacramento Kings,0022200698,2023-01-21T00:00:00,SAC vs. PHI,L,37.68333333333333,7,10,0.7,0,1,0.0,2,4,0.5,1,8,9,10,4,0,0,0,3,4,16,-2,37.8,1,0,35.0,1,48,48,48,23,37,51,24,27,23,27,54,46,62,71,43,64,10,12,48,29,1,20,44,55,51,65,1,15,62,1,37:41,1,2022-23
2022-23,1627734,Domantas Sabonis,Domantas,1610612758,SAC,Sacramento Kings,0022200712,2023-01-23T00:00:00,SAC vs. MEM,W,30.333333333333332,7,13,0.538,0,1,0.0,0,0,0.0,2,8,10,11,8,0,0,1,3,3,14,22,34.5,1,1,35.0,1,1,1,1,70,37,24,55,27,23,27,75,75,75,47,43,52,6,2,48,29,37,20,55,64,5,72,1,1,62,1,30:20,1,2022-23
2022-23,1627734,Domantas Sabonis,Domantas,1610612758,SAC,Sacramento Kings,0022200728,2023-01-25T00:00:00,SAC vs. TOR,L,34.65,4,9,0.444,1,1,1.0,0,0,0.0,2,6,8,4,9,3,0,2,3,5,9,-11,24.6,0,0,28.0,1,48,48,48,45,70,64,70,6,23,1,75,75,75,47,65,70,66,1,1,29,64,20,27,77,67,79,66,15,76,1,34:39,1,2022-23
2022-23,1627734,Domantas Sabonis,Domantas,1610612758,SAC,Sacramento Kings,0022200746,2023-01-28T00:00:00,SAC @ MIN,L,39.4,9,13,0.692,0,1,0.0,5,8,0.625,4,6,10,5,3,0,0,1,4,7,23,-5,39.5,1,0,38.0,1,48,48,48,8,17,24,28,27,23,27,26,13,53,16,65,52,58,23,48,29,37,39,9,18,57,60,1,15,50,1,39:24,1,2022-23
2022-23,1627734,Domantas Sabonis,Domantas,1610612758,SAC,Sacramento Kings,0022200758,2023-01-30T00:00:00,SAC @ MIN,W,36.04666666666667,7,10,0.7,0,0,0.0,3,4,0.75,2,11,13,1,3,1,2,0,6,4,17,3,40.1,1,0,37.0,1,1,1,1,37,37,51,24,27,60,27,41,46,32,47,17,28,78,23,15,2,1,71,44,50,42,58,1,15,57,1,36:03,1,2022-23
2022-23,1627734,Domantas Sabonis,Domantas,1610612758,SAC,Sacramento Kings,0022200775,2023-02-01T00:00:00,SAC @ SAS,W,36.68333333333333,15,20,0.75,1,2,0.5,3,5,0.6,2,9,11,4,3,2,2,0,3,3,34,4,62.2,1,0,58.0,1,1,1,1,34,1,2,17,6,3,20,41,39,56,47,33,44,66,23,5,2,1,20,55,1,37,5,1,15,2,1,36:41,1,2022-23
2022-23,1627734,Domantas Sabonis,Domantas,1610612758,SAC,Sacramento Kings,0022200786,2023-02-03T00:00:00,SAC @ IND,L,37.71666666666667,6,13,0.462,0,2,0.0,3,4,0.75,4,12,16,6,4,1,1,1,3,3,15,-3,45.2,1,0,41.0,1,48,48,48,22,49,24,69,27,3,27,41,46,32,16,12,12,49,12,15,10,37,20,55,60,54,39,1,15,38,1,37:43,1,2022-23
2022-23,1627734,Domantas Sabonis,Domantas,1610612758,SAC,Sacramento Kings,0022200807,2023-02-05T00:00:00,SAC @ NOP,L,27.466666666666665,5,10,0.5,1,1,1.0,1,1,1.0,2,9,11,3,2,0,0,1,2,1,12,-32,27.7,1,0,27.0,1,48,48,48,73,60,51,60,6,23,1,69,73,1,47,33,44,75,44,48,29,37,9,74,70,79,77,1,15,77,1,27:28,1,2022-23
2022-23,1627734,Domantas Sabonis,Domantas,1610612758,SAC,Sacramento Kings,0022200812,2023-02-06T00:00:00,SAC @ HOU,W,31.75,7,10,0.7,1,2,0.5,2,2,1.0,1,6,7,10,2,2,0,0,5,1,17,5,44.4,1,0,39.0,1,1,1,1,64,37,51,24,6,3,20,54,66,1,71,65,74,10,44,5,29,1,59,74,50,35,42,1,15,44,1,31:45,1,2022-23
2022-23,1627734,Domantas Sabonis,Domantas,1610612758,SAC,Sacramento Kings,0022200827,2023-02-08T00:00:00,SAC @ HOU,W,32.04666666666667,8,15,0.533,0,2,0.0,6,7,0.857,3,6,9,5,1,1,0,2,5,6,22,4,42.3,0,0,38.0,1,1,1,1,62,25,8,58,27,3,27,16,24,27,28,65,64,58,66,15,29,64,59,15,23,37,51,66,15,50,1,32:03,1,2022-23
2022-23,1627734,Domantas Sabonis,Domantas,1610612758,SAC,Sacramento Kings,0022200844,2023-02-10T00:00:00,SAC vs. DAL,L,37.24,6,12,0.5,0,1,0.0,6,7,0.857,3,8,11,7,2,2,0,0,6,4,18,-15,45.7,1,0,40.0,1,48,48,48,28,49,33,60,27,23,27,16,24,27,28,43,44,34,44,5,29,1,71,44,42,71,38,1,15,40,1,37:14,1,2022-23
2022-23,1627734,Domantas Sabonis,Domantas,1610612758,SAC,Sacramento Kings,0022200854,2023-02-11T00:00:00,SAC vs. DAL,W,41.18333333333333,10,12,0.833,0,0,0.0,2,2,1.0,4,10,14,2,1,1,0,1,6,1,22,1,43.8,1,0,40.0,1,1,1,1,1,7,33,5,27,60,27,54,66,1,16,23,19,77,66,15,29,37,71,74,23,46,45,1,15,40,1,41:11,1,2022-23
2022-23,1627734,Domantas Sabonis,Domantas,1610612758,SAC,Sacramento Kings,0022200870,2023-02-14T00:00:00,SAC @ PHX,L,37.721666666666664,7,12,0.583,0,1,0.0,10,10,1.0,6,9,15,7,4,2,0,0,3,7,24,-19,54.5,1,0,50.0,1,48,48,48,21,37,33,45,27,23,27,2,7,1,5,33,14,34,12,5,29,1,20,9,12,76,14,1,15,12,1,37:43,1,2022-23
2022-23,1627734,Domantas Sabonis,Domantas,1610612758,SAC,Sacramento Kings,0022200894,2023-02-23T00:00:00,SAC vs. POR,W,31.516666666666666,6,10,0.6,0,1,0.0,6,6,1.0,3,14,17,10,5,3,0,0,0,3,18,2,57.4,1,1,51.0,1,1,1,1,66,49,51,38,27,23,27,16,31,1,28,4,8,10,7,1,29,1,1,55,42,45,9,1,1,11,1,31:31,1,2022-23
2022-23,1627734,Domantas Sabonis,Domantas,1610612758,SAC,Sacramento Kings,0022200902,2023-02-24T00:00:00,SAC @ LAC,W,31.233333333333334,8,14,0.571,0,1,0.0,4,4,1.0,4,6,10,4,5,1,1,0,6,3,20,-2,39.0,1,0,38.0,1,1,1,1,67,25,14,48,27,23,27,35,46,1,16,65,52,66,7,15,10,1,71,55,32,51,61,1,15,50,1,31:14,1,2022-23
2022-23,1627734,Domantas Sabonis,Domantas,1610612758,SAC,Sacramento Kings,0022200915,2023-02-26T00:00:00,SAC @ OKC,W,35.53666666666667,6,8,0.75,1,1,1.0,1,3,0.333,2,13,15,8,4,0,0,0,3,3,14,12,40.0,1,0,38.0,1,1,1,1,39,49,70,17,6,23,1,69,57,72,47,10,14,24,12,48,29,1,20,55,64,15,59,1,15,50,1,35:32,1,2022-23
2022-23,1627734,Domantas Sabonis,Domantas,1610612758,SAC,Sacramento Kings,0022200928,2023-02-28T00:00:00,SAC @ OKC,W,33.61666666666667,8,10,0.8,0,0,0.0,6,8,0.75,2,11,13,9,4,0,1,0,4,5,22,22,50.1,1,0,46.0,1,1,1,1,52,25,51,9,27,60,27,16,13,32,47,17,28,19,12,48,10,1,39,27,23,5,22,1,15,20,1,33:37,1,2022-23
2022-23,1627734,Domantas Sabonis,Domantas,1610612758,SAC,Sacramento Kings,0022200954,2023-03-03T00:00:00,SAC vs. LAC,W,34.81,10,13,0.769,0,0,0.0,3,3,1.0,2,8,10,7,3,1,1,1,2,3,23,-6,48.5,1,0,44.0,1,1,1,1,43,7,24,15,27,60,27,41,57,1,47,43,52,34,23,15,10,37,9,55,18,61,30,1,15,30,1,34:49,1,2022-23
2022-23,1627734,Domantas Sabonis,Domantas,1610612758,SAC,Sacramento Kings,0022200961,2023-03-04T00:00:00,SAC vs. MIN,L,32.75833333333333,10,18,0.556,1,1,1.0,3,5,0.6,6,8,14,5,0,0,0,2,5,4,24,-9,48.3,1,0,44.0,1,48,48,48,59,7,4,51,6,23,1,41,39,56,5,43,19,58,78,48,29,64,59,44,12,66,31,1,15,30,1,32:46,1,2022-23
2022-23,1627734,Domantas Sabonis,Domantas,1610612758,SAC,Sacramento Kings,0022200976,2023-03-06T00:00:00,SAC vs. NOP,W,33.97,8,13,0.615,1,1,1.0,2,3,0.667,5,6,11,11,6,1,1,2,5,2,19,0,48.7,1,1,46.0,1,1,1,1,50,25,24,36,6,23,1,54,57,46,10,65,44,6,4,15,10,64,59,72,37,48,28,1,1,20,1,33:58,1,2022-23
2022-23,1627734,Domantas Sabonis,Domantas,1610612758,SAC,Sacramento Kings,0022200997,2023-03-09T00:00:00,SAC vs. NYK,W,36.95333333333333,9,15,0.6,0,0,0.0,6,8,0.75,3,10,13,10,3,0,1,0,4,6,24,-2,54.6,1,1,49.0,1,1,1,1,32,17,8,38,27,60,27,16,13,32,28,23,28,10,23,48,10,1,39,15,12,51,13,1,1,13,1,36:57,1,2022-23
2022-23,1627734,Domantas Sabonis,Domantas,1610612758,SAC,Sacramento Kings,0022201013,2023-03-11T00:00:00,SAC @ PHX,W,35.38333333333333,5,10,0.5,0,0,0.0,7,10,0.7,3,5,8,4,3,2,0,1,1,9,17,3,35.6,0,0,33.0,1,1,1,1,40,60,51,60,27,60,27,8,7,44,28,74,70,66,23,5,29,37,3,3,50,42,70,66,15,68,1,35:23,1,2022-23
2022-23,1627734,Domantas Sabonis,Domantas,1610612758,SAC,Sacramento Kings,0022201026,2023-03-13T00:00:00,SAC vs. MIL,L,39.1,11,23,0.478,1,2,0.5,0,0,0.0,10,7,17,15,1,0,0,1,3,7,23,-19,64.9,1,1,56.0,1,48,48,48,10,5,1,68,6,3,20,75,75,75,1,58,8,2,66,48,29,37,20,9,18,76,3,1,1,6,1,39:06,1,2022-23
2022-23,1627734,Domantas Sabonis,Domantas,1610612758,SAC,Sacramento Kings,0022201037,2023-03-15T00:00:00,SAC @ CHI,W,40.163333333333334,6,10,0.6,0,0,0.0,2,3,0.667,3,14,17,10,3,1,1,1,5,3,14,10,52.4,1,1,45.0,1,1,1,1,5,49,51,38,27,60,27,54,57,46,28,4,8,10,23,15,10,37,59,55,64,22,18,1,1,25,1,40:10,1,2022-23
2022-23,1627734,Domantas Sabonis,Domantas,1610612758,SAC,Sacramento Kings,0022201043,2023-03-16T00:00:00,SAC @ BKN,W,38.733333333333334,8,14,0.571,0,2,0.0,8,9,0.889,7,14,21,5,4,0,4,3,3,8,24,6,64.7,1,0,58.0,1,1,1,1,13,25,14,48,27,3,27,5,11,23,2,4,3,58,12,48,1,76,20,4,12,28,4,1,15,2,1,38:44,1,2022-23
2022-23,1627734,Domantas Sabonis,Domantas,1610612758,SAC,Sacramento Kings,0022201059,2023-03-18T00:00:00,SAC @ WAS,W,33.233333333333334,10,12,0.833,0,1,0.0,10,12,0.833,2,7,9,10,1,1,1,0,2,8,30,27,60.8,1,0,53.0,1,1,1,1,53,7,33,5,27,23,27,2,2,30,47,58,64,10,66,15,10,1,9,4,3,3,8,1,15,7,1,33:14,1,2022-23
2022-23,1627734,Domantas Sabonis,Domantas,1610612758,SAC,Sacramento Kings,0022201076,2023-03-20T00:00:00,SAC @ UTA,L,38.06666666666667,4,11,0.364,0,0,0.0,3,4,0.75,2,10,12,9,1,1,0,4,3,4,11,-7,40.9,1,0,34.0,1,48,48,48,15,70,45,76,27,60,27,41,46,32,47,23,36,19,66,15,29,79,20,44,72,64,56,1,15,65,1,38:04,1,2022-23
2022-23,1627734,Domantas Sabonis,Domantas,1610612758,SAC,Sacramento Kings,0022201081,2023-03-21T00:00:00,SAC vs. BOS,L,36.945,7,12,0.583,0,1,0.0,2,6,0.333,4,9,13,12,6,1,0,1,2,5,16,-15,46.6,1,1,43.0,1,48,48,48,33,37,33,45,27,23,27,54,31,72,16,33,28,4,4,15,29,37,9,27,55,71,36,1,1,35,1,36:57,1,2022-23
2022-23,1627734,Domantas Sabonis,Domantas,1610612758,SAC,Sacramento Kings,0022201105,2023-03-24T00:00:00,SAC vs. PHX,W,37.81666666666667,10,15,0.667,0,1,0.0,7,8,0.875,2,7,9,9,1,1,0,3,4,6,27,11,53.3,0,0,47.0,1,1,1,1,18,7,8,29,27,23,27,8,13,24,47,58,64,19,66,15,29,76,39,15,6,18,17,66,15,19,1,37:49,1,2022-23
2022-23,1627734,Domantas Sabonis,Domantas,1610612758,SAC,Sacramento Kings,0022201111,2023-03-25T00:00:00,SAC vs. UTA,W,38.11666666666667,7,14,0.5,1,1,1.0,1,2,0.5,6,9,15,7,2,0,0,0,1,1,16,13,42.5,1,0,39.0,1,1,1,1,14,37,14,60,6,23,1,69,66,62,5,33,14,34,44,48,29,1,3,74,55,12,50,1,15,44,1,38:07,1,2022-23
2022-23,1627734,Domantas Sabonis,Domantas,1610612758,SAC,Sacramento Kings,0022201128,2023-03-27T00:00:00,SAC vs. MIN,L,39.931666666666665,11,14,0.786,0,0,0.0,2,3,0.667,3,7,10,4,3,1,0,0,6,3,24,-7,42.0,1,0,40.0,1,48,48,48,6,5,14,14,27,60,27,54,57,46,28,58,52,66,23,15,29,1,71,55,12,64,52,1,15,40,1,39:56,1,2022-23
2022-23,1627734,Domantas Sabonis,Domantas,1610612758,SAC,Sacramento Kings,0022201145,2023-03-29T00:00:00,SAC @ POR,W,26.5,5,7,0.714,0,0,0.0,5,8,0.625,2,10,12,4,2,1,0,0,1,5,15,6,36.4,1,0,33.0,1,1,1,1,74,60,74,22,27,60,27,26,13,53,47,23,36,66,44,15,29,1,3,27,60,28,67,1,15,68,1,26:30,1,2022-23
2022-23,1627734,Domantas Sabonis,Domantas,1610612758,SAC,Sacramento Kings,0022201159,2023-03-31T00:00:00,SAC @ POR,W,33.0,9,14,0.643,0,0,0.0,2,5,0.4,3,9,12,8,5,2,0,1,2,4,20,21,47.4,1,0,44.0,1,1,1,1,57,17,14,33,27,60,27,54,39,70,28,33,36,24,7,5,29,37,9,44,32,7,34,1,15,30,1,33:00,1,2022-23
2022-23,1627734,Domantas Sabonis,Domantas,1610612758,SAC,Sacramento Kings,0022201170,2023-04-02T00:00:00,SAC vs. SAS,L,39.33166666666666,9,12,0.75,1,1,1.0,7,12,0.583,2,6,8,6,3,1,1,1,4,7,26,-18,47.6,0,0,45.0,1,48,48,48,9,17,33,17,6,23,1,8,2,59,47,65,70,49,23,15,10,37,39,9,7,75,33,66,15,25,1,39:20,1,2022-23
2022-23,1627734,Domantas Sabonis,Domantas,1610612758,SAC,Sacramento Kings,0022201185,2023-04-04T00:00:00,SAC @ NOP,W,32.083333333333336,7,12,0.583,1,2,0.5,1,2,0.5,3,9,12,11,2,0,0,2,3,1,16,6,44.9,1,1,40.0,1,1,1,1,61,37,33,45,6,3,20,69,66,62,28,33,36,6,44,48,29,64,20,74,55,28,40,1,1,40,1,32:05,1,2022-23
2022-23,1627734,Domantas Sabonis,Domantas,1610612758,SAC,Sacramento Kings,0022201195,2023-04-05T00:00:00,SAC @ DAL,L,34.67666666666667,8,11,0.727,1,1,1.0,2,6,0.333,3,8,11,11,3,1,0,0,4,3,19,-14,48.7,1,1,44.0,1,48,48,48,44,25,45,21,6,23,1,54,31,72,28,43,44,6,23,15,29,1,39,55,37,69,28,1,1,30,1,34:41,1,2022-23
2022-23,1627734,Domantas Sabonis,Domantas,1610612758,SAC,Sacramento Kings,0022201227,2023-04-09T00:00:00,SAC @ DEN,L,18.683333333333334,6,9,0.667,0,0,0.0,2,3,0.667,5,4,9,5,2,0,2,0,2,4,14,6,36.3,0,0,32.0,1,48,48,48,79,49,64,29,27,60,27,54,57,46,10,76,64,58,44,48,2,1,9,44,64,28,68,66,15,71,1,18:41,1,2022-23
2023-24,1627734,Domantas Sabonis,Domantas,1610612758,SAC,Sacramento Kings,0022300072,2023-10-25T00:00:00,SAC @ UTA,W,32.13333333333333,8,14,0.571,1,2,0.5,5,7,0.714,6,6,12,5,3,1,2,1,3,7,22,5,49.9,1,0,46.0,1,1,1,1,67,28,26,44,5,8,20,18,18,36,9,70,45,65,36,21,4,37,32,8,24,37,43,1,27,37,1,32:08,1,2023-24
2023-24,1627734,Domantas Sabonis,Domantas,1610612758,SAC,Sacramento Kings,0022300087,2023-10-27T00:00:00,SAC vs. GSW,L,35.81666666666667,7,15,0.467,0,2,0.0,5,6,0.833,4,14,18,7,1,3,0,0,1,5,19,-9,59.1,1,0,50.0,1,47,47,47,41,40,20,65,30,8,30,18,23,21,30,9,12,46,69,1,35,1,3,25,39,63,16,1,27,25,1,35:49,1,2023-24
2023-24,1627734,Domantas Sabonis,Domantas,1610612758,SAC,Sacramento Kings,0022300100,2023-10-29T00:00:00,SAC vs. LAL,W,34.0,5,8,0.625,1,1,1.0,1,3,0.333,1,14,15,5,3,1,0,1,6,3,12,5,37.5,1,0,35.0,1,1,1,1,58,69,74,38,5,24,1,68,57,70,69,9,24,65,36,21,35,37,77,58,73,37,72,1,27,71,1,34:00,1,2023-24
2023-24,1627734,Domantas Sabonis,Domantas,1610612758,SAC,Sacramento Kings,0022300126,2023-11-01T00:00:00,SAC @ GSW,L,37.096666666666664,8,16,0.5,0,1,0.0,7,12,0.583,3,8,11,8,2,0,0,3,2,8,23,-4,46.2,1,0,42.0,1,47,47,47,33,28,15,54,30,24,30,4,2,59,40,53,52,38,54,49,35,72,15,5,20,53,52,1,27,48,1,37:06,1,2023-24
2023-24,1627734,Domantas Sabonis,Domantas,1610612758,SAC,Sacramento Kings,0022300137,2023-11-04T00:00:00,SAC @ HOU,L,30.711666666666666,5,10,0.5,0,2,0.0,1,4,0.25,3,12,15,4,5,1,2,0,2,5,11,-26,39.0,1,0,36.0,1,47,47,47,72,69,61,54,30,8,30,68,41,71,40,20,24,75,10,21,4,1,15,25,76,78,66,1,27,66,1,30:43,1,2023-24
2023-24,1627734,Domantas Sabonis,Domantas,1610612758,SAC,Sacramento Kings,0022300153,2023-11-06T00:00:00,SAC @ HOU,L,30.316666666666666,3,4,0.75,0,0,0.0,2,3,0.667,3,5,8,5,4,0,0,0,4,4,8,-24,21.1,0,0,21.0,1,47,47,47,76,77,82,12,30,58,30,48,57,40,40,74,79,65,20,49,35,1,53,34,81,74,81,78,27,81,1,30:19,1,2023-24
2023-24,1627734,Domantas Sabonis,Domantas,1610612758,SAC,Sacramento Kings,0022300170,2023-11-08T00:00:00,SAC vs. POR,W,39.65,11,14,0.786,0,0,0.0,5,7,0.714,7,4,11,9,6,1,1,1,4,7,27,-5,53.7,1,0,51.0,1,1,1,1,11,9,26,9,30,58,30,18,18,36,5,81,52,30,3,21,12,37,53,8,10,58,28,1,27,19,1,39:39,1,2023-24
2023-24,1627734,Domantas Sabonis,Domantas,1610612758,SAC,Sacramento Kings,0022300016,2023-11-10T00:00:00,SAC vs. OKC,W,38.2,7,15,0.467,0,0,0.0,3,6,0.5,6,7,13,13,5,1,2,2,5,5,17,11,56.1,1,1,49.0,1,1,1,1,23,40,20,65,30,58,30,39,23,63,9,64,37,4,10,21,4,57,68,25,47,19,23,1,1,29,1,38:12,1,2023-24
2023-24,1627734,Domantas Sabonis,Domantas,1610612758,SAC,Sacramento Kings,0022300191,2023-11-13T00:00:00,SAC vs. CLE,W,35.416666666666664,8,10,0.8,1,2,0.5,6,11,0.545,0,9,9,10,3,0,2,0,4,6,23,6,51.8,1,0,47.0,1,1,1,1,44,28,61,7,5,8,20,9,3,62,79,46,77,18,36,49,4,1,53,14,20,35,36,1,27,33,1,35:25,1,2023-24
2023-24,1627734,Domantas Sabonis,Domantas,1610612758,SAC,Sacramento Kings,0022300198,2023-11-15T00:00:00,SAC @ LAL,W,38.79833333333333,13,19,0.684,1,1,1.0,2,2,1.0,5,11,16,7,4,3,1,2,3,4,29,20,66.7,1,0,61.0,1,1,1,1,19,5,4,28,5,24,1,48,67,1,14,25,20,46,20,1,12,57,32,34,7,7,5,1,27,5,1,38:48,1,2023-24
2023-24,1627734,Domantas Sabonis,Domantas,1610612758,SAC,Sacramento Kings,0022300032,2023-11-17T00:00:00,SAC @ SAS,W,35.28333333333333,9,13,0.692,2,3,0.667,7,8,0.875,2,12,14,7,4,0,1,2,5,6,27,6,53.3,1,0,52.0,1,1,1,1,45,18,41,24,1,1,17,4,12,17,52,20,31,46,20,49,12,57,68,14,10,35,29,1,27,13,1,35:17,1,2023-24
2023-24,1627734,Domantas Sabonis,Domantas,1610612758,SAC,Sacramento Kings,0022300212,2023-11-19T00:00:00,SAC @ DAL,W,34.71666666666667,13,15,0.867,0,2,0.0,6,10,0.6,3,10,13,6,1,0,0,0,2,6,32,16,55.6,1,0,51.0,1,1,1,1,53,5,20,5,30,8,30,9,4,53,40,36,37,58,69,49,35,1,15,14,4,13,25,1,27,19,1,34:43,1,2023-24
2023-24,1627734,Domantas Sabonis,Domantas,1610612758,SAC,Sacramento Kings,0022300222,2023-11-20T00:00:00,SAC @ NOP,L,30.671666666666667,4,8,0.5,0,0,0.0,2,3,0.667,5,5,10,8,5,0,0,0,4,2,10,-36,29.0,1,0,28.0,1,47,47,47,73,74,74,54,30,58,30,48,57,40,14,74,66,38,10,49,35,1,53,73,79,82,80,1,27,79,1,30:40,1,2023-24
2023-24,1627734,Domantas Sabonis,Domantas,1610612758,SAC,Sacramento Kings,0022300233,2023-11-22T00:00:00,SAC @ NOP,L,35.541666666666664,8,11,0.727,0,0,0.0,7,10,0.7,2,7,9,6,3,0,1,0,3,6,23,12,42.8,0,0,40.0,1,47,47,47,43,28,53,18,30,58,30,4,4,38,52,64,77,58,36,49,12,1,32,14,20,17,57,78,27,56,1,35:33,1,2023-24
2023-24,1627734,Domantas Sabonis,Domantas,1610612758,SAC,Sacramento Kings,0022300050,2023-11-24T00:00:00,SAC @ MIN,W,39.405,7,15,0.467,1,1,1.0,0,1,0.0,5,6,11,5,2,2,3,1,6,3,15,-7,48.7,1,0,42.0,1,1,1,1,15,40,20,65,5,24,1,76,75,76,14,70,52,65,54,7,1,37,77,58,59,60,46,1,27,48,1,39:24,1,2023-24
2023-24,1627734,Domantas Sabonis,Domantas,1610612758,SAC,Sacramento Kings,0022300060,2023-11-28T00:00:00,SAC vs. GSW,W,36.666666666666664,2,7,0.286,0,1,0.0,5,6,0.833,2,6,8,10,1,1,0,0,3,4,9,-3,35.6,0,0,29.0,1,1,1,1,34,81,78,80,30,24,30,18,23,21,52,70,79,18,69,21,35,1,32,34,80,50,73,78,27,78,1,36:40,1,2023-24
2023-24,1627734,Domantas Sabonis,Domantas,1610612758,SAC,Sacramento Kings,0022300264,2023-11-29T00:00:00,SAC vs. LAC,L,30.55,3,12,0.25,2,3,0.667,3,4,0.75,1,4,5,3,1,0,0,3,3,3,11,-19,20.5,0,0,21.0,1,47,47,47,74,77,47,82,1,1,17,39,41,31,69,81,82,80,69,49,35,72,32,58,76,71,82,78,27,81,1,30:33,1,2023-24
2023-24,1627734,Domantas Sabonis,Domantas,1610612758,SAC,Sacramento Kings,0022300290,2023-12-02T00:00:00,SAC vs. DEN,W,36.1,7,18,0.389,1,3,0.333,2,3,0.667,2,13,15,7,2,1,0,2,5,3,17,-8,46.5,1,0,42.0,1,1,1,1,39,40,8,75,5,1,27,48,57,40,52,14,24,46,54,21,35,57,68,58,47,62,50,1,27,48,1,36:06,1,2023-24
2023-24,1627734,Domantas Sabonis,Domantas,1610612758,SAC,Sacramento Kings,0022301204,2023-12-04T00:00:00,SAC vs. NOP,L,36.36666666666667,8,12,0.667,0,1,0.0,10,10,1.0,5,8,13,10,1,2,1,1,2,6,26,5,64.6,1,1,55.0,1,47,47,47,36,28,47,29,30,24,30,2,4,1,14,53,37,18,69,7,12,37,15,14,12,37,6,1,1,8,1,36:22,1,2023-24
2023-24,1627734,Domantas Sabonis,Domantas,1610612758,SAC,Sacramento Kings,0022301228,2023-12-08T00:00:00,SAC @ PHX,W,38.388333333333335,6,11,0.545,0,0,0.0,3,4,0.75,4,13,17,5,4,0,0,0,4,5,15,3,38.9,1,0,37.0,1,1,1,1,22,57,53,50,30,58,30,39,41,31,30,14,15,65,20,49,35,1,53,25,59,41,68,1,27,63,1,38:23,1,2023-24
2023-24,1627734,Domantas Sabonis,Domantas,1610612758,SAC,Sacramento Kings,0022300303,2023-12-11T00:00:00,SAC vs. BKN,W,34.266666666666666,6,14,0.429,1,1,1.0,2,4,0.5,4,12,16,9,4,2,0,2,2,5,15,11,49.7,1,0,45.0,1,1,1,1,56,57,26,71,5,24,1,48,41,63,30,20,20,30,20,7,35,57,15,25,59,19,44,1,27,42,1,34:16,1,2023-24
2023-24,1627734,Domantas Sabonis,Domantas,1610612758,SAC,Sacramento Kings,0022300309,2023-12-12T00:00:00,SAC @ LAC,L,25.733333333333334,5,11,0.455,0,2,0.0,5,8,0.625,5,5,10,3,2,2,0,1,3,4,15,-23,35.5,1,0,32.0,1,47,47,47,82,69,53,69,30,8,30,18,12,50,14,74,66,80,54,7,35,37,32,34,59,73,74,1,27,75,1,25:44,1,2023-24
2023-24,1627734,Domantas Sabonis,Domantas,1610612758,SAC,Sacramento Kings,0022300324,2023-12-14T00:00:00,SAC vs. OKC,W,40.16166666666667,8,14,0.571,1,2,0.5,1,2,0.5,2,14,16,7,2,0,0,3,2,4,18,-1,45.7,1,0,42.0,1,1,1,1,9,28,26,44,5,8,20,68,67,63,52,9,20,46,54,49,35,72,15,34,41,46,53,1,27,48,1,40:10,1,2023-24
2023-24,1627734,Domantas Sabonis,Domantas,1610612758,SAC,Sacramento Kings,0022300342,2023-12-16T00:00:00,SAC vs. UTA,W,34.666666666666664,9,10,0.9,0,1,0.0,2,4,0.5,2,8,10,8,6,2,0,1,1,4,20,34,44.0,1,0,42.0,1,1,1,1,54,18,61,3,30,24,30,48,41,63,52,53,66,38,3,7,35,37,3,34,36,2,54,1,27,48,1,34:40,1,2023-24
2023-24,1627734,Domantas Sabonis,Domantas,1610612758,SAC,Sacramento Kings,0022300358,2023-12-18T00:00:00,SAC vs. WAS,W,32.13333333333333,11,16,0.688,1,1,1.0,5,6,0.833,3,10,13,12,2,0,1,4,1,4,28,25,62.6,1,1,56.0,1,1,1,1,67,9,15,26,5,24,1,18,23,21,40,36,37,8,54,49,12,80,3,34,8,6,8,1,1,7,1,32:08,1,2023-24
2023-24,1627734,Domantas Sabonis,Domantas,1610612758,SAC,Sacramento Kings,0022300373,2023-12-20T00:00:00,SAC vs. BOS,L,26.366666666666667,6,14,0.429,0,1,0.0,1,4,0.25,5,5,10,8,1,0,1,3,2,3,13,-25,39.0,1,0,33.0,1,47,47,47,81,57,26,71,30,24,30,68,41,71,14,74,66,38,69,49,12,72,15,58,67,75,66,1,27,73,1,26:22,1,2023-24
2023-24,1627734,Domantas Sabonis,Domantas,1610612758,SAC,Sacramento Kings,0022300387,2023-12-22T00:00:00,SAC vs. PHX,W,34.61666666666667,12,15,0.8,0,2,0.0,4,5,0.8,1,10,11,12,3,0,0,0,3,4,28,27,56.2,1,1,51.0,1,1,1,1,55,7,20,7,30,8,30,31,35,29,69,36,52,8,36,49,35,1,32,34,8,4,21,1,1,19,1,34:37,1,2023-24
2023-24,1627734,Domantas Sabonis,Domantas,1610612758,SAC,Sacramento Kings,0022300400,2023-12-23T00:00:00,SAC vs. MIN,L,39.03333333333333,7,12,0.583,0,1,0.0,3,5,0.6,1,9,10,10,3,1,0,0,3,4,17,-17,44.0,1,1,39.0,1,47,47,47,17,40,47,43,30,24,30,39,35,53,69,46,66,18,36,21,35,1,32,34,47,68,54,1,1,58,1,39:02,1,2023-24
2023-24,1627734,Domantas Sabonis,Domantas,1610612758,SAC,Sacramento Kings,0022300413,2023-12-26T00:00:00,SAC @ POR,L,36.45,14,19,0.737,0,0,0.0,6,7,0.857,3,9,12,5,2,0,0,0,4,10,34,-9,53.9,1,0,51.0,1,47,47,47,35,2,4,15,30,58,30,9,18,20,40,46,45,65,54,49,35,1,53,2,3,63,27,1,27,19,1,36:27,1,2023-24
2023-24,1627734,Domantas Sabonis,Domantas,1610612758,SAC,Sacramento Kings,0022300431,2023-12-29T00:00:00,SAC @ ATL,W,35.13333333333333,12,17,0.706,0,0,0.0,1,4,0.25,2,8,10,7,1,0,0,1,2,4,25,-4,46.5,1,0,42.0,1,1,1,1,47,7,10,21,30,58,30,68,41,71,52,53,66,46,69,49,35,37,15,34,14,53,50,1,27,48,1,35:08,1,2023-24
2023-24,1627734,Domantas Sabonis,Domantas,1610612758,SAC,Sacramento Kings,0022300449,2023-12-31T00:00:00,SAC @ MEM,W,31.866666666666667,5,11,0.455,0,1,0.0,3,5,0.6,2,19,21,12,3,1,0,0,4,5,13,17,56.2,1,1,48.0,1,1,1,1,69,69,53,69,30,24,30,39,35,53,52,2,3,8,36,21,35,1,53,25,67,12,21,1,1,32,1,31:52,1,2023-24
2023-24,1627734,Domantas Sabonis,Domantas,1610612758,SAC,Sacramento Kings,0022300464,2024-01-02T00:00:00,SAC vs. CHA,L,34.81666666666667,11,21,0.524,1,1,1.0,0,1,0.0,9,10,19,4,11,1,0,4,5,1,23,-3,43.8,1,0,49.0,1,47,47,47,52,9,2,53,5,24,1,76,75,76,2,36,9,75,1,21,35,80,68,80,20,50,56,1,27,29,1,34:49,1,2023-24
2023-24,1627734,Domantas Sabonis,Domantas,1610612758,SAC,Sacramento Kings,0022300476,2024-01-03T00:00:00,SAC vs. ORL,W,45.486666666666665,8,14,0.571,0,0,0.0,6,9,0.667,6,17,23,12,6,2,1,0,2,7,22,10,70.6,1,1,63.0,1,1,1,1,1,28,26,44,30,58,30,9,10,40,9,4,2,8,3,7,12,1,15,8,24,23,3,1,1,3,1,45:29,1,2023-24
2023-24,1627734,Domantas Sabonis,Domantas,1610612758,SAC,Sacramento Kings,0022300492,2024-01-05T00:00:00,SAC vs. TOR,W,38.555,11,16,0.688,0,0,0.0,2,3,0.667,4,11,15,11,6,0,0,2,6,5,24,12,52.5,1,1,50.0,1,1,1,1,21,9,15,26,30,58,30,48,57,40,30,25,24,15,3,49,35,57,77,25,18,17,33,1,1,25,1,38:33,1,2023-24
2023-24,1627734,Domantas Sabonis,Domantas,1610612758,SAC,Sacramento Kings,0022300500,2024-01-07T00:00:00,SAC vs. NOP,L,28.916666666666668,8,12,0.667,1,2,0.5,0,1,0.0,0,10,10,6,3,1,0,2,2,3,17,-32,38.0,1,0,36.0,1,47,47,47,77,28,47,29,5,8,20,76,75,76,79,36,66,58,36,21,35,57,15,58,47,81,70,1,27,66,1,28:55,1,2023-24
2023-24,1627734,Domantas Sabonis,Domantas,1610612758,SAC,Sacramento Kings,0022300512,2024-01-09T00:00:00,SAC @ DET,W,37.96666666666667,16,21,0.762,1,1,1.0,4,4,1.0,5,5,10,13,5,3,0,1,3,4,37,28,72.5,1,1,67.0,1,1,1,1,29,1,2,11,5,24,1,31,41,1,14,74,66,4,10,1,35,37,32,34,1,3,2,1,1,2,1,37:58,1,2023-24
2023-24,1627734,Domantas Sabonis,Domantas,1610612758,SAC,Sacramento Kings,0022300518,2024-01-10T00:00:00,SAC @ CHA,W,27.966666666666665,9,13,0.692,1,2,0.5,5,6,0.833,1,9,10,7,2,0,1,1,2,3,24,-4,47.5,1,0,44.0,1,1,1,1,78,18,41,24,5,8,20,18,23,21,69,46,66,46,54,49,12,37,15,58,18,53,48,1,27,44,1,27:58,1,2023-24
2023-24,1627734,Domantas Sabonis,Domantas,1610612758,SAC,Sacramento Kings,0022300532,2024-01-12T00:00:00,SAC @ PHI,L,32.75,6,10,0.6,0,0,0.0,2,2,1.0,5,7,12,5,4,0,0,1,3,4,14,-20,31.9,1,0,31.0,1,47,47,47,65,57,61,40,30,58,30,48,67,1,14,64,45,65,20,49,35,37,32,34,63,72,77,1,27,77,1,32:45,1,2023-24
2023-24,1627734,Domantas Sabonis,Domantas,1610612758,SAC,Sacramento Kings,0022300552,2024-01-14T00:00:00,SAC @ MIL,L,44.93333333333333,9,10,0.9,1,1,1.0,2,2,1.0,3,10,13,15,3,1,1,0,3,4,21,7,62.1,1,1,54.0,1,47,47,47,2,18,61,3,5,24,1,48,67,1,40,36,37,1,36,21,12,1,32,34,29,31,9,1,1,10,1,44:56,1,2023-24
2023-24,1627734,Domantas Sabonis,Domantas,1610612758,SAC,Sacramento Kings,0022300567,2024-01-16T00:00:00,SAC @ PHX,L,39.31666666666667,9,11,0.818,1,1,1.0,2,4,0.5,2,10,12,11,2,0,1,0,2,4,21,-2,52.9,1,1,47.0,1,47,47,47,16,18,53,6,5,24,1,48,41,63,52,36,45,15,54,49,12,1,15,34,29,47,31,1,1,33,1,39:19,1,2023-24
2023-24,1627734,Domantas Sabonis,Domantas,1610612758,SAC,Sacramento Kings,0022300583,2024-01-18T00:00:00,SAC vs. IND,L,38.06,8,13,0.615,0,1,0.0,5,8,0.625,0,11,11,10,3,0,1,3,5,4,21,-4,49.2,1,1,44.0,1,47,47,47,25,28,41,39,30,24,30,18,12,50,79,25,52,18,36,49,12,72,68,34,29,53,45,1,1,44,1,38:04,1,2023-24
2023-24,1627734,Domantas Sabonis,Domantas,1610612758,SAC,Sacramento Kings,0022300613,2024-01-22T00:00:00,SAC vs. ATL,W,38.05,4,10,0.4,0,1,0.0,6,6,1.0,2,19,21,6,4,2,0,2,4,4,14,11,50.2,1,0,45.0,1,1,1,1,26,74,61,74,30,24,30,9,23,1,52,2,3,58,20,7,35,57,53,34,63,19,39,1,27,42,1,38:03,1,2023-24
2023-24,1627734,Domantas Sabonis,Domantas,1610612758,SAC,Sacramento Kings,0022300632,2024-01-25T00:00:00,SAC @ GSW,W,35.15,8,11,0.727,2,2,1.0,0,0,0.0,1,7,8,13,3,0,1,0,5,1,18,8,47.1,1,0,43.0,1,1,1,1,46,28,53,18,1,8,1,76,79,76,69,64,79,4,36,49,12,1,68,80,41,29,49,1,27,46,1,35:09,1,2023-24
2023-24,1627734,Domantas Sabonis,Domantas,1610612758,SAC,Sacramento Kings,0022300651,2024-01-27T00:00:00,SAC @ DAL,W,36.288333333333334,7,10,0.7,1,1,1.0,2,2,1.0,3,8,11,4,6,0,0,0,6,3,17,-2,30.2,1,0,33.0,1,1,1,1,38,40,61,22,5,24,1,48,67,1,40,53,52,75,3,49,35,1,77,58,47,47,78,1,27,73,1,36:17,1,2023-24
2023-24,1627734,Domantas Sabonis,Domantas,1610612758,SAC,Sacramento Kings,0022300663,2024-01-29T00:00:00,SAC @ MEM,W,37.97666666666667,10,11,0.909,0,0,0.0,0,0,0.0,6,20,26,5,3,0,0,0,3,4,20,10,55.7,1,0,51.0,1,1,1,1,28,15,53,1,30,58,30,76,79,76,9,1,1,65,36,49,35,1,32,34,36,23,24,1,27,19,1,37:59,1,2023-24
2023-24,1627734,Domantas Sabonis,Domantas,1610612758,SAC,Sacramento Kings,0022300678,2024-01-31T00:00:00,SAC @ MIA,L,37.983333333333334,7,14,0.5,1,1,1.0,4,6,0.667,4,13,17,13,1,1,1,0,0,7,19,0,63.9,1,1,54.0,1,47,47,47,27,40,26,54,5,24,1,31,23,40,30,14,15,4,69,21,12,1,1,8,39,45,7,1,1,10,1,37:59,1,2023-24
2023-24,1627734,Domantas Sabonis,Domantas,1610612758,SAC,Sacramento Kings,0022300691,2024-02-02T00:00:00,SAC @ IND,W,34.85,9,14,0.643,0,1,0.0,8,9,0.889,3,8,11,7,4,2,1,0,3,6,26,7,54.7,1,0,50.0,1,1,1,1,49,18,26,35,30,24,30,3,10,16,40,53,52,46,20,7,12,1,32,14,12,31,26,1,27,25,1,34:51,1,2023-24
2023-24,1627734,Domantas Sabonis,Domantas,1610612758,SAC,Sacramento Kings,0022300700,2024-02-03T00:00:00,SAC @ CHI,W,39.435,6,8,0.75,0,1,0.0,1,1,1.0,0,14,14,10,6,1,0,0,1,2,13,10,41.8,1,1,39.0,1,1,1,1,14,57,74,12,30,24,30,68,75,1,79,9,31,18,3,21,35,1,3,73,67,23,59,1,1,58,1,39:26,1,2023-24
2023-24,1627734,Domantas Sabonis,Domantas,1610612758,SAC,Sacramento Kings,0022300714,2024-02-05T00:00:00,SAC @ CLE,L,34.03333333333333,6,9,0.667,0,0,0.0,0,0,0.0,4,15,19,15,5,0,0,2,1,2,12,-25,52.3,1,1,46.0,1,47,47,47,57,57,71,29,30,58,30,76,79,76,30,7,9,1,10,49,35,57,3,73,73,75,35,1,1,37,1,34:02,1,2023-24
2023-24,1627734,Domantas Sabonis,Domantas,1610612758,SAC,Sacramento Kings,0022300732,2024-02-07T00:00:00,SAC vs. DET,L,40.916666666666664,11,17,0.647,1,3,0.333,7,10,0.7,2,10,12,7,0,1,0,0,3,10,30,-17,57.9,1,0,52.0,1,47,47,47,5,9,10,34,5,1,27,4,4,38,52,36,45,46,81,21,35,1,32,2,6,68,19,1,27,13,1,40:55,1,2023-24
2023-24,1627734,Domantas Sabonis,Domantas,1610612758,SAC,Sacramento Kings,0022300746,2024-02-09T00:00:00,SAC vs. DEN,W,30.533333333333335,7,9,0.778,1,1,1.0,2,2,1.0,1,16,17,10,3,1,0,1,3,3,17,18,52.4,1,1,47.0,1,1,1,1,75,40,71,10,5,24,1,48,67,1,69,5,15,18,36,21,35,37,32,58,47,10,34,1,1,33,1,30:32,1,2023-24
2023-24,1627734,Domantas Sabonis,Domantas,1610612758,SAC,Sacramento Kings,0022300760,2024-02-11T00:00:00,SAC @ OKC,L,41.53333333333333,9,14,0.643,1,2,0.5,2,3,0.667,4,7,11,14,5,1,0,2,3,4,21,-7,53.2,1,1,49.0,1,47,47,47,4,18,26,35,5,8,20,48,57,40,30,64,52,3,10,21,35,57,32,34,29,60,30,1,1,29,1,41:32,1,2023-24
2023-24,1627734,Domantas Sabonis,Domantas,1610612758,SAC,Sacramento Kings,0022300774,2024-02-13T00:00:00,SAC @ PHX,L,38.968333333333334,14,22,0.636,0,2,0.0,7,8,0.875,9,9,18,12,1,1,3,3,4,6,35,5,85.6,1,1,73.0,1,47,47,47,18,2,1,37,30,8,30,4,12,17,2,46,12,8,69,21,1,72,53,14,2,37,1,1,1,1,1,38:58,1,2023-24
2023-24,1627734,Domantas Sabonis,Domantas,1610612758,SAC,Sacramento Kings,0022300786,2024-02-14T00:00:00,SAC @ DEN,W,37.63333333333333,9,16,0.563,0,0,0.0,2,3,0.667,2,11,13,7,5,3,0,0,3,6,20,7,50.1,1,0,46.0,1,1,1,1,32,18,15,48,30,58,30,48,57,40,52,25,37,46,10,1,35,1,32,14,36,31,42,1,27,37,1,37:38,1,2023-24
2023-24,1627734,Domantas Sabonis,Domantas,1610612758,SAC,Sacramento Kings,0022300803,2024-02-22T00:00:00,SAC vs. SAS,W,33.026666666666664,11,15,0.733,0,0,0.0,0,0,0.0,3,8,11,11,2,0,1,2,1,1,22,15,52.7,1,1,46.0,1,1,1,1,64,9,20,17,30,58,30,76,79,76,40,53,52,15,54,49,12,57,3,80,24,14,32,1,1,37,1,33:02,1,2023-24
2023-24,1627734,Domantas Sabonis,Domantas,1610612758,SAC,Sacramento Kings,0022300827,2024-02-25T00:00:00,SAC @ LAC,W,35.845,7,17,0.412,0,1,0.0,3,4,0.75,7,8,15,12,1,3,0,0,4,3,17,10,61.0,1,1,50.0,1,1,1,1,40,40,10,73,30,24,30,39,41,31,5,53,24,8,69,1,35,1,53,58,47,23,13,1,1,25,1,35:51,1,2023-24
2023-24,1627734,Domantas Sabonis,Domantas,1610612758,SAC,Sacramento Kings,0022300831,2024-02-26T00:00:00,SAC vs. MIA,L,40.266666666666666,6,8,0.75,1,1,1.0,1,4,0.25,3,11,14,10,3,0,0,0,2,2,14,-15,42.8,1,1,39.0,1,47,47,47,7,57,74,12,5,24,1,68,41,71,40,25,31,18,36,49,35,1,15,73,63,66,57,1,1,58,1,40:16,1,2023-24
2023-24,1627734,Domantas Sabonis,Domantas,1610612758,SAC,Sacramento Kings,0022300847,2024-02-28T00:00:00,SAC @ DEN,L,32.14333333333333,5,14,0.357,0,1,0.0,3,4,0.75,5,5,10,7,3,1,0,0,0,3,13,-26,35.5,1,0,32.0,1,47,47,47,66,69,26,77,30,24,30,39,41,31,14,74,66,46,36,21,35,1,1,58,67,78,74,1,27,75,1,32:09,1,2023-24
2023-24,1627734,Domantas Sabonis,Domantas,1610612758,SAC,Sacramento Kings,0022300862,2024-03-01T00:00:00,SAC @ MIN,W,40.916666666666664,7,14,0.5,1,2,0.5,6,10,0.6,5,10,15,8,1,0,3,4,6,9,21,8,59.0,1,0,51.0,1,1,1,1,5,40,26,54,5,8,20,9,4,53,14,36,24,38,69,49,1,80,77,4,29,29,17,1,27,19,1,40:55,1,2023-24
2023-24,1627734,Domantas Sabonis,Domantas,1610612758,SAC,Sacramento Kings,0022300883,2024-03-04T00:00:00,SAC vs. CHI,L,31.6,7,19,0.368,0,1,0.0,4,4,1.0,10,11,21,4,5,2,0,1,6,4,18,2,50.2,1,0,47.0,1,47,47,47,70,40,4,76,30,24,30,31,41,1,1,25,3,75,10,7,35,37,77,34,41,42,39,1,27,33,1,31:36,1,2023-24
2023-24,1627734,Domantas Sabonis,Domantas,1610612758,SAC,Sacramento Kings,0022300901,2024-03-06T00:00:00,SAC @ LAL,W,38.2,7,13,0.538,0,1,0.0,2,3,0.667,4,16,20,12,3,2,0,1,2,2,16,11,61.0,1,1,52.0,1,1,1,1,23,40,41,51,30,24,30,48,57,40,30,5,6,8,36,7,35,37,15,73,57,19,13,1,1,13,1,38:12,1,2023-24
2023-24,1627734,Domantas Sabonis,Domantas,1610612758,SAC,Sacramento Kings,0022300908,2024-03-07T00:00:00,SAC vs. SAS,W,37.905,14,19,0.737,1,1,1.0,2,3,0.667,5,12,17,9,4,1,1,0,2,6,31,-5,66.9,1,0,62.0,1,1,1,1,31,2,4,15,5,24,1,48,57,40,14,20,15,30,20,21,12,1,15,14,5,58,4,1,27,4,1,37:54,1,2023-24
2023-24,1627734,Domantas Sabonis,Domantas,1610612758,SAC,Sacramento Kings,0022300929,2024-03-10T00:00:00,SAC vs. HOU,L,39.6,10,11,0.909,0,0,0.0,5,6,0.833,2,13,15,8,9,3,2,0,1,3,25,1,61.0,1,0,58.0,1,47,47,47,12,15,53,1,30,58,30,18,23,21,52,14,24,38,2,1,4,1,3,58,14,44,13,1,27,6,1,39:36,1,2023-24
2023-24,1627734,Domantas Sabonis,Domantas,1610612758,SAC,Sacramento Kings,0022300945,2024-03-12T00:00:00,SAC vs. MIL,W,33.906666666666666,10,14,0.714,0,0,0.0,2,2,1.0,2,9,11,8,0,1,0,0,3,6,22,20,50.2,1,0,43.0,1,1,1,1,59,15,26,20,30,58,30,48,67,1,52,46,52,38,81,21,35,1,32,14,24,7,39,1,27,46,1,33:54,1,2023-24
2023-24,1627734,Domantas Sabonis,Domantas,1610612758,SAC,Sacramento Kings,0022300954,2024-03-13T00:00:00,SAC vs. LAL,W,37.93,6,10,0.6,0,1,0.0,5,6,0.833,5,14,19,10,2,2,1,0,4,4,17,10,61.8,1,1,52.0,1,1,1,1,30,57,61,40,30,24,30,18,23,21,14,9,9,18,54,7,12,1,53,34,47,23,10,1,1,13,1,37:56,1,2023-24
2023-24,1627734,Domantas Sabonis,Domantas,1610612758,SAC,Sacramento Kings,0022300975,2024-03-16T00:00:00,SAC vs. NYK,L,40.17666666666667,9,16,0.563,1,1,1.0,2,5,0.4,3,11,14,2,5,1,0,3,1,5,21,-13,38.8,1,0,40.0,1,47,47,47,8,18,15,48,5,24,1,48,35,69,40,25,31,82,10,21,35,72,3,25,29,65,69,1,27,56,1,40:11,1,2023-24
2023-24,1627734,Domantas Sabonis,Domantas,1610612758,SAC,Sacramento Kings,0022300989,2024-03-18T00:00:00,SAC vs. MEM,W,40.14,6,17,0.353,0,2,0.0,13,15,0.867,7,11,18,5,2,0,2,3,4,11,25,2,58.1,1,0,52.0,1,1,1,1,10,57,10,78,30,8,30,1,1,19,5,25,12,65,54,49,4,72,53,1,14,42,18,1,27,13,1,40:08,1,2023-24
2023-24,1627734,Domantas Sabonis,Domantas,1610612758,SAC,Sacramento Kings,0022300999,2024-03-20T00:00:00,SAC @ TOR,W,27.566666666666666,4,7,0.571,0,0,0.0,5,6,0.833,6,11,17,10,1,0,1,1,2,5,13,26,50.4,1,1,42.0,1,1,1,1,79,74,78,44,30,58,30,18,23,21,9,25,15,18,69,49,12,37,15,25,67,5,38,1,1,48,1,27:34,1,2023-24
2023-24,1627734,Domantas Sabonis,Domantas,1610612758,SAC,Sacramento Kings,0022301005,2024-03-21T00:00:00,SAC @ WAS,L,38.62166666666667,6,9,0.667,0,0,0.0,2,2,1.0,2,12,14,6,6,0,0,0,3,2,14,-4,33.8,1,0,34.0,1,47,47,47,20,57,71,29,30,58,30,48,67,1,52,20,31,58,3,49,35,1,32,73,63,53,76,1,27,72,1,38:37,1,2023-24
2023-24,1627734,Domantas Sabonis,Domantas,1610612758,SAC,Sacramento Kings,0022301020,2024-03-23T00:00:00,SAC @ ORL,W,39.516666666666666,7,14,0.5,1,3,0.333,6,6,1.0,1,13,14,8,2,1,0,1,3,3,21,9,50.8,1,0,46.0,1,1,1,1,13,40,26,54,5,1,27,9,23,1,69,14,31,38,54,21,35,37,32,58,29,28,37,1,27,37,1,39:31,1,2023-24
2023-24,1627734,Domantas Sabonis,Domantas,1610612758,SAC,Sacramento Kings,0022301042,2024-03-25T00:00:00,SAC vs. PHI,W,33.36666666666667,3,5,0.6,0,0,0.0,5,8,0.625,5,8,13,10,3,0,1,0,4,7,11,15,41.6,1,1,36.0,1,1,1,1,63,77,81,40,30,58,30,18,12,50,14,53,37,18,36,49,12,1,53,8,76,14,60,1,1,66,1,33:22,1,2023-24
2023-24,1627734,Domantas Sabonis,Domantas,1610612758,SAC,Sacramento Kings,0022301047,2024-03-26T00:00:00,SAC vs. DAL,L,31.291666666666668,3,10,0.3,0,1,0.0,6,8,0.75,1,10,11,9,4,0,2,1,1,7,12,-27,40.7,1,0,36.0,1,47,47,47,71,77,61,79,30,24,30,9,12,31,69,36,52,30,20,49,4,37,3,8,73,80,63,1,27,66,1,31:18,1,2023-24
2023-24,1627734,Domantas Sabonis,Domantas,1610612758,SAC,Sacramento Kings,0022301073,2024-03-29T00:00:00,SAC vs. DAL,L,36.361666666666665,6,12,0.5,0,0,0.0,1,4,0.25,1,11,12,10,4,1,0,1,4,2,13,-3,41.4,1,1,37.0,1,47,47,47,37,57,47,54,30,58,30,68,41,71,69,25,45,18,20,21,35,37,53,73,67,50,61,1,1,63,1,36:22,1,2023-24
2023-24,1627734,Domantas Sabonis,Domantas,1610612758,SAC,Sacramento Kings,0022301086,2024-03-31T00:00:00,SAC vs. UTA,W,33.88333333333333,7,14,0.5,0,1,0.0,3,3,1.0,5,6,11,6,4,1,1,1,3,3,17,18,41.2,1,0,38.0,1,1,1,1,60,40,26,54,30,24,30,39,57,1,14,70,52,58,20,21,12,37,32,58,47,10,62,1,27,61,1,33:53,1,2023-24
2023-24,1627734,Domantas Sabonis,Domantas,1610612758,SAC,Sacramento Kings,0022301101,2024-04-02T00:00:00,SAC vs. LAC,W,34.85,8,17,0.471,0,3,0.0,6,10,0.6,7,13,20,9,4,2,0,1,1,8,22,-2,61.5,1,0,55.0,1,1,1,1,49,28,10,64,30,1,30,9,4,53,5,14,6,30,20,7,35,37,3,5,24,47,11,1,27,8,1,34:51,1,2023-24
2023-24,1627734,Domantas Sabonis,Domantas,1610612758,SAC,Sacramento Kings,0022301112,2024-04-04T00:00:00,SAC @ NYK,L,35.55,7,13,0.538,0,0,0.0,3,5,0.6,4,7,11,7,4,0,1,0,5,4,17,-25,39.7,1,0,37.0,1,47,47,47,42,40,41,51,30,58,30,39,35,53,30,64,52,46,20,49,12,1,68,34,47,75,65,1,27,63,1,35:33,1,2023-24
2023-24,1627734,Domantas Sabonis,Domantas,1610612758,SAC,Sacramento Kings,0022301118,2024-04-05T00:00:00,SAC @ BOS,L,33.8,6,13,0.462,0,0,0.0,4,7,0.571,5,11,16,6,2,1,1,2,1,8,16,13,48.2,1,0,42.0,1,47,47,47,62,57,41,68,30,58,30,31,18,60,14,25,20,58,54,21,12,57,3,5,57,16,47,1,27,48,1,33:48,1,2023-24
2023-24,1627734,Domantas Sabonis,Domantas,1610612758,SAC,Sacramento Kings,0022301141,2024-04-07T00:00:00,SAC @ BKN,W,34.955,7,14,0.5,0,1,0.0,4,5,0.8,5,15,20,9,3,1,2,2,4,6,18,19,61.5,1,0,53.0,1,1,1,1,48,40,26,54,30,24,30,31,35,29,14,7,6,30,36,21,4,57,53,14,41,9,11,1,27,12,1,34:57,1,2023-24
2023-24,1627734,Domantas Sabonis,Domantas,1610612758,SAC,Sacramento Kings,0022301153,2024-04-09T00:00:00,SAC @ OKC,L,33.88333333333333,2,7,0.286,0,0,0.0,4,7,0.571,8,5,13,5,5,1,0,2,5,4,8,-18,29.1,0,0,28.0,1,47,47,47,60,81,78,80,30,58,30,31,18,60,4,74,37,65,10,21,35,57,68,34,81,70,79,78,27,79,1,33:53,1,2023-24
2023-24,1627734,Domantas Sabonis,Domantas,1610612758,SAC,Sacramento Kings,0022301170,2024-04-11T00:00:00,SAC vs. NOP,L,34.821666666666665,8,12,0.667,0,0,0.0,2,4,0.5,2,8,10,4,4,2,0,0,2,4,18,-16,38.0,1,0,36.0,1,47,47,47,51,28,47,29,30,58,30,48,41,63,52,53,66,75,20,7,35,1,15,34,41,67,70,1,27,66,1,34:49,1,2023-24
2023-24,1627734,Domantas Sabonis,Domantas,1610612758,SAC,Sacramento Kings,0022301185,2024-04-12T00:00:00,SAC vs. PHX,L,42.385,9,18,0.5,2,3,0.667,5,6,0.833,4,8,12,9,2,2,0,2,5,4,25,7,56.9,1,0,52.0,1,47,47,47,3,18,8,54,1,1,17,18,23,21,30,53,45,30,54,7,35,57,68,34,14,31,20,1,27,13,1,42:23,1,2023-24
2023-24,1627734,Domantas Sabonis,Domantas,1610612758,SAC,Sacramento Kings,0022301200,2024-04-14T00:00:00,SAC vs. POR,W,27.133333333333333,7,10,0.7,0,2,0.0,4,4,1.0,2,9,11,9,4,0,0,0,1,3,18,37,40.7,1,0,38.0,1,1,1,1,80,40,61,22,30,8,30,31,41,1,52,46,52,30,20,49,35,1,3,58,41,1,63,1,27,61,1,27:08,1,2023-24
2024-25,1627734,Domantas Sabonis,Domantas,1610612758,SAC,Sacramento Kings,0022400076,2024-10-24T00:00:00,SAC vs. MIN,L,38.17,8,13,0.615,3,4,0.75,5,8,0.625,1,7,8,1,4,2,1,0,4,5,24,-2,40.1,0,0,42.0,1,37,37,37,20,24,29,31,2,3,10,12,6,44,62,58,66,67,12,5,5,1,40,18,14,42,51,62,11,40,1,38:10,1,2024-25
2024-25,1627734,Domantas Sabonis,Domantas,1610612758,SAC,Sacramento Kings,0022400096,2024-10-26T00:00:00,SAC @ LAL,L,36.75,10,14,0.714,1,3,0.333,8,9,0.889,3,9,12,10,2,1,1,0,3,6,29,11,62.4,1,1,56.0,1,37,37,37,29,10,25,17,16,14,34,2,3,22,36,41,42,7,40,10,5,1,22,7,2,15,3,1,1,4,1,36:45,1,2024-25
2024-25,1627734,Domantas Sabonis,Domantas,1610612758,SAC,Sacramento Kings,0022400112,2024-10-28T00:00:00,SAC vs. POR,W,35.86666666666667,5,8,0.625,1,2,0.5,5,6,0.833,2,11,13,7,3,0,0,0,4,4,16,10,39.1,1,0,37.0,1,1,1,1,35,56,63,29,16,30,16,12,16,27,53,26,35,18,27,36,21,1,40,24,48,19,53,1,11,54,1,35:52,1,2024-25
2024-25,1627734,Domantas Sabonis,Domantas,1610612758,SAC,Sacramento Kings,0022400115,2024-10-29T00:00:00,SAC @ UTA,W,33.99333333333333,13,18,0.722,1,2,0.5,1,2,0.5,3,8,11,4,3,0,0,1,3,3,28,23,44.2,1,0,44.0,1,1,1,1,45,1,8,16,16,30,16,49,45,47,36,49,54,48,27,36,21,31,22,41,4,3,44,1,11,27,1,33:60,1,2024-25
2024-25,1627734,Domantas Sabonis,Domantas,1610612758,SAC,Sacramento Kings,0022400135,2024-11-01T00:00:00,SAC @ ATL,W,33.18333333333333,5,11,0.455,0,0,0.0,5,5,1.0,3,11,14,6,3,0,0,0,6,6,15,5,37.8,1,0,35.0,1,1,1,1,50,56,45,59,45,62,45,12,22,1,36,26,28,31,27,36,21,1,65,7,55,30,56,1,11,57,1,33:11,1,2024-25
2024-25,1627734,Domantas Sabonis,Domantas,1610612758,SAC,Sacramento Kings,0022400143,2024-11-02T00:00:00,SAC @ TOR,L,42.81,5,10,0.5,0,1,0.0,7,8,0.875,7,13,20,10,3,1,0,0,5,6,17,2,56.0,1,1,49.0,1,37,37,37,2,56,52,51,45,51,45,5,6,24,6,11,6,7,27,10,21,1,53,7,41,35,8,1,1,13,1,42:49,1,2024-25
2024-25,1627734,Domantas Sabonis,Domantas,1610612758,SAC,Sacramento Kings,0022400159,2024-11-04T00:00:00,SAC @ MIA,W,37.916666666666664,6,12,0.5,2,4,0.5,2,2,1.0,3,13,16,7,3,0,0,1,4,3,16,8,42.7,1,0,41.0,1,1,1,1,23,47,37,51,6,3,16,37,45,1,36,11,16,18,27,36,21,31,40,41,48,22,49,1,11,44,1,37:55,1,2024-25
2024-25,1627734,Domantas Sabonis,Domantas,1610612758,SAC,Sacramento Kings,0022400180,2024-11-06T00:00:00,SAC vs. TOR,W,33.58,6,6,1.0,0,0,0.0,5,5,1.0,4,7,11,13,0,1,0,0,0,4,17,16,52.7,1,1,43.0,1,1,1,1,47,47,65,1,45,62,45,12,22,1,19,58,54,1,64,10,21,1,1,24,41,8,15,1,1,32,1,33:35,1,2024-25
2024-25,1627734,Domantas Sabonis,Domantas,1610612758,SAC,Sacramento Kings,0022400196,2024-11-08T00:00:00,SAC vs. LAC,L,37.55,9,12,0.75,0,2,0.0,5,6,0.833,0,12,12,6,2,1,0,0,4,3,23,4,47.4,1,0,43.0,1,37,37,37,26,18,37,10,45,30,45,12,16,27,68,18,42,31,40,10,21,1,40,41,17,32,30,1,11,32,1,37:33,1,2024-25
2024-25,1627734,Domantas Sabonis,Domantas,1610612758,SAC,Sacramento Kings,0022400209,2024-11-10T00:00:00,SAC @ PHX,W,38.81666666666667,9,14,0.643,0,3,0.0,2,3,0.667,4,8,12,5,6,0,0,1,6,3,20,11,35.9,1,0,37.0,1,1,1,1,16,18,25,25,45,14,45,37,40,41,19,49,42,40,4,36,21,31,65,41,32,15,60,1,11,54,1,38:49,1,2024-25
2024-25,1627734,Domantas Sabonis,Domantas,1610612758,SAC,Sacramento Kings,0022400216,2024-11-11T00:00:00,SAC @ SAS,L,36.083333333333336,11,19,0.579,1,3,0.333,0,0,0.0,4,8,12,4,4,2,0,1,5,1,23,-9,45.4,1,0,44.0,1,37,37,37,33,5,4,42,16,14,34,63,65,63,19,49,42,48,12,5,21,31,53,64,17,58,41,1,11,27,1,36:05,1,2024-25
2024-25,1627734,Domantas Sabonis,Domantas,1610612758,SAC,Sacramento Kings,0022400227,2024-11-13T00:00:00,SAC vs. PHX,W,29.683333333333334,3,4,0.75,3,3,1.0,2,2,1.0,1,9,10,9,7,0,1,1,2,1,11,8,32.5,1,0,35.0,1,1,1,1,61,65,68,10,2,14,1,37,45,1,62,41,59,11,1,36,5,31,11,64,65,22,67,1,11,57,1,29:41,1,2024-25
2024-25,1627734,Domantas Sabonis,Domantas,1610612758,SAC,Sacramento Kings,0022400020,2024-11-15T00:00:00,SAC vs. MIN,L,39.65,10,15,0.667,0,3,0.0,3,3,1.0,2,10,12,4,4,0,3,0,1,4,23,-5,48.4,1,0,45.0,1,37,37,37,11,10,18,20,45,14,45,30,40,1,53,34,42,48,12,36,1,1,6,24,17,50,24,1,11,23,1,39:39,1,2024-25
2024-25,1627734,Domantas Sabonis,Domantas,1610612758,SAC,Sacramento Kings,0022400034,2024-11-22T00:00:00,SAC @ LAC,L,40.34166666666667,9,17,0.529,2,5,0.4,4,4,1.0,2,13,15,4,6,1,1,0,3,3,24,-9,48.0,1,0,49.0,1,37,37,37,9,18,10,50,6,2,33,22,29,1,53,11,23,48,4,10,5,1,22,41,14,58,26,1,11,13,1,40:21,1,2024-25
2024-25,1627734,Domantas Sabonis,Domantas,1610612758,SAC,Sacramento Kings,0022400276,2024-11-24T00:00:00,SAC vs. BKN,L,35.025,6,12,0.5,1,3,0.333,0,0,0.0,4,14,18,7,4,1,0,1,4,4,13,-2,44.1,1,0,41.0,1,37,37,37,39,47,37,51,16,14,34,63,65,63,19,7,11,18,12,10,21,31,40,24,60,42,45,1,11,44,1,35:02,1,2024-25
2024-25,1627734,Domantas Sabonis,Domantas,1610612758,SAC,Sacramento Kings,0022400285,2024-11-25T00:00:00,SAC vs. OKC,L,35.03333333333333,7,11,0.636,1,2,0.5,6,8,0.75,2,8,10,3,4,3,1,0,5,5,21,-13,45.5,1,0,43.0,1,37,37,37,38,41,45,26,16,30,16,7,6,33,53,49,59,59,12,1,5,1,53,18,27,62,40,1,11,32,1,35:02,1,2024-25
2024-25,1627734,Domantas Sabonis,Domantas,1610612758,SAC,Sacramento Kings,0022400294,2024-11-27T00:00:00,SAC @ MIN,W,33.86666666666667,10,17,0.588,1,2,0.5,6,7,0.857,5,7,12,5,3,1,0,2,5,6,27,15,48.9,1,0,47.0,1,1,1,1,46,10,10,40,16,30,16,7,12,25,14,58,42,40,27,10,21,58,53,7,6,11,23,1,11,18,1,33:52,1,2024-25
2024-25,1627734,Domantas Sabonis,Domantas,1610612758,SAC,Sacramento Kings,0022400049,2024-11-29T00:00:00,SAC @ POR,L,40.95,8,10,0.8,2,3,0.667,3,4,0.75,2,12,14,11,5,1,1,0,2,4,21,-7,55.3,1,1,52.0,1,37,37,37,7,24,52,3,6,14,12,30,29,33,53,18,28,4,9,10,5,1,11,24,27,56,9,1,1,9,1,40:57,1,2024-25
2024-25,1627734,Domantas Sabonis,Domantas,1610612758,SAC,Sacramento Kings,0022400313,2024-12-01T00:00:00,SAC vs. SAS,L,36.67,8,16,0.5,2,4,0.5,7,10,0.7,10,3,13,6,2,0,0,3,5,7,25,1,47.6,1,0,46.0,1,37,37,37,31,24,12,51,6,3,16,5,1,40,2,68,35,31,40,36,21,65,53,3,11,38,29,1,11,19,1,36:40,1,2024-25
2024-25,1627734,Domantas Sabonis,Domantas,1610612758,SAC,Sacramento Kings,0022400059,2024-12-03T00:00:00,SAC vs. HOU,W,31.716666666666665,13,19,0.684,0,2,0.0,1,4,0.25,2,5,7,4,2,0,0,0,4,8,27,8,39.4,0,0,38.0,1,1,1,1,54,1,4,19,45,30,45,49,29,61,53,65,67,48,40,36,21,1,40,1,6,22,52,62,11,52,1,31:43,1,2024-25
2024-25,1627734,Domantas Sabonis,Domantas,1610612758,SAC,Sacramento Kings,0022400329,2024-12-05T00:00:00,SAC @ MEM,L,35.95,7,11,0.636,1,2,0.5,2,2,1.0,4,9,13,6,3,0,0,2,3,2,17,-5,38.6,1,0,37.0,1,37,37,37,34,41,45,26,16,30,16,37,45,1,19,41,35,31,27,36,21,58,22,57,41,50,54,1,11,54,1,35:57,1,2024-25
2024-25,1627734,Domantas Sabonis,Domantas,1610612758,SAC,Sacramento Kings,0022400337,2024-12-06T00:00:00,SAC @ SAS,W,32.53333333333333,7,12,0.583,0,0,0.0,8,9,0.889,4,12,16,4,1,0,0,3,1,7,22,19,46.2,1,0,42.0,1,1,1,1,51,41,37,41,45,62,45,2,3,22,19,18,16,48,53,36,21,65,6,3,22,5,37,1,11,40,1,32:32,1,2024-25
2024-25,1627734,Domantas Sabonis,Domantas,1610612758,SAC,Sacramento Kings,0022400357,2024-12-08T00:00:00,SAC vs. UTA,W,28.133333333333333,8,13,0.615,2,3,0.667,1,1,1.0,3,9,12,6,1,1,1,2,1,3,19,20,47.4,1,0,43.0,1,1,1,1,64,24,29,31,6,14,12,49,61,1,36,41,42,31,53,10,5,58,6,41,35,4,30,1,11,32,1,28:08,1,2024-25
2024-25,1627734,Domantas Sabonis,Domantas,1610612758,SAC,Sacramento Kings,0022401207,2024-12-12T00:00:00,SAC @ NOP,W,34.28333333333333,11,15,0.733,1,1,1.0,9,9,1.0,6,14,20,3,1,2,0,1,3,6,32,6,65.5,1,0,60.0,1,1,1,1,43,5,18,14,16,51,1,1,3,1,9,7,6,59,53,5,21,31,22,7,1,27,1,1,11,1,1,34:17,1,2024-25
2024-25,1627734,Domantas Sabonis,Domantas,1610612758,SAC,Sacramento Kings,0022401225,2024-12-16T00:00:00,SAC vs. DEN,L,41.416666666666664,12,20,0.6,1,3,0.333,3,3,1.0,4,10,14,6,2,3,0,1,3,3,28,1,60.8,1,0,55.0,1,37,37,37,5,3,3,36,16,14,34,30,40,1,19,34,28,31,40,1,21,31,22,41,4,38,4,1,11,6,1,41:25,1,2024-25
2024-25,1627734,Domantas Sabonis,Domantas,1610612758,SAC,Sacramento Kings,0022400372,2024-12-19T00:00:00,SAC vs. LAL,L,38.285,8,13,0.615,1,1,1.0,1,4,0.25,1,11,12,9,1,0,2,3,5,2,18,-16,50.9,1,0,44.0,1,37,37,37,19,24,29,31,16,51,1,49,29,61,62,26,42,11,53,36,3,65,53,57,39,65,17,1,11,27,1,38:17,1,2024-25
2024-25,1627734,Domantas Sabonis,Domantas,1610612758,SAC,Sacramento Kings,0022400376,2024-12-21T00:00:00,SAC vs. LAL,L,37.001666666666665,9,19,0.474,0,2,0.0,1,3,0.333,5,14,19,5,0,1,0,2,2,4,19,0,52.3,1,0,45.0,1,37,37,37,28,18,4,57,45,30,45,49,40,60,14,7,8,40,64,10,21,58,11,24,35,41,16,1,11,23,1,37:00,1,2024-25
2024-25,1627734,Domantas Sabonis,Domantas,1610612758,SAC,Sacramento Kings,0022400389,2024-12-22T00:00:00,SAC vs. IND,L,31.283333333333335,8,22,0.364,1,4,0.25,0,2,0.0,8,13,21,4,2,1,0,3,3,3,17,-26,49.2,1,0,45.0,1,37,37,37,58,24,1,64,16,3,42,63,45,63,4,11,4,48,40,10,21,65,22,41,41,68,21,1,11,23,1,31:17,1,2024-25
2024-25,1627734,Domantas Sabonis,Domantas,1610612758,SAC,Sacramento Kings,0022400435,2024-12-28T00:00:00,SAC @ LAL,L,25.916666666666668,6,13,0.462,2,3,0.667,0,0,0.0,4,8,12,7,1,0,0,2,6,1,14,-3,37.9,1,0,35.0,1,37,37,37,67,47,29,58,6,14,12,63,65,63,19,49,42,18,53,36,21,58,65,64,56,47,55,1,11,57,1,25:55,1,2024-25
2024-25,1627734,Domantas Sabonis,Domantas,1610612758,SAC,Sacramento Kings,0022400448,2024-12-30T00:00:00,SAC vs. DAL,W,33.416666666666664,8,16,0.5,0,1,0.0,1,2,0.5,7,9,16,7,2,1,0,3,3,3,17,-6,47.7,1,0,42.0,1,1,1,1,48,24,12,51,45,51,45,49,45,47,6,41,16,18,40,10,21,65,22,41,41,54,27,1,11,40,1,33:25,1,2024-25
2024-25,1627734,Domantas Sabonis,Domantas,1610612758,SAC,Sacramento Kings,0022400462,2025-01-01T00:00:00,SAC vs. PHI,W,36.693333333333335,8,14,0.571,0,0,0.0,1,2,0.5,9,12,21,7,7,0,0,1,3,7,17,13,45.7,1,0,45.0,1,1,1,1,30,24,25,44,45,62,45,49,45,47,3,18,4,18,1,36,21,31,22,3,41,13,39,1,11,23,1,36:42,1,2024-25
2024-25,1627734,Domantas Sabonis,Domantas,1610612758,SAC,Sacramento Kings,0022400476,2025-01-03T00:00:00,SAC vs. MEM,W,38.1,6,11,0.545,3,6,0.5,2,2,1.0,3,7,10,6,1,0,2,1,5,6,17,6,43.0,1,0,40.0,1,1,1,1,21,47,45,47,2,1,16,37,45,1,36,58,59,31,53,36,3,31,53,7,41,27,47,1,11,47,1,38:06,1,2024-25
2024-25,1627734,Domantas Sabonis,Domantas,1610612758,SAC,Sacramento Kings,0022400492,2025-01-05T00:00:00,SAC @ GSW,W,29.848333333333333,10,13,0.769,1,2,0.5,1,2,0.5,3,10,13,7,0,0,0,0,3,6,22,36,48.1,1,0,43.0,1,1,1,1,60,10,29,9,16,30,16,49,45,47,36,34,35,18,64,36,21,1,22,7,22,1,25,1,11,32,1,29:51,1,2024-25
2024-25,1627734,Domantas Sabonis,Domantas,1610612758,SAC,Sacramento Kings,0022400501,2025-01-06T00:00:00,SAC vs. MIA,W,50.483333333333334,7,16,0.438,2,2,1.0,5,7,0.714,5,13,18,11,6,1,3,1,5,4,21,11,65.1,1,1,60.0,1,1,1,1,1,41,12,60,6,30,1,12,12,38,14,11,11,4,4,10,1,31,53,24,27,15,2,1,1,1,1,50:29,1,2024-25
2024-25,1627734,Domantas Sabonis,Domantas,1610612758,SAC,Sacramento Kings,0022400528,2025-01-10T00:00:00,SAC @ BOS,W,38.92,10,15,0.667,3,4,0.75,0,0,0.0,8,20,28,3,4,0,1,1,3,1,23,16,60.1,1,0,59.0,1,1,1,1,15,10,18,20,2,3,10,63,65,63,4,1,1,59,12,36,5,31,22,64,17,8,5,1,11,3,1,38:55,1,2024-25
2024-25,1627734,Domantas Sabonis,Domantas,1610612758,SAC,Sacramento Kings,0022400541,2025-01-12T00:00:00,SAC @ CHI,W,37.766666666666666,8,10,0.8,1,2,0.5,5,6,0.833,3,12,15,8,2,0,0,0,2,4,22,-2,50.0,1,0,46.0,1,1,1,1,25,24,52,3,16,30,16,12,16,27,36,18,23,15,40,36,21,1,11,24,22,42,20,1,11,19,1,37:46,1,2024-25
2024-25,1627734,Domantas Sabonis,Domantas,1610612758,SAC,Sacramento Kings,0022400558,2025-01-14T00:00:00,SAC @ MIL,L,36.15,6,9,0.667,2,2,1.0,2,4,0.5,2,8,10,9,3,1,0,0,4,3,16,-10,41.5,1,0,39.0,1,37,37,37,32,47,62,20,6,30,1,37,29,47,53,49,59,11,27,10,21,1,40,41,48,60,50,1,11,50,1,36:09,1,2024-25
2024-25,1627734,Domantas Sabonis,Domantas,1610612758,SAC,Sacramento Kings,0022400576,2025-01-16T00:00:00,SAC vs. HOU,W,37.916666666666664,8,13,0.615,1,1,1.0,3,4,0.75,5,9,14,7,3,0,1,1,6,4,20,16,47.3,1,0,44.0,1,1,1,1,23,24,29,31,16,51,1,30,29,33,14,41,28,18,27,36,5,31,65,24,32,8,32,1,11,27,1,37:55,1,2024-25
2024-25,1627734,Domantas Sabonis,Domantas,1610612758,SAC,Sacramento Kings,0022400598,2025-01-19T00:00:00,SAC vs. WAS,W,31.616666666666667,12,16,0.75,2,3,0.667,3,5,0.6,4,14,18,4,5,1,0,0,4,3,29,19,54.6,1,0,55.0,1,1,1,1,55,3,12,10,6,14,12,30,22,45,19,7,11,48,9,10,21,1,40,41,2,5,10,1,11,6,1,31:37,1,2024-25
2024-25,1627734,Domantas Sabonis,Domantas,1610612758,SAC,Sacramento Kings,0022400619,2025-01-22T00:00:00,SAC vs. GSW,W,38.68333333333333,8,12,0.667,2,4,0.5,8,8,1.0,3,15,18,3,3,0,0,0,2,6,26,11,49.1,1,0,49.0,1,1,1,1,18,24,37,20,6,3,16,2,6,1,36,4,11,59,27,36,21,1,11,7,10,15,22,1,11,13,1,38:41,1,2024-25
2024-25,1627734,Domantas Sabonis,Domantas,1610612758,SAC,Sacramento Kings,0022400626,2025-01-23T00:00:00,SAC @ DEN,L,39.416666666666664,10,21,0.476,1,4,0.25,2,2,1.0,6,13,19,8,4,0,0,1,4,3,23,-18,53.8,1,0,51.0,1,37,37,37,13,10,2,56,16,3,42,37,45,1,9,11,8,15,12,36,21,31,40,41,17,66,12,1,11,10,1,39:25,1,2024-25
2024-25,1627734,Domantas Sabonis,Domantas,1610612758,SAC,Sacramento Kings,0022400641,2025-01-25T00:00:00,SAC @ NYK,L,34.43,11,14,0.786,1,2,0.5,2,3,0.667,4,9,13,12,4,0,0,0,3,3,25,-4,54.6,1,1,51.0,1,37,37,37,41,5,25,8,16,30,16,37,40,41,19,41,35,2,12,36,21,1,22,41,11,49,10,1,1,10,1,34:26,1,2024-25
2024-25,1627734,Domantas Sabonis,Domantas,1610612758,SAC,Sacramento Kings,0022400651,2025-01-27T00:00:00,SAC @ BKN,W,41.39666666666667,8,10,0.8,1,1,1.0,4,8,0.5,6,16,22,10,6,0,0,0,5,8,21,29,56.4,1,1,54.0,1,1,1,1,6,24,52,3,16,51,1,22,6,47,9,2,3,7,4,36,21,1,53,1,27,2,7,1,1,8,1,41:24,1,2024-25
2024-25,1627734,Domantas Sabonis,Domantas,1610612758,SAC,Sacramento Kings,0022400669,2025-01-29T00:00:00,SAC @ PHI,L,40.45,4,6,0.667,1,2,0.5,4,4,1.0,3,11,14,11,4,1,0,0,0,6,13,2,45.3,1,1,41.0,1,37,37,37,8,62,65,20,16,30,16,22,29,1,36,26,28,4,12,10,21,1,1,7,60,35,42,1,1,44,1,40:27,1,2024-25
2024-25,1627734,Domantas Sabonis,Domantas,1610612758,SAC,Sacramento Kings,0022400691,2025-02-01T00:00:00,SAC @ OKC,L,31.333333333333332,5,13,0.385,1,4,0.25,5,7,0.714,3,4,7,5,0,1,0,1,2,5,16,-30,34.9,0,0,31.0,1,37,37,37,57,56,29,63,16,3,42,12,12,38,36,66,67,40,64,10,21,31,11,18,48,70,62,62,11,63,1,31:20,1,2024-25
2024-25,1627734,Domantas Sabonis,Domantas,1610612758,SAC,Sacramento Kings,0022400704,2025-02-03T00:00:00,SAC @ MIN,W,37.195,5,15,0.333,0,3,0.0,4,6,0.667,5,6,11,3,1,0,1,1,5,5,14,8,33.7,1,0,30.0,1,1,1,1,27,56,18,66,45,14,45,22,16,41,14,63,54,59,53,36,5,31,53,18,56,22,64,1,11,65,1,37:12,1,2024-25
2024-25,1627734,Domantas Sabonis,Domantas,1610612758,SAC,Sacramento Kings,0022400727,2025-02-05T00:00:00,SAC vs. ORL,L,31.733333333333334,8,10,0.8,1,1,1.0,4,5,0.8,6,7,13,3,4,0,0,0,3,4,21,-26,37.1,1,0,38.0,1,37,37,37,53,24,52,3,16,51,1,22,22,31,9,58,35,59,12,36,21,1,22,24,27,68,57,1,11,52,1,31:44,1,2024-25
2024-25,1627734,Domantas Sabonis,Domantas,1610612758,SAC,Sacramento Kings,0022400732,2025-02-06T00:00:00,SAC @ POR,L,29.266666666666666,2,6,0.333,1,3,0.333,5,6,0.833,4,10,14,4,4,1,1,1,6,4,10,5,34.8,1,0,33.0,1,37,37,37,63,69,65,66,16,14,34,12,16,27,19,34,28,48,12,10,5,31,65,24,66,30,63,1,11,61,1,29:16,1,2024-25
2024-25,1627734,Domantas Sabonis,Domantas,1610612758,SAC,Sacramento Kings,0022400750,2025-02-08T00:00:00,SAC vs. NOP,W,34.28666666666667,10,18,0.556,1,3,0.333,6,10,0.6,4,12,16,2,2,0,0,3,6,7,27,-13,47.2,1,0,46.0,1,1,1,1,42,10,8,46,16,14,34,7,1,45,19,18,16,65,40,36,21,65,65,3,6,62,34,1,11,19,1,34:17,1,2024-25
2024-25,1627734,Domantas Sabonis,Domantas,1610612758,SAC,Sacramento Kings,0022400762,2025-02-10T00:00:00,SAC @ DAL,W,41.78,7,10,0.7,0,0,0.0,2,5,0.4,3,12,15,8,3,0,0,1,3,4,16,19,43.0,1,0,39.0,1,1,1,1,4,41,52,18,45,62,45,37,22,59,36,18,23,15,27,36,21,31,22,24,48,5,47,1,11,50,1,41:47,1,2024-25
2024-25,1627734,Domantas Sabonis,Domantas,1610612758,SAC,Sacramento Kings,0022400777,2025-02-12T00:00:00,SAC @ NOP,W,33.39833333333333,8,13,0.615,0,1,0.0,0,0,0.0,4,11,15,5,1,2,0,1,5,2,16,13,46.5,1,0,40.0,1,1,1,1,49,24,29,31,45,51,45,63,65,63,19,26,23,40,53,5,21,31,53,57,48,13,36,1,11,47,1,33:24,1,2024-25
2024-25,1627734,Domantas Sabonis,Domantas,1610612758,SAC,Sacramento Kings,0022400785,2025-02-13T00:00:00,SAC @ NOP,L,42.61,10,16,0.625,1,2,0.5,1,2,0.5,13,15,28,5,5,0,0,0,1,2,22,-2,58.1,1,0,56.0,1,37,37,37,3,10,12,29,16,30,16,49,45,47,1,4,1,40,9,36,21,1,6,57,22,42,6,1,11,4,1,42:37,1,2024-25
2024-25,1627734,Domantas Sabonis,Domantas,1610612758,SAC,Sacramento Kings,0022400805,2025-02-21T00:00:00,SAC vs. GSW,L,31.533333333333335,6,10,0.6,1,3,0.333,1,2,0.5,3,11,14,9,4,1,0,0,1,4,14,-2,43.3,1,0,40.0,1,37,37,37,56,47,52,36,16,14,34,49,45,47,36,26,28,11,12,10,21,1,6,24,56,42,46,1,11,47,1,31:32,1,2024-25
2024-25,1627734,Domantas Sabonis,Domantas,1610612758,SAC,Sacramento Kings,0022400828,2025-02-24T00:00:00,SAC vs. CHA,W,27.283333333333335,3,7,0.429,0,2,0.0,1,2,0.5,2,8,10,7,4,0,0,1,2,2,7,9,25.5,0,0,24.0,1,1,1,1,65,65,64,61,45,30,45,49,45,47,53,49,59,18,12,36,21,31,11,57,68,21,68,62,11,68,1,27:17,1,2024-25
2024-25,1627734,Domantas Sabonis,Domantas,1610612758,SAC,Sacramento Kings,0022400843,2025-02-26T00:00:00,SAC @ UTA,W,34.016666666666666,5,12,0.417,0,4,0.0,2,2,1.0,0,9,9,5,3,1,1,0,3,3,12,3,33.3,0,0,30.0,1,1,1,1,44,56,37,62,45,3,45,37,45,1,68,41,64,40,27,10,5,1,22,41,63,33,66,62,11,65,1,34:01,1,2024-25
2024-25,1627734,Domantas Sabonis,Domantas,1610612758,SAC,Sacramento Kings,0022400862,2025-03-01T00:00:00,SAC @ HOU,W,1.2666666666666666,0,0,0.0,0,0,0.0,1,2,0.5,0,0,0,0,0,0,0,0,0,1,1,1,1.0,0,0,1.0,1,1,1,1,70,70,70,70,45,62,45,49,45,47,68,69,70,69,64,36,21,1,1,64,70,38,70,62,11,70,1,1:16,1,2024-25
2024-25,1627734,Domantas Sabonis,Domantas,1610612758,SAC,Sacramento Kings,0022400967,2025-03-14T00:00:00,SAC @ PHX,L,30.083333333333332,4,11,0.364,0,2,0.0,4,4,1.0,1,10,11,12,2,3,1,1,2,4,12,-8,53.2,1,1,43.0,1,37,37,37,59,62,45,64,45,30,45,22,29,1,62,34,54,2,40,1,5,31,11,24,63,57,13,1,1,32,1,30:05,1,2024-25
2024-25,1627734,Domantas Sabonis,Domantas,1610612758,SAC,Sacramento Kings,0022400992,2025-03-17T00:00:00,SAC vs. MEM,W,12.066666666666666,3,4,0.75,0,0,0.0,0,1,0.0,1,0,1,4,1,0,0,1,0,2,6,3,12.2,0,0,11.0,1,1,1,1,69,65,68,10,45,62,45,63,61,63,62,69,69,48,53,36,21,31,1,57,69,33,69,62,11,69,1,12:04,1,2024-25
2024-25,1627734,Domantas Sabonis,Domantas,1610612758,SAC,Sacramento Kings,0022401044,2025-03-24T00:00:00,SAC vs. BOS,L,32.38333333333333,6,10,0.6,0,2,0.0,4,5,0.8,2,15,17,1,1,0,0,0,4,6,16,-15,36.9,1,0,34.0,1,37,37,37,52,47,52,36,45,30,45,22,22,31,53,4,15,67,53,36,21,1,40,7,48,64,58,1,11,60,1,32:23,1,2024-25
2024-25,1627734,Domantas Sabonis,Domantas,1610612758,SAC,Sacramento Kings,0022401052,2025-03-25T00:00:00,SAC vs. OKC,L,38.06666666666667,3,12,0.25,0,4,0.0,2,4,0.5,1,11,12,7,3,1,1,2,2,5,8,-10,35.9,0,0,31.0,1,37,37,37,22,65,37,69,45,3,45,37,29,47,62,26,42,18,27,10,5,58,11,18,67,60,60,62,11,63,1,38:04,1,2024-25
2024-25,1627734,Domantas Sabonis,Domantas,1610612758,SAC,Sacramento Kings,0022401066,2025-03-27T00:00:00,SAC vs. POR,W,34.77333333333333,9,11,0.818,1,2,0.5,3,4,0.75,3,16,19,6,6,1,0,1,2,3,22,14,50.8,1,0,50.0,1,1,1,1,40,18,45,2,16,30,16,30,29,33,36,2,8,31,4,10,21,31,11,41,22,12,18,1,11,12,1,34:46,1,2024-25
2024-25,1627734,Domantas Sabonis,Domantas,1610612758,SAC,Sacramento Kings,0022401074,2025-03-29T00:00:00,SAC @ ORL,L,29.466666666666665,4,12,0.333,0,1,0.0,6,8,0.75,3,10,13,4,2,1,0,0,3,5,14,-22,36.6,1,0,33.0,1,37,37,37,62,62,37,66,45,51,45,7,6,33,36,34,35,48,40,10,21,1,22,18,56,67,59,1,11,61,1,29:28,1,2024-25
2024-25,1627734,Domantas Sabonis,Domantas,1610612758,SAC,Sacramento Kings,0022401090,2025-03-31T00:00:00,SAC @ IND,L,39.85,11,19,0.579,0,0,0.0,3,6,0.5,4,12,16,0,1,1,0,2,4,4,25,-6,46.2,1,0,43.0,1,37,37,37,10,5,4,42,45,62,45,30,16,47,19,18,16,69,53,10,21,58,40,24,11,54,37,1,11,32,1,39:51,1,2024-25
2024-25,1627734,Domantas Sabonis,Domantas,1610612758,SAC,Sacramento Kings,0022401105,2025-04-02T00:00:00,SAC @ WAS,L,35.43333333333333,8,15,0.533,1,3,0.333,1,1,1.0,6,10,16,7,4,1,0,1,4,3,18,-5,46.7,1,0,44.0,1,37,37,37,37,24,18,48,16,14,34,49,61,1,9,34,16,18,12,10,21,31,40,41,39,50,35,1,11,27,1,35:26,1,2024-25
2024-25,1627734,Domantas Sabonis,Domantas,1610612758,SAC,Sacramento Kings,0022401118,2025-04-04T00:00:00,SAC @ CHA,W,26.616666666666667,9,16,0.563,0,1,0.0,6,7,0.857,7,4,11,7,0,0,0,0,3,4,24,10,47.7,1,0,42.0,1,1,1,1,66,18,12,45,45,51,45,7,12,25,6,66,54,18,64,36,21,1,22,24,14,19,27,1,11,40,1,26:37,1,2024-25
2024-25,1627734,Domantas Sabonis,Domantas,1610612758,SAC,Sacramento Kings,0022401138,2025-04-06T00:00:00,SAC @ CLE,W,39.5,11,15,0.733,1,2,0.5,4,4,1.0,3,6,9,7,7,2,0,1,3,4,27,2,47.3,0,0,48.0,1,1,1,1,12,5,18,14,16,30,16,22,29,1,36,63,64,18,1,5,21,31,22,24,6,35,32,62,11,16,1,39:30,1,2024-25
2024-25,1627734,Domantas Sabonis,Domantas,1610612758,SAC,Sacramento Kings,0022401144,2025-04-07T00:00:00,SAC @ DET,W,35.45,7,11,0.636,0,0,0.0,5,5,1.0,4,11,15,10,2,0,1,1,4,6,19,6,53.0,1,1,46.0,1,1,1,1,36,41,45,26,45,62,45,12,22,1,19,26,23,7,40,36,5,31,40,7,35,27,14,1,1,19,1,35:27,1,2024-25
2024-25,1627734,Domantas Sabonis,Domantas,1610612758,SAC,Sacramento Kings,0022401165,2025-04-09T00:00:00,SAC vs. DEN,L,38.78333333333333,6,10,0.6,0,1,0.0,1,1,1.0,4,8,12,2,0,0,1,1,5,1,13,-3,33.4,1,0,29.0,1,37,37,37,17,47,52,36,45,51,45,49,61,1,19,49,42,65,64,36,5,31,53,64,60,47,65,1,11,67,1,38:47,1,2024-25
2024-25,1627734,Domantas Sabonis,Domantas,1610612758,SAC,Sacramento Kings,0022401184,2025-04-11T00:00:00,SAC vs. LAC,L,39.235,8,15,0.533,1,2,0.5,2,2,1.0,3,13,16,5,4,1,0,0,2,2,19,-5,44.7,1,0,43.0,1,37,37,37,14,24,18,48,16,30,16,37,45,1,36,11,16,40,12,10,21,1,11,57,35,50,43,1,11,32,1,39:14,1,2024-25
2024-25,1627734,Domantas Sabonis,Domantas,1610612758,SAC,Sacramento Kings,0022401200,2025-04-13T00:00:00,SAC vs. PHX,W,23.716666666666665,8,10,0.8,4,4,1.0,0,0,0.0,4,8,12,6,2,3,0,0,0,1,20,8,50.4,1,0,48.0,1,1,1,1,68,24,52,3,1,3,1,63,65,63,19,49,42,31,40,1,21,1,1,64,32,22,19,1,11,16,1,23:43,1,2024-25
2025-26,1627734,Domantas Sabonis,Domantas,1610612758,SAC,Sacramento Kings,0022500098,2025-10-24T00:00:00,SAC vs. UTA,W,36.63333333333333,6,9,0.667,0,1,0.0,0,1,0.0,3,9,12,1,2,0,0,0,3,2,12,-15,25.9,1,0,25.0,1,1,1,1,4,6,9,1,5,8,5,10,10,10,7,6,7,11,6,9,3,1,2,8,8,5,10,1,1,10,1,36:38,1,2025-26
2025-26,1627734,Domantas Sabonis,Domantas,1610612758,SAC,Sacramento Kings,0022500113,2025-10-26T00:00:00,SAC vs. LAL,L,30.5,4,8,0.5,1,2,0.5,1,2,0.5,4,10,14,3,2,3,0,0,5,1,10,0,38.3,1,0,34.0,1,3,3,3,8,10,11,6,1,3,1,8,8,7,4,3,3,6,6,1,3,1,8,9,10,2,7,1,1,8,1,30:30,1,2025-26
2025-26,1627734,Domantas Sabonis,Domantas,1610612758,SAC,Sacramento Kings,0022500126,2025-10-28T00:00:00,SAC @ OKC,L,35.2,5,15,0.333,0,2,0.0,0,0,0.0,6,12,18,3,5,1,1,3,4,1,10,-15,37.1,1,0,35.0,1,3,3,3,6,7,3,10,5,3,5,10,11,10,1,2,1,6,1,4,1,10,5,9,10,5,8,1,1,7,1,35:12,1,2025-26
2025-26,1627734,Domantas Sabonis,Domantas,1610612758,SAC,Sacramento Kings,0022500132,2025-10-29T00:00:00,SAC @ CHI,L,31.516666666666666,8,14,0.571,1,4,0.25,1,2,0.5,1,10,11,6,2,1,0,0,4,1,18,-21,41.2,1,0,38.0,1,3,3,3,7,2,4,5,1,1,4,8,8,7,10,3,8,1,6,4,3,1,5,9,5,10,5,1,1,4,1,31:31,1,2025-26
2025-26,1627734,Domantas Sabonis,Domantas,1610612758,SAC,Sacramento Kings,0022500142,2025-11-01T00:00:00,SAC @ MIL,W,36.95,8,13,0.615,0,2,0.0,8,10,0.8,5,8,13,6,3,1,0,1,5,6,24,5,48.6,1,0,45.0,1,1,1,1,2,2,6,3,5,3,5,2,2,3,2,7,4,1,3,4,3,5,8,3,2,1,2,1,1,2,1,36:57,1,2025-26
2025-26,1627734,Domantas Sabonis,Domantas,1610612758,SAC,Sacramento Kings,0022500162,2025-11-03T00:00:00,SAC @ DEN,L,36.86666666666667,5,10,0.5,0,0,0.0,3,4,0.75,4,13,17,5,2,1,0,2,3,4,13,-14,41.9,1,0,37.0,1,3,3,3,3,7,8,6,5,11,5,5,4,4,4,1,2,3,6,4,3,9,2,5,7,4,4,1,1,6,1,36:52,1,2025-26
2025-26,1627734,Domantas Sabonis,Domantas,1610612758,SAC,Sacramento Kings,0022500197,2025-11-09T00:00:00,SAC vs. MIN,L,29.833333333333332,5,17,0.294,0,2,0.0,10,12,0.833,5,8,13,3,3,1,0,5,4,7,20,-19,40.1,1,0,38.0,1,3,3,3,9,7,2,11,5,3,5,1,1,2,2,7,4,6,3,4,3,11,5,2,3,9,6,1,1,4,1,29:50,1,2025-26
2025-26,1627734,Domantas Sabonis,Domantas,1610612758,SAC,Sacramento Kings,0022500212,2025-11-11T00:00:00,SAC vs. DEN,L,25.6,8,12,0.667,1,3,0.333,2,4,0.5,2,6,8,4,0,0,0,1,6,3,19,-18,34.6,0,0,32.0,1,3,3,3,11,2,7,1,1,2,3,7,4,7,9,10,10,5,11,9,3,5,11,6,4,8,9,10,1,9,1,25:36,1,2025-26
2025-26,1627734,Domantas Sabonis,Domantas,1610612758,SAC,Sacramento Kings,0022500223,2025-11-12T00:00:00,SAC vs. ATL,L,26.4,4,9,0.444,0,1,0.0,4,4,1.0,0,5,5,2,4,2,0,1,2,3,12,-38,23.0,0,0,23.0,1,3,3,3,10,10,9,9,5,8,5,4,4,1,11,11,11,10,2,3,3,5,1,6,8,11,11,10,1,11,1,26:24,1,2025-26
2025-26,1627734,Domantas Sabonis,Domantas,1610612758,SAC,Sacramento Kings,0022500044,2025-11-14T00:00:00,SAC @ MIN,L,39.35,14,24,0.583,1,2,0.5,5,8,0.625,4,7,11,3,2,0,1,1,5,8,34,-17,52.7,1,0,51.0,1,3,3,3,1,1,1,4,1,3,1,3,3,6,4,9,8,6,6,9,1,5,8,1,1,7,1,1,1,1,1,39:21,1,2025-26
2025-26,1627734,Domantas Sabonis,Domantas,1610612758,SAC,Sacramento Kings,0022500234,2025-11-16T00:00:00,SAC @ SAS,L,36.18333333333333,7,14,0.5,0,1,0.0,3,4,0.75,3,10,13,5,3,3,0,0,3,5,17,-7,46.1,1,0,41.0,1,3,3,3,5,5,4,6,5,8,5,5,4,4,7,3,4,3,3,1,3,1,2,4,6,3,3,1,1,3,1,36:11,1,2025-26
