SEASON_YEAR,PLAYER_ID,PLAYER_NAME,NICKNAME,TEAM_ID,TEAM_ABBREVIATION,TEAM_NAME,GAME_ID,GAME_DATE,MATCHUP,WL,MIN,FGM,FGA,FG_PCT,FG3M,FG3A,FG3_PCT,FTM,FTA,FT_PCT,OREB,DREB,REB,AST,TOV,STL,BLK,BLKA,PF,PFD,PTS,PLUS_MINUS,NBA_FANTASY_PTS,DD2,TD3,WNBA_FANTASY_PTS,GP_RANK,W_RANK,L_RANK,W_PCT_RANK,MIN_RANK,FGM_RANK,FGA_RANK,FG_PCT_RANK,FG3M_RANK,FG3A_RANK,FG3_PCT_RANK,FTM_RANK,FTA_RANK,FT_PCT_RANK,OREB_RANK,DREB_RANK,REB_RANK,AST_RANK,TOV_RANK,STL_RANK,BLK_RANK,BLKA_RANK,PF_RANK,PFD_RANK,PTS_RANK,PLUS_MINUS_RANK,NBA_FANTASY_PTS_RANK,DD2_RANK,TD3_RANK,WNBA_FANTASY_PTS_RANK,AVAILABLE_FLAG,MIN_SEC,TEAM_COUNT,SEASON
2018-19,1628392,Isaiah Hartenstein,Isaiah,1610612745,HOU,Houston Rockets,0021800009,2018-10-17T00:00:00,HOU vs. NOP,L,1.5833333333333333,0,0,0.0,0,0,0.0,0,0,0.0,0,0,0,0,0,0,0,0,0,0,0,2,0.0,0,0,0.0,1,16,16,16,27,15,19,15,3,6,3,8,8,8,13,19,23,13,12,8,11,1,1,13,16,11,24,1,1,24,1,1:35,1,2018-19
2018-19,1628392,Isaiah Hartenstein,Isaiah,1610612745,HOU,Houston Rockets,0021800039,2018-10-21T00:00:00,HOU @ LAC,L,9.383333333333333,3,3,1.0,0,0,0.0,0,0,0.0,0,1,1,0,2,1,1,0,3,0,6,-7,11.2,0,0,11.0,1,16,16,16,11,1,5,1,3,6,3,8,8,8,13,8,13,13,1,1,3,1,18,13,1,26,6,1,1,4,1,9:23,1,2018-19
2018-19,1628392,Isaiah Hartenstein,Isaiah,1610612745,HOU,Houston Rockets,0021800057,2018-10-24T00:00:00,HOU vs. UTA,L,2.5516666666666667,0,0,0.0,0,0,0.0,0,0,0.0,0,0,0,0,0,0,0,0,1,0,0,4,0.0,0,0,0.0,1,16,16,16,26,15,19,15,3,6,3,8,8,8,13,19,23,13,12,8,11,1,6,13,16,6,24,1,1,24,1,2:33,1,2018-19
2018-19,1628392,Isaiah Hartenstein,Isaiah,1610612745,HOU,Houston Rockets,0021800070,2018-10-26T00:00:00,HOU vs. LAC,L,13.316666666666666,1,4,0.25,0,2,0.0,4,4,1.0,1,0,1,3,0,0,1,0,4,2,6,3,14.7,0,0,12.0,1,16,16,16,2,6,1,14,3,1,3,1,1,1,6,19,13,1,12,8,3,1,25,1,1,7,3,1,1,3,1,13:19,1,2018-19
2018-19,1628392,Isaiah Hartenstein,Isaiah,1610612745,HOU,Houston Rockets,0021800101,2018-10-30T00:00:00,HOU vs. POR,L,6.983333333333333,0,1,0.0,0,0,0.0,0,0,0.0,1,0,1,1,0,0,0,0,3,0,0,0,2.7,0,0,2.0,1,16,16,16,16,15,13,15,3,6,3,8,8,8,6,19,13,3,12,8,11,1,18,13,16,15,18,1,1,20,1,6:59,1,2018-19
2018-19,1628392,Isaiah Hartenstein,Isaiah,1610612745,HOU,Houston Rockets,0021800118,2018-11-02T00:00:00,HOU @ BKN,W,7.65,0,2,0.0,0,0,0.0,0,0,0.0,0,1,1,0,1,0,2,1,0,1,0,1,6.2,0,0,5.0,1,1,1,1,15,15,8,15,3,6,3,8,8,8,13,8,13,13,3,8,1,23,1,3,16,13,14,1,1,13,1,7:39,1,2018-19
2018-19,1628392,Isaiah Hartenstein,Isaiah,1610612745,HOU,Houston Rockets,0021800129,2018-11-03T00:00:00,HOU @ CHI,W,12.783333333333333,1,1,1.0,0,0,0.0,0,0,0.0,1,1,2,1,1,0,1,0,3,1,2,7,7.9,0,0,7.0,1,1,1,1,4,6,13,1,3,6,3,8,8,8,6,8,7,3,3,8,3,1,18,3,11,4,10,1,1,9,1,12:47,1,2018-19
2018-19,1628392,Isaiah Hartenstein,Isaiah,1610612745,HOU,Houston Rockets,0021800141,2018-11-05T00:00:00,HOU @ IND,W,7.733333333333333,2,3,0.667,0,0,0.0,0,0,0.0,0,1,1,0,1,0,1,0,2,0,4,-7,7.2,0,0,7.0,1,1,1,1,14,2,5,6,3,6,3,8,8,8,13,8,13,13,3,8,3,1,12,13,5,26,12,1,1,9,1,7:44,1,2018-19
2018-19,1628392,Isaiah Hartenstein,Isaiah,1610612745,HOU,Houston Rockets,0021800163,2018-11-08T00:00:00,HOU @ OKC,L,6.116666666666666,0,1,0.0,0,0,0.0,0,0,0.0,1,2,3,0,1,0,0,1,2,0,0,-1,2.6,0,0,3.0,1,16,16,16,21,15,13,15,3,6,3,8,8,8,6,2,4,13,3,8,11,23,12,13,16,16,20,1,1,19,1,6:07,1,2018-19
2018-19,1628392,Isaiah Hartenstein,Isaiah,1610612745,HOU,Houston Rockets,0021800180,2018-11-10T00:00:00,HOU @ SAS,L,9.85,1,3,0.333,0,0,0.0,1,2,0.5,6,1,7,1,1,1,0,1,1,1,3,13,14.9,0,0,13.0,1,16,16,16,9,6,5,13,3,6,3,3,2,5,1,8,1,3,3,1,11,23,6,3,8,3,1,1,1,1,1,9:51,1,2018-19
2018-19,1628392,Isaiah Hartenstein,Isaiah,1610612745,HOU,Houston Rockets,0021800185,2018-11-11T00:00:00,HOU vs. IND,W,12.666666666666666,2,4,0.5,0,0,0.0,0,0,0.0,0,1,1,0,0,0,1,0,2,0,4,16,8.2,0,0,7.0,1,1,1,1,5,2,1,7,3,6,3,8,8,8,13,8,13,13,12,8,3,1,12,13,5,2,9,1,1,9,1,12:40,1,2018-19
2018-19,1628392,Isaiah Hartenstein,Isaiah,1610612745,HOU,Houston Rockets,0021800200,2018-11-13T00:00:00,HOU @ DEN,W,11.6,1,1,1.0,0,0,0.0,1,2,0.5,1,0,1,0,2,0,0,0,3,1,3,-3,2.2,0,0,4.0,1,1,1,1,6,6,13,1,3,6,3,3,2,5,6,19,13,13,1,8,11,1,18,3,8,21,22,1,1,17,1,11:36,1,2018-19
2018-19,1628392,Isaiah Hartenstein,Isaiah,1610612745,HOU,Houston Rockets,0021800213,2018-11-15T00:00:00,HOU vs. GSW,W,14.65,2,4,0.5,1,1,1.0,1,1,1.0,2,3,5,1,0,0,0,1,1,1,6,27,13.5,0,0,13.0,1,1,1,1,1,2,1,7,1,2,1,3,6,1,2,1,2,3,12,8,11,23,6,3,1,1,5,1,1,1,1,14:39,1,2018-19
2018-19,1628392,Isaiah Hartenstein,Isaiah,1610612745,HOU,Houston Rockets,0021800231,2018-11-17T00:00:00,HOU vs. SAC,W,9.766666666666667,0,0,0.0,0,0,0.0,1,2,0.5,0,2,2,2,1,1,0,0,1,1,1,-2,8.4,0,0,7.0,1,1,1,1,10,15,19,15,3,6,3,3,2,5,13,2,7,2,3,1,11,1,6,3,15,17,8,1,1,9,1,9:46,1,2018-19
2018-19,1628392,Isaiah Hartenstein,Isaiah,1610612745,HOU,Houston Rockets,0021800258,2018-11-21T00:00:00,HOU vs. DET,W,11.033333333333333,1,2,0.5,0,0,0.0,1,1,1.0,0,2,2,0,1,1,1,0,5,1,3,-2,10.4,0,0,9.0,1,1,1,1,8,6,8,7,3,6,3,3,6,1,13,2,7,13,3,1,3,1,28,3,8,17,7,1,1,7,1,11:02,1,2018-19
2018-19,1628392,Isaiah Hartenstein,Isaiah,1610612745,HOU,Houston Rockets,0021800267,2018-11-23T00:00:00,HOU @ DET,L,6.95,1,2,0.5,0,1,0.0,0,0,0.0,0,1,1,0,0,0,1,0,3,0,2,3,6.2,0,0,5.0,1,16,16,16,17,6,8,7,3,2,3,8,8,8,13,8,13,13,12,8,3,1,18,13,11,7,14,1,1,13,1,6:57,1,2018-19
2018-19,1628392,Isaiah Hartenstein,Isaiah,1610612745,HOU,Houston Rockets,0021800279,2018-11-24T00:00:00,HOU @ CLE,L,2.85,0,0,0.0,0,0,0.0,0,0,0.0,0,0,0,0,0,0,0,0,1,0,0,-2,0.0,0,0,0.0,1,16,16,16,25,15,19,15,3,6,3,8,8,8,13,19,23,13,12,8,11,1,6,13,16,17,24,1,1,24,1,2:51,1,2018-19
2018-19,1628392,Isaiah Hartenstein,Isaiah,1610612745,HOU,Houston Rockets,0021800296,2018-11-26T00:00:00,HOU @ WAS,L,6.516666666666667,0,0,0.0,0,0,0.0,0,0,0.0,0,0,0,0,0,0,0,0,2,1,0,6,0.0,0,0,0.0,1,16,16,16,20,15,19,15,3,6,3,8,8,8,13,19,23,13,12,8,11,1,12,3,16,5,24,1,1,24,1,6:31,1,2018-19
2018-19,1628392,Isaiah Hartenstein,Isaiah,1610612745,HOU,Houston Rockets,0021800309,2018-11-28T00:00:00,HOU vs. DAL,L,11.483333333333333,1,2,0.5,1,1,1.0,2,2,1.0,2,1,3,0,1,0,0,1,4,1,5,-6,7.6,0,0,9.0,1,16,16,16,7,6,8,7,1,2,1,2,2,1,2,8,4,13,3,8,11,23,25,3,4,25,11,1,1,7,1,11:29,1,2018-19
2018-19,1628392,Isaiah Hartenstein,Isaiah,1610612745,HOU,Houston Rockets,0021800326,2018-11-30T00:00:00,HOU @ SAS,W,3.1283333333333334,0,0,0.0,0,0,0.0,0,0,0.0,0,0,0,0,0,0,0,0,0,0,0,-3,0.0,0,0,0.0,1,1,1,1,23,15,19,15,3,6,3,8,8,8,13,19,23,13,12,8,11,1,1,13,16,21,24,1,1,24,1,3:08,1,2018-19
2018-19,1628392,Isaiah Hartenstein,Isaiah,1610612745,HOU,Houston Rockets,0021800334,2018-12-01T00:00:00,HOU vs. CHI,W,2.933333333333333,0,0,0.0,0,0,0.0,0,0,0.0,1,0,1,1,0,0,0,0,0,0,0,-4,2.7,0,0,2.0,1,1,1,1,24,15,19,15,3,6,3,8,8,8,6,19,13,3,12,8,11,1,1,13,16,23,18,1,1,20,1,2:56,1,2018-19
2018-19,1628392,Isaiah Hartenstein,Isaiah,1610612745,HOU,Houston Rockets,0021800461,2018-12-19T00:00:00,HOU vs. WAS,W,6.043333333333333,1,1,1.0,0,0,0.0,0,0,0.0,1,1,2,1,0,0,0,0,4,0,2,-2,5.9,0,0,5.0,1,1,1,1,22,6,13,1,3,6,3,8,8,8,6,8,7,3,12,8,11,1,25,13,11,17,16,1,1,13,1,6:03,1,2018-19
2018-19,1628392,Isaiah Hartenstein,Isaiah,1610612745,HOU,Houston Rockets,0021800646,2019-01-14T00:00:00,HOU vs. MEM,W,6.933333333333334,0,2,0.0,0,1,0.0,0,0,0.0,2,2,4,1,0,0,0,0,1,0,0,-8,6.3,0,0,5.0,1,1,1,1,18,15,8,15,3,2,3,8,8,8,2,2,3,3,12,8,11,1,6,13,16,28,13,1,1,13,1,6:56,1,2018-19
2018-19,1628392,Isaiah Hartenstein,Isaiah,1610612745,HOU,Houston Rockets,0021800774,2019-02-01T00:00:00,HOU @ DEN,L,8.083333333333334,2,4,0.5,0,0,0.0,0,0,0.0,2,1,3,0,0,1,1,1,2,0,4,3,13.6,0,0,11.0,1,16,16,16,12,2,1,7,3,6,3,8,8,8,2,8,4,13,12,1,3,23,12,13,5,7,4,1,1,4,1,8:05,1,2018-19
2018-19,1628392,Isaiah Hartenstein,Isaiah,1610612745,HOU,Houston Rockets,0021800786,2019-02-02T00:00:00,HOU @ UTA,W,7.95,0,0,0.0,0,0,0.0,0,0,0.0,0,1,1,1,1,1,0,0,3,0,0,3,4.7,0,0,4.0,1,1,1,1,13,15,19,15,3,6,3,8,8,8,13,8,13,3,3,1,11,1,18,13,16,7,17,1,1,17,1,7:57,1,2018-19
2018-19,1628392,Isaiah Hartenstein,Isaiah,1610612745,HOU,Houston Rockets,0021800809,2019-02-06T00:00:00,HOU @ SAC,W,6.766666666666667,0,0,0.0,0,0,0.0,0,0,0.0,0,2,2,0,0,0,0,0,2,2,0,2,2.4,0,0,2.0,1,1,1,1,19,15,19,15,3,6,3,8,8,8,13,2,7,13,12,8,11,1,12,1,16,11,21,1,1,20,1,6:46,1,2018-19
2018-19,1628392,Isaiah Hartenstein,Isaiah,1610612745,HOU,Houston Rockets,0021800844,2019-02-11T00:00:00,HOU vs. DAL,W,12.786666666666667,1,1,1.0,0,0,0.0,0,0,0.0,0,2,2,1,0,1,2,0,3,1,2,-5,14.9,0,0,11.0,1,1,1,1,3,6,13,1,3,6,3,8,8,8,13,2,7,3,12,1,1,1,18,3,11,24,1,1,1,4,1,12:47,1,2018-19
2018-19,1628392,Isaiah Hartenstein,Isaiah,1610612745,HOU,Houston Rockets,0021801111,2019-03-26T00:00:00,HOU @ MIL,L,1.1666666666666667,0,0,0.0,0,0,0.0,0,0,0.0,0,0,0,1,0,0,0,0,0,0,0,1,1.5,0,0,1.0,1,16,16,16,28,15,19,15,3,6,3,8,8,8,13,19,23,3,12,8,11,1,1,13,16,13,23,1,1,23,1,1:10,1,2018-19
2019-20,1628392,Isaiah Hartenstein,Isaiah,1610612745,HOU,Houston Rockets,0021900169,2019-11-15T00:00:00,HOU vs. IND,W,13.233333333333333,2,2,1.0,0,0,0.0,0,0,0.0,0,0,0,0,0,0,1,0,2,1,4,-1,7.0,0,0,6.0,1,1,1,1,8,7,9,1,1,4,1,11,12,11,10,16,17,13,10,9,4,1,14,7,8,10,10,3,1,10,1,13:14,1,2019-20
2019-20,1628392,Isaiah Hartenstein,Isaiah,1610612745,HOU,Houston Rockets,0021900179,2019-11-16T00:00:00,HOU @ MIN,W,30.616666666666667,1,2,0.5,0,0,0.0,4,4,1.0,5,11,16,0,2,0,0,0,5,4,6,26,23.2,0,0,22.0,1,1,1,1,2,8,9,13,1,4,1,1,2,1,2,1,1,13,1,9,7,1,23,1,7,2,5,3,1,5,1,30:37,1,2019-20
2019-20,1628392,Isaiah Hartenstein,Isaiah,1610612745,HOU,Houston Rockets,0021900193,2019-11-18T00:00:00,HOU vs. POR,W,12.85,3,3,1.0,0,0,0.0,3,3,1.0,0,1,1,0,2,0,2,0,1,2,9,-6,14.2,0,0,14.0,1,1,1,1,9,5,8,1,1,4,1,3,3,1,10,12,13,13,1,9,2,1,5,5,4,17,7,3,1,7,1,12:51,1,2019-20
2019-20,1628392,Isaiah Hartenstein,Isaiah,1610612745,HOU,Houston Rockets,0021900211,2019-11-20T00:00:00,HOU @ DEN,L,4.35,1,1,1.0,0,0,0.0,0,0,0.0,0,0,0,1,0,1,0,0,1,1,2,4,6.5,0,0,5.0,1,17,17,17,15,8,13,1,1,4,1,11,12,11,10,16,17,5,10,2,7,1,5,7,10,6,11,3,1,11,1,4:21,1,2019-20
2019-20,1628392,Isaiah Hartenstein,Isaiah,1610612745,HOU,Houston Rockets,0021900235,2019-11-24T00:00:00,HOU vs. DAL,L,1.8,1,1,1.0,0,0,0.0,0,0,0.0,0,1,1,0,0,0,0,0,0,0,2,5,3.2,0,0,3.0,1,17,17,17,21,8,13,1,1,4,1,11,12,11,10,12,13,13,10,9,7,1,1,15,10,5,18,3,1,15,1,1:48,1,2019-20
2019-20,1628392,Isaiah Hartenstein,Isaiah,1610612745,HOU,Houston Rockets,0021900259,2019-11-27T00:00:00,HOU vs. MIA,W,10.405,0,1,0.0,0,0,0.0,1,2,0.5,0,2,2,1,0,0,0,0,2,1,1,-1,4.9,0,0,4.0,1,1,1,1,12,17,13,17,1,4,1,5,4,5,10,7,10,5,10,9,7,1,14,7,18,10,12,3,1,14,1,10:24,1,2019-20
2019-20,1628392,Isaiah Hartenstein,Isaiah,1610612745,HOU,Houston Rockets,0021900282,2019-11-30T00:00:00,HOU vs. ATL,W,20.783333333333335,3,5,0.6,0,1,0.0,1,2,0.5,3,2,5,2,2,1,1,0,4,1,7,15,20.0,0,0,18.0,1,1,1,1,5,5,5,11,1,3,1,5,4,5,5,7,6,2,1,2,4,1,19,7,6,4,6,3,1,6,1,20:47,1,2019-20
2019-20,1628392,Isaiah Hartenstein,Isaiah,1610612745,HOU,Houston Rockets,0021900333,2019-12-07T00:00:00,HOU vs. PHX,W,2.4,0,0,0.0,0,0,0.0,0,0,0.0,0,1,1,0,0,0,0,0,1,0,0,-7,1.2,0,0,1.0,1,1,1,1,20,17,20,17,1,4,1,11,12,11,10,12,13,13,10,9,7,1,5,15,19,19,21,3,1,21,1,2:24,1,2019-20
2019-20,1628392,Isaiah Hartenstein,Isaiah,1610612745,HOU,Houston Rockets,0021900371,2019-12-13T00:00:00,HOU @ ORL,W,6.633333333333334,0,1,0.0,0,0,0.0,0,0,0.0,0,0,0,1,0,1,0,1,1,0,0,-2,4.5,0,0,3.0,1,1,1,1,13,17,13,17,1,4,1,11,12,11,10,16,17,5,10,2,7,22,5,15,19,13,14,3,1,15,1,6:38,1,2019-20
2019-20,1628392,Isaiah Hartenstein,Isaiah,1610612745,HOU,Houston Rockets,0021900478,2019-12-28T00:00:00,HOU vs. BKN,W,24.366666666666667,4,7,0.571,0,0,0.0,1,2,0.5,6,7,13,1,2,1,0,0,4,2,9,-4,27.1,0,0,25.0,1,1,1,1,4,4,4,12,1,4,1,5,4,5,1,4,3,5,1,2,7,1,19,5,4,14,4,3,1,4,1,24:22,1,2019-20
2019-20,1628392,Isaiah Hartenstein,Isaiah,1610612745,HOU,Houston Rockets,0021900488,2019-12-29T00:00:00,HOU @ NOP,L,34.2,9,11,0.818,0,0,0.0,1,2,0.5,1,8,9,4,2,0,2,0,4,3,19,-6,39.8,0,0,36.0,1,17,17,17,1,1,1,9,1,4,1,5,4,5,7,3,5,1,1,9,2,1,19,3,1,17,2,3,1,2,1,34:12,1,2019-20
2019-20,1628392,Isaiah Hartenstein,Isaiah,1610612745,HOU,Houston Rockets,0021900501,2019-12-31T00:00:00,HOU vs. DEN,W,18.066666666666666,6,8,0.75,0,0,0.0,4,6,0.667,5,7,12,0,2,1,1,1,4,3,16,21,34.4,1,0,32.0,1,1,1,1,6,3,3,10,1,4,1,1,1,4,2,4,4,13,1,2,4,22,19,3,3,3,3,1,1,3,1,18:04,1,2019-20
2019-20,1628392,Isaiah Hartenstein,Isaiah,1610612745,HOU,Houston Rockets,0021900520,2020-01-03T00:00:00,HOU vs. PHI,W,11.1,0,2,0.0,0,0,0.0,0,0,0.0,0,2,2,1,0,0,0,0,2,0,0,0,3.9,0,0,3.0,1,1,1,1,11,17,9,17,1,4,1,11,12,11,10,7,10,5,10,9,7,1,14,15,19,9,15,3,1,15,1,11:06,1,2019-20
2019-20,1628392,Isaiah Hartenstein,Isaiah,1610612745,HOU,Houston Rockets,0021900558,2020-01-08T00:00:00,HOU @ ATL,W,4.1,1,1,1.0,0,0,0.0,0,1,0.0,0,2,2,1,1,0,0,0,1,1,2,3,4.9,0,0,5.0,1,1,1,1,16,8,13,1,1,4,1,11,11,11,10,7,10,5,8,9,7,1,5,7,10,7,12,3,1,11,1,4:06,1,2019-20
2019-20,1628392,Isaiah Hartenstein,Isaiah,1610612745,HOU,Houston Rockets,0021900566,2020-01-09T00:00:00,HOU @ OKC,L,12.0,1,5,0.2,0,2,0.0,0,0,0.0,0,4,4,2,0,1,0,0,1,0,2,1,12.8,0,0,10.0,1,17,17,17,10,8,5,16,1,1,1,11,12,11,10,6,7,2,10,2,7,1,5,15,10,8,8,3,1,8,1,12:00,1,2019-20
2019-20,1628392,Isaiah Hartenstein,Isaiah,1610612745,HOU,Houston Rockets,0021900577,2020-01-11T00:00:00,HOU vs. MIN,W,26.5,8,9,0.889,0,0,0.0,1,2,0.5,5,10,15,1,0,2,5,0,3,4,17,39,57.5,1,0,47.0,1,1,1,1,3,2,2,8,1,4,1,5,4,5,2,2,2,5,10,1,1,1,18,1,2,1,1,1,1,1,1,26:30,1,2019-20
2019-20,1628392,Isaiah Hartenstein,Isaiah,1610612745,HOU,Houston Rockets,0021900600,2020-01-14T00:00:00,HOU @ MEM,L,3.9833333333333334,0,0,0.0,0,0,0.0,2,2,1.0,0,0,0,1,0,0,0,0,0,1,2,-8,3.5,0,0,3.0,1,17,17,17,17,17,20,17,1,4,1,4,4,1,10,16,17,5,10,9,7,1,1,7,10,21,17,3,1,15,1,3:59,1,2019-20
2019-20,1628392,Isaiah Hartenstein,Isaiah,1610612745,HOU,Houston Rockets,0021900611,2020-01-15T00:00:00,HOU vs. POR,L,0.9333333333333333,0,0,0.0,0,0,0.0,0,0,0.0,0,0,0,0,0,0,0,0,1,0,0,-5,0.0,0,0,0.0,1,17,17,17,23,17,20,17,1,4,1,11,12,11,10,16,17,13,10,9,7,1,5,15,19,16,22,3,1,22,1,0:56,1,2019-20
2019-20,1628392,Isaiah Hartenstein,Isaiah,1610612745,HOU,Houston Rockets,0021900662,2020-01-22T00:00:00,HOU vs. DEN,W,3.6,1,1,1.0,0,0,0.0,0,0,0.0,0,0,0,0,0,0,0,0,0,0,2,-7,2.0,0,0,2.0,1,1,1,1,18,8,13,1,1,4,1,11,12,11,10,16,17,13,10,9,7,1,1,15,10,19,20,3,1,20,1,3:36,1,2019-20
2019-20,1628392,Isaiah Hartenstein,Isaiah,1610612745,HOU,Houston Rockets,0021900698,2020-01-27T00:00:00,HOU @ UTA,W,5.933333333333334,1,1,1.0,0,0,0.0,0,0,0.0,2,1,3,0,2,0,0,0,1,1,2,-9,3.6,0,0,5.0,1,1,1,1,14,8,13,1,1,4,1,11,12,11,6,12,8,13,1,9,7,1,5,7,10,22,16,3,1,11,1,5:56,1,2019-20
2019-20,1628392,Isaiah Hartenstein,Isaiah,1610612745,HOU,Houston Rockets,0021900752,2020-02-04T00:00:00,HOU vs. CHA,W,3.1666666666666665,1,2,0.5,0,0,0.0,0,0,0.0,1,0,1,0,0,0,0,0,1,0,2,-1,3.2,0,0,3.0,1,1,1,1,19,8,9,13,1,4,1,11,12,11,7,16,13,13,10,9,7,1,5,15,10,10,18,3,1,15,1,3:10,1,2019-20
2019-20,1628392,Isaiah Hartenstein,Isaiah,1610612745,HOU,Houston Rockets,0021900774,2020-02-07T00:00:00,HOU @ PHX,L,13.733333333333333,1,4,0.25,0,2,0.0,1,2,0.5,1,2,3,2,1,1,0,0,2,1,3,-13,11.6,0,0,10.0,1,17,17,17,7,8,7,15,1,1,1,5,4,5,7,7,8,2,8,2,7,1,14,7,9,23,9,3,1,8,1,13:44,1,2019-20
2019-20,1628392,Isaiah Hartenstein,Isaiah,1610612745,HOU,Houston Rockets,0021900806,2020-02-11T00:00:00,HOU vs. BOS,W,1.2666666666666666,0,0,0.0,0,0,0.0,0,0,0.0,0,0,0,0,0,0,0,0,0,0,0,-4,0.0,0,0,0.0,1,1,1,1,22,17,20,17,1,4,1,11,12,11,10,16,17,13,10,9,7,1,1,15,19,14,22,3,1,22,1,1:16,1,2019-20
2020-21,1628392,Isaiah Hartenstein,Isaiah,1610612743,DEN,Denver Nuggets,0022000019,2020-12-23T00:00:00,DEN vs. SAC,L,8.883333333333333,3,6,0.5,0,0,0.0,0,0,0.0,2,1,3,0,2,0,2,1,4,0,6,-1,13.6,0,0,13.0,1,21,21,21,36,10,7,21,3,5,3,24,28,24,10,28,21,27,5,15,6,35,39,37,16,28,20,2,1,18,1,8:53,1,2020-21
2020-21,1628392,Isaiah Hartenstein,Isaiah,1610612743,DEN,Denver Nuggets,0022000009,2020-12-25T00:00:00,DEN vs. LAC,L,9.518333333333333,3,5,0.6,0,0,0.0,0,0,0.0,2,3,5,1,0,0,1,0,1,0,6,7,16.5,0,0,14.0,1,21,21,21,33,10,11,16,3,5,3,24,28,24,10,10,12,11,26,15,11,1,6,37,16,8,15,2,1,14,1,9:31,1,2020-21
2020-21,1628392,Isaiah Hartenstein,Isaiah,1610612743,DEN,Denver Nuggets,0022000044,2020-12-28T00:00:00,DEN vs. HOU,W,9.666666666666666,1,3,0.333,0,0,0.0,3,6,0.5,2,2,4,0,1,1,0,1,4,4,5,5,11.8,0,0,11.0,1,1,1,1,31,25,23,28,3,5,3,3,2,15,10,16,16,27,13,5,24,35,39,2,20,12,26,2,1,24,1,9:40,1,2020-21
2020-21,1628392,Isaiah Hartenstein,Isaiah,1610612743,DEN,Denver Nuggets,0022000055,2020-12-29T00:00:00,DEN @ SAC,L,9.041666666666666,1,3,0.333,0,0,0.0,1,2,0.5,1,2,3,1,2,0,0,0,1,1,3,-11,6.1,0,0,7.0,1,21,21,21,34,25,23,28,3,5,3,16,11,15,19,16,21,11,5,15,24,1,6,17,29,42,37,2,1,33,1,9:03,1,2020-21
2020-21,1628392,Isaiah Hartenstein,Isaiah,1610612743,DEN,Denver Nuggets,0022000076,2021-01-01T00:00:00,DEN vs. PHX,L,8.516666666666667,3,5,0.6,0,0,0.0,1,2,0.5,2,1,3,0,0,0,0,0,1,4,7,1,10.6,0,0,10.0,1,21,21,21,37,10,11,16,3,5,3,16,11,15,10,28,21,27,26,15,24,1,6,2,14,21,29,2,1,26,1,8:31,1,2020-21
2020-21,1628392,Isaiah Hartenstein,Isaiah,1610612743,DEN,Denver Nuggets,0022000120,2021-01-07T00:00:00,DEN vs. DAL,L,5.218333333333334,0,0,0.0,0,0,0.0,0,0,0.0,1,0,1,1,0,0,1,0,3,1,0,6,5.7,0,0,4.0,1,21,21,21,40,38,41,38,3,5,3,24,28,24,19,40,39,11,26,15,11,1,27,17,41,10,38,2,1,39,1,5:13,1,2020-21
2020-21,1628392,Isaiah Hartenstein,Isaiah,1610612743,DEN,Denver Nuggets,0022000133,2021-01-09T00:00:00,DEN @ PHI,W,14.935,3,5,0.6,0,0,0.0,0,0,0.0,4,1,5,0,2,2,2,0,1,1,6,2,22.0,0,0,19.0,1,1,1,1,11,10,11,16,3,5,3,24,28,24,1,28,12,27,5,2,6,1,6,17,16,19,8,2,1,8,1,14:56,1,2020-21
2020-21,1628392,Isaiah Hartenstein,Isaiah,1610612743,DEN,Denver Nuggets,0022000144,2021-01-10T00:00:00,DEN @ NYK,W,11.533333333333333,3,3,1.0,0,0,0.0,2,2,1.0,1,1,2,1,3,1,0,0,6,3,8,15,11.9,0,0,13.0,1,1,1,1,20,10,23,1,3,5,3,6,11,1,19,28,29,11,4,5,24,1,45,4,9,2,25,2,1,18,1,11:32,1,2020-21
2020-21,1628392,Isaiah Hartenstein,Isaiah,1610612743,DEN,Denver Nuggets,0022000158,2021-01-12T00:00:00,DEN @ BKN,L,11.166666666666666,1,3,0.333,0,0,0.0,1,3,0.333,2,2,4,3,1,0,2,0,2,2,3,5,17.3,0,0,14.0,1,21,21,21,21,25,23,28,3,5,3,16,7,22,10,16,16,6,13,15,6,1,19,10,29,12,14,2,1,14,1,11:10,1,2020-21
2020-21,1628392,Isaiah Hartenstein,Isaiah,1610612743,DEN,Denver Nuggets,0022000177,2021-01-14T00:00:00,DEN vs. GSW,W,6.716666666666667,0,0,0.0,0,0,0.0,2,4,0.5,0,1,1,0,0,0,1,0,1,2,2,4,6.2,0,0,5.0,1,1,1,1,39,38,41,38,3,5,3,6,3,15,37,28,39,27,26,15,11,1,6,10,32,15,36,2,1,36,1,6:43,1,2020-21
2020-21,1628392,Isaiah Hartenstein,Isaiah,1610612743,DEN,Denver Nuggets,0022000200,2021-01-17T00:00:00,DEN vs. UTA,L,2.716666666666667,0,3,0.0,0,0,0.0,0,0,0.0,2,0,2,0,0,0,0,0,0,0,0,-8,2.4,0,0,2.0,1,21,21,21,46,38,23,38,3,5,3,24,28,24,10,40,29,27,26,15,24,1,1,37,41,37,43,2,1,44,1,2:43,1,2020-21
2020-21,1628392,Isaiah Hartenstein,Isaiah,1610612743,DEN,Denver Nuggets,0022000213,2021-01-19T00:00:00,DEN vs. OKC,W,12.931666666666667,1,2,0.5,0,0,0.0,3,3,1.0,1,6,7,0,0,1,0,0,3,3,5,17,16.4,0,0,14.0,1,1,1,1,15,25,34,21,3,5,3,3,7,1,19,5,5,27,26,5,24,1,27,4,20,1,16,2,1,14,1,12:56,1,2020-21
2020-21,1628392,Isaiah Hartenstein,Isaiah,1610612743,DEN,Denver Nuggets,0022000296,2021-01-29T00:00:00,DEN @ SAS,L,5.133333333333334,1,3,0.333,0,0,0.0,0,0,0.0,1,0,1,1,1,0,0,0,0,0,2,1,3.7,0,0,4.0,1,21,21,21,41,25,23,28,3,5,3,24,28,24,19,40,39,11,13,15,24,1,1,37,32,21,41,2,1,39,1,5:08,1,2020-21
2020-21,1628392,Isaiah Hartenstein,Isaiah,1610612743,DEN,Denver Nuggets,0022000341,2021-02-04T00:00:00,DEN @ LAL,L,10.183333333333334,1,4,0.25,0,0,0.0,1,1,1.0,3,1,4,1,0,1,0,1,3,1,3,-9,12.3,0,0,10.0,1,21,21,21,30,25,18,34,3,5,3,16,24,1,3,28,16,11,26,5,24,35,27,17,29,39,24,2,1,26,1,10:11,1,2020-21
2020-21,1628392,Isaiah Hartenstein,Isaiah,1610612743,DEN,Denver Nuggets,0022000388,2021-02-10T00:00:00,DEN vs. CLE,W,7.666666666666667,2,2,1.0,0,0,0.0,0,1,0.0,0,2,2,0,2,0,3,0,3,1,4,3,13.4,0,0,12.0,1,1,1,1,38,19,34,1,3,5,3,24,24,24,37,16,29,27,5,15,2,1,27,17,24,16,21,2,1,21,1,7:40,1,2020-21
2020-21,1628392,Isaiah Hartenstein,Isaiah,1610612743,DEN,Denver Nuggets,0022000416,2021-02-14T00:00:00,DEN vs. LAL,W,3.066666666666667,0,0,0.0,0,0,0.0,2,2,1.0,1,1,2,0,0,0,0,0,2,1,2,-2,4.4,0,0,4.0,1,1,1,1,45,38,41,38,3,5,3,6,11,1,19,28,29,27,26,15,24,1,19,17,32,31,40,2,1,39,1,3:04,1,2020-21
2020-21,1628392,Isaiah Hartenstein,Isaiah,1610612743,DEN,Denver Nuggets,0022000427,2021-02-16T00:00:00,DEN @ BOS,L,10.45,3,3,1.0,0,0,0.0,0,0,0.0,0,1,1,0,0,1,0,0,1,0,6,-15,10.2,0,0,9.0,1,21,21,21,27,10,23,1,3,5,3,24,28,24,37,28,39,27,26,5,24,1,6,37,16,44,31,2,1,29,1,10:27,1,2020-21
2020-21,1628392,Isaiah Hartenstein,Isaiah,1610612743,DEN,Denver Nuggets,0022000437,2021-02-17T00:00:00,DEN @ WAS,L,9.666666666666666,4,5,0.8,0,0,0.0,0,1,0.0,1,0,1,1,0,0,1,0,3,2,8,-7,13.7,0,0,12.0,1,21,21,21,31,5,11,9,3,5,3,24,24,24,19,40,39,11,26,15,11,1,27,10,9,36,19,2,1,21,1,9:40,1,2020-21
2020-21,1628392,Isaiah Hartenstein,Isaiah,1610612743,DEN,Denver Nuggets,0022000563,2021-02-19T00:00:00,DEN @ CLE,W,11.133333333333333,1,1,1.0,0,0,0.0,0,2,0.0,1,2,3,0,1,0,1,0,2,1,2,3,7.6,0,0,7.0,1,1,1,1,22,25,38,1,3,5,3,24,11,24,19,16,21,27,13,15,11,1,19,17,32,16,33,2,1,33,1,11:08,1,2020-21
2020-21,1628392,Isaiah Hartenstein,Isaiah,1610612743,DEN,Denver Nuggets,0022000470,2021-02-21T00:00:00,DEN @ ATL,L,10.616666666666667,0,2,0.0,0,0,0.0,0,0,0.0,0,0,0,1,1,2,0,1,0,1,0,0,6.5,0,0,5.0,1,21,21,21,26,38,34,38,3,5,3,24,28,24,37,40,46,11,13,2,24,35,1,17,41,26,34,2,1,36,1,10:37,1,2020-21
2020-21,1628392,Isaiah Hartenstein,Isaiah,1610612743,DEN,Denver Nuggets,0022000487,2021-02-23T00:00:00,DEN vs. POR,W,10.193333333333333,1,3,0.333,0,0,0.0,2,2,1.0,1,2,3,0,0,1,0,2,1,1,4,5,10.6,0,0,9.0,1,1,1,1,29,25,23,28,3,5,3,6,11,1,19,16,21,27,26,5,24,45,6,17,24,12,29,2,1,29,1,10:12,1,2020-21
2020-21,1628392,Isaiah Hartenstein,Isaiah,1610612743,DEN,Denver Nuggets,0022000502,2021-02-25T00:00:00,DEN vs. WAS,L,10.3,2,5,0.4,0,0,0.0,1,1,1.0,4,2,6,0,1,0,0,0,1,1,5,0,11.2,0,0,11.0,1,21,21,21,28,19,11,26,3,5,3,16,24,1,1,16,7,27,13,15,24,1,6,17,20,26,27,2,1,24,1,10:18,1,2020-21
2020-21,1628392,Isaiah Hartenstein,Isaiah,1610612743,DEN,Denver Nuggets,0022000518,2021-02-27T00:00:00,DEN @ OKC,W,12.016666666666667,1,4,0.25,0,0,0.0,0,0,0.0,1,0,1,1,1,0,0,0,3,1,2,-1,3.7,0,0,4.0,1,1,1,1,18,25,18,34,3,5,3,24,28,24,19,40,39,11,13,15,24,1,27,17,32,28,41,2,1,39,1,12:01,1,2020-21
2020-21,1628392,Isaiah Hartenstein,Isaiah,1610612743,DEN,Denver Nuggets,0022000531,2021-03-01T00:00:00,DEN @ CHI,W,8.95,1,3,0.333,0,0,0.0,0,0,0.0,1,4,5,0,0,0,1,0,0,0,2,-2,11.0,0,0,9.0,1,1,1,1,35,25,23,28,3,5,3,24,28,24,19,8,12,27,26,15,11,1,1,37,32,31,28,2,1,29,1,8:57,1,2020-21
2020-21,1628392,Isaiah Hartenstein,Isaiah,1610612743,DEN,Denver Nuggets,0022000540,2021-03-02T00:00:00,DEN @ MIL,W,11.6,0,0,0.0,0,0,0.0,0,0,0.0,0,2,2,0,0,0,0,0,4,1,0,13,2.4,0,0,2.0,1,1,1,1,19,38,41,38,3,5,3,24,28,24,37,16,29,27,26,15,24,1,39,17,41,3,43,2,1,44,1,11:36,1,2020-21
2020-21,1628392,Isaiah Hartenstein,Isaiah,1610612743,DEN,Denver Nuggets,0022000553,2021-03-04T00:00:00,DEN @ IND,W,11.021666666666667,3,3,1.0,0,0,0.0,1,2,0.5,3,0,3,2,1,0,0,0,3,1,7,13,12.6,0,0,12.0,1,1,1,1,23,10,23,1,3,5,3,16,11,15,3,40,21,8,13,15,24,1,27,17,14,3,23,2,1,21,1,11:01,1,2020-21
2020-21,1628392,Isaiah Hartenstein,Isaiah,1610612743,DEN,Denver Nuggets,0022000580,2021-03-12T00:00:00,DEN @ MEM,W,10.7,1,1,1.0,0,0,0.0,0,0,0.0,1,1,2,0,0,1,2,0,0,1,2,1,13.4,0,0,10.0,1,1,1,1,24,25,38,1,3,5,3,24,28,24,19,28,29,27,26,5,6,1,1,17,32,21,21,2,1,26,1,10:42,1,2020-21
2020-21,1628392,Isaiah Hartenstein,Isaiah,1610612743,DEN,Denver Nuggets,0022000606,2021-03-15T00:00:00,DEN vs. IND,W,4.316666666666666,0,1,0.0,0,0,0.0,0,0,0.0,0,2,2,0,0,0,0,1,1,0,0,3,2.4,0,0,2.0,1,1,1,1,42,38,38,38,3,5,3,24,28,24,37,16,29,27,26,15,24,35,6,37,41,16,43,2,1,44,1,4:19,1,2020-21
2020-21,1628392,Isaiah Hartenstein,Isaiah,1610612743,DEN,Denver Nuggets,0022000624,2021-03-17T00:00:00,DEN vs. CHA,W,3.6,0,0,0.0,0,0,0.0,0,0,0.0,1,3,4,1,0,0,0,0,2,0,0,-4,6.3,0,0,5.0,1,1,1,1,43,38,41,38,3,5,3,24,28,24,19,10,16,11,26,15,24,1,19,37,41,35,35,2,1,36,1,3:36,1,2020-21
2020-21,1628392,Isaiah Hartenstein,Isaiah,1610612743,DEN,Denver Nuggets,0022000646,2021-03-21T00:00:00,DEN vs. NOP,L,10.648333333333333,1,2,0.5,0,0,0.0,2,2,1.0,1,2,3,0,2,0,3,0,3,1,4,-10,14.6,0,0,13.0,1,21,21,21,25,25,34,21,3,5,3,6,11,1,19,16,21,27,5,15,2,1,27,17,24,41,17,2,1,18,1,10:39,1,2020-21
2020-21,1628392,Isaiah Hartenstein,Isaiah,1610612739,CLE,Cleveland Cavaliers,0022000715,2021-03-29T00:00:00,CLE @ UTA,L,26.216666666666665,2,8,0.25,1,3,0.333,0,2,0.0,2,12,14,7,1,0,1,1,5,2,5,-18,34.3,0,0,29.0,1,21,21,21,3,19,2,34,1,1,2,24,11,24,10,1,1,1,13,15,11,35,42,10,20,45,3,2,1,4,1,26:13,1,2020-21
2020-21,1628392,Isaiah Hartenstein,Isaiah,1610612739,CLE,Cleveland Cavaliers,0022000731,2021-04-01T00:00:00,CLE vs. PHI,L,19.783333333333335,5,9,0.556,1,1,1.0,1,3,0.333,0,7,7,1,0,0,2,0,5,3,12,-12,27.9,0,0,25.0,1,21,21,21,7,2,1,20,1,2,1,16,7,22,37,4,5,11,26,15,6,1,42,4,3,43,6,2,1,6,1,19:47,1,2020-21
2020-21,1628392,Isaiah Hartenstein,Isaiah,1610612739,CLE,Cleveland Cavaliers,0022000749,2021-04-03T00:00:00,CLE @ MIA,L,17.2,2,3,0.667,0,0,0.0,5,7,0.714,1,2,3,0,1,0,1,0,1,5,9,2,14.6,0,0,14.0,1,21,21,21,8,19,23,11,3,5,3,1,1,13,19,16,21,27,13,15,11,1,6,1,8,19,17,2,1,14,1,17:12,1,2020-21
2020-21,1628392,Isaiah Hartenstein,Isaiah,1610612739,CLE,Cleveland Cavaliers,0022000767,2021-04-05T00:00:00,CLE @ SAS,W,27.216666666666665,7,8,0.875,0,1,0.0,2,3,0.667,2,10,12,3,0,0,1,0,5,2,16,9,37.9,1,0,33.0,1,1,1,1,1,1,2,8,3,2,3,6,7,14,10,2,2,6,26,15,11,1,42,10,1,6,2,1,1,2,1,27:13,1,2020-21
2020-21,1628392,Isaiah Hartenstein,Isaiah,1610612739,CLE,Cleveland Cavaliers,0022000785,2021-04-08T00:00:00,CLE @ OKC,W,26.665,3,4,0.75,0,0,0.0,2,4,0.5,3,9,12,6,1,0,1,0,1,3,8,12,33.4,0,0,28.0,1,1,1,1,2,10,18,10,3,5,3,6,3,15,3,3,2,2,13,15,11,1,6,4,9,5,5,2,1,5,1,26:40,1,2020-21
2020-21,1628392,Isaiah Hartenstein,Isaiah,1610612739,CLE,Cleveland Cavaliers,0022000794,2021-04-10T00:00:00,CLE vs. TOR,L,25.483333333333334,4,6,0.667,0,0,0.0,4,4,1.0,3,5,8,6,2,3,4,1,2,3,12,1,49.6,0,0,40.0,1,21,21,21,4,5,7,11,3,5,3,2,3,1,3,6,4,2,5,1,1,35,19,4,3,21,1,2,1,1,1,25:29,1,2020-21
2020-21,1628392,Isaiah Hartenstein,Isaiah,1610612739,CLE,Cleveland Cavaliers,0022000807,2021-04-11T00:00:00,CLE vs. NOP,L,21.65,4,7,0.571,0,0,0.0,2,2,1.0,3,3,6,1,4,0,1,1,6,2,10,-2,17.7,0,0,19.0,1,21,21,21,5,5,6,19,3,5,3,6,11,1,3,10,7,11,1,15,11,35,45,10,5,31,13,2,1,8,1,21:39,1,2020-21
2020-21,1628392,Isaiah Hartenstein,Isaiah,1610612739,CLE,Cleveland Cavaliers,0022000829,2021-04-14T00:00:00,CLE @ CHA,W,12.95,4,6,0.667,0,0,0.0,0,0,0.0,1,3,4,1,4,1,3,0,1,0,8,7,22.3,0,0,21.0,1,1,1,1,14,5,7,11,3,5,3,24,28,24,19,10,16,11,1,5,2,1,6,37,9,8,7,2,1,7,1,12:57,1,2020-21
2020-21,1628392,Isaiah Hartenstein,Isaiah,1610612739,CLE,Cleveland Cavaliers,0022000841,2021-04-15T00:00:00,CLE vs. GSW,L,3.6,0,0,0.0,0,0,0.0,1,2,0.5,0,2,2,0,1,0,0,0,1,1,1,-2,2.4,0,0,3.0,1,21,21,21,43,38,41,38,3,5,3,16,11,15,37,16,29,27,13,15,24,1,6,17,40,31,43,2,1,43,1,3:36,1,2020-21
2020-21,1628392,Isaiah Hartenstein,Isaiah,1610612739,CLE,Cleveland Cavaliers,0022000857,2021-04-17T00:00:00,CLE @ CHI,L,16.033333333333335,2,4,0.5,0,0,0.0,0,0,0.0,3,3,6,1,0,2,0,0,3,2,4,-1,18.7,0,0,15.0,1,21,21,21,10,19,18,21,3,5,3,24,28,24,3,10,7,11,26,2,24,1,27,10,24,28,11,2,1,13,1,16:02,1,2020-21
2020-21,1628392,Isaiah Hartenstein,Isaiah,1610612739,CLE,Cleveland Cavaliers,0022000868,2021-04-19T00:00:00,CLE @ DET,L,19.875,5,8,0.625,0,0,0.0,3,4,0.75,2,4,6,4,4,1,3,0,3,3,13,6,34.2,0,0,31.0,1,21,21,21,6,2,2,15,3,5,3,3,3,12,10,8,7,4,1,5,2,1,27,4,2,10,4,2,1,3,1,19:53,1,2020-21
2020-21,1628392,Isaiah Hartenstein,Isaiah,1610612739,CLE,Cleveland Cavaliers,0022000881,2021-04-21T00:00:00,CLE vs. CHI,W,16.216666666666665,4,6,0.667,0,0,0.0,2,2,1.0,3,3,6,1,0,0,0,1,2,1,10,8,18.7,0,0,17.0,1,1,1,1,9,5,7,11,3,5,3,6,11,1,3,10,7,11,26,15,24,35,19,17,5,7,11,2,1,11,1,16:13,1,2020-21
2020-21,1628392,Isaiah Hartenstein,Isaiah,1610612739,CLE,Cleveland Cavaliers,0022000900,2021-04-23T00:00:00,CLE @ CHA,L,14.816666666666666,5,5,1.0,0,0,0.0,0,0,0.0,0,5,5,2,1,0,1,0,2,1,10,1,21.0,0,0,19.0,1,21,21,21,12,2,11,1,3,5,3,24,28,24,37,6,12,8,13,15,11,1,19,17,5,21,9,2,1,8,1,14:49,1,2020-21
2020-21,1628392,Isaiah Hartenstein,Isaiah,1610612739,CLE,Cleveland Cavaliers,0022000197,2021-04-25T00:00:00,CLE @ WAS,L,13.666666666666666,2,4,0.5,0,0,0.0,0,0,0.0,0,1,1,1,2,0,0,0,3,0,4,-9,4.7,0,0,6.0,1,21,21,21,13,19,18,21,3,5,3,24,28,24,37,28,39,11,5,15,24,1,27,37,24,39,39,2,1,35,1,13:40,1,2020-21
2020-21,1628392,Isaiah Hartenstein,Isaiah,1610612739,CLE,Cleveland Cavaliers,0022000991,2021-05-05T00:00:00,CLE vs. POR,L,12.833333333333334,3,8,0.375,0,1,0.0,2,2,1.0,1,1,2,4,0,0,1,1,2,1,8,-29,19.4,0,0,16.0,1,21,21,21,16,10,2,27,3,2,3,6,11,1,19,28,29,4,26,15,11,35,19,17,9,46,10,2,1,12,1,12:50,1,2020-21
2020-21,1628392,Isaiah Hartenstein,Isaiah,1610612739,CLE,Cleveland Cavaliers,0022001007,2021-05-07T00:00:00,CLE @ DAL,L,12.583333333333334,1,5,0.2,0,0,0.0,0,0,0.0,1,1,2,2,2,1,0,2,3,1,2,-8,8.4,0,0,8.0,1,21,21,21,17,25,11,37,3,5,3,24,28,24,19,28,29,8,5,5,24,45,27,17,32,37,32,2,1,32,1,12:35,1,2020-21
2021-22,1628392,Isaiah Hartenstein,Isaiah,1610612746,LAC,LA Clippers,0022100034,2021-10-23T00:00:00,LAC vs. MEM,L,15.833333333333334,5,7,0.714,0,0,0.0,1,1,1.0,1,3,4,1,1,2,0,0,1,1,11,9,22.3,0,0,20.0,1,38,38,38,42,9,11,21,12,21,12,29,40,1,39,31,39,40,25,2,47,1,10,41,19,19,28,3,1,26,1,15:50,1,2021-22
2021-22,1628392,Isaiah Hartenstein,Isaiah,1610612746,LAC,LA Clippers,0022100049,2021-10-25T00:00:00,LAC vs. POR,W,17.383333333333333,4,4,1.0,0,0,0.0,1,2,0.5,1,4,5,2,2,1,1,0,6,2,9,19,22.0,0,0,20.0,1,1,1,1,38,21,41,1,12,21,12,29,21,30,39,16,25,25,10,10,21,1,67,23,31,6,29,3,1,26,1,17:23,1,2021-22
2021-22,1628392,Isaiah Hartenstein,Isaiah,1610612746,LAC,LA Clippers,0022100064,2021-10-27T00:00:00,LAC vs. CLE,L,13.076666666666666,1,4,0.25,0,0,0.0,0,0,0.0,0,4,4,1,0,2,1,0,3,1,2,1,17.3,0,0,13.0,1,38,38,38,56,58,41,64,12,21,12,43,50,43,53,16,39,40,49,2,21,1,37,41,61,33,43,3,1,50,1,13:05,1,2021-22
2021-22,1628392,Isaiah Hartenstein,Isaiah,1610612746,LAC,LA Clippers,0022100076,2021-10-29T00:00:00,LAC @ POR,L,19.616666666666667,2,3,0.667,0,0,0.0,0,2,0.0,0,3,3,1,1,0,1,0,5,2,4,1,11.1,0,0,10.0,1,38,38,38,27,46,52,28,12,21,12,43,21,43,53,31,49,40,25,41,21,1,63,23,53,33,60,3,1,60,1,19:37,1,2021-22
2021-22,1628392,Isaiah Hartenstein,Isaiah,1610612746,LAC,LA Clippers,0022100102,2021-11-01T00:00:00,LAC vs. OKC,W,18.016666666666666,1,3,0.333,0,1,0.0,0,0,0.0,4,8,12,2,0,1,1,0,1,3,2,1,25.4,0,0,20.0,1,1,1,1,34,58,52,57,12,8,12,43,50,43,1,1,1,25,49,10,21,1,10,10,61,33,23,3,1,26,1,18:01,1,2021-22
2021-22,1628392,Isaiah Hartenstein,Isaiah,1610612746,LAC,LA Clippers,0022100115,2021-11-03T00:00:00,LAC @ MIN,W,12.716666666666667,2,3,0.667,0,0,0.0,1,2,0.5,2,2,4,1,2,0,0,0,4,1,5,1,9.3,0,0,10.0,1,1,1,1,57,46,52,28,12,21,12,29,21,30,20,43,39,40,10,41,47,1,50,41,49,33,63,3,1,60,1,12:43,1,2021-22
2021-22,1628392,Isaiah Hartenstein,Isaiah,1610612746,LAC,LA Clippers,0022100129,2021-11-05T00:00:00,LAC @ MIN,W,15.1,3,6,0.5,0,0,0.0,1,2,0.5,4,3,7,0,0,1,3,3,2,1,7,10,27.4,0,0,22.0,1,1,1,1,46,33,25,46,12,21,12,29,21,30,1,31,10,60,49,10,4,68,20,41,37,15,20,3,1,24,1,15:06,1,2021-22
2021-22,1628392,Isaiah Hartenstein,Isaiah,1610612746,LAC,LA Clippers,0022100146,2021-11-07T00:00:00,LAC vs. CHA,W,11.1,3,4,0.75,0,0,0.0,3,4,0.75,2,1,3,0,1,1,0,0,2,2,9,8,14.6,0,0,14.0,1,1,1,1,61,33,41,16,12,21,12,7,5,23,20,52,49,60,25,10,47,1,20,23,31,21,51,3,1,44,1,11:06,1,2021-22
2021-22,1628392,Isaiah Hartenstein,Isaiah,1610612746,LAC,LA Clippers,0022100157,2021-11-09T00:00:00,LAC vs. POR,W,17.415,6,7,0.857,0,0,0.0,2,4,0.5,2,0,2,3,1,0,0,0,4,2,14,1,19.9,0,0,19.0,1,1,1,1,37,2,11,8,12,21,12,15,5,30,20,64,58,19,25,41,47,1,50,23,5,33,36,3,1,33,1,17:25,1,2021-22
2021-22,1628392,Isaiah Hartenstein,Isaiah,1610612746,LAC,LA Clippers,0022100173,2021-11-11T00:00:00,LAC vs. MIA,W,17.583333333333332,2,4,0.5,0,0,0.0,2,2,1.0,3,4,7,1,2,0,1,0,2,4,6,-6,16.9,0,0,16.0,1,1,1,1,35,46,41,46,12,21,12,15,21,1,9,16,10,40,10,41,21,1,20,4,41,51,45,3,1,40,1,17:35,1,2021-22
2021-22,1628392,Isaiah Hartenstein,Isaiah,1610612746,LAC,LA Clippers,0022100191,2021-11-13T00:00:00,LAC vs. MIN,W,25.3,4,9,0.444,1,1,1.0,3,4,0.75,3,8,11,4,3,1,3,1,2,4,12,22,40.2,1,0,36.0,1,1,1,1,7,21,4,55,4,8,1,7,5,23,9,1,2,12,3,10,4,56,20,4,11,4,4,1,1,3,1,25:18,1,2021-22
2021-22,1628392,Isaiah Hartenstein,Isaiah,1610612746,LAC,LA Clippers,0022100198,2021-11-14T00:00:00,LAC vs. CHI,L,13.583333333333334,3,5,0.6,0,0,0.0,1,1,1.0,1,1,2,0,0,1,1,0,1,3,7,-10,15.4,0,0,13.0,1,38,38,38,54,33,33,41,12,21,12,29,40,1,39,52,58,60,49,10,21,1,10,10,37,59,48,3,1,50,1,13:35,1,2021-22
2021-22,1628392,Isaiah Hartenstein,Isaiah,1610612746,LAC,LA Clippers,0022100212,2021-11-16T00:00:00,LAC vs. SAS,W,16.666666666666668,3,3,1.0,0,0,0.0,1,2,0.5,0,4,4,0,3,1,0,0,2,2,7,17,11.8,0,0,13.0,1,1,1,1,40,33,52,1,12,21,12,29,21,30,53,16,39,60,3,10,47,1,20,23,37,7,58,3,1,50,1,16:40,1,2021-22
2021-22,1628392,Isaiah Hartenstein,Isaiah,1610612746,LAC,LA Clippers,0022100226,2021-11-18T00:00:00,LAC @ MEM,L,20.116666666666667,5,6,0.833,0,0,0.0,1,1,1.0,1,5,6,4,1,1,2,0,3,4,11,2,32.2,0,0,27.0,1,38,38,38,25,9,25,11,12,21,12,29,40,1,39,9,17,12,25,10,8,1,37,4,19,29,14,3,1,16,1,20:07,1,2021-22
2021-22,1628392,Isaiah Hartenstein,Isaiah,1610612746,LAC,LA Clippers,0022100235,2021-11-19T00:00:00,LAC @ NOP,L,19.416666666666668,5,7,0.714,0,0,0.0,1,1,1.0,2,4,6,2,1,2,3,0,3,2,11,9,35.2,0,0,29.0,1,38,38,38,28,9,11,21,12,21,12,29,40,1,20,16,17,25,25,2,4,1,37,23,19,19,7,3,1,9,1,19:25,1,2021-22
2021-22,1628392,Isaiah Hartenstein,Isaiah,1610612746,LAC,LA Clippers,0022100248,2021-11-21T00:00:00,LAC vs. DAL,W,5.233333333333333,1,3,0.333,0,0,0.0,0,0,0.0,2,0,2,1,0,1,1,0,0,1,2,-1,11.9,0,0,9.0,1,1,1,1,67,58,52,57,12,21,12,43,50,43,20,64,58,40,49,10,21,1,1,41,61,41,57,3,1,63,1,5:14,1,2021-22
2021-22,1628392,Isaiah Hartenstein,Isaiah,1610612746,LAC,LA Clippers,0022100266,2021-11-23T00:00:00,LAC vs. DAL,L,10.63,2,4,0.5,0,0,0.0,0,0,0.0,4,1,5,1,0,0,0,0,1,0,4,-7,11.5,0,0,10.0,1,38,38,38,62,46,41,46,12,21,12,43,50,43,1,52,25,40,49,41,47,1,10,62,53,56,59,3,1,60,1,10:38,1,2021-22
2021-22,1628392,Isaiah Hartenstein,Isaiah,1610612746,LAC,LA Clippers,0022100280,2021-11-26T00:00:00,LAC vs. DET,W,18.566666666666666,4,5,0.8,0,0,0.0,2,2,1.0,2,3,5,3,0,1,0,0,4,1,10,-3,23.5,0,0,20.0,1,1,1,1,32,21,33,13,12,21,12,15,21,1,20,31,25,19,49,10,47,1,50,41,25,47,27,3,1,26,1,18:34,1,2021-22
2021-22,1628392,Isaiah Hartenstein,Isaiah,1610612746,LAC,LA Clippers,0022100300,2021-11-28T00:00:00,LAC vs. GSW,L,11.6,3,3,1.0,0,0,0.0,0,1,0.0,3,2,5,1,1,1,2,0,2,1,6,-2,21.5,0,0,18.0,1,38,38,38,60,33,52,1,12,21,12,43,40,43,9,43,25,40,25,10,8,1,20,41,41,44,31,3,1,35,1,11:36,1,2021-22
2021-22,1628392,Isaiah Hartenstein,Isaiah,1610612746,LAC,LA Clippers,0022100313,2021-11-29T00:00:00,LAC vs. NOP,L,14.1,1,3,0.333,1,1,1.0,2,2,1.0,2,1,3,2,1,0,1,0,0,1,5,2,13.6,0,0,13.0,1,38,38,38,53,58,52,57,4,8,1,15,21,1,20,52,49,25,25,41,21,1,1,41,49,29,54,3,1,50,1,14:06,1,2021-22
2021-22,1628392,Isaiah Hartenstein,Isaiah,1610612746,LAC,LA Clippers,0022100327,2021-12-01T00:00:00,LAC vs. SAC,L,17.583333333333332,5,8,0.625,0,0,0.0,1,3,0.333,4,4,8,4,1,1,2,0,1,2,11,-12,34.6,0,0,29.0,1,38,38,38,35,9,7,39,12,21,12,29,16,41,1,16,7,12,25,10,8,1,10,23,19,63,10,3,1,9,1,17:35,1,2021-22
2021-22,1628392,Isaiah Hartenstein,Isaiah,1610612746,LAC,LA Clippers,0022100341,2021-12-03T00:00:00,LAC @ LAL,W,16.1,5,7,0.714,0,0,0.0,1,3,0.333,0,0,0,1,0,0,1,0,3,2,11,-9,15.5,0,0,14.0,1,1,1,1,41,9,11,21,12,21,12,29,16,41,53,64,66,40,49,41,21,1,37,23,19,58,47,3,1,44,1,16:06,1,2021-22
2021-22,1628392,Isaiah Hartenstein,Isaiah,1610612746,LAC,LA Clippers,0022100348,2021-12-04T00:00:00,LAC @ SAC,L,14.433333333333334,2,3,0.667,0,0,0.0,0,2,0.0,0,5,5,0,1,1,1,0,2,4,4,-7,15.0,0,0,13.0,1,38,38,38,49,46,52,28,12,21,12,43,21,43,53,9,25,60,25,10,21,1,20,4,53,56,49,3,1,50,1,14:26,1,2021-22
2021-22,1628392,Isaiah Hartenstein,Isaiah,1610612746,LAC,LA Clippers,0022100362,2021-12-06T00:00:00,LAC @ POR,W,13.116666666666667,2,3,0.667,0,0,0.0,1,1,1.0,0,0,0,1,0,0,4,0,6,2,5,2,18.5,0,0,14.0,1,1,1,1,55,46,52,28,12,21,12,29,40,1,53,64,66,40,49,41,2,1,67,23,49,29,42,3,1,44,1,13:07,1,2021-22
2021-22,1628392,Isaiah Hartenstein,Isaiah,1610612746,LAC,LA Clippers,0022100378,2021-12-08T00:00:00,LAC vs. BOS,W,15.35,2,3,0.667,0,0,0.0,2,2,1.0,2,1,3,3,1,2,2,0,2,1,6,13,25.1,0,0,20.0,1,1,1,1,45,46,52,28,12,21,12,15,21,1,20,52,49,19,25,2,8,1,20,41,41,10,24,3,1,26,1,15:21,1,2021-22
2021-22,1628392,Isaiah Hartenstein,Isaiah,1610612746,LAC,LA Clippers,0022100391,2021-12-11T00:00:00,LAC vs. ORL,W,20.25,3,4,0.75,0,0,0.0,0,0,0.0,3,2,5,5,2,1,0,0,3,0,6,13,20.5,0,0,18.0,1,1,1,1,24,33,41,16,12,21,12,43,50,43,9,43,25,7,10,10,47,1,37,62,41,10,34,3,1,35,1,20:15,1,2021-22
2021-22,1628392,Isaiah Hartenstein,Isaiah,1610612746,LAC,LA Clippers,0022100412,2021-12-13T00:00:00,LAC vs. PHX,W,23.01,5,7,0.714,0,0,0.0,2,2,1.0,1,4,5,7,1,1,2,0,5,3,12,7,36.5,0,0,30.0,1,1,1,1,17,9,11,21,12,21,12,15,21,1,39,16,25,2,25,10,8,1,63,10,11,23,5,3,1,7,1,23:01,1,2021-22
2021-22,1628392,Isaiah Hartenstein,Isaiah,1610612746,LAC,LA Clippers,0022100425,2021-12-15T00:00:00,LAC @ UTA,L,24.558333333333334,6,9,0.667,0,0,0.0,3,3,1.0,2,3,5,1,2,1,2,0,1,2,15,-1,29.5,0,0,27.0,1,38,38,38,11,2,4,28,12,21,12,7,16,1,20,31,25,40,10,10,8,1,10,23,4,41,19,3,1,16,1,24:34,1,2021-22
2021-22,1628392,Isaiah Hartenstein,Isaiah,1610612746,LAC,LA Clippers,0022100444,2021-12-18T00:00:00,LAC @ OKC,L,19.09,4,5,0.8,0,0,0.0,0,0,0.0,2,3,5,2,1,0,2,0,3,0,8,3,22.0,0,0,19.0,1,38,38,38,29,21,33,13,12,21,12,43,50,43,20,31,25,25,25,41,8,1,37,62,35,27,29,3,1,33,1,19:05,1,2021-22
2021-22,1628392,Isaiah Hartenstein,Isaiah,1610612746,LAC,LA Clippers,0022100648,2022-01-15T00:00:00,LAC @ SAS,L,5.733333333333333,3,3,1.0,0,0,0.0,0,0,0.0,0,0,0,0,0,0,0,0,0,0,6,-5,6.0,0,0,6.0,1,38,38,38,66,33,52,1,12,21,12,43,50,43,53,64,66,60,49,41,47,1,1,62,41,50,66,3,1,66,1,5:44,1,2021-22
2021-22,1628392,Isaiah Hartenstein,Isaiah,1610612746,LAC,LA Clippers,0022100659,2022-01-17T00:00:00,LAC vs. IND,W,14.671666666666667,3,4,0.75,0,0,0.0,3,4,0.75,0,1,1,2,0,1,1,0,4,2,9,5,19.2,0,0,16.0,1,1,1,1,48,33,41,16,12,21,12,7,5,23,53,52,64,25,49,10,21,1,50,23,31,24,39,3,1,40,1,14:40,1,2021-22
2021-22,1628392,Isaiah Hartenstein,Isaiah,1610612746,LAC,LA Clippers,0022100678,2022-01-19T00:00:00,LAC @ DEN,L,12.581666666666667,2,5,0.4,0,0,0.0,0,0,0.0,1,2,3,3,1,1,1,0,0,1,4,12,17.1,0,0,14.0,1,38,38,38,58,46,33,56,12,21,12,43,50,43,39,43,49,19,25,10,21,1,1,41,53,12,44,3,1,44,1,12:35,1,2021-22
2021-22,1628392,Isaiah Hartenstein,Isaiah,1610612746,LAC,LA Clippers,0022100686,2022-01-21T00:00:00,LAC @ PHI,W,15.536666666666667,4,6,0.667,0,0,0.0,2,3,0.667,2,1,3,1,1,0,0,0,4,2,10,0,14.1,0,0,14.0,1,1,1,1,43,21,25,28,12,21,12,15,16,28,20,52,49,40,25,41,47,1,50,23,25,39,52,3,1,44,1,15:32,1,2021-22
2021-22,1628392,Isaiah Hartenstein,Isaiah,1610612746,LAC,LA Clippers,0022100698,2022-01-23T00:00:00,LAC @ NYK,L,3.783333333333333,0,0,0.0,0,0,0.0,0,0,0.0,0,1,1,0,0,0,1,0,2,1,0,-2,4.2,0,0,3.0,1,38,38,38,68,67,68,67,12,21,12,43,50,43,53,52,64,60,49,41,21,1,20,41,67,44,68,3,1,68,1,3:47,1,2021-22
2021-22,1628392,Isaiah Hartenstein,Isaiah,1610612746,LAC,LA Clippers,0022100716,2022-01-25T00:00:00,LAC @ WAS,W,25.63,6,12,0.5,0,1,0.0,4,5,0.8,1,4,5,6,2,1,1,1,5,4,16,23,35.0,0,0,31.0,1,1,1,1,4,2,1,46,12,8,12,2,3,22,39,16,25,3,10,10,21,56,63,4,2,3,8,3,1,6,1,25:38,1,2021-22
2021-22,1628392,Isaiah Hartenstein,Isaiah,1610612746,LAC,LA Clippers,0022100724,2022-01-26T00:00:00,LAC @ ORL,W,18.833333333333332,2,3,0.667,0,0,0.0,1,2,0.5,1,3,4,1,2,0,1,0,4,1,5,4,12.3,0,0,12.0,1,1,1,1,31,46,52,28,12,21,12,29,21,30,39,31,39,40,10,41,21,1,50,41,49,25,55,3,1,55,1,18:50,1,2021-22
2021-22,1628392,Isaiah Hartenstein,Isaiah,1610612746,LAC,LA Clippers,0022100738,2022-01-28T00:00:00,LAC @ MIA,L,15.533333333333333,4,7,0.571,0,0,0.0,0,1,0.0,2,1,3,1,2,0,0,0,2,1,8,8,11.1,0,0,12.0,1,38,38,38,44,21,11,43,12,21,12,43,40,43,20,52,49,40,10,41,47,1,20,41,35,21,60,3,1,55,1,15:32,1,2021-22
2021-22,1628392,Isaiah Hartenstein,Isaiah,1610612746,LAC,LA Clippers,0022100752,2022-01-30T00:00:00,LAC @ CHA,W,21.16,2,7,0.286,0,0,0.0,3,4,0.75,0,6,6,1,3,0,2,2,3,2,7,17,18.7,0,0,18.0,1,1,1,1,22,46,11,63,12,21,12,7,5,23,53,5,17,40,3,41,8,65,37,23,37,7,41,3,1,35,1,21:10,1,2021-22
2021-22,1628392,Isaiah Hartenstein,Isaiah,1610612746,LAC,LA Clippers,0022100760,2022-01-31T00:00:00,LAC @ IND,L,14.283333333333333,3,5,0.6,0,0,0.0,0,0,0.0,0,3,3,1,2,1,0,0,2,1,6,-3,12.1,0,0,12.0,1,38,38,38,51,33,33,41,12,21,12,43,50,43,53,31,49,40,10,10,47,1,20,41,41,47,56,3,1,55,1,14:17,1,2021-22
2021-22,1628392,Isaiah Hartenstein,Isaiah,1610612746,LAC,LA Clippers,0022100786,2022-02-03T00:00:00,LAC vs. LAL,W,14.216666666666667,3,6,0.5,0,0,0.0,0,0,0.0,2,4,6,2,0,1,0,2,3,1,6,-12,19.2,0,0,16.0,1,1,1,1,52,33,25,46,12,21,12,43,50,43,20,16,17,25,49,10,47,65,37,41,41,63,39,3,1,40,1,14:13,1,2021-22
2021-22,1628392,Isaiah Hartenstein,Isaiah,1610612746,LAC,LA Clippers,0022100809,2022-02-06T00:00:00,LAC vs. MIL,L,8.383333333333333,0,2,0.0,0,0,0.0,0,0,0.0,1,1,2,2,1,0,0,1,1,2,0,-6,4.4,0,0,4.0,1,38,38,38,64,67,65,67,12,21,12,43,50,43,39,52,58,25,25,41,47,56,10,23,67,51,67,3,1,67,1,8:23,1,2021-22
2021-22,1628392,Isaiah Hartenstein,Isaiah,1610612746,LAC,LA Clippers,0022100818,2022-02-08T00:00:00,LAC @ MEM,L,27.566666666666666,7,11,0.636,1,2,0.5,4,4,1.0,3,4,7,4,1,1,2,0,0,3,19,-11,41.4,0,0,37.0,1,38,38,38,2,1,2,38,4,3,7,2,5,1,9,16,10,12,25,10,8,1,1,10,1,61,3,3,1,2,1,27:34,1,2021-22
2021-22,1628392,Isaiah Hartenstein,Isaiah,1610612746,LAC,LA Clippers,0022100835,2022-02-10T00:00:00,LAC @ DAL,L,5.983333333333333,1,4,0.25,0,0,0.0,0,0,0.0,1,3,4,1,0,0,0,1,1,0,2,2,8.3,0,0,7.0,1,38,38,38,65,58,41,64,12,21,12,43,50,43,39,31,39,40,49,41,47,56,10,62,61,29,65,3,1,65,1,5:59,1,2021-22
2021-22,1628392,Isaiah Hartenstein,Isaiah,1610612746,LAC,LA Clippers,0022100853,2022-02-12T00:00:00,LAC @ DAL,W,14.866666666666667,1,1,1.0,0,0,0.0,0,0,0.0,0,5,5,2,3,0,1,0,2,1,2,11,11.0,0,0,11.0,1,1,1,1,47,58,67,1,12,21,12,43,50,43,53,9,25,25,3,41,21,1,20,41,61,14,62,3,1,59,1,14:52,1,2021-22
2021-22,1628392,Isaiah Hartenstein,Isaiah,1610612746,LAC,LA Clippers,0022100866,2022-02-14T00:00:00,LAC vs. GSW,W,22.583333333333332,4,4,1.0,1,1,1.0,0,0,0.0,0,6,6,2,2,1,0,0,3,1,9,10,20.2,0,0,20.0,1,1,1,1,20,21,41,1,4,8,1,43,50,43,53,5,17,25,10,10,47,1,37,41,31,15,35,3,1,26,1,22:35,1,2021-22
2021-22,1628392,Isaiah Hartenstein,Isaiah,1610612746,LAC,LA Clippers,0022100873,2022-02-15T00:00:00,LAC @ PHX,L,14.318333333333333,1,5,0.2,0,1,0.0,2,4,0.5,3,1,4,2,1,1,1,1,1,3,4,4,16.8,0,0,14.0,1,38,38,38,50,58,33,66,12,8,12,15,5,30,9,52,39,25,25,10,21,56,10,10,53,25,46,3,1,44,1,14:19,1,2021-22
2021-22,1628392,Isaiah Hartenstein,Isaiah,1610612746,LAC,LA Clippers,0022100888,2022-02-17T00:00:00,LAC vs. HOU,W,25.283333333333335,6,8,0.75,0,1,0.0,1,2,0.5,1,7,8,2,3,3,5,0,4,3,13,21,46.6,0,0,39.0,1,1,1,1,8,2,7,16,12,8,12,29,21,30,39,3,7,25,3,1,1,1,50,10,10,5,1,3,1,1,1,25:17,1,2021-22
2021-22,1628392,Isaiah Hartenstein,Isaiah,1610612746,LAC,LA Clippers,0022100904,2022-02-25T00:00:00,LAC @ LAL,W,28.095,4,8,0.5,0,1,0.0,3,8,0.375,2,5,7,6,1,0,2,0,2,5,11,-6,33.4,0,0,28.0,1,1,1,1,1,21,7,46,12,8,12,7,1,40,20,9,10,3,25,41,8,1,20,1,19,51,12,3,1,14,1,28:06,1,2021-22
2021-22,1628392,Isaiah Hartenstein,Isaiah,1610612746,LAC,LA Clippers,0022100916,2022-02-27T00:00:00,LAC @ HOU,W,10.383333333333333,6,7,0.857,0,0,0.0,0,1,0.0,2,2,4,0,3,0,2,0,4,1,12,-11,19.8,0,0,20.0,1,1,1,1,63,2,11,8,12,21,12,43,40,43,20,43,39,60,3,41,8,1,50,41,11,61,37,3,1,26,1,10:23,1,2021-22
2021-22,1628392,Isaiah Hartenstein,Isaiah,1610612746,LAC,LA Clippers,0022100929,2022-03-01T00:00:00,LAC @ HOU,W,22.473333333333333,3,6,0.5,0,1,0.0,0,0,0.0,3,5,8,1,5,2,1,1,4,0,6,-2,21.1,0,0,21.0,1,1,1,1,21,33,25,46,12,8,12,43,50,43,9,9,7,40,1,2,21,56,50,62,41,44,32,3,1,25,1,22:28,1,2021-22
2021-22,1628392,Isaiah Hartenstein,Isaiah,1610612746,LAC,LA Clippers,0022100945,2022-03-03T00:00:00,LAC vs. LAL,W,23.15,6,7,0.857,0,0,0.0,0,1,0.0,4,1,5,5,0,1,1,0,2,3,12,-13,31.5,0,0,26.0,1,1,1,1,15,2,11,8,12,21,12,43,40,43,1,52,25,7,49,10,21,1,20,10,11,65,16,3,1,19,1,23:09,1,2021-22
2021-22,1628392,Isaiah Hartenstein,Isaiah,1610612746,LAC,LA Clippers,0022100966,2022-03-06T00:00:00,LAC vs. NYK,L,20.566666666666666,5,6,0.833,1,1,1.0,3,5,0.6,0,2,2,4,1,0,1,0,4,3,14,-15,24.4,0,0,23.0,1,38,38,38,23,9,25,11,4,8,1,7,3,29,53,43,58,12,25,41,21,1,50,10,5,68,25,3,1,22,1,20:34,1,2021-22
2021-22,1628392,Isaiah Hartenstein,Isaiah,1610612746,LAC,LA Clippers,0022100980,2022-03-08T00:00:00,LAC @ GSW,L,25.516666666666666,4,5,0.8,0,1,0.0,2,2,1.0,3,3,6,4,0,2,1,0,0,3,10,1,32.2,0,0,26.0,1,38,38,38,6,21,33,13,12,8,12,15,21,1,9,31,17,12,49,2,21,1,1,10,25,33,14,3,1,19,1,25:31,1,2021-22
2021-22,1628392,Isaiah Hartenstein,Isaiah,1610612746,LAC,LA Clippers,0022100992,2022-03-09T00:00:00,LAC vs. WAS,W,18.976666666666667,1,3,0.333,0,0,0.0,2,2,1.0,1,2,3,1,0,1,3,1,2,1,4,10,21.1,0,0,16.0,1,1,1,1,30,58,52,57,12,21,12,15,21,1,39,43,49,40,49,10,4,56,20,41,53,15,32,3,1,40,1,18:59,1,2021-22
2021-22,1628392,Isaiah Hartenstein,Isaiah,1610612746,LAC,LA Clippers,0022100996,2022-03-11T00:00:00,LAC @ ATL,L,11.716666666666667,1,2,0.5,0,0,0.0,0,1,0.0,1,4,5,1,1,0,0,0,4,2,2,-14,8.5,0,0,8.0,1,38,38,38,59,58,65,46,12,21,12,43,40,43,39,16,25,40,25,41,47,1,50,23,61,67,64,3,1,64,1,11:43,1,2021-22
2021-22,1628392,Isaiah Hartenstein,Isaiah,1610612746,LAC,LA Clippers,0022101013,2022-03-13T00:00:00,LAC @ DET,W,17.066666666666666,5,7,0.714,0,0,0.0,2,4,0.5,2,2,4,2,0,0,0,0,0,4,12,-4,19.8,0,0,18.0,1,1,1,1,39,9,11,21,12,21,12,15,5,30,20,43,39,25,49,41,47,1,1,4,11,49,37,3,1,35,1,17:04,1,2021-22
2021-22,1628392,Isaiah Hartenstein,Isaiah,1610612746,LAC,LA Clippers,0022101020,2022-03-14T00:00:00,LAC @ CLE,L,19.763333333333332,5,5,1.0,0,0,0.0,0,0,0.0,2,4,6,3,1,1,1,0,3,2,10,-6,26.7,0,0,23.0,1,38,38,38,26,9,33,1,12,21,12,43,50,43,20,16,17,19,25,10,21,1,37,23,25,51,22,3,1,22,1,19:46,1,2021-22
2021-22,1628392,Isaiah Hartenstein,Isaiah,1610612746,LAC,LA Clippers,0022101044,2022-03-16T00:00:00,LAC vs. TOR,L,24.466666666666665,4,7,0.571,0,0,0.0,4,4,1.0,1,4,5,0,4,0,0,0,3,2,12,3,14.0,0,0,17.0,1,38,38,38,12,21,11,43,12,21,12,2,5,1,39,16,25,60,2,41,47,1,37,23,11,27,53,3,1,39,1,24:28,1,2021-22
2021-22,1628392,Isaiah Hartenstein,Isaiah,1610612746,LAC,LA Clippers,0022101055,2022-03-18T00:00:00,LAC @ UTA,L,25.0,2,6,0.333,0,1,0.0,0,0,0.0,3,6,9,8,2,2,4,0,2,2,4,-13,42.8,0,0,33.0,1,38,38,38,9,46,25,57,12,8,12,43,50,43,9,5,4,1,10,2,2,1,20,23,53,65,2,3,1,5,1,25:00,1,2021-22
2021-22,1628392,Isaiah Hartenstein,Isaiah,1610612746,LAC,LA Clippers,0022101083,2022-03-22T00:00:00,LAC @ DEN,L,23.88,5,7,0.714,0,0,0.0,4,4,1.0,0,2,2,5,1,2,2,2,4,3,14,-1,34.9,0,0,29.0,1,38,38,38,13,9,11,21,12,21,12,2,5,1,53,43,58,7,25,2,8,65,50,10,5,41,9,3,1,9,1,23:53,1,2021-22
2021-22,1628392,Isaiah Hartenstein,Isaiah,1610612746,LAC,LA Clippers,0022101106,2022-03-25T00:00:00,LAC vs. PHI,L,22.846666666666668,5,8,0.625,1,2,0.5,5,7,0.714,4,5,9,4,2,0,0,0,0,5,16,-6,30.8,0,0,30.0,1,38,38,38,18,9,7,39,4,3,7,1,2,27,1,9,4,12,10,41,47,1,1,1,2,51,18,3,1,7,1,22:51,1,2021-22
2021-22,1628392,Isaiah Hartenstein,Isaiah,1610612746,LAC,LA Clippers,0022101135,2022-03-29T00:00:00,LAC vs. UTA,W,25.585,5,7,0.714,0,1,0.0,4,4,1.0,2,5,7,6,2,1,0,0,3,5,14,25,32.4,0,0,29.0,1,1,1,1,5,9,11,21,12,8,12,2,5,1,20,9,10,3,10,10,47,1,37,1,5,2,13,3,1,9,1,25:35,1,2021-22
2021-22,1628392,Isaiah Hartenstein,Isaiah,1610612746,LAC,LA Clippers,0022101149,2022-03-31T00:00:00,LAC @ CHI,L,18.038333333333334,2,4,0.5,0,0,0.0,0,0,0.0,0,4,4,2,0,0,1,0,3,0,4,0,14.8,0,0,12.0,1,38,38,38,33,46,41,46,12,21,12,43,50,43,53,16,39,25,49,41,21,1,37,62,53,39,50,3,1,55,1,18:02,1,2021-22
2021-22,1628392,Isaiah Hartenstein,Isaiah,1610612746,LAC,LA Clippers,0022101156,2022-04-01T00:00:00,LAC @ MIL,W,26.766666666666666,6,9,0.667,1,3,0.333,1,2,0.5,4,6,10,5,3,1,1,0,4,1,14,12,36.5,1,0,34.0,1,1,1,1,3,2,4,28,4,2,11,29,21,30,1,5,3,7,3,10,21,1,50,41,5,12,5,1,1,4,1,26:46,1,2021-22
2021-22,1628392,Isaiah Hartenstein,Isaiah,1610612746,LAC,LA Clippers,0022101177,2022-04-03T00:00:00,LAC vs. NOP,W,23.028333333333332,4,6,0.667,2,2,1.0,2,2,1.0,2,7,9,2,2,1,0,1,5,3,12,16,26.8,0,0,27.0,1,1,1,1,16,21,25,28,1,3,1,15,21,1,20,3,4,25,10,10,47,56,63,10,11,9,21,3,1,16,1,23:02,1,2021-22
2021-22,1628392,Isaiah Hartenstein,Isaiah,1610612746,LAC,LA Clippers,0022101195,2022-04-06T00:00:00,LAC vs. PHX,W,22.783333333333335,3,10,0.3,2,4,0.5,2,2,1.0,4,3,7,5,1,0,2,1,0,1,10,-10,30.9,0,0,28.0,1,1,1,1,19,33,3,62,1,1,7,15,21,1,1,31,10,7,25,41,8,56,1,41,25,59,17,3,1,14,1,22:47,1,2021-22
2021-22,1628392,Isaiah Hartenstein,Isaiah,1610612746,LAC,LA Clippers,0022101212,2022-04-09T00:00:00,LAC vs. SAC,W,23.466666666666665,3,4,0.75,2,2,1.0,2,2,1.0,3,4,7,3,2,0,1,0,2,3,10,10,23.9,0,0,24.0,1,1,1,1,14,33,41,16,1,3,1,15,21,1,9,16,10,19,10,41,21,1,20,10,25,15,26,3,1,21,1,23:28,1,2021-22
2021-22,1628392,Isaiah Hartenstein,Isaiah,1610612746,LAC,LA Clippers,0022101222,2022-04-10T00:00:00,LAC vs. OKC,W,24.733333333333334,4,7,0.571,1,2,0.5,3,3,1.0,3,3,6,6,0,1,1,0,1,3,12,32,34.2,0,0,29.0,1,1,1,1,10,21,11,43,4,3,7,7,16,1,9,31,17,3,49,10,21,1,10,10,11,1,11,3,1,9,1,24:44,1,2021-22
2022-23,1628392,Isaiah Hartenstein,Isaiah,1610612752,NYK,New York Knicks,0022200009,2022-10-19T00:00:00,NYK @ MEM,L,40.24333333333333,7,11,0.636,0,3,0.0,2,2,1.0,7,1,8,4,3,0,1,0,5,2,16,1,31.6,0,0,30.0,1,48,48,48,1,1,1,30,9,1,9,5,11,1,1,72,25,4,1,41,13,1,75,6,1,40,4,3,1,1,1,40:15,1,2022-23
2022-23,1628392,Isaiah Hartenstein,Isaiah,1610612752,NYK,New York Knicks,0022200023,2022-10-21T00:00:00,NYK vs. DET,W,21.166666666666668,2,4,0.5,1,2,0.5,1,2,0.5,4,7,11,0,1,2,1,0,4,1,6,21,27.2,0,0,24.0,1,1,1,1,29,29,33,38,1,2,5,17,11,20,13,7,6,49,12,2,13,1,64,20,24,4,15,3,1,12,1,21:10,1,2022-23
2022-23,1628392,Isaiah Hartenstein,Isaiah,1610612752,NYK,New York Knicks,0022200046,2022-10-24T00:00:00,NYK vs. ORL,W,18.316666666666666,2,5,0.4,0,0,0.0,3,4,0.75,4,5,9,0,1,1,0,0,1,2,7,6,19.8,0,0,18.0,1,1,1,1,46,29,20,56,9,31,9,2,1,14,13,23,16,49,12,13,46,1,3,6,22,29,33,3,1,29,1,18:19,1,2022-23
2022-23,1628392,Isaiah Hartenstein,Isaiah,1610612752,NYK,New York Knicks,0022200058,2022-10-26T00:00:00,NYK vs. CHA,W,15.933333333333334,4,5,0.8,0,1,0.0,0,0,0.0,2,1,3,0,0,1,1,0,2,1,8,-7,17.6,0,0,15.0,1,1,1,1,56,7,20,18,9,7,9,28,32,28,40,72,67,49,52,13,13,1,20,20,9,66,42,3,1,42,1,15:56,1,2022-23
2022-23,1628392,Isaiah Hartenstein,Isaiah,1610612752,NYK,New York Knicks,0022200075,2022-10-28T00:00:00,NYK @ MIL,L,27.571666666666665,3,8,0.375,0,1,0.0,0,0,0.0,2,6,8,2,1,1,2,0,3,3,6,-5,26.6,0,0,22.0,1,48,48,48,8,14,5,60,9,7,9,28,32,28,40,14,25,15,12,13,7,1,41,2,24,55,16,3,1,17,1,27:34,1,2022-23
2022-23,1628392,Isaiah Hartenstein,Isaiah,1610612752,NYK,New York Knicks,0022200090,2022-10-30T00:00:00,NYK @ CLE,L,27.233333333333334,6,10,0.6,0,1,0.0,0,0,0.0,5,4,9,1,1,1,1,0,3,1,12,-6,29.3,0,0,26.0,1,48,48,48,9,3,2,32,9,7,9,28,32,28,7,30,16,29,12,13,13,1,41,20,4,60,8,3,1,5,1,27:14,1,2022-23
2022-23,1628392,Isaiah Hartenstein,Isaiah,1610612752,NYK,New York Knicks,0022200110,2022-11-02T00:00:00,NYK vs. ATL,L,24.933333333333334,1,4,0.25,1,2,0.5,0,0,0.0,2,4,6,1,1,1,4,0,2,0,3,-4,25.7,0,0,21.0,1,48,48,48,15,51,33,68,1,2,5,28,32,28,40,30,40,29,12,13,1,1,20,46,53,51,18,3,1,19,1,24:56,1,2022-23
2022-23,1628392,Isaiah Hartenstein,Isaiah,1610612752,NYK,New York Knicks,0022200122,2022-11-04T00:00:00,NYK @ PHI,W,20.733333333333334,4,8,0.5,0,1,0.0,0,0,0.0,4,6,10,0,0,1,3,0,1,1,8,2,32.0,0,0,26.0,1,1,1,1,32,7,5,38,9,7,9,28,32,28,13,14,11,49,52,13,2,1,3,20,9,38,3,3,1,5,1,20:44,1,2022-23
2022-23,1628392,Isaiah Hartenstein,Isaiah,1610612752,NYK,New York Knicks,0022200135,2022-11-05T00:00:00,NYK vs. BOS,L,38.45,5,6,0.833,0,0,0.0,0,0,0.0,3,11,14,1,0,0,1,1,3,0,10,7,31.3,1,0,27.0,1,48,48,48,3,4,11,17,9,31,9,28,32,28,24,1,1,29,52,41,13,67,41,46,6,27,5,1,1,3,1,38:27,1,2022-23
2022-23,1628392,Isaiah Hartenstein,Isaiah,1610612752,NYK,New York Knicks,0022200153,2022-11-07T00:00:00,NYK @ MIN,W,20.85,1,3,0.333,0,1,0.0,2,2,1.0,2,4,6,2,1,0,1,0,4,1,4,9,16.2,0,0,14.0,1,1,1,1,30,51,44,61,9,7,9,5,11,1,40,30,40,15,12,41,13,1,64,20,41,21,52,3,1,49,1,20:51,1,2022-23
2022-23,1628392,Isaiah Hartenstein,Isaiah,1610612752,NYK,New York Knicks,0022200164,2022-11-09T00:00:00,NYK @ BKN,L,14.7,1,2,0.5,0,0,0.0,0,0,0.0,3,2,5,0,1,0,0,1,3,1,2,-6,7.0,0,0,7.0,1,48,48,48,68,51,57,38,9,31,9,28,32,28,24,60,47,49,12,41,46,67,41,20,57,60,76,3,1,72,1,14:42,1,2022-23
2022-23,1628392,Isaiah Hartenstein,Isaiah,1610612752,NYK,New York Knicks,0022200178,2022-11-11T00:00:00,NYK vs. DET,W,32.516666666666666,3,5,0.6,0,0,0.0,0,0,0.0,5,7,12,0,3,0,1,0,5,1,6,9,20.4,0,0,20.0,1,1,1,1,4,14,20,32,9,31,9,28,32,28,7,7,5,49,1,41,13,1,75,20,24,21,31,3,1,22,1,32:31,1,2022-23
2022-23,1628392,Isaiah Hartenstein,Isaiah,1610612752,NYK,New York Knicks,0022200192,2022-11-13T00:00:00,NYK vs. OKC,L,22.883333333333333,5,8,0.625,1,2,0.5,3,4,0.75,5,2,7,1,2,1,0,0,1,3,14,-19,24.9,0,0,25.0,1,48,48,48,23,4,5,31,1,2,5,2,1,14,7,60,34,29,5,13,46,1,3,2,3,81,20,3,1,9,1,22:53,1,2022-23
2022-23,1628392,Isaiah Hartenstein,Isaiah,1610612752,NYK,New York Knicks,0022200208,2022-11-15T00:00:00,NYK @ UTA,W,22.166666666666668,1,4,0.25,0,1,0.0,0,0,0.0,2,7,9,1,0,1,1,0,4,0,2,6,20.3,0,0,16.0,1,1,1,1,26,51,33,68,9,7,9,28,32,28,40,7,16,29,52,13,13,1,64,46,57,29,32,3,1,35,1,22:10,1,2022-23
2022-23,1628392,Isaiah Hartenstein,Isaiah,1610612752,NYK,New York Knicks,0022200219,2022-11-16T00:00:00,NYK @ DEN,W,21.783333333333335,0,1,0.0,0,0,0.0,0,0,0.0,0,3,3,0,0,1,1,1,4,0,0,-6,9.6,0,0,7.0,1,1,1,1,28,74,72,74,9,31,9,28,32,28,72,44,67,49,52,13,13,67,64,46,74,60,69,3,1,72,1,21:47,1,2022-23
2022-23,1628392,Isaiah Hartenstein,Isaiah,1610612752,NYK,New York Knicks,0022200233,2022-11-18T00:00:00,NYK @ GSW,L,17.39666666666667,3,4,0.75,1,1,1.0,1,1,1.0,2,3,5,0,1,1,1,0,3,1,8,-9,19.0,0,0,18.0,1,48,48,48,49,14,33,21,1,7,1,17,27,1,40,44,47,49,12,13,13,1,41,20,9,69,35,3,1,29,1,17:24,1,2022-23
2022-23,1628392,Isaiah Hartenstein,Isaiah,1610612752,NYK,New York Knicks,0022200240,2022-11-20T00:00:00,NYK @ PHX,L,15.366666666666667,2,5,0.4,0,0,0.0,3,3,1.0,1,2,3,1,1,1,1,2,2,2,7,-11,17.1,0,0,15.0,1,48,48,48,61,29,20,56,9,31,9,2,5,1,57,60,67,29,12,13,13,82,20,6,22,71,46,3,1,42,1,15:22,1,2022-23
2022-23,1628392,Isaiah Hartenstein,Isaiah,1610612752,NYK,New York Knicks,0022200254,2022-11-21T00:00:00,NYK @ OKC,W,15.8,1,4,0.25,0,1,0.0,0,0,0.0,5,3,8,0,0,1,1,0,0,0,2,3,17.6,0,0,14.0,1,1,1,1,59,51,33,68,9,7,9,28,32,28,7,44,25,49,52,13,13,1,1,46,57,35,42,3,1,49,1,15:48,1,2022-23
2022-23,1628392,Isaiah Hartenstein,Isaiah,1610612752,NYK,New York Knicks,0022200274,2022-11-25T00:00:00,NYK vs. POR,L,16.9,2,3,0.667,0,0,0.0,2,2,1.0,0,2,2,2,0,2,0,0,3,2,6,-6,17.4,0,0,14.0,1,48,48,48,51,29,44,24,9,31,9,5,11,1,72,60,73,15,52,2,46,1,41,6,24,60,45,3,1,49,1,16:54,1,2022-23
2022-23,1628392,Isaiah Hartenstein,Isaiah,1610612752,NYK,New York Knicks,0022200296,2022-11-27T00:00:00,NYK vs. MEM,L,15.051666666666666,2,3,0.667,0,1,0.0,0,0,0.0,2,2,4,0,1,0,1,0,2,0,4,-3,10.8,0,0,10.0,1,48,48,48,64,29,44,24,9,7,9,28,32,28,40,60,60,49,12,41,13,1,20,46,41,48,65,3,1,60,1,15:03,1,2022-23
2022-23,1628392,Isaiah Hartenstein,Isaiah,1610612752,NYK,New York Knicks,0022200309,2022-11-29T00:00:00,NYK @ DET,W,14.333333333333334,3,4,0.75,0,0,0.0,2,3,0.667,3,2,5,1,2,1,0,0,2,2,8,0,16.5,0,0,16.0,1,1,1,1,70,14,33,21,9,31,9,5,5,16,24,60,47,29,5,13,46,1,20,6,9,43,49,3,1,35,1,14:20,1,2022-23
2022-23,1628392,Isaiah Hartenstein,Isaiah,1610612752,NYK,New York Knicks,0022200316,2022-11-30T00:00:00,NYK vs. MIL,L,10.0,1,2,0.5,0,0,0.0,0,0,0.0,1,4,5,0,0,0,1,0,1,0,2,-6,11.0,0,0,9.0,1,48,48,48,80,51,57,38,9,31,9,28,32,28,57,30,47,49,52,41,13,1,3,46,57,60,64,3,1,65,1,10:00,1,2022-23
2022-23,1628392,Isaiah Hartenstein,Isaiah,1610612752,NYK,New York Knicks,0022200337,2022-12-03T00:00:00,NYK vs. DAL,L,12.7,1,2,0.5,0,0,0.0,0,0,0.0,1,3,4,0,1,2,0,1,2,0,2,-5,11.8,0,0,10.0,1,48,48,48,75,51,57,38,9,31,9,28,32,28,57,44,60,49,12,2,46,67,20,46,57,55,63,3,1,60,1,12:42,1,2022-23
2022-23,1628392,Isaiah Hartenstein,Isaiah,1610612752,NYK,New York Knicks,0022200348,2022-12-04T00:00:00,NYK vs. CLE,W,14.336666666666666,4,9,0.444,0,0,0.0,2,2,1.0,6,3,9,1,1,0,0,1,2,2,10,16,21.3,0,0,20.0,1,1,1,1,69,7,4,54,9,31,9,5,11,1,3,44,16,29,12,41,46,67,20,6,6,11,28,3,1,22,1,14:20,1,2022-23
2022-23,1628392,Isaiah Hartenstein,Isaiah,1610612752,NYK,New York Knicks,0022200365,2022-12-07T00:00:00,NYK vs. ATL,W,19.003333333333334,2,4,0.5,0,1,0.0,0,0,0.0,1,4,5,2,1,1,0,0,4,1,4,5,15.0,0,0,13.0,1,1,1,1,43,29,33,38,9,7,9,28,32,28,57,30,47,15,12,13,46,1,64,20,41,33,56,3,1,55,1,19:00,1,2022-23
2022-23,1628392,Isaiah Hartenstein,Isaiah,1610612752,NYK,New York Knicks,0022200377,2022-12-09T00:00:00,NYK @ CHA,W,18.05,5,5,1.0,1,1,1.0,0,0,0.0,4,4,8,2,1,0,2,0,1,0,11,13,28.6,0,0,26.0,1,1,1,1,47,4,20,1,1,7,1,28,32,28,13,30,25,15,12,41,7,1,3,46,5,13,10,3,1,5,1,18:03,1,2022-23
2022-23,1628392,Isaiah Hartenstein,Isaiah,1610612752,NYK,New York Knicks,0022200397,2022-12-11T00:00:00,NYK vs. SAC,W,25.69333333333333,2,4,0.5,0,2,0.0,0,0,0.0,3,6,9,0,1,1,0,0,3,1,4,18,16.8,0,0,15.0,1,1,1,1,14,29,33,38,9,2,9,28,32,28,24,14,16,49,12,13,46,1,41,20,41,9,48,3,1,42,1,25:42,1,2022-23
2022-23,1628392,Isaiah Hartenstein,Isaiah,1610612752,NYK,New York Knicks,0022200418,2022-12-14T00:00:00,NYK @ CHI,W,15.783333333333333,2,5,0.4,1,1,1.0,1,2,0.5,5,3,8,1,0,0,0,0,3,1,6,1,17.1,0,0,16.0,1,1,1,1,60,29,20,56,1,7,1,17,11,20,7,44,25,29,52,41,46,1,41,20,24,40,46,3,1,35,1,15:47,1,2022-23
2022-23,1628392,Isaiah Hartenstein,Isaiah,1610612752,NYK,New York Knicks,0022200434,2022-12-16T00:00:00,NYK @ CHI,W,13.65,1,7,0.143,0,1,0.0,1,2,0.5,6,4,10,0,1,0,0,0,2,3,3,7,14.0,0,0,13.0,1,1,1,1,71,51,8,73,9,7,9,17,11,20,3,30,11,49,12,41,46,1,20,2,53,27,58,3,1,55,1,13:39,1,2022-23
2022-23,1628392,Isaiah Hartenstein,Isaiah,1610612752,NYK,New York Knicks,0022200446,2022-12-18T00:00:00,NYK @ IND,W,16.033333333333335,1,2,0.5,0,1,0.0,0,0,0.0,2,4,6,2,0,0,2,0,3,0,2,-2,18.2,0,0,14.0,1,1,1,1,55,51,57,38,9,7,9,28,32,28,40,30,40,15,52,41,7,1,41,46,57,46,38,3,1,49,1,16:02,1,2022-23
2022-23,1628392,Isaiah Hartenstein,Isaiah,1610612752,NYK,New York Knicks,0022200463,2022-12-20T00:00:00,NYK vs. GSW,W,18.935,1,4,0.25,0,1,0.0,0,0,0.0,2,3,5,3,1,1,0,0,1,0,2,21,14.5,0,0,12.0,1,1,1,1,44,51,33,68,9,7,9,28,32,28,40,44,47,9,12,13,46,1,3,46,57,4,57,3,1,58,1,18:56,1,2022-23
2022-23,1628392,Isaiah Hartenstein,Isaiah,1610612752,NYK,New York Knicks,0022200471,2022-12-21T00:00:00,NYK vs. TOR,L,22.85,1,5,0.2,0,1,0.0,0,0,0.0,3,4,7,0,1,0,0,0,1,0,2,-16,9.4,0,0,9.0,1,48,48,48,24,51,20,72,9,7,9,28,32,28,24,30,34,49,12,41,46,1,3,46,57,78,70,3,1,65,1,22:51,1,2022-23
2022-23,1628392,Isaiah Hartenstein,Isaiah,1610612752,NYK,New York Knicks,0022200485,2022-12-23T00:00:00,NYK vs. CHI,L,19.15,2,2,1.0,1,1,1.0,0,0,0.0,1,6,7,0,0,0,1,0,3,0,5,8,16.4,0,0,15.0,1,48,48,48,40,29,57,1,1,7,1,28,32,28,57,14,34,49,52,41,13,1,41,46,35,25,51,3,1,42,1,19:09,1,2022-23
2022-23,1628392,Isaiah Hartenstein,Isaiah,1610612752,NYK,New York Knicks,0022200493,2022-12-25T00:00:00,NYK vs. PHI,L,12.866666666666667,1,2,0.5,0,0,0.0,0,0,0.0,0,1,1,0,1,0,0,0,1,0,2,-11,2.2,0,0,3.0,1,48,48,48,73,51,57,38,9,31,9,28,32,28,72,72,79,49,12,41,46,1,3,46,57,71,80,3,1,80,1,12:52,1,2022-23
2022-23,1628392,Isaiah Hartenstein,Isaiah,1610612752,NYK,New York Knicks,0022200512,2022-12-27T00:00:00,NYK @ DAL,L,11.548333333333334,2,4,0.5,1,2,0.5,0,0,0.0,1,0,1,0,1,0,0,0,0,0,5,-11,5.2,0,0,7.0,1,48,48,48,77,29,33,38,1,2,5,28,32,28,57,80,79,49,12,41,46,1,1,46,35,71,78,3,1,72,1,11:33,1,2022-23
2022-23,1628392,Isaiah Hartenstein,Isaiah,1610612752,NYK,New York Knicks,0022200527,2022-12-29T00:00:00,NYK @ SAS,L,14.75,2,4,0.5,0,1,0.0,0,0,0.0,3,2,5,0,1,1,0,0,2,0,4,-17,12.0,0,0,11.0,1,48,48,48,66,29,33,38,9,7,9,28,32,28,24,60,47,49,12,13,46,1,20,46,41,79,61,3,1,59,1,14:45,1,2022-23
2022-23,1628392,Isaiah Hartenstein,Isaiah,1610612752,NYK,New York Knicks,0022200541,2022-12-31T00:00:00,NYK @ HOU,W,14.833333333333334,0,1,0.0,0,0,0.0,0,2,0.0,1,3,4,1,1,1,0,1,3,1,0,-4,8.3,0,0,7.0,1,1,1,1,65,74,72,74,9,31,9,28,11,28,57,44,60,29,12,13,46,67,41,20,74,51,72,3,1,72,1,14:50,1,2022-23
2022-23,1628392,Isaiah Hartenstein,Isaiah,1610612752,NYK,New York Knicks,0022200550,2023-01-02T00:00:00,NYK vs. PHX,W,12.133333333333333,1,1,1.0,0,0,0.0,1,2,0.5,0,1,1,2,0,0,0,0,1,1,3,-5,7.2,0,0,6.0,1,1,1,1,76,51,72,1,9,31,9,17,11,20,72,72,79,15,52,41,46,1,3,20,53,55,75,3,1,77,1,12:08,1,2022-23
2022-23,1628392,Isaiah Hartenstein,Isaiah,1610612752,NYK,New York Knicks,0022200568,2023-01-04T00:00:00,NYK vs. SAS,W,19.4,2,6,0.333,0,1,0.0,4,4,1.0,4,1,5,0,1,1,0,0,3,2,8,1,16.0,0,0,15.0,1,1,1,1,37,29,11,61,9,7,9,1,1,1,13,72,47,49,12,13,46,1,41,6,9,40,53,3,1,42,1,19:24,1,2022-23
2022-23,1628392,Isaiah Hartenstein,Isaiah,1610612752,NYK,New York Knicks,0022200582,2023-01-06T00:00:00,NYK @ TOR,W,16.461666666666666,1,3,0.333,0,0,0.0,0,0,0.0,3,4,7,0,1,1,1,1,2,0,2,5,15.4,0,0,13.0,1,1,1,1,53,51,44,61,9,31,9,28,32,28,24,30,34,49,12,13,13,67,20,46,57,33,54,3,1,55,1,16:28,1,2022-23
2022-23,1628392,Isaiah Hartenstein,Isaiah,1610612752,NYK,New York Knicks,0022200607,2023-01-09T00:00:00,NYK vs. MIL,L,10.373333333333333,0,6,0.0,0,1,0.0,0,0,0.0,4,0,4,0,0,0,0,0,3,0,0,-3,4.8,0,0,4.0,1,48,48,48,79,74,11,74,9,7,9,28,32,28,13,80,60,49,52,41,46,1,41,46,74,48,79,3,1,78,1,10:22,1,2022-23
2022-23,1628392,Isaiah Hartenstein,Isaiah,1610612752,NYK,New York Knicks,0022200622,2023-01-11T00:00:00,NYK vs. IND,W,9.233333333333333,0,0,0.0,0,0,0.0,0,0,0.0,0,2,2,0,0,0,1,0,1,0,0,0,5.4,0,0,4.0,1,1,1,1,82,74,82,74,9,31,9,28,32,28,72,60,73,49,52,41,13,1,3,46,74,43,77,3,1,78,1,9:14,1,2022-23
2022-23,1628392,Isaiah Hartenstein,Isaiah,1610612752,NYK,New York Knicks,0022200634,2023-01-13T00:00:00,NYK @ WAS,W,18.6,3,6,0.5,0,0,0.0,2,3,0.667,4,3,7,0,1,0,0,0,3,2,8,12,15.4,0,0,15.0,1,1,1,1,45,14,11,38,9,31,9,5,5,16,13,44,34,49,12,41,46,1,41,6,9,14,54,3,1,42,1,18:36,1,2022-23
2022-23,1628392,Isaiah Hartenstein,Isaiah,1610612752,NYK,New York Knicks,0022200648,2023-01-15T00:00:00,NYK @ DET,W,11.516666666666667,1,2,0.5,0,0,0.0,1,1,1.0,2,3,5,0,0,0,1,1,1,2,3,-2,12.0,0,0,10.0,1,1,1,1,78,51,57,38,9,31,9,17,27,1,40,44,47,49,52,41,13,67,3,6,53,46,61,3,1,60,1,11:31,1,2022-23
2022-23,1628392,Isaiah Hartenstein,Isaiah,1610612752,NYK,New York Knicks,0022200659,2023-01-16T00:00:00,NYK vs. TOR,L,15.916666666666666,1,1,1.0,0,0,0.0,0,0,0.0,2,3,5,1,0,0,1,0,2,0,2,2,12.5,0,0,10.0,1,48,48,48,58,51,72,1,9,31,9,28,32,28,40,44,47,29,52,41,13,1,20,46,57,38,60,3,1,60,1,15:55,1,2022-23
2022-23,1628392,Isaiah Hartenstein,Isaiah,1610612752,NYK,New York Knicks,0022200669,2023-01-18T00:00:00,NYK vs. WAS,L,12.816666666666666,2,6,0.333,0,0,0.0,0,0,0.0,3,1,4,0,0,0,0,0,1,0,4,-7,8.8,0,0,8.0,1,48,48,48,74,29,11,61,9,31,9,28,32,28,24,72,60,49,52,41,46,1,3,46,41,66,71,3,1,69,1,12:49,1,2022-23
2022-23,1628392,Isaiah Hartenstein,Isaiah,1610612752,NYK,New York Knicks,0022200684,2023-01-20T00:00:00,NYK @ ATL,L,16.666666666666668,1,1,1.0,0,0,0.0,0,0,0.0,2,4,6,1,1,0,0,0,1,0,2,-4,9.7,0,0,9.0,1,48,48,48,52,51,72,1,9,31,9,28,32,28,40,30,40,29,12,41,46,1,3,46,57,51,68,3,1,65,1,16:40,1,2022-23
2022-23,1628392,Isaiah Hartenstein,Isaiah,1610612752,NYK,New York Knicks,0022200700,2023-01-22T00:00:00,NYK @ TOR,L,14.75,1,3,0.333,0,0,0.0,0,0,0.0,2,0,2,0,0,2,3,0,2,0,2,-3,19.4,0,0,14.0,1,48,48,48,66,51,44,61,9,31,9,28,32,28,40,80,73,49,52,2,2,1,20,46,57,48,34,3,1,49,1,14:45,1,2022-23
2022-23,1628392,Isaiah Hartenstein,Isaiah,1610612752,NYK,New York Knicks,0022200715,2023-01-24T00:00:00,NYK vs. CLE,W,22.8,2,3,0.667,0,0,0.0,0,0,0.0,3,6,9,4,2,1,1,0,1,0,4,11,24.8,0,0,21.0,1,1,1,1,25,29,44,24,9,31,9,28,32,28,24,14,16,4,5,13,13,1,3,46,41,16,21,3,1,19,1,22:48,1,2022-23
2022-23,1628392,Isaiah Hartenstein,Isaiah,1610612752,NYK,New York Knicks,0022200730,2023-01-26T00:00:00,NYK @ BOS,W,17.013333333333332,1,1,1.0,0,0,0.0,2,2,1.0,1,5,6,3,1,0,1,0,3,1,4,9,17.7,0,0,15.0,1,1,1,1,50,51,72,1,9,31,9,5,11,1,57,23,40,9,12,41,13,1,41,20,41,21,41,3,1,42,1,17:01,1,2022-23
2022-23,1628392,Isaiah Hartenstein,Isaiah,1610612752,NYK,New York Knicks,0022200742,2023-01-28T00:00:00,NYK @ BKN,L,20.366666666666667,4,5,0.8,0,0,0.0,0,0,0.0,1,4,5,2,1,0,2,0,3,0,8,-5,22.0,0,0,19.0,1,48,48,48,33,7,20,18,9,31,9,28,32,28,57,30,47,15,12,41,7,1,41,46,9,55,26,3,1,24,1,20:22,1,2022-23
2022-23,1628392,Isaiah Hartenstein,Isaiah,1610612752,NYK,New York Knicks,0022200765,2023-01-31T00:00:00,NYK vs. LAL,L,39.95,7,10,0.7,0,1,0.0,2,2,1.0,7,6,13,1,0,0,0,0,5,1,16,10,33.1,1,0,30.0,1,48,48,48,2,1,2,23,9,7,9,5,11,1,1,14,4,29,52,41,46,1,75,20,1,19,2,1,1,1,1,39:57,1,2022-23
2022-23,1628392,Isaiah Hartenstein,Isaiah,1610612752,NYK,New York Knicks,0022200780,2023-02-02T00:00:00,NYK vs. MIA,W,28.586666666666666,3,7,0.429,0,0,0.0,2,3,0.667,4,6,10,1,3,3,0,0,4,2,8,-14,27.5,0,0,25.0,1,1,1,1,7,14,8,55,9,31,9,5,5,16,13,14,11,29,1,1,46,1,64,6,9,77,13,3,1,9,1,28:35,1,2022-23
2022-23,1628392,Isaiah Hartenstein,Isaiah,1610612752,NYK,New York Knicks,0022200795,2023-02-04T00:00:00,NYK vs. LAC,L,31.55,2,6,0.333,0,0,0.0,1,2,0.5,6,5,11,4,2,1,2,1,4,1,5,3,31.2,0,0,26.0,1,48,48,48,5,29,11,61,9,31,9,17,11,20,3,23,6,4,5,13,7,67,64,20,35,35,6,3,1,5,1,31:33,1,2022-23
2022-23,1628392,Isaiah Hartenstein,Isaiah,1610612752,NYK,New York Knicks,0022200804,2023-02-05T00:00:00,NYK vs. PHI,W,25.95,1,1,1.0,0,0,0.0,0,0,0.0,4,10,14,1,0,0,1,0,6,0,2,19,23.3,0,0,19.0,1,1,1,1,12,51,72,1,9,31,9,28,32,28,13,2,1,29,52,41,13,1,82,46,57,7,23,3,1,24,1,25:57,1,2022-23
2022-23,1628392,Isaiah Hartenstein,Isaiah,1610612752,NYK,New York Knicks,0022200816,2023-02-07T00:00:00,NYK @ ORL,W,12.92,1,1,1.0,0,0,0.0,0,0,0.0,0,3,3,0,1,0,1,0,5,0,2,6,7.6,0,0,7.0,1,1,1,1,72,51,72,1,9,31,9,28,32,28,72,44,67,49,12,41,13,1,75,46,57,29,73,3,1,72,1,12:55,1,2022-23
2022-23,1628392,Isaiah Hartenstein,Isaiah,1610612752,NYK,New York Knicks,0022200837,2023-02-10T00:00:00,NYK @ PHI,L,24.675,3,3,1.0,0,0,0.0,0,1,0.0,2,4,6,1,1,0,3,0,3,1,6,-11,22.7,0,0,19.0,1,48,48,48,18,14,44,1,9,31,9,28,27,28,40,30,40,29,12,41,2,1,41,20,24,71,25,3,1,24,1,24:41,1,2022-23
2022-23,1628392,Isaiah Hartenstein,Isaiah,1610612752,NYK,New York Knicks,0022200851,2023-02-11T00:00:00,NYK vs. UTA,W,24.8,3,5,0.6,0,0,0.0,0,0,0.0,6,8,14,1,0,0,1,1,3,1,6,9,27.3,0,0,23.0,1,1,1,1,16,14,20,32,9,31,9,28,32,28,3,3,1,29,52,41,13,67,41,20,24,21,14,3,1,14,1,24:48,1,2022-23
2022-23,1628392,Isaiah Hartenstein,Isaiah,1610612752,NYK,New York Knicks,0022200862,2023-02-13T00:00:00,NYK vs. BKN,W,23.933333333333334,3,3,1.0,0,0,0.0,2,2,1.0,1,4,5,1,2,1,0,0,4,1,8,29,16.5,0,0,16.0,1,1,1,1,20,14,44,1,9,31,9,5,11,1,57,30,47,29,5,13,46,1,64,20,9,2,49,3,1,35,1,23:56,1,2022-23
2022-23,1628392,Isaiah Hartenstein,Isaiah,1610612752,NYK,New York Knicks,0022200876,2023-02-15T00:00:00,NYK @ ATL,W,26.433333333333334,3,6,0.5,0,0,0.0,0,0,0.0,4,7,11,0,0,0,3,0,2,1,6,10,28.2,0,0,23.0,1,1,1,1,11,14,11,38,9,31,9,28,32,28,13,7,6,49,52,41,2,1,20,20,24,19,11,3,1,14,1,26:26,1,2022-23
2022-23,1628392,Isaiah Hartenstein,Isaiah,1610612752,NYK,New York Knicks,0022200895,2023-02-24T00:00:00,NYK @ WAS,W,19.933333333333334,2,2,1.0,0,0,0.0,0,0,0.0,3,7,10,0,0,2,0,0,3,0,4,-9,22.0,0,0,18.0,1,1,1,1,35,29,57,1,9,31,9,28,32,28,24,7,11,49,52,2,46,1,41,46,41,69,26,3,1,29,1,19:56,1,2022-23
2022-23,1628392,Isaiah Hartenstein,Isaiah,1610612752,NYK,New York Knicks,0022200906,2023-02-25T00:00:00,NYK vs. NOP,W,19.083333333333332,2,3,0.667,0,0,0.0,0,0,0.0,5,5,10,2,1,0,0,0,3,0,4,6,18.0,0,0,16.0,1,1,1,1,41,29,44,24,9,31,9,28,32,28,7,23,11,15,12,41,46,1,41,46,41,29,40,3,1,35,1,19:05,1,2022-23
2022-23,1628392,Isaiah Hartenstein,Isaiah,1610612752,NYK,New York Knicks,0022200921,2023-02-27T00:00:00,NYK vs. BOS,W,16.256666666666668,0,1,0.0,0,0,0.0,0,0,0.0,0,1,1,0,1,0,0,1,3,0,0,8,0.2,0,0,1.0,1,1,1,1,54,74,72,74,9,31,9,28,32,28,72,72,79,49,12,41,46,67,41,46,74,25,82,3,1,82,1,16:15,1,2022-23
2022-23,1628392,Isaiah Hartenstein,Isaiah,1610612752,NYK,New York Knicks,0022200937,2023-03-01T00:00:00,NYK vs. BKN,W,19.45,3,6,0.5,0,0,0.0,2,2,1.0,3,5,8,3,1,0,1,1,2,1,8,17,24.1,0,0,21.0,1,1,1,1,36,14,11,38,9,31,9,5,11,1,24,23,25,9,12,41,13,67,20,20,9,10,22,3,1,19,1,19:27,1,2022-23
2022-23,1628392,Isaiah Hartenstein,Isaiah,1610612752,NYK,New York Knicks,0022200949,2023-03-03T00:00:00,NYK @ MIA,W,15.25,2,2,1.0,0,0,0.0,0,1,0.0,1,3,4,1,0,0,0,0,2,1,4,22,10.3,0,0,9.0,1,1,1,1,63,29,57,1,9,31,9,28,27,28,57,44,60,29,52,41,46,1,20,20,41,3,67,3,1,65,1,15:15,1,2022-23
2022-23,1628392,Isaiah Hartenstein,Isaiah,1610612752,NYK,New York Knicks,0022200969,2023-03-05T00:00:00,NYK @ BOS,W,9.56,0,2,0.0,0,0,0.0,0,0,0.0,0,3,3,0,2,0,0,0,4,0,0,11,1.6,0,0,3.0,1,1,1,1,81,74,57,74,9,31,9,28,32,28,72,44,67,49,5,41,46,1,64,46,74,16,81,3,1,80,1,9:34,1,2022-23
2022-23,1628392,Isaiah Hartenstein,Isaiah,1610612752,NYK,New York Knicks,0022200979,2023-03-07T00:00:00,NYK vs. CHA,L,15.35,1,2,0.5,0,0,0.0,0,0,0.0,1,1,2,2,0,0,1,0,3,2,2,3,10.4,0,0,8.0,1,48,48,48,62,51,57,38,9,31,9,28,32,28,57,72,73,15,52,41,13,1,41,6,57,35,66,3,1,69,1,15:21,1,2022-23
2022-23,1628392,Isaiah Hartenstein,Isaiah,1610612752,NYK,New York Knicks,0022200997,2023-03-09T00:00:00,NYK @ SAC,L,24.791666666666668,2,2,1.0,0,0,0.0,1,2,0.5,4,5,9,0,0,1,0,0,5,1,5,11,18.8,0,0,16.0,1,48,48,48,17,29,57,1,9,31,9,17,11,20,13,23,16,49,52,13,46,1,75,20,35,16,36,3,1,35,1,24:48,1,2022-23
2022-23,1628392,Isaiah Hartenstein,Isaiah,1610612752,NYK,New York Knicks,0022201004,2023-03-11T00:00:00,NYK @ LAC,L,19.316666666666666,2,5,0.4,0,1,0.0,0,0,0.0,3,2,5,3,0,1,0,1,2,1,4,-1,17.5,0,0,14.0,1,48,48,48,39,29,20,56,9,7,9,28,32,28,24,60,47,9,52,13,46,67,20,20,41,45,44,3,1,49,1,19:19,1,2022-23
2022-23,1628392,Isaiah Hartenstein,Isaiah,1610612752,NYK,New York Knicks,0022201019,2023-03-12T00:00:00,NYK @ LAL,W,23.733333333333334,0,2,0.0,0,0,0.0,0,0,0.0,3,8,11,2,0,2,1,0,1,0,0,19,25.2,0,0,19.0,1,1,1,1,22,74,57,74,9,31,9,28,32,28,24,3,6,15,52,2,13,1,3,46,74,7,19,3,1,24,1,23:44,1,2022-23
2022-23,1628392,Isaiah Hartenstein,Isaiah,1610612752,NYK,New York Knicks,0022201034,2023-03-14T00:00:00,NYK @ POR,W,26.55,0,2,0.0,0,1,0.0,0,0,0.0,3,8,11,4,2,1,1,0,4,0,0,20,23.2,0,0,19.0,1,1,1,1,10,74,57,74,9,7,9,28,32,28,24,3,6,4,5,13,13,1,64,46,74,6,24,3,1,24,1,26:33,1,2022-23
2022-23,1628392,Isaiah Hartenstein,Isaiah,1610612752,NYK,New York Knicks,0022201055,2023-03-18T00:00:00,NYK vs. DEN,W,23.866666666666667,3,5,0.6,0,0,0.0,0,0,0.0,3,6,9,1,1,2,1,0,2,0,6,-5,26.3,0,0,22.0,1,1,1,1,21,14,20,32,9,31,9,28,32,28,24,14,16,29,12,2,13,1,20,46,24,55,17,3,1,17,1,23:52,1,2022-23
2022-23,1628392,Isaiah Hartenstein,Isaiah,1610612752,NYK,New York Knicks,0022201073,2023-03-20T00:00:00,NYK vs. MIN,L,20.15,2,3,0.667,0,0,0.0,1,1,1.0,1,7,8,3,1,0,0,1,2,2,5,-6,18.1,0,0,16.0,1,48,48,48,34,29,44,24,9,31,9,17,27,1,57,7,25,9,12,41,46,67,20,6,35,60,39,3,1,35,1,20:09,1,2022-23
2022-23,1628392,Isaiah Hartenstein,Isaiah,1610612752,NYK,New York Knicks,0022201084,2023-03-22T00:00:00,NYK @ MIA,L,19.35333333333333,1,3,0.333,0,1,0.0,0,0,0.0,0,2,2,0,3,1,1,0,5,0,2,-12,7.4,0,0,8.0,1,48,48,48,38,51,44,61,9,7,9,28,32,28,72,60,73,49,1,13,13,1,75,46,57,76,74,3,1,69,1,19:21,1,2022-23
2022-23,1628392,Isaiah Hartenstein,Isaiah,1610612752,NYK,New York Knicks,0022201093,2023-03-23T00:00:00,NYK @ ORL,L,15.933333333333334,3,3,1.0,0,0,0.0,0,0,0.0,2,2,4,3,0,0,2,0,2,1,6,-4,21.3,0,0,17.0,1,48,48,48,56,14,44,1,9,31,9,28,32,28,40,60,60,9,52,41,7,1,20,20,24,51,28,3,1,32,1,15:56,1,2022-23
2022-23,1628392,Isaiah Hartenstein,Isaiah,1610612752,NYK,New York Knicks,0022201124,2023-03-27T00:00:00,NYK vs. HOU,W,24.111666666666668,3,3,1.0,0,0,0.0,2,3,0.667,3,3,6,6,1,2,0,0,4,2,8,32,29.2,0,0,24.0,1,1,1,1,19,14,44,1,9,31,9,5,5,16,24,44,40,1,12,2,46,1,64,6,9,1,9,3,1,12,1,24:07,1,2022-23
2022-23,1628392,Isaiah Hartenstein,Isaiah,1610612752,NYK,New York Knicks,0022201138,2023-03-29T00:00:00,NYK vs. MIA,W,28.95,3,5,0.6,0,0,0.0,0,2,0.0,1,8,9,2,1,2,1,0,3,2,6,12,27.8,0,0,23.0,1,1,1,1,6,14,20,32,9,31,9,28,11,28,57,3,16,15,12,2,13,1,41,6,24,14,12,3,1,14,1,28:57,1,2022-23
2022-23,1628392,Isaiah Hartenstein,Isaiah,1610612752,NYK,New York Knicks,0022201154,2023-03-31T00:00:00,NYK @ CLE,W,25.75,2,2,1.0,0,0,0.0,1,4,0.25,1,7,8,4,0,2,3,0,1,3,5,15,35.6,0,0,27.0,1,1,1,1,13,29,57,1,9,31,9,17,1,27,57,7,25,4,52,2,2,1,3,2,35,12,1,3,1,3,1,25:45,1,2022-23
2022-23,1628392,Isaiah Hartenstein,Isaiah,1610612752,NYK,New York Knicks,0022201168,2023-04-02T00:00:00,NYK vs. WAS,W,22.083333333333332,4,5,0.8,0,0,0.0,1,3,0.333,2,6,8,2,1,2,1,0,1,4,9,-7,29.6,0,0,25.0,1,1,1,1,27,7,20,18,9,31,9,17,5,26,40,14,25,15,12,2,13,1,3,1,8,66,7,3,1,9,1,22:05,1,2022-23
2022-23,1628392,Isaiah Hartenstein,Isaiah,1610612752,NYK,New York Knicks,0022201190,2023-04-05T00:00:00,NYK @ IND,W,17.55,4,6,0.667,0,0,0.0,0,0,0.0,2,5,7,2,1,0,0,0,2,0,8,-18,18.4,0,0,17.0,1,1,1,1,48,7,11,24,9,31,9,28,32,28,40,23,34,15,12,41,46,1,20,46,9,80,37,3,1,32,1,17:33,1,2022-23
2022-23,1628392,Isaiah Hartenstein,Isaiah,1610612752,NYK,New York Knicks,0022201209,2023-04-07T00:00:00,NYK @ NOP,L,19.016666666666666,0,1,0.0,0,0,0.0,0,0,0.0,0,3,3,5,1,0,1,0,5,0,0,-11,13.1,0,0,10.0,1,48,48,48,42,74,72,74,9,31,9,28,32,28,72,44,67,2,12,41,13,1,75,46,74,71,59,3,1,60,1,19:01,1,2022-23
2022-23,1628392,Isaiah Hartenstein,Isaiah,1610612752,NYK,New York Knicks,0022201220,2023-04-09T00:00:00,NYK vs. IND,L,20.816666666666666,4,7,0.571,0,0,0.0,0,0,0.0,0,2,2,5,0,1,0,1,2,1,8,-23,20.9,0,0,17.0,1,48,48,48,31,7,8,37,9,31,9,28,32,28,72,60,73,2,52,13,46,67,20,20,9,82,30,3,1,32,1,20:49,1,2022-23
2023-24,1628392,Isaiah Hartenstein,Isaiah,1610612752,NYK,New York Knicks,0022300065,2023-10-25T00:00:00,NYK vs. BOS,L,25.723333333333333,3,4,0.75,0,0,0.0,1,2,0.5,5,3,8,2,1,0,0,0,5,3,7,-5,18.6,0,0,17.0,1,48,48,48,39,27,38,23,2,3,2,33,28,34,11,49,31,30,30,49,47,1,70,6,32,59,56,11,1,50,1,25:43,1,2023-24
2023-24,1628392,Isaiah Hartenstein,Isaiah,1610612752,NYK,New York Knicks,0022300079,2023-10-27T00:00:00,NYK @ ATL,W,10.298333333333334,3,4,0.75,0,0,0.0,2,4,0.5,1,1,2,1,1,1,1,0,4,2,8,-5,16.9,0,0,15.0,1,1,1,1,75,27,38,23,2,3,2,17,6,34,60,67,73,53,30,27,26,1,55,21,27,59,63,11,1,58,1,10:18,1,2023-24
2023-24,1628392,Isaiah Hartenstein,Isaiah,1610612752,NYK,New York Knicks,0022300090,2023-10-28T00:00:00,NYK @ NOP,L,14.533333333333333,1,1,1.0,0,0,0.0,2,4,0.5,1,2,3,1,0,0,0,0,0,4,4,-8,9.1,0,0,8.0,1,48,48,48,69,60,69,1,2,3,2,17,6,34,60,59,66,53,52,49,47,1,1,2,56,66,71,11,1,71,1,14:32,1,2023-24
2023-24,1628392,Isaiah Hartenstein,Isaiah,1610612752,NYK,New York Knicks,0022300112,2023-10-31T00:00:00,NYK @ CLE,W,22.85,5,10,0.5,0,2,0.0,3,3,1.0,4,3,7,1,1,2,1,0,3,2,13,12,30.9,0,0,27.0,1,1,1,1,48,11,2,52,2,1,2,8,21,1,22,49,39,53,30,11,26,1,33,21,9,20,30,11,1,27,1,22:51,1,2023-24
2023-24,1628392,Isaiah Hartenstein,Isaiah,1610612752,NYK,New York Knicks,0022300120,2023-11-01T00:00:00,NYK vs. CLE,L,15.933333333333334,0,2,0.0,0,0,0.0,0,0,0.0,2,4,6,2,2,3,0,0,2,0,0,-5,17.2,0,0,14.0,1,48,48,48,63,73,63,73,2,3,2,55,56,55,44,39,46,30,10,4,47,1,11,64,74,59,61,11,1,62,1,15:56,1,2023-24
2023-24,1628392,Isaiah Hartenstein,Isaiah,1610612752,NYK,New York Knicks,0022300002,2023-11-03T00:00:00,NYK @ MIL,L,18.258333333333333,2,3,0.667,0,0,0.0,0,0,0.0,1,2,3,0,2,0,0,1,3,0,4,-1,5.6,0,0,7.0,1,48,48,48,56,42,47,33,2,3,2,55,56,55,60,59,66,67,10,49,47,51,33,64,56,51,74,11,1,73,1,18:16,1,2023-24
2023-24,1628392,Isaiah Hartenstein,Isaiah,1610612752,NYK,New York Knicks,0022300151,2023-11-06T00:00:00,NYK vs. LAC,W,13.2,3,5,0.6,0,0,0.0,0,0,0.0,2,1,3,2,0,2,0,0,2,0,6,10,18.6,0,0,15.0,1,1,1,1,73,27,29,44,2,3,2,55,56,55,44,67,66,30,52,11,47,1,11,64,43,23,56,11,1,58,1,13:12,1,2023-24
2023-24,1628392,Isaiah Hartenstein,Isaiah,1610612752,NYK,New York Knicks,0022300161,2023-11-08T00:00:00,NYK vs. SAS,W,15.25,6,9,0.667,0,0,0.0,1,1,1.0,3,0,3,0,0,2,0,1,4,1,13,-7,22.6,0,0,20.0,1,1,1,1,66,6,6,33,2,3,2,33,47,1,32,74,66,67,52,11,47,51,55,48,9,64,45,11,1,40,1,15:15,1,2023-24
2023-24,1628392,Isaiah Hartenstein,Isaiah,1610612752,NYK,New York Knicks,0022300177,2023-11-12T00:00:00,NYK vs. CHA,W,17.55,2,3,0.667,0,0,0.0,2,4,0.5,2,4,6,1,2,1,2,0,6,2,6,24,21.7,0,0,19.0,1,1,1,1,58,42,47,33,2,3,2,17,6,34,44,39,46,53,10,27,11,1,73,21,43,8,48,11,1,45,1,17:33,1,2023-24
2023-24,1628392,Isaiah Hartenstein,Isaiah,1610612752,NYK,New York Knicks,0022300188,2023-11-13T00:00:00,NYK @ BOS,L,14.83,1,2,0.5,1,1,1.0,0,0,0.0,3,0,3,1,0,1,0,0,0,0,3,-2,11.1,0,0,10.0,1,48,48,48,67,60,63,52,1,2,1,55,56,55,32,74,66,53,52,27,47,1,1,64,65,52,69,11,1,69,1,14:50,1,2023-24
2023-24,1628392,Isaiah Hartenstein,Isaiah,1610612752,NYK,New York Knicks,0022300193,2023-11-15T00:00:00,NYK @ ATL,W,17.266666666666666,5,9,0.556,0,0,0.0,1,1,1.0,3,1,4,0,0,1,0,0,2,2,11,-5,18.8,0,0,17.0,1,1,1,1,59,11,6,51,2,3,2,33,47,1,32,67,58,67,52,27,47,1,11,21,16,59,54,11,1,50,1,17:16,1,2023-24
2023-24,1628392,Isaiah Hartenstein,Isaiah,1610612752,NYK,New York Knicks,0022300028,2023-11-17T00:00:00,NYK @ WAS,W,19.583333333333332,1,3,0.333,0,0,0.0,1,2,0.5,3,5,8,2,1,1,1,1,4,1,3,4,20.6,0,0,17.0,1,1,1,1,53,60,47,64,2,3,2,33,28,34,32,27,31,30,30,27,26,51,55,48,65,42,51,11,1,50,1,19:35,1,2023-24
2023-24,1628392,Isaiah Hartenstein,Isaiah,1610612752,NYK,New York Knicks,0022300202,2023-11-18T00:00:00,NYK @ CHA,W,14.686666666666667,1,2,0.5,0,0,0.0,2,2,1.0,2,5,7,0,1,0,0,1,1,1,4,5,11.4,0,0,11.0,1,1,1,1,68,60,63,52,2,3,2,17,28,1,44,27,39,67,30,49,47,51,4,48,56,37,68,11,1,67,1,14:41,1,2023-24
2023-24,1628392,Isaiah Hartenstein,Isaiah,1610612752,NYK,New York Knicks,0022300221,2023-11-20T00:00:00,NYK @ MIN,L,14.466666666666667,1,3,0.333,0,0,0.0,0,0,0.0,2,2,4,0,1,0,1,1,3,2,2,-6,8.8,0,0,8.0,1,48,48,48,70,60,47,64,2,3,2,55,56,55,44,59,58,67,30,49,26,51,33,21,68,63,72,11,1,71,1,14:28,1,2023-24
2023-24,1628392,Isaiah Hartenstein,Isaiah,1610612752,NYK,New York Knicks,0022300045,2023-11-24T00:00:00,NYK vs. MIA,W,27.665,1,3,0.333,0,0,0.0,0,0,0.0,1,4,5,1,1,2,1,0,3,0,2,18,17.5,0,0,14.0,1,1,1,1,34,60,47,64,2,3,2,55,56,55,60,39,55,53,30,11,26,1,33,64,68,11,59,11,1,62,1,27:40,1,2023-24
2023-24,1628392,Isaiah Hartenstein,Isaiah,1610612752,NYK,New York Knicks,0022300247,2023-11-26T00:00:00,NYK vs. PHX,L,13.55,2,3,0.667,0,0,0.0,3,4,0.75,4,1,5,1,0,0,1,0,3,2,7,-2,17.5,0,0,15.0,1,48,48,48,72,42,47,33,2,3,2,8,6,22,22,67,55,53,52,49,26,1,33,21,32,52,59,11,1,58,1,13:33,1,2023-24
2023-24,1628392,Isaiah Hartenstein,Isaiah,1610612752,NYK,New York Knicks,0022300057,2023-11-28T00:00:00,NYK vs. CHA,W,13.566666666666666,2,3,0.667,0,0,0.0,0,0,0.0,3,3,6,2,0,0,0,0,2,0,4,7,14.2,0,0,12.0,1,1,1,1,71,42,47,33,2,3,2,55,56,55,32,49,46,30,52,49,47,1,11,64,56,32,66,11,1,66,1,13:34,1,2023-24
2023-24,1628392,Isaiah Hartenstein,Isaiah,1610612752,NYK,New York Knicks,0022300268,2023-11-30T00:00:00,NYK vs. DET,W,17.066666666666666,1,1,1.0,0,0,0.0,0,0,0.0,2,1,3,0,2,2,0,0,3,1,2,-2,9.6,0,0,9.0,1,1,1,1,60,60,69,1,2,3,2,55,56,55,44,67,66,67,10,11,47,1,33,48,68,52,70,11,1,70,1,17:04,1,2023-24
2023-24,1628392,Isaiah Hartenstein,Isaiah,1610612752,NYK,New York Knicks,0022300276,2023-12-01T00:00:00,NYK @ TOR,W,16.073333333333334,1,3,0.333,0,0,0.0,2,3,0.667,2,6,8,0,0,0,1,1,1,2,4,7,16.6,0,0,14.0,1,1,1,1,62,60,47,64,2,3,2,17,21,29,44,20,31,67,52,49,26,51,4,21,56,32,64,11,1,62,1,16:04,1,2023-24
2023-24,1628392,Isaiah Hartenstein,Isaiah,1610612752,NYK,New York Knicks,0022301201,2023-12-05T00:00:00,NYK @ MIL,L,17.966666666666665,2,3,0.667,0,0,0.0,0,0,0.0,4,3,7,5,1,0,2,0,2,0,4,-12,24.9,0,0,20.0,1,48,48,48,57,42,47,33,2,3,2,55,56,55,22,49,39,7,30,49,11,1,11,64,56,70,38,11,1,40,1,17:58,1,2023-24
2023-24,1628392,Isaiah Hartenstein,Isaiah,1610612752,NYK,New York Knicks,0022301227,2023-12-08T00:00:00,NYK @ BOS,L,29.3,2,4,0.5,0,0,0.0,1,2,0.5,4,12,16,4,1,0,2,0,4,1,5,9,35.2,0,0,29.0,1,48,48,48,26,42,38,52,2,3,2,33,28,34,22,4,7,12,30,49,11,1,55,48,52,28,21,11,1,22,1,29:18,1,2023-24
2023-24,1628392,Isaiah Hartenstein,Isaiah,1610612752,NYK,New York Knicks,0022300297,2023-12-11T00:00:00,NYK vs. TOR,W,26.843333333333334,4,7,0.571,0,0,0.0,3,4,0.75,5,3,8,2,2,2,1,0,4,3,11,0,30.6,0,0,27.0,1,1,1,1,35,19,15,49,2,3,2,8,6,22,11,49,31,30,10,11,26,1,55,6,16,48,31,11,1,27,1,26:51,1,2023-24
2023-24,1628392,Isaiah Hartenstein,Isaiah,1610612752,NYK,New York Knicks,0022300318,2023-12-13T00:00:00,NYK @ UTA,L,29.456666666666667,3,4,0.75,0,0,0.0,1,1,1.0,3,3,6,0,0,0,2,1,3,2,7,5,20.2,0,0,17.0,1,48,48,48,24,27,38,23,2,3,2,33,47,1,32,49,46,67,52,49,11,51,33,21,32,37,52,11,1,50,1,29:27,1,2023-24
2023-24,1628392,Isaiah Hartenstein,Isaiah,1610612752,NYK,New York Knicks,0022300333,2023-12-15T00:00:00,NYK @ PHX,W,30.55,2,2,1.0,0,0,0.0,3,4,0.75,1,7,8,2,2,1,3,0,3,3,7,29,29.6,0,0,25.0,1,1,1,1,19,42,63,1,2,3,2,8,6,22,60,16,31,30,10,27,4,1,33,6,32,3,33,11,1,32,1,30:33,1,2023-24
2023-24,1628392,Isaiah Hartenstein,Isaiah,1610612752,NYK,New York Knicks,0022300343,2023-12-16T00:00:00,NYK @ LAC,L,29.816666666666666,5,7,0.714,0,0,0.0,2,4,0.5,6,4,10,2,3,0,3,0,3,2,12,-9,33.0,1,0,30.0,1,48,48,48,21,11,15,31,2,3,2,17,6,34,8,39,19,30,4,49,4,1,33,21,12,68,25,1,1,20,1,29:49,1,2023-24
2023-24,1628392,Isaiah Hartenstein,Isaiah,1610612752,NYK,New York Knicks,0022300359,2023-12-18T00:00:00,NYK @ LAL,W,38.85,3,4,0.75,0,0,0.0,3,6,0.5,7,10,17,2,1,2,2,0,3,5,9,15,43.4,0,0,36.0,1,1,1,1,5,27,38,23,2,3,2,8,2,34,2,7,5,30,30,11,11,1,33,1,25,14,6,11,1,8,1,38:51,1,2023-24
2023-24,1628392,Isaiah Hartenstein,Isaiah,1610612752,NYK,New York Knicks,0022300368,2023-12-20T00:00:00,NYK @ BKN,W,30.01,1,3,0.333,0,0,0.0,0,0,0.0,5,5,10,3,0,0,2,0,1,2,2,21,24.5,0,0,19.0,1,1,1,1,20,60,47,64,2,3,2,55,56,55,11,27,19,20,52,49,11,1,4,21,68,9,39,11,1,45,1,30:01,1,2023-24
2023-24,1628392,Isaiah Hartenstein,Isaiah,1610612752,NYK,New York Knicks,0022300388,2023-12-23T00:00:00,NYK vs. MIL,L,32.99,4,5,0.8,0,0,0.0,4,4,1.0,7,6,13,1,1,1,0,1,4,3,12,-14,31.1,1,0,28.0,1,48,48,48,14,19,29,19,2,3,2,3,6,1,2,20,12,53,30,27,47,51,55,6,12,71,29,1,1,25,1,32:59,1,2023-24
2023-24,1628392,Isaiah Hartenstein,Isaiah,1610612752,NYK,New York Knicks,0022300401,2023-12-25T00:00:00,NYK vs. MIL,W,32.71,5,7,0.714,0,0,0.0,1,2,0.5,4,4,8,4,0,0,1,0,4,3,11,3,29.6,0,0,25.0,1,1,1,1,16,11,15,31,2,3,2,33,28,34,22,39,31,12,52,49,26,1,55,6,16,44,33,11,1,32,1,32:43,1,2023-24
2023-24,1628392,Isaiah Hartenstein,Isaiah,1610612752,NYK,New York Knicks,0022300419,2023-12-27T00:00:00,NYK @ OKC,L,37.153333333333336,2,6,0.333,0,0,0.0,0,0,0.0,3,6,9,2,2,0,1,3,3,0,4,4,18.8,0,0,17.0,1,48,48,48,7,42,21,64,2,3,2,55,56,55,32,20,25,30,10,49,26,75,33,64,56,42,54,11,1,50,1,37:09,1,2023-24
2023-24,1628392,Isaiah Hartenstein,Isaiah,1610612752,NYK,New York Knicks,0022300429,2023-12-29T00:00:00,NYK @ ORL,L,24.833333333333332,2,4,0.5,0,0,0.0,3,3,1.0,1,2,3,3,2,3,0,1,4,2,7,-18,22.1,0,0,19.0,1,48,48,48,41,42,38,52,2,3,2,8,21,1,60,59,66,20,10,4,47,51,55,21,32,74,46,11,1,45,1,24:50,1,2023-24
2023-24,1628392,Isaiah Hartenstein,Isaiah,1610612752,NYK,New York Knicks,0022300441,2023-12-30T00:00:00,NYK @ IND,L,32.833333333333336,1,3,0.333,0,0,0.0,0,0,0.0,2,7,9,6,1,4,0,1,3,0,2,-4,32.8,0,0,25.0,1,48,48,48,15,60,47,64,2,3,2,55,56,55,44,16,25,3,30,1,47,51,33,64,68,58,27,11,1,32,1,32:50,1,2023-24
2023-24,1628392,Isaiah Hartenstein,Isaiah,1610612752,NYK,New York Knicks,0022300451,2024-01-01T00:00:00,NYK vs. MIN,W,39.14666666666667,2,3,0.667,0,0,0.0,3,4,0.75,4,5,9,3,1,3,3,0,3,4,7,10,39.3,0,0,31.0,1,1,1,1,4,42,47,33,2,3,2,8,6,22,22,27,25,20,30,4,4,1,33,2,32,23,16,11,1,17,1,39:09,1,2023-24
2023-24,1628392,Isaiah Hartenstein,Isaiah,1610612752,NYK,New York Knicks,0022300468,2024-01-03T00:00:00,NYK vs. CHI,W,36.57333333333333,4,6,0.667,0,0,0.0,2,3,0.667,7,13,20,1,2,0,5,1,2,3,10,32,48.5,1,0,41.0,1,1,1,1,8,19,21,33,2,3,2,17,21,29,2,2,1,53,10,49,1,51,11,6,21,1,2,1,1,2,1,36:34,1,2023-24
2023-24,1628392,Isaiah Hartenstein,Isaiah,1610612752,NYK,New York Knicks,0022300483,2024-01-05T00:00:00,NYK @ PHI,W,35.46,8,9,0.889,0,0,0.0,1,2,0.5,1,5,6,5,1,2,2,0,4,1,17,26,42.7,0,0,36.0,1,1,1,1,10,1,6,13,2,3,2,33,28,34,60,27,46,7,30,11,11,1,55,48,3,5,7,11,1,8,1,35:28,1,2023-24
2023-24,1628392,Isaiah Hartenstein,Isaiah,1610612752,NYK,New York Knicks,0022300494,2024-01-06T00:00:00,NYK @ WAS,W,39.21666666666667,4,8,0.5,0,0,0.0,0,0,0.0,2,17,19,2,5,4,2,0,3,2,8,26,46.8,0,0,41.0,1,1,1,1,3,19,11,52,2,3,2,55,56,55,44,1,3,30,1,1,11,1,33,21,27,5,3,11,1,2,1,39:13,1,2023-24
2023-24,1628392,Isaiah Hartenstein,Isaiah,1610612752,NYK,New York Knicks,0022300514,2024-01-09T00:00:00,NYK vs. POR,W,27.866666666666667,1,1,1.0,0,0,0.0,3,4,0.75,5,9,14,3,2,3,1,0,3,2,5,31,36.3,0,0,30.0,1,1,1,1,32,60,69,1,2,3,2,8,6,22,11,10,10,20,10,4,26,1,33,21,52,2,20,11,1,20,1,27:52,1,2023-24
2023-24,1628392,Isaiah Hartenstein,Isaiah,1610612752,NYK,New York Knicks,0022300530,2024-01-11T00:00:00,NYK @ DAL,L,32.211666666666666,2,3,0.667,0,0,0.0,4,4,1.0,5,10,15,3,0,1,0,0,4,2,8,-7,33.5,0,0,28.0,1,48,48,48,17,42,47,33,2,3,2,3,6,1,11,7,8,20,52,27,47,1,55,21,27,64,24,11,1,25,1,32:13,1,2023-24
2023-24,1628392,Isaiah Hartenstein,Isaiah,1610612752,NYK,New York Knicks,0022300544,2024-01-13T00:00:00,NYK @ MEM,W,42.11666666666667,5,6,0.833,0,0,0.0,2,4,0.5,7,13,20,2,3,2,4,0,1,2,12,7,54.0,1,0,46.0,1,1,1,1,1,11,21,17,2,3,2,17,6,34,2,2,1,30,4,11,2,1,4,21,12,32,1,1,1,1,1,42:07,1,2023-24
2023-24,1628392,Isaiah Hartenstein,Isaiah,1610612752,NYK,New York Knicks,0022300557,2024-01-15T00:00:00,NYK vs. ORL,L,28.486666666666668,3,6,0.5,0,0,0.0,1,1,1.0,5,7,12,3,2,0,0,0,5,2,7,0,23.9,0,0,22.0,1,48,48,48,29,27,21,52,2,3,2,33,47,1,11,16,15,20,10,49,47,1,70,21,32,48,42,11,1,37,1,28:29,1,2023-24
2023-24,1628392,Isaiah Hartenstein,Isaiah,1610612752,NYK,New York Knicks,0022300573,2024-01-17T00:00:00,NYK vs. HOU,W,40.975,3,5,0.6,0,0,0.0,1,1,1.0,2,9,11,5,2,2,2,2,4,1,7,13,37.7,0,0,31.0,1,1,1,1,2,27,29,44,2,3,2,33,47,1,44,10,18,7,10,11,11,73,55,48,32,17,18,11,1,17,1,40:59,1,2023-24
2023-24,1628392,Isaiah Hartenstein,Isaiah,1610612752,NYK,New York Knicks,0022300579,2024-01-18T00:00:00,NYK vs. WAS,W,38.53,3,5,0.6,0,0,0.0,0,0,0.0,5,12,17,3,2,2,1,1,2,1,6,8,37.9,0,0,32.0,1,1,1,1,6,27,29,44,2,3,2,55,56,55,11,4,5,20,10,11,26,51,11,48,43,31,17,11,1,16,1,38:32,1,2023-24
2023-24,1628392,Isaiah Hartenstein,Isaiah,1610612752,NYK,New York Knicks,0022300596,2024-01-20T00:00:00,NYK vs. TOR,W,23.066666666666666,0,1,0.0,0,0,0.0,1,2,0.5,0,4,4,1,0,0,0,1,2,2,1,13,7.3,0,0,6.0,1,1,1,1,46,73,69,73,2,3,2,33,28,34,73,39,58,53,52,49,47,51,11,21,73,17,73,11,1,74,1,23:04,1,2023-24
2023-24,1628392,Isaiah Hartenstein,Isaiah,1610612752,NYK,New York Knicks,0022300643,2024-01-27T00:00:00,NYK vs. MIA,W,15.616666666666667,2,2,1.0,0,0,0.0,0,0,0.0,2,4,6,1,0,0,0,0,2,0,4,1,12.7,0,0,11.0,1,1,1,1,64,42,63,1,2,3,2,55,56,55,44,39,46,53,52,49,47,1,11,64,56,46,67,11,1,67,1,15:37,1,2023-24
2023-24,1628392,Isaiah Hartenstein,Isaiah,1610612752,NYK,New York Knicks,0022300657,2024-01-29T00:00:00,NYK @ CHA,W,16.466666666666665,4,4,1.0,0,0,0.0,2,3,0.667,1,3,4,1,1,3,0,0,2,3,10,10,24.3,0,0,21.0,1,1,1,1,61,19,38,1,2,3,2,17,21,29,60,49,58,53,30,4,47,1,11,6,21,23,40,11,1,38,1,16:28,1,2023-24
2023-24,1628392,Isaiah Hartenstein,Isaiah,1610612752,NYK,New York Knicks,0022300671,2024-01-30T00:00:00,NYK vs. UTA,W,29.42,6,10,0.6,0,0,0.0,2,2,1.0,7,5,12,2,1,2,1,0,4,2,14,1,39.4,1,0,34.0,1,1,1,1,25,6,2,44,2,3,2,17,28,1,2,27,15,30,30,11,26,1,55,21,8,46,15,1,1,12,1,29:25,1,2023-24
2023-24,1628392,Isaiah Hartenstein,Isaiah,1610612752,NYK,New York Knicks,0022300685,2024-02-01T00:00:00,NYK vs. IND,W,35.5,6,8,0.75,0,0,0.0,0,1,0.0,8,11,19,6,1,0,1,0,2,3,12,9,45.8,1,0,39.0,1,1,1,1,9,6,11,23,2,3,2,55,47,55,1,6,3,3,30,49,26,1,11,6,12,28,4,1,1,5,1,35:30,1,2023-24
2023-24,1628392,Isaiah Hartenstein,Isaiah,1610612752,NYK,New York Knicks,0022300701,2024-02-03T00:00:00,NYK vs. LAL,L,33.06666666666667,2,9,0.222,0,0,0.0,2,2,1.0,6,9,15,2,0,0,2,1,5,3,6,-3,33.0,0,0,27.0,1,48,48,48,13,42,6,72,2,3,2,17,28,1,8,10,8,30,52,49,11,51,70,6,43,56,25,11,1,27,1,33:04,1,2023-24
2023-24,1628392,Isaiah Hartenstein,Isaiah,1610612752,NYK,New York Knicks,0022300722,2024-02-06T00:00:00,NYK vs. MEM,W,34.983333333333334,7,8,0.875,0,0,0.0,3,4,0.75,4,5,9,3,3,1,3,0,3,3,17,12,41.3,0,0,37.0,1,1,1,1,11,5,11,15,2,3,2,8,6,22,22,27,25,20,4,27,4,1,33,6,3,20,9,11,1,6,1,34:59,1,2023-24
2023-24,1628392,Isaiah Hartenstein,Isaiah,1610612752,NYK,New York Knicks,0022300736,2024-02-08T00:00:00,NYK vs. DAL,L,15.383333333333333,4,5,0.8,0,0,0.0,2,2,1.0,2,2,4,2,2,2,0,0,2,2,10,-10,21.8,0,0,20.0,1,48,48,48,65,19,29,19,2,3,2,17,28,1,44,59,58,30,10,11,47,1,11,21,21,69,47,11,1,40,1,15:23,1,2023-24
2023-24,1628392,Isaiah Hartenstein,Isaiah,1610612752,NYK,New York Knicks,0022300794,2024-02-22T00:00:00,NYK @ PHI,W,10.8,0,0,0.0,0,0,0.0,0,0,0.0,1,1,2,0,0,1,0,0,0,1,0,-2,5.4,0,0,4.0,1,1,1,1,74,73,75,73,2,3,2,55,56,55,60,67,73,67,52,27,47,1,1,48,74,52,75,11,1,75,1,10:48,1,2023-24
2023-24,1628392,Isaiah Hartenstein,Isaiah,1610612752,NYK,New York Knicks,0022300816,2024-02-24T00:00:00,NYK vs. BOS,L,24.133333333333333,1,1,1.0,0,0,0.0,4,4,1.0,5,2,7,4,2,0,1,0,4,2,6,-8,21.4,0,0,19.0,1,48,48,48,43,60,69,1,2,3,2,3,6,1,11,59,39,12,10,49,26,1,55,21,43,66,49,11,1,45,1,24:08,1,2023-24
2023-24,1628392,Isaiah Hartenstein,Isaiah,1610612752,NYK,New York Knicks,0022300828,2024-02-26T00:00:00,NYK vs. DET,W,26.666666666666668,2,5,0.4,0,0,0.0,2,2,1.0,4,4,8,4,1,0,1,0,2,1,6,5,23.6,0,0,20.0,1,1,1,1,36,42,29,62,2,3,2,17,28,1,22,39,31,12,30,49,26,1,11,48,43,37,43,11,1,40,1,26:40,1,2023-24
2023-24,1628392,Isaiah Hartenstein,Isaiah,1610612752,NYK,New York Knicks,0022300852,2024-02-29T00:00:00,NYK vs. GSW,L,19.75,2,5,0.4,0,0,0.0,2,2,1.0,0,6,6,2,2,1,0,1,2,1,6,-18,17.2,0,0,16.0,1,48,48,48,52,42,29,62,2,3,2,17,28,1,73,20,46,30,10,27,47,51,11,48,43,74,61,11,1,57,1,19:45,1,2023-24
2023-24,1628392,Isaiah Hartenstein,Isaiah,1610612752,NYK,New York Knicks,0022300876,2024-03-03T00:00:00,NYK @ CLE,W,22.916666666666668,4,7,0.571,0,0,0.0,0,0,0.0,2,5,7,8,1,0,1,1,1,0,8,-3,30.4,0,0,25.0,1,1,1,1,47,19,15,49,2,3,2,55,56,55,44,27,39,2,30,49,26,51,4,64,27,56,32,11,1,32,1,22:55,1,2023-24
2023-24,1628392,Isaiah Hartenstein,Isaiah,1610612752,NYK,New York Knicks,0022300889,2024-03-05T00:00:00,NYK vs. ATL,L,20.416666666666668,2,6,0.333,0,0,0.0,1,2,0.5,3,3,6,2,0,1,2,1,2,1,5,-15,24.2,0,0,19.0,1,48,48,48,49,42,21,64,2,3,2,33,28,34,32,49,46,30,52,27,11,51,11,48,52,72,41,11,1,45,1,20:25,1,2023-24
2023-24,1628392,Isaiah Hartenstein,Isaiah,1610612752,NYK,New York Knicks,0022300912,2024-03-08T00:00:00,NYK vs. ORL,W,20.233333333333334,2,3,0.667,0,0,0.0,1,1,1.0,2,4,6,2,2,1,3,1,3,1,5,14,25.2,0,0,21.0,1,1,1,1,50,42,47,33,2,3,2,33,47,1,44,39,46,30,10,27,4,51,33,48,52,16,37,11,1,38,1,20:14,1,2023-24
2023-24,1628392,Isaiah Hartenstein,Isaiah,1610612752,NYK,New York Knicks,0022300927,2024-03-10T00:00:00,NYK vs. PHI,L,23.62,1,1,1.0,0,0,0.0,1,2,0.5,5,5,10,4,0,0,0,0,3,2,3,10,21.0,0,0,17.0,1,48,48,48,45,60,69,1,2,3,2,33,28,34,11,27,19,12,52,49,47,1,33,21,65,23,50,11,1,50,1,23:37,1,2023-24
2023-24,1628392,Isaiah Hartenstein,Isaiah,1610612752,NYK,New York Knicks,0022300939,2024-03-12T00:00:00,NYK vs. PHI,W,19.85,3,3,1.0,0,0,0.0,0,0,0.0,3,2,5,2,0,0,0,0,3,2,6,17,15.0,0,0,13.0,1,1,1,1,51,27,47,1,2,3,2,55,56,55,32,59,55,30,52,49,47,1,33,21,43,12,65,11,1,65,1,19:51,1,2023-24
2023-24,1628392,Isaiah Hartenstein,Isaiah,1610612752,NYK,New York Knicks,0022300960,2024-03-14T00:00:00,NYK @ POR,W,23.933333333333334,4,6,0.667,0,0,0.0,1,1,1.0,1,8,9,2,0,0,0,0,2,2,9,17,22.8,0,0,20.0,1,1,1,1,44,19,21,33,2,3,2,33,47,1,60,13,25,30,52,49,47,1,11,21,25,12,44,11,1,40,1,23:56,1,2023-24
2023-24,1628392,Isaiah Hartenstein,Isaiah,1610612752,NYK,New York Knicks,0022300975,2024-03-16T00:00:00,NYK @ SAC,W,27.816666666666666,3,3,1.0,0,0,0.0,1,1,1.0,4,10,14,3,1,1,4,0,3,1,7,5,42.3,0,0,34.0,1,1,1,1,33,27,47,1,2,3,2,33,47,1,22,7,10,20,30,27,2,1,33,48,32,37,8,11,1,12,1,27:49,1,2023-24
2023-24,1628392,Isaiah Hartenstein,Isaiah,1610612752,NYK,New York Knicks,0022300988,2024-03-18T00:00:00,NYK @ GSW,W,25.116666666666667,6,7,0.857,0,0,0.0,1,2,0.5,5,5,10,4,0,2,1,0,2,2,13,26,40.0,1,0,33.0,1,1,1,1,40,6,15,16,2,3,2,33,28,34,11,27,19,12,52,11,26,1,11,21,9,5,13,1,1,14,1,25:07,1,2023-24
2023-24,1628392,Isaiah Hartenstein,Isaiah,1610612752,NYK,New York Knicks,0022301009,2024-03-21T00:00:00,NYK @ DEN,L,26.466666666666665,8,10,0.8,0,0,0.0,4,5,0.8,3,5,8,3,3,1,2,0,6,3,20,-15,40.1,0,0,37.0,1,48,48,48,37,1,2,19,2,3,2,3,4,21,32,27,31,20,4,27,11,1,73,6,1,72,12,11,1,6,1,26:28,1,2023-24
2023-24,1628392,Isaiah Hartenstein,Isaiah,1610612752,NYK,New York Knicks,0022301019,2024-03-23T00:00:00,NYK vs. BKN,W,26.183333333333334,8,10,0.8,0,0,0.0,1,2,0.5,4,5,9,2,3,4,2,0,1,4,17,13,45.8,0,0,40.0,1,1,1,1,38,1,2,19,2,3,2,33,28,34,22,27,25,30,4,1,11,1,4,2,3,17,4,11,1,4,1,26:11,1,2023-24
2023-24,1628392,Isaiah Hartenstein,Isaiah,1610612752,NYK,New York Knicks,0022301035,2024-03-25T00:00:00,NYK vs. DET,W,24.233333333333334,3,6,0.5,0,0,0.0,0,0,0.0,2,8,10,5,0,1,3,0,3,2,6,27,37.5,0,0,29.0,1,1,1,1,42,27,21,52,2,3,2,55,56,55,44,13,19,7,52,27,4,1,33,21,43,4,19,11,1,22,1,24:14,1,2023-24
2023-24,1628392,Isaiah Hartenstein,Isaiah,1610612752,NYK,New York Knicks,0022301053,2024-03-27T00:00:00,NYK @ TOR,W,18.633333333333333,5,6,0.833,0,0,0.0,5,5,1.0,1,3,4,1,1,1,1,0,2,3,15,15,26.3,0,0,24.0,1,1,1,1,54,11,21,17,2,3,2,1,4,1,60,49,58,53,30,27,26,1,11,6,7,14,36,11,1,36,1,18:38,1,2023-24
2023-24,1628392,Isaiah Hartenstein,Isaiah,1610612752,NYK,New York Knicks,0022301070,2024-03-29T00:00:00,NYK @ SAS,L,28.283333333333335,3,7,0.429,0,0,0.0,1,2,0.5,1,3,4,4,3,1,0,1,6,1,7,10,17.8,0,0,17.0,1,48,48,48,31,27,15,61,2,3,2,33,28,34,60,49,58,12,4,27,47,51,73,48,32,23,58,11,1,50,1,28:17,1,2023-24
2023-24,1628392,Isaiah Hartenstein,Isaiah,1610612752,NYK,New York Knicks,0022301082,2024-03-31T00:00:00,NYK vs. OKC,L,29.461666666666666,6,8,0.75,0,0,0.0,5,7,0.714,6,6,12,5,1,1,0,2,2,4,17,7,40.9,1,0,36.0,1,48,48,48,23,6,11,23,2,3,2,1,1,28,8,20,15,7,30,27,47,73,11,2,3,32,10,1,1,8,1,29:28,1,2023-24
2023-24,1628392,Isaiah Hartenstein,Isaiah,1610612752,NYK,New York Knicks,0022301096,2024-04-02T00:00:00,NYK @ MIA,L,18.333333333333332,2,2,1.0,0,0,0.0,0,0,0.0,0,1,1,2,0,3,1,0,1,0,4,5,20.2,0,0,15.0,1,48,48,48,55,42,63,1,2,3,2,55,56,55,73,67,75,30,52,4,26,1,4,64,56,37,52,11,1,58,1,18:20,1,2023-24
2023-24,1628392,Isaiah Hartenstein,Isaiah,1610612752,NYK,New York Knicks,0022301112,2024-04-04T00:00:00,NYK vs. SAC,W,29.065,3,4,0.75,0,0,0.0,1,2,0.5,1,6,7,9,0,2,0,1,4,2,7,19,34.9,0,0,27.0,1,1,1,1,27,27,38,23,2,3,2,33,28,34,60,20,39,1,52,11,47,51,55,21,32,10,22,11,1,27,1,29:04,1,2023-24
2023-24,1628392,Isaiah Hartenstein,Isaiah,1610612752,NYK,New York Knicks,0022301119,2024-04-05T00:00:00,NYK @ CHI,L,29.5,3,5,0.6,0,0,0.0,4,6,0.667,3,4,7,2,4,3,1,0,3,3,10,2,29.4,0,0,27.0,1,48,48,48,22,27,29,44,2,3,2,3,2,29,32,39,39,30,2,4,26,1,33,6,21,45,35,11,1,27,1,29:30,1,2023-24
2023-24,1628392,Isaiah Hartenstein,Isaiah,1610612752,NYK,New York Knicks,0022301139,2024-04-07T00:00:00,NYK @ MIL,W,28.85,8,9,0.889,0,0,0.0,2,3,0.667,3,7,10,1,2,1,0,1,2,3,18,7,32.5,1,0,31.0,1,1,1,1,28,1,6,13,2,3,2,17,21,29,32,16,19,53,10,27,47,51,11,6,2,32,28,1,1,17,1,28:51,1,2023-24
2023-24,1628392,Isaiah Hartenstein,Isaiah,1610612752,NYK,New York Knicks,0022301149,2024-04-09T00:00:00,NYK @ CHI,W,28.35,5,5,1.0,0,0,0.0,1,2,0.5,2,2,4,6,2,1,3,0,2,1,11,9,34.8,0,0,29.0,1,1,1,1,30,11,29,1,2,3,2,33,28,34,44,59,58,3,10,27,4,1,11,48,16,28,23,11,1,22,1,28:21,1,2023-24
2023-24,1628392,Isaiah Hartenstein,Isaiah,1610612752,NYK,New York Knicks,0022301167,2024-04-11T00:00:00,NYK @ BOS,W,33.08166666666666,5,11,0.455,0,0,0.0,1,3,0.333,7,6,13,6,4,1,2,1,4,2,11,0,40.6,1,0,36.0,1,1,1,1,12,11,1,60,2,3,2,33,21,54,2,20,12,3,2,27,11,51,55,21,16,48,11,1,1,8,1,33:05,1,2023-24
2023-24,1628392,Isaiah Hartenstein,Isaiah,1610612752,NYK,New York Knicks,0022301190,2024-04-14T00:00:00,NYK vs. CHI,W,30.901666666666667,3,4,0.75,0,0,0.0,2,4,0.5,5,8,13,4,2,2,2,0,2,3,8,12,39.6,0,0,33.0,1,1,1,1,18,27,38,23,2,3,2,17,6,34,11,13,12,12,10,11,11,1,11,6,27,20,14,11,1,14,1,30:54,1,2023-24
2024-25,1628392,Isaiah Hartenstein,Isaiah,1610612760,OKC,Oklahoma City Thunder,0022400256,2024-11-20T00:00:00,OKC vs. POR,W,28.565,6,12,0.5,0,0,0.0,1,2,0.5,5,9,14,3,3,0,4,2,1,1,13,16,43.3,1,0,38.0,1,1,1,1,28,11,7,37,1,19,1,24,15,24,7,16,10,33,6,33,1,53,1,27,16,12,6,1,1,5,1,28:34,1,2024-25
2024-25,1628392,Isaiah Hartenstein,Isaiah,1610612760,OKC,Oklahoma City Thunder,0022400285,2024-11-25T00:00:00,OKC @ SAC,W,31.5,9,15,0.6,0,0,0.0,1,1,1.0,3,7,10,4,1,0,0,0,5,3,19,18,36.0,1,0,33.0,1,1,1,1,12,2,2,22,1,19,1,24,33,1,18,31,31,21,28,33,39,1,52,6,4,7,26,1,1,19,1,31:30,1,2024-25
2024-25,1628392,Isaiah Hartenstein,Isaiah,1610612760,OKC,Oklahoma City Thunder,0022400299,2024-11-27T00:00:00,OKC @ GSW,W,30.8,5,8,0.625,0,0,0.0,4,6,0.667,1,13,14,3,4,0,2,0,5,3,14,11,37.3,1,0,35.0,1,1,1,1,16,20,27,19,1,19,1,5,5,20,45,3,10,33,3,33,6,1,52,6,12,24,22,1,1,11,1,30:48,1,2024-25
2024-25,1628392,Isaiah Hartenstein,Isaiah,1610612760,OKC,Oklahoma City Thunder,0022400048,2024-11-29T00:00:00,OKC @ LAL,W,36.86,4,7,0.571,0,0,0.0,3,4,0.75,3,15,18,5,2,1,1,1,2,2,11,3,44.1,1,0,38.0,1,1,1,1,1,34,32,24,1,19,1,8,7,16,18,1,1,16,15,13,19,32,7,15,29,38,5,1,1,5,1,36:52,1,2024-25
2024-25,1628392,Isaiah Hartenstein,Isaiah,1610612760,OKC,Oklahoma City Thunder,0022400310,2024-12-01T00:00:00,OKC @ HOU,L,30.02,9,12,0.75,0,1,0.0,1,3,0.333,2,11,13,4,1,1,1,0,5,2,19,-7,45.6,1,0,40.0,1,50,50,50,21,2,7,9,1,2,1,24,13,31,30,11,14,21,28,13,19,1,52,15,4,52,3,1,1,2,1,30:01,1,2024-25
2024-25,1628392,Isaiah Hartenstein,Isaiah,1610612760,OKC,Oklahoma City Thunder,0022400055,2024-12-03T00:00:00,OKC vs. UTA,W,22.231666666666666,2,7,0.286,0,1,0.0,0,0,0.0,2,3,5,6,2,2,1,1,3,0,4,14,26.0,0,0,21.0,1,1,1,1,52,49,32,55,1,2,1,32,40,32,30,53,52,4,15,3,19,32,22,45,51,15,48,29,1,51,1,22:14,1,2024-25
2024-25,1628392,Isaiah Hartenstein,Isaiah,1610612760,OKC,Oklahoma City Thunder,0022400328,2024-12-05T00:00:00,OKC @ TOR,W,27.85,1,3,0.333,0,1,0.0,0,2,0.0,3,13,16,6,0,1,1,1,3,1,2,15,36.2,0,0,28.0,1,1,1,1,31,56,56,52,1,2,1,32,15,32,18,3,4,4,47,13,19,32,22,27,57,14,25,29,1,35,1,27:51,1,2024-25
2024-25,1628392,Isaiah Hartenstein,Isaiah,1610612760,OKC,Oklahoma City Thunder,0022400342,2024-12-07T00:00:00,OKC @ NOP,W,29.133333333333333,5,8,0.625,0,0,0.0,2,2,1.0,6,6,12,5,3,1,0,1,4,2,12,14,33.9,1,0,31.0,1,1,1,1,25,20,27,19,1,19,1,12,15,1,1,40,19,16,6,13,39,32,37,15,20,15,32,1,1,27,1,29:08,1,2024-25
2024-25,1628392,Isaiah Hartenstein,Isaiah,1610612760,OKC,Oklahoma City Thunder,0022401203,2024-12-10T00:00:00,OKC vs. DAL,W,30.296666666666667,5,11,0.455,0,1,0.0,0,1,0.0,5,8,13,3,3,1,1,0,2,1,10,-6,33.1,1,0,30.0,1,1,1,1,20,20,13,47,1,2,1,32,33,32,7,22,14,33,6,13,19,1,7,27,33,51,33,1,1,28,1,30:18,1,2024-25
2024-25,1628392,Isaiah Hartenstein,Isaiah,1610612760,OKC,Oklahoma City Thunder,0022401230,2024-12-14T00:00:00,OKC @ HOU,W,33.29666666666667,9,12,0.75,0,0,0.0,3,4,0.75,1,7,8,2,4,0,1,0,4,2,21,7,32.6,0,0,33.0,1,1,1,1,5,2,7,9,1,19,1,8,7,16,45,31,43,42,3,33,19,1,37,15,2,32,34,29,1,19,1,33:18,1,2024-25
2024-25,1628392,Isaiah Hartenstein,Isaiah,1610612760,OKC,Oklahoma City Thunder,0022400361,2024-12-19T00:00:00,OKC @ ORL,W,33.21666666666667,5,9,0.556,0,0,0.0,2,2,1.0,2,10,12,4,2,4,1,1,1,4,12,7,45.4,1,0,38.0,1,1,1,1,6,20,17,31,1,19,1,12,15,1,30,13,19,21,15,1,19,32,1,4,20,32,4,1,1,5,1,33:13,1,2024-25
2024-25,1628392,Isaiah Hartenstein,Isaiah,1610612760,OKC,Oklahoma City Thunder,0022400375,2024-12-20T00:00:00,OKC @ MIA,W,33.81666666666667,4,6,0.667,0,0,0.0,5,8,0.625,5,13,18,2,0,1,0,0,4,4,13,4,40.6,1,0,35.0,1,1,1,1,4,34,42,15,1,19,1,2,2,22,7,3,1,42,47,13,39,1,37,4,16,37,14,1,1,11,1,33:49,1,2024-25
2024-25,1628392,Isaiah Hartenstein,Isaiah,1610612760,OKC,Oklahoma City Thunder,0022400400,2024-12-23T00:00:00,OKC vs. WAS,W,27.1,7,12,0.583,0,0,0.0,2,2,1.0,3,8,11,3,0,0,2,1,2,3,16,-4,39.7,1,0,34.0,1,1,1,1,35,9,7,23,1,19,1,12,15,1,18,22,26,33,47,33,6,32,7,6,8,48,17,1,1,16,1,27:06,1,2024-25
2024-25,1628392,Isaiah Hartenstein,Isaiah,1610612760,OKC,Oklahoma City Thunder,0022400410,2024-12-26T00:00:00,OKC @ IND,W,34.46666666666667,3,6,0.5,0,0,0.0,5,8,0.625,2,11,13,1,0,0,1,1,2,5,11,-4,31.1,1,0,27.0,1,1,1,1,3,44,42,37,1,19,1,2,2,22,30,11,14,52,47,33,19,32,7,2,29,48,38,1,1,37,1,34:28,1,2024-25
2024-25,1628392,Isaiah Hartenstein,Isaiah,1610612760,OKC,Oklahoma City Thunder,0022400428,2024-12-28T00:00:00,OKC @ CHA,W,25.466666666666665,6,7,0.857,0,0,0.0,0,0,0.0,1,14,15,4,3,1,0,0,4,1,12,10,36.0,1,0,33.0,1,1,1,1,41,11,32,3,1,19,1,32,40,32,45,2,6,21,6,13,39,1,37,27,20,27,26,1,1,19,1,25:28,1,2024-25
2024-25,1628392,Isaiah Hartenstein,Isaiah,1610612760,OKC,Oklahoma City Thunder,0022400440,2024-12-29T00:00:00,OKC vs. MEM,W,25.221666666666668,6,13,0.462,0,2,0.0,0,0,0.0,2,7,9,6,2,0,3,1,3,1,12,14,38.8,0,0,33.0,1,1,1,1,42,11,5,45,1,1,1,32,40,32,30,31,39,4,15,33,2,32,22,27,20,15,19,29,1,19,1,25:13,1,2024-25
2024-25,1628392,Isaiah Hartenstein,Isaiah,1610612760,OKC,Oklahoma City Thunder,0022400452,2024-12-31T00:00:00,OKC vs. MIN,W,32.0,5,10,0.5,0,1,0.0,5,5,1.0,3,7,10,4,0,1,2,2,1,3,15,13,42.0,1,0,35.0,1,1,1,1,11,20,14,37,1,2,1,2,6,1,18,31,31,21,47,13,6,53,1,6,11,20,9,1,1,11,1,32:00,1,2024-25
2024-25,1628392,Isaiah Hartenstein,Isaiah,1610612760,OKC,Oklahoma City Thunder,0022400466,2025-01-02T00:00:00,OKC vs. LAC,W,23.483333333333334,5,9,0.556,0,1,0.0,1,1,1.0,0,9,9,6,2,1,2,0,4,1,11,23,37.8,0,0,32.0,1,1,1,1,50,20,17,31,1,2,1,24,33,1,55,16,39,4,15,13,6,1,37,27,29,3,21,29,1,25,1,23:29,1,2024-25
2024-25,1628392,Isaiah Hartenstein,Isaiah,1610612760,OKC,Oklahoma City Thunder,0022400473,2025-01-03T00:00:00,OKC vs. NYK,W,31.15,2,4,0.5,0,0,0.0,0,2,0.0,2,12,14,7,3,1,1,0,1,2,4,11,34.3,0,0,29.0,1,1,1,1,14,49,52,37,1,19,1,32,15,32,30,8,10,2,6,13,19,1,1,15,51,24,31,29,1,32,1,31:09,1,2024-25
2024-25,1628392,Isaiah Hartenstein,Isaiah,1610612760,OKC,Oklahoma City Thunder,0022400487,2025-01-05T00:00:00,OKC vs. BOS,W,35.13333333333333,4,9,0.444,0,1,0.0,0,1,0.0,2,8,10,2,2,2,3,2,2,2,8,11,36.0,0,0,30.0,1,1,1,1,2,34,17,48,1,2,1,32,33,32,30,22,31,42,15,3,2,53,7,15,41,24,26,29,1,28,1,35:08,1,2024-25
2024-25,1628392,Isaiah Hartenstein,Isaiah,1610612760,OKC,Oklahoma City Thunder,0022400509,2025-01-08T00:00:00,OKC @ CLE,L,30.583333333333332,8,14,0.571,0,1,0.0,2,2,1.0,5,6,11,8,2,0,0,1,5,2,18,-2,41.2,1,0,37.0,1,50,50,50,18,5,4,24,1,2,1,12,15,1,7,40,26,1,15,33,39,32,52,15,6,46,11,1,1,8,1,30:35,1,2024-25
2024-25,1628392,Isaiah Hartenstein,Isaiah,1610612760,OKC,Oklahoma City Thunder,0022400529,2025-01-10T00:00:00,OKC @ NYK,W,29.966666666666665,2,6,0.333,0,0,0.0,2,2,1.0,1,8,9,6,7,2,2,0,4,1,6,10,30.8,0,0,29.0,1,1,1,1,22,49,42,52,1,19,1,12,15,1,45,22,39,4,1,3,6,1,37,27,47,27,40,29,1,32,1,29:58,1,2024-25
2024-25,1628392,Isaiah Hartenstein,Isaiah,1610612760,OKC,Oklahoma City Thunder,0022400545,2025-01-12T00:00:00,OKC @ WAS,W,21.661666666666665,4,7,0.571,0,0,0.0,2,2,1.0,6,6,12,2,0,0,0,1,1,1,10,20,27.4,1,0,24.0,1,1,1,1,54,34,32,24,1,19,1,12,15,1,1,40,19,42,47,33,39,32,1,27,33,6,44,1,1,44,1,21:40,1,2024-25
2024-25,1628392,Isaiah Hartenstein,Isaiah,1610612760,OKC,Oklahoma City Thunder,0022400555,2025-01-14T00:00:00,OKC @ PHI,W,30.75,4,7,0.571,0,1,0.0,1,2,0.5,3,13,16,3,2,1,1,0,2,1,9,13,36.7,0,0,32.0,1,1,1,1,17,34,32,24,1,2,1,24,15,24,18,3,4,33,15,13,19,1,7,27,39,20,23,29,1,25,1,30:45,1,2024-25
2024-25,1628392,Isaiah Hartenstein,Isaiah,1610612760,OKC,Oklahoma City Thunder,0022400647,2025-01-26T00:00:00,OKC @ POR,W,32.656666666666666,5,6,0.833,0,0,0.0,4,9,0.444,5,7,12,6,1,0,1,0,3,7,14,12,39.4,1,0,34.0,1,1,1,1,8,20,42,5,1,19,1,5,1,30,7,31,19,4,28,33,19,1,22,1,12,23,18,1,1,16,1,32:39,1,2024-25
2024-25,1628392,Isaiah Hartenstein,Isaiah,1610612760,OKC,Oklahoma City Thunder,0022400673,2025-01-29T00:00:00,OKC @ GSW,L,30.958333333333332,2,10,0.2,0,1,0.0,0,0,0.0,6,12,18,6,1,0,1,2,2,1,4,-8,36.6,0,0,30.0,1,50,50,50,15,49,14,57,1,2,1,32,40,32,1,8,1,4,28,33,19,53,7,27,51,53,24,29,1,28,1,30:58,1,2024-25
2024-25,1628392,Isaiah Hartenstein,Isaiah,1610612760,OKC,Oklahoma City Thunder,0022400691,2025-02-01T00:00:00,OKC vs. SAC,W,26.671666666666667,8,12,0.667,0,0,0.0,0,0,0.0,3,12,15,6,0,0,0,1,3,0,16,14,43.0,1,0,37.0,1,1,1,1,36,5,7,15,1,19,1,32,40,32,18,8,6,4,47,33,39,32,22,45,8,15,7,1,1,8,1,26:40,1,2024-25
2024-25,1628392,Isaiah Hartenstein,Isaiah,1610612760,OKC,Oklahoma City Thunder,0022400705,2025-02-03T00:00:00,OKC vs. MIL,W,18.483333333333334,3,7,0.429,0,1,0.0,0,0,0.0,3,9,12,3,3,1,2,1,2,0,6,24,30.9,0,0,27.0,1,1,1,1,55,44,32,49,1,2,1,32,40,32,18,16,19,33,6,13,6,32,7,45,47,1,39,29,1,37,1,18:29,1,2024-25
2024-25,1628392,Isaiah Hartenstein,Isaiah,1610612760,OKC,Oklahoma City Thunder,0022400724,2025-02-05T00:00:00,OKC vs. PHX,W,25.533333333333335,3,6,0.5,0,0,0.0,3,4,0.75,2,2,4,4,1,1,0,0,4,2,9,17,21.8,0,0,19.0,1,1,1,1,40,44,42,37,1,19,1,8,7,16,30,55,56,21,28,13,39,1,37,15,39,9,54,29,1,54,1,25:32,1,2024-25
2024-25,1628392,Isaiah Hartenstein,Isaiah,1610612760,OKC,Oklahoma City Thunder,0022400739,2025-02-07T00:00:00,OKC vs. TOR,W,25.983333333333334,6,7,0.857,0,0,0.0,0,2,0.0,1,5,6,2,1,2,0,0,2,3,12,6,27.2,0,0,24.0,1,1,1,1,37,11,32,3,1,19,1,32,15,32,45,45,49,42,28,3,39,1,7,6,20,34,45,29,1,44,1,25:59,1,2024-25
2024-25,1628392,Isaiah Hartenstein,Isaiah,1610612760,OKC,Oklahoma City Thunder,0022400746,2025-02-08T00:00:00,OKC @ MEM,W,32.461666666666666,5,9,0.556,0,0,0.0,2,2,1.0,6,8,14,4,1,0,2,0,5,1,12,5,39.8,1,0,34.0,1,1,1,1,9,20,17,31,1,19,1,12,15,1,1,22,10,21,28,33,6,1,52,27,20,36,16,1,1,16,1,32:28,1,2024-25
2024-25,1628392,Isaiah Hartenstein,Isaiah,1610612760,OKC,Oklahoma City Thunder,0022400761,2025-02-10T00:00:00,OKC vs. NOP,W,21.821666666666665,3,6,0.5,0,0,0.0,0,0,0.0,6,7,13,2,1,0,0,2,2,0,6,24,23.6,0,0,21.0,1,1,1,1,53,44,42,37,1,19,1,32,40,32,1,31,14,42,28,33,39,53,7,45,47,1,52,29,1,51,1,21:49,1,2024-25
2024-25,1628392,Isaiah Hartenstein,Isaiah,1610612760,OKC,Oklahoma City Thunder,0022400778,2025-02-12T00:00:00,OKC vs. MIA,W,29.726666666666667,4,7,0.571,0,0,0.0,0,0,0.0,5,3,8,1,3,2,1,0,3,0,8,-3,25.1,0,0,23.0,1,1,1,1,23,34,32,24,1,19,1,32,40,32,7,53,43,52,6,3,19,1,22,45,41,47,49,29,1,46,1,29:44,1,2024-25
2024-25,1628392,Isaiah Hartenstein,Isaiah,1610612760,OKC,Oklahoma City Thunder,0022400787,2025-02-13T00:00:00,OKC @ MIN,L,27.25,5,6,0.833,0,0,0.0,0,0,0.0,4,8,12,1,4,0,2,0,2,0,10,0,27.9,1,0,27.0,1,50,50,50,33,20,42,5,1,19,1,32,40,32,14,22,19,52,3,33,6,1,7,45,33,44,43,1,1,37,1,27:15,1,2024-25
2024-25,1628392,Isaiah Hartenstein,Isaiah,1610612760,OKC,Oklahoma City Thunder,0022400804,2025-02-21T00:00:00,OKC @ UTA,W,25.016666666666666,4,10,0.4,0,0,0.0,0,0,0.0,4,9,13,4,1,0,1,0,3,0,8,10,31.6,0,0,27.0,1,1,1,1,45,34,14,50,1,19,1,32,40,32,14,16,14,21,28,33,19,1,22,45,41,27,36,29,1,37,1,25:01,1,2024-25
2024-25,1628392,Isaiah Hartenstein,Isaiah,1610612760,OKC,Oklahoma City Thunder,0022400820,2025-02-23T00:00:00,OKC @ MIN,W,25.935,6,8,0.75,0,0,0.0,0,0,0.0,2,7,9,5,1,0,0,0,3,0,12,-4,29.3,0,0,26.0,1,1,1,1,38,11,27,9,1,19,1,32,40,32,30,31,39,16,28,33,39,1,22,45,20,48,41,29,1,42,1,25:56,1,2024-25
2024-25,1628392,Isaiah Hartenstein,Isaiah,1610612760,OKC,Oklahoma City Thunder,0022400826,2025-02-24T00:00:00,OKC vs. MIN,L,15.716666666666667,1,4,0.25,0,1,0.0,2,2,1.0,4,1,5,2,1,0,1,1,3,1,4,13,15.0,0,0,13.0,1,50,50,50,56,56,52,56,1,2,1,12,15,1,14,57,52,42,28,33,19,32,22,27,51,20,56,29,1,56,1,15:43,1,2024-25
2024-25,1628392,Isaiah Hartenstein,Isaiah,1610612760,OKC,Oklahoma City Thunder,0022400840,2025-02-26T00:00:00,OKC @ BKN,W,23.82,6,9,0.667,0,0,0.0,1,2,0.5,0,2,2,3,0,1,0,0,4,1,13,-22,22.9,0,0,20.0,1,1,1,1,49,11,17,15,1,19,1,24,15,24,55,55,57,33,47,13,39,1,37,27,16,57,53,29,1,53,1,23:49,1,2024-25
2024-25,1628392,Isaiah Hartenstein,Isaiah,1610612760,OKC,Oklahoma City Thunder,0022400851,2025-02-28T00:00:00,OKC @ ATL,W,27.116666666666667,6,8,0.75,0,0,0.0,1,2,0.5,2,8,10,6,2,2,1,0,5,1,13,-13,41.0,1,0,35.0,1,1,1,1,34,11,27,9,1,19,1,24,15,24,30,22,31,4,15,3,19,1,52,27,16,56,12,1,1,11,1,27:07,1,2024-25
2024-25,1628392,Isaiah Hartenstein,Isaiah,1610612760,OKC,Oklahoma City Thunder,0022400871,2025-03-02T00:00:00,OKC @ SAS,W,28.966666666666665,5,8,0.625,0,0,0.0,0,0,0.0,3,8,11,7,2,0,1,1,2,2,10,17,34.7,1,0,30.0,1,1,1,1,26,20,27,19,1,19,1,32,40,32,18,22,26,2,15,33,19,32,7,15,33,9,29,1,1,28,1,28:58,1,2024-25
2024-25,1628392,Isaiah Hartenstein,Isaiah,1610612760,OKC,Oklahoma City Thunder,0022400879,2025-03-03T00:00:00,OKC vs. HOU,W,25.216666666666665,3,4,0.75,0,0,0.0,2,2,1.0,1,4,5,6,2,1,1,0,4,3,8,8,27.0,0,0,23.0,1,1,1,1,43,44,52,9,1,19,1,12,15,1,45,49,52,4,15,13,19,1,37,6,41,30,46,29,1,46,1,25:13,1,2024-25
2024-25,1628392,Isaiah Hartenstein,Isaiah,1610612760,OKC,Oklahoma City Thunder,0022400895,2025-03-05T00:00:00,OKC @ MEM,W,28.145,5,9,0.556,0,0,0.0,0,0,0.0,2,13,15,2,0,3,1,1,3,1,10,17,43.0,1,0,35.0,1,1,1,1,29,20,17,31,1,19,1,32,40,32,30,3,6,42,47,2,19,32,22,27,33,9,7,1,1,11,1,28:09,1,2024-25
2024-25,1628392,Isaiah Hartenstein,Isaiah,1610612760,OKC,Oklahoma City Thunder,0022400920,2025-03-09T00:00:00,OKC vs. DEN,W,31.19,5,6,0.833,0,0,0.0,0,0,0.0,1,10,11,1,1,0,0,0,4,0,10,2,23.7,1,0,22.0,1,1,1,1,13,20,42,5,1,19,1,32,40,32,45,13,26,52,28,33,39,1,37,45,33,40,51,1,1,49,1,31:11,1,2024-25
2024-25,1628392,Isaiah Hartenstein,Isaiah,1610612760,OKC,Oklahoma City Thunder,0022400936,2025-03-10T00:00:00,OKC vs. DEN,L,25.666666666666668,8,16,0.5,0,1,0.0,4,4,1.0,2,5,7,2,0,0,0,1,4,3,20,1,31.4,0,0,29.0,1,50,50,50,39,5,1,37,1,2,1,5,7,1,30,45,46,42,47,33,39,32,37,6,3,41,37,29,1,32,1,25:40,1,2024-25
2024-25,1628392,Isaiah Hartenstein,Isaiah,1610612760,OKC,Oklahoma City Thunder,0022400946,2025-03-12T00:00:00,OKC @ BOS,W,25.096666666666668,4,7,0.571,0,0,0.0,3,4,0.75,2,4,6,3,1,1,0,1,1,2,11,1,24.7,0,0,22.0,1,1,1,1,44,34,32,24,1,19,1,8,7,16,30,49,49,33,28,13,39,32,1,15,29,41,50,29,1,49,1,25:06,1,2024-25
2024-25,1628392,Isaiah Hartenstein,Isaiah,1610612760,OKC,Oklahoma City Thunder,0022400969,2025-03-15T00:00:00,OKC @ DET,W,30.583333333333332,5,9,0.556,0,0,0.0,2,4,0.5,4,6,10,5,5,2,3,0,4,3,12,-1,41.5,1,0,37.0,1,1,1,1,18,20,17,31,1,19,1,12,7,24,14,40,31,16,2,3,2,1,37,6,20,45,10,1,1,8,1,30:35,1,2024-25
2024-25,1628392,Isaiah Hartenstein,Isaiah,1610612760,OKC,Oklahoma City Thunder,0022400982,2025-03-16T00:00:00,OKC @ MIL,W,32.43333333333333,11,15,0.733,0,0,0.0,2,3,0.667,2,10,12,3,2,0,0,1,3,3,24,23,40.9,1,0,39.0,1,1,1,1,10,1,2,14,1,19,1,12,13,20,30,13,19,33,15,33,39,32,22,6,1,3,13,1,1,4,1,32:26,1,2024-25
2024-25,1628392,Isaiah Hartenstein,Isaiah,1610612760,OKC,Oklahoma City Thunder,0022401017,2025-03-21T00:00:00,OKC vs. CHA,W,24.7,6,13,0.462,0,1,0.0,0,1,0.0,5,5,10,4,1,0,1,1,2,1,12,14,32.0,1,0,28.0,1,1,1,1,48,11,5,45,1,2,1,32,33,32,7,45,31,21,28,33,19,32,7,27,20,15,35,1,1,35,1,24:42,1,2024-25
2024-25,1628392,Isaiah Hartenstein,Isaiah,1610612760,OKC,Oklahoma City Thunder,0022401036,2025-03-23T00:00:00,OKC @ LAC,W,33.06666666666667,6,12,0.5,0,0,0.0,2,2,1.0,3,7,10,6,3,2,3,1,3,1,14,8,47.0,1,0,40.0,1,1,1,1,7,11,7,37,1,19,1,12,15,1,18,31,31,4,6,3,2,32,22,27,12,30,2,1,1,2,1,33:04,1,2024-25
2024-25,1628392,Isaiah Hartenstein,Isaiah,1610612760,OKC,Oklahoma City Thunder,0022401052,2025-03-25T00:00:00,OKC @ SAC,W,27.383333333333333,2,3,0.667,0,0,0.0,0,1,0.0,1,9,10,5,3,0,2,0,2,2,4,6,26.5,0,0,23.0,1,1,1,1,32,49,56,15,1,19,1,32,33,32,45,16,31,16,6,33,6,1,7,15,51,34,47,29,1,46,1,27:23,1,2024-25
2024-25,1628392,Isaiah Hartenstein,Isaiah,1610612760,OKC,Oklahoma City Thunder,0022401064,2025-03-27T00:00:00,OKC vs. MEM,W,29.458333333333332,5,9,0.556,0,1,0.0,8,8,1.0,3,8,11,4,2,2,2,0,4,5,18,16,47.2,1,0,41.0,1,1,1,1,24,20,17,31,1,2,1,1,2,1,18,22,26,21,15,3,6,1,37,2,6,12,1,1,1,1,1,29:28,1,2024-25
2024-25,1628392,Isaiah Hartenstein,Isaiah,1610612760,OKC,Oklahoma City Thunder,0022401079,2025-03-29T00:00:00,OKC vs. IND,W,14.333333333333334,2,5,0.4,0,1,0.0,0,0,0.0,0,5,5,1,1,0,0,0,3,0,4,1,10.5,0,0,10.0,1,1,1,1,57,49,51,50,1,2,1,32,40,32,55,45,52,52,28,33,39,1,22,45,51,41,57,29,1,57,1,14:20,1,2024-25
2024-25,1628392,Isaiah Hartenstein,Isaiah,1610612760,OKC,Oklahoma City Thunder,0022401094,2025-03-31T00:00:00,OKC vs. CHI,W,24.833333333333332,7,9,0.778,0,0,0.0,0,0,0.0,1,6,7,2,0,1,0,0,2,0,14,21,28.4,0,0,25.0,1,1,1,1,46,9,17,8,1,19,1,32,40,32,45,40,46,42,47,13,39,1,7,45,12,5,42,29,1,43,1,24:50,1,2024-25
2024-25,1628392,Isaiah Hartenstein,Isaiah,1610612760,OKC,Oklahoma City Thunder,0022401108,2025-04-02T00:00:00,OKC vs. DET,W,23.298333333333332,2,6,0.333,0,1,0.0,1,2,0.5,1,7,8,6,1,2,2,0,4,1,5,3,34.6,0,0,27.0,1,1,1,1,51,49,42,52,1,2,1,24,15,24,45,31,43,4,28,3,6,1,37,27,50,38,30,29,1,37,1,23:18,1,2024-25
2024-25,1628392,Isaiah Hartenstein,Isaiah,1610612760,OKC,Oklahoma City Thunder,0022401123,2025-04-04T00:00:00,OKC @ HOU,L,28.115,8,9,0.889,0,0,0.0,0,1,0.0,3,4,7,4,1,1,2,1,4,2,16,-12,38.4,0,0,33.0,1,50,50,50,30,5,17,2,1,19,1,32,33,32,18,49,46,21,28,13,6,32,37,15,8,54,20,29,1,19,1,28:07,1,2024-25
2024-25,1628392,Isaiah Hartenstein,Isaiah,1610612760,OKC,Oklahoma City Thunder,0022401135,2025-04-06T00:00:00,OKC vs. LAL,L,24.716666666666665,4,4,1.0,0,0,0.0,0,0,0.0,2,4,6,0,1,1,0,0,3,0,8,-12,17.2,0,0,16.0,1,50,50,50,47,34,52,1,1,19,1,32,40,32,30,49,49,57,28,13,39,1,22,45,41,54,55,29,1,55,1,24:43,1,2024-25
2024-25,1628392,Isaiah Hartenstein,Isaiah,1610612760,OKC,Oklahoma City Thunder,0022401153,2025-04-08T00:00:00,OKC vs. LAL,W,28.716666666666665,4,7,0.571,0,0,0.0,0,0,0.0,6,9,15,4,1,1,2,0,3,0,8,18,40.0,0,0,33.0,1,1,1,1,27,34,32,24,1,19,1,32,40,32,1,16,6,21,28,13,6,1,22,45,41,7,15,29,1,19,1,28:43,1,2024-25
2025-26,1628392,Isaiah Hartenstein,Isaiah,1610612760,OKC,Oklahoma City Thunder,0022500001,2025-10-21T00:00:00,OKC vs. HOU,W,36.84166666666667,2,5,0.4,0,1,0.0,2,2,1.0,5,3,8,5,1,2,0,0,6,5,6,9,28.1,0,0,23.0,1,1,1,1,2,19,17,21,1,1,1,6,11,1,2,19,16,4,19,3,13,1,24,2,19,11,16,9,1,17,1,36:51,1,2025-26
2025-26,1628392,Isaiah Hartenstein,Isaiah,1610612760,OKC,Oklahoma City Thunder,0022500005,2025-10-23T00:00:00,OKC @ IND,W,36.88666666666666,2,4,0.5,0,0,0.0,1,3,0.333,0,14,14,2,2,0,0,0,5,4,5,6,22.8,0,0,21.0,1,1,1,1,1,19,20,19,1,5,1,13,8,17,23,2,2,15,8,18,13,1,19,4,20,15,19,9,1,19,1,36:53,1,2025-26
2025-26,1628392,Isaiah Hartenstein,Isaiah,1610612760,OKC,Oklahoma City Thunder,0022500101,2025-10-25T00:00:00,OKC @ ATL,W,29.016666666666666,7,13,0.538,0,1,0.0,0,1,0.0,3,7,10,2,2,2,0,1,0,1,14,16,33.0,1,0,30.0,1,1,1,1,9,4,2,18,1,1,1,18,17,18,13,9,13,15,8,3,13,15,1,15,7,4,10,1,1,7,1,29:01,1,2025-26
2025-26,1628392,Isaiah Hartenstein,Isaiah,1610612760,OKC,Oklahoma City Thunder,0022500119,2025-10-27T00:00:00,OKC @ DAL,W,29.876666666666665,8,11,0.727,0,0,0.0,0,0,0.0,5,7,12,0,1,1,0,1,5,2,16,-7,32.4,1,0,30.0,1,1,1,1,8,2,3,7,1,5,1,18,20,18,2,9,7,21,19,7,13,15,19,10,4,22,11,1,1,7,1,29:53,1,2025-26
2025-26,1628392,Isaiah Hartenstein,Isaiah,1610612760,OKC,Oklahoma City Thunder,0022500126,2025-10-28T00:00:00,OKC vs. SAC,W,30.816666666666666,2,3,0.667,0,0,0.0,0,1,0.0,2,12,14,3,2,1,2,0,1,1,4,-5,32.3,0,0,27.0,1,1,1,1,4,19,22,11,1,5,1,18,17,18,17,3,2,7,8,7,3,1,2,15,22,21,13,9,1,14,1,30:49,1,2025-26
2025-26,1628392,Isaiah Hartenstein,Isaiah,1610612760,OKC,Oklahoma City Thunder,0022500140,2025-10-30T00:00:00,OKC vs. WAS,W,25.72833333333333,7,11,0.636,0,0,0.0,3,4,0.75,5,3,8,5,3,2,0,1,2,6,17,15,37.1,0,0,34.0,1,1,1,1,15,4,3,13,1,5,1,3,4,7,2,19,16,4,3,3,13,15,6,1,3,5,4,9,1,5,1,25:44,1,2025-26
2025-26,1628392,Isaiah Hartenstein,Isaiah,1610612760,OKC,Oklahoma City Thunder,0022500148,2025-11-02T00:00:00,OKC vs. NOP,W,25.793333333333333,6,7,0.857,0,0,0.0,2,3,0.667,4,10,14,8,2,1,1,0,4,4,14,13,46.8,1,0,40.0,1,1,1,1,14,7,11,2,1,5,1,6,8,9,8,5,2,1,8,7,5,1,17,4,7,7,2,1,1,2,1,25:48,1,2025-26
2025-26,1628392,Isaiah Hartenstein,Isaiah,1610612760,OKC,Oklahoma City Thunder,0022500170,2025-11-04T00:00:00,OKC @ LAC,W,23.533333333333335,4,6,0.667,0,0,0.0,2,2,1.0,2,5,7,3,1,4,0,1,2,2,10,11,33.9,0,0,28.0,1,1,1,1,18,14,14,11,1,5,1,6,11,1,17,16,19,7,19,1,13,15,6,10,13,10,8,9,1,11,1,23:32,1,2025-26
2025-26,1628392,Isaiah Hartenstein,Isaiah,1610612760,OKC,Oklahoma City Thunder,0022500180,2025-11-05T00:00:00,OKC @ POR,L,31.166666666666668,3,4,0.75,0,1,0.0,4,5,0.8,4,7,11,3,4,2,0,0,3,4,10,-3,29.7,1,0,28.0,1,20,20,20,3,17,20,6,1,1,1,2,3,6,8,9,12,7,1,3,13,1,13,4,13,20,14,1,1,11,1,31:10,1,2025-26
2025-26,1628392,Isaiah Hartenstein,Isaiah,1610612760,OKC,Oklahoma City Thunder,0022500038,2025-11-07T00:00:00,OKC @ SAC,W,30.616666666666667,14,17,0.824,0,0,0.0,5,6,0.833,3,16,19,3,2,1,3,1,2,5,33,32,70.3,1,0,63.0,1,1,1,1,5,1,1,4,1,5,1,1,1,5,13,1,1,7,8,7,1,15,6,2,1,1,1,1,1,1,1,30:37,1,2025-26
2025-26,1628392,Isaiah Hartenstein,Isaiah,1610612760,OKC,Oklahoma City Thunder,0022500194,2025-11-09T00:00:00,OKC @ MEM,W,30.288333333333334,8,11,0.727,0,0,0.0,2,4,0.5,4,9,13,2,3,0,1,1,5,3,18,8,36.6,1,0,35.0,1,1,1,1,7,2,3,7,1,5,1,6,4,11,8,6,6,15,3,18,5,15,19,7,2,13,5,1,1,4,1,30:17,1,2025-26
2025-26,1628392,Isaiah Hartenstein,Isaiah,1610612760,OKC,Oklahoma City Thunder,0022500210,2025-11-11T00:00:00,OKC vs. GSW,W,19.546666666666667,4,5,0.8,0,0,0.0,0,0,0.0,4,3,7,2,3,0,1,0,2,0,8,13,19.4,0,0,19.0,1,1,1,1,24,14,17,5,1,5,1,18,20,18,8,19,19,15,3,18,5,1,6,22,16,7,21,9,1,22,1,19:33,1,2025-26
2025-26,1628392,Isaiah Hartenstein,Isaiah,1610612760,OKC,Oklahoma City Thunder,0022500222,2025-11-12T00:00:00,OKC vs. LAL,W,20.166666666666668,5,6,0.833,0,0,0.0,1,2,0.5,2,6,8,0,2,1,0,0,2,1,11,14,21.6,0,0,21.0,1,1,1,1,22,10,14,3,1,5,1,13,11,11,17,15,16,21,8,7,13,1,6,15,12,6,20,9,1,19,1,20:10,1,2025-26
2025-26,1628392,Isaiah Hartenstein,Isaiah,1610612760,OKC,Oklahoma City Thunder,0022500229,2025-11-15T00:00:00,OKC @ CHA,W,30.366666666666667,6,10,0.6,0,0,0.0,0,0,0.0,5,7,12,5,2,1,0,0,3,0,12,-1,34.9,1,0,31.0,1,1,1,1,6,7,6,14,1,5,1,18,20,18,2,9,7,4,8,7,13,1,13,22,10,17,7,1,1,6,1,30:22,1,2025-26
2025-26,1628392,Isaiah Hartenstein,Isaiah,1610612760,OKC,Oklahoma City Thunder,0022500247,2025-11-17T00:00:00,OKC @ NOP,W,26.833333333333332,7,10,0.7,0,1,0.0,2,3,0.667,5,2,7,6,2,4,1,0,1,2,16,19,46.4,0,0,39.0,1,1,1,1,12,4,6,10,1,1,1,6,8,9,2,23,19,3,8,1,5,1,2,10,4,2,3,9,1,3,1,26:50,1,2025-26
2025-26,1628392,Isaiah Hartenstein,Isaiah,1610612760,OKC,Oklahoma City Thunder,0022500261,2025-11-19T00:00:00,OKC vs. SAC,W,26.516666666666666,1,2,0.5,0,0,0.0,2,2,1.0,4,8,12,3,1,0,2,0,5,3,4,8,27.9,0,0,23.0,1,1,1,1,13,23,23,19,1,5,1,6,11,1,8,8,7,7,19,18,3,1,19,7,22,13,17,9,1,17,1,26:31,1,2025-26
2025-26,1628392,Isaiah Hartenstein,Isaiah,1610612760,OKC,Oklahoma City Thunder,0022500055,2025-11-21T00:00:00,OKC @ UTA,W,23.716666666666665,5,5,1.0,0,0,0.0,2,4,0.5,1,5,6,7,4,1,0,0,2,2,12,5,28.7,0,0,27.0,1,1,1,1,17,10,17,1,1,5,1,6,4,11,22,16,23,2,1,7,13,1,6,10,10,16,15,9,1,14,1,23:43,1,2025-26
2025-26,1628392,Isaiah Hartenstein,Isaiah,1610612760,OKC,Oklahoma City Thunder,0022500280,2025-11-23T00:00:00,OKC vs. POR,W,22.216666666666665,3,9,0.333,0,0,0.0,1,2,0.5,2,12,14,3,2,0,3,2,2,1,7,18,35.3,0,0,30.0,1,1,1,1,20,17,9,22,1,5,1,13,11,11,17,3,2,7,8,18,1,23,6,15,18,3,6,9,1,7,1,22:13,1,2025-26
2025-26,1628392,Isaiah Hartenstein,Isaiah,1610612760,OKC,Oklahoma City Thunder,0022500064,2025-11-26T00:00:00,OKC vs. MIN,W,28.045,6,10,0.6,0,0,0.0,3,6,0.5,2,5,7,2,0,1,1,1,1,3,15,-1,32.4,0,0,28.0,1,1,1,1,10,7,6,14,1,5,1,3,1,11,17,16,19,15,24,7,5,15,2,7,6,17,11,9,1,11,1,28:03,1,2025-26
2025-26,1628392,Isaiah Hartenstein,Isaiah,1610612760,OKC,Oklahoma City Thunder,0022501230,2025-12-13T00:00:00,OKC @ SAS,L,20.231666666666666,5,9,0.556,0,0,0.0,0,0,0.0,8,1,9,1,3,1,1,1,3,1,10,-7,25.3,0,0,24.0,1,20,20,20,21,10,9,17,1,5,1,18,20,18,1,24,15,20,3,7,5,15,13,15,13,22,18,9,1,16,1,20:14,1,2025-26
2025-26,1628392,Isaiah Hartenstein,Isaiah,1610612760,OKC,Oklahoma City Thunder,0022500385,2025-12-19T00:00:00,OKC @ MIN,L,27.515,0,2,0.0,0,0,0.0,1,2,0.5,3,7,10,0,2,0,1,0,3,1,1,9,14.0,0,0,13.0,1,20,20,20,11,24,23,24,1,5,1,13,11,11,13,9,13,21,8,18,5,1,13,15,24,11,24,9,1,24,1,27:31,1,2025-26
2025-26,1628392,Isaiah Hartenstein,Isaiah,1610612760,OKC,Oklahoma City Thunder,0022500417,2025-12-23T00:00:00,OKC @ SAS,L,25.65,4,7,0.571,0,0,0.0,0,0,0.0,5,7,12,0,3,0,0,0,5,0,8,-9,19.4,0,0,20.0,1,20,20,20,16,14,11,16,1,5,1,18,20,18,2,9,7,21,3,18,13,1,19,22,16,24,21,9,1,21,1,25:39,1,2025-26
2025-26,1628392,Isaiah Hartenstein,Isaiah,1610612760,OKC,Oklahoma City Thunder,0022500010,2025-12-25T00:00:00,OKC vs. SAS,L,23.516666666666666,5,7,0.714,0,0,0.0,3,4,0.75,3,9,12,3,1,1,0,0,1,2,13,-1,33.9,1,0,30.0,1,20,20,20,19,10,11,9,1,5,1,3,4,7,13,6,7,7,19,7,13,1,2,10,9,17,8,1,1,7,1,23:31,1,2025-26
2025-26,1628392,Isaiah Hartenstein,Isaiah,1610612760,OKC,Oklahoma City Thunder,0022500442,2025-12-28T00:00:00,OKC vs. PHI,W,19.653333333333332,2,6,0.333,0,0,0.0,1,1,1.0,0,3,3,3,2,1,1,2,4,1,5,13,17.1,0,0,15.0,1,1,1,1,23,19,14,22,1,5,1,13,17,1,23,19,24,7,8,7,5,23,17,15,20,7,23,9,1,23,1,19:39,1,2025-26
