SEASON_YEAR,PLAYER_ID,PLAYER_NAME,NICKNAME,TEAM_ID,TEAM_ABBREVIATION,TEAM_NAME,GAME_ID,GAME_DATE,MATCHUP,WL,MIN,FGM,FGA,FG_PCT,FG3M,FG3A,FG3_PCT,FTM,FTA,FT_PCT,OREB,DREB,REB,AST,TOV,STL,BLK,BLKA,PF,PFD,PTS,PLUS_MINUS,NBA_FANTASY_PTS,DD2,TD3,WNBA_FANTASY_PTS,GP_RANK,W_RANK,L_RANK,W_PCT_RANK,MIN_RANK,FGM_RANK,FGA_RANK,FG_PCT_RANK,FG3M_RANK,FG3A_RANK,FG3_PCT_RANK,FTM_RANK,FTA_RANK,FT_PCT_RANK,OREB_RANK,DREB_RANK,REB_RANK,AST_RANK,TOV_RANK,STL_RANK,BLK_RANK,BLKA_RANK,PF_RANK,PFD_RANK,PTS_RANK,PLUS_MINUS_RANK,NBA_FANTASY_PTS_RANK,DD2_RANK,TD3_RANK,WNBA_FANTASY_PTS_RANK,AVAILABLE_FLAG,MIN_SEC,TEAM_COUNT,SEASON
2017-18,1627826,Ivica Zubac,Ivica,1610612747,LAL,Los Angeles Lakers,0021700104,2017-10-31T00:00:00,LAL vs. DET,W,2.3666666666666667,0,2,0.0,0,0,0.0,0,0,0.0,1,0,1,0,1,0,0,0,1,0,0,-3,0.2,0,0,1.0,1,1,1,1,36,26,21,26,1,2,1,15,16,15,11,31,26,15,6,8,13,1,21,20,27,30,33,2,1,33,2,2:22,1,2017-18
2017-18,1627826,Ivica Zubac,Ivica,1610612747,LAL,Los Angeles Lakers,0021700164,2017-11-09T00:00:00,LAL @ WAS,L,3.1,1,2,0.5,0,0,0.0,0,0,0.0,1,1,2,0,0,0,0,0,0,0,2,4,4.4,0,0,4.0,1,20,20,20,32,15,21,11,1,2,1,15,16,15,11,21,22,15,21,8,13,1,1,20,18,12,27,2,1,25,1,3:06,1,2017-18
2017-18,1627826,Ivica Zubac,Ivica,1610612747,LAL,Los Angeles Lakers,0021700240,2017-11-19T00:00:00,LAL vs. DEN,W,2.033333333333333,0,0,0.0,0,0,0.0,0,0,0.0,0,0,0,0,0,0,0,0,0,0,0,-2,0.0,0,0,0.0,1,1,1,1,37,26,34,26,1,2,1,15,16,15,26,31,33,15,21,8,13,1,1,20,27,27,35,2,1,35,1,2:02,1,2017-18
2017-18,1627826,Ivica Zubac,Ivica,1610612747,LAL,Los Angeles Lakers,0021700252,2017-11-21T00:00:00,LAL vs. CHI,W,2.8666666666666667,1,1,1.0,0,0,0.0,0,0,0.0,0,1,1,0,1,0,0,0,1,0,2,-3,2.2,0,0,3.0,1,1,1,1,33,15,29,1,1,2,1,15,16,15,26,21,26,15,6,8,13,1,21,20,18,30,31,2,1,28,1,2:52,1,2017-18
2017-18,1627826,Ivica Zubac,Ivica,1610612747,LAL,Los Angeles Lakers,0021700266,2017-11-22T00:00:00,LAL @ SAC,L,1.2,0,0,0.0,0,0,0.0,0,0,0.0,0,0,0,0,0,0,0,0,0,0,0,2,0.0,0,0,0.0,1,20,20,20,40,26,34,26,1,2,1,15,16,15,26,31,33,15,21,8,13,1,1,20,27,15,35,2,1,35,2,1:12,1,2017-18
2017-18,1627826,Ivica Zubac,Ivica,1610612747,LAL,Los Angeles Lakers,0021700338,2017-12-03T00:00:00,LAL vs. HOU,L,2.7,0,0,0.0,0,0,0.0,0,0,0.0,0,0,0,0,0,0,0,0,0,1,0,-5,0.0,0,0,0.0,1,20,20,20,35,26,34,26,1,2,1,15,16,15,26,31,33,15,21,8,13,1,1,15,27,35,35,2,1,35,1,2:42,1,2017-18
2017-18,1627826,Ivica Zubac,Ivica,1610612747,LAL,Los Angeles Lakers,0021700529,2017-12-29T00:00:00,LAL vs. LAC,L,1.3166666666666667,0,0,0.0,0,0,0.0,0,0,0.0,0,0,0,0,0,0,0,0,0,0,0,3,0.0,0,0,0.0,1,20,20,20,39,26,34,26,1,2,1,15,16,15,26,31,33,15,21,8,13,1,1,20,27,14,35,2,1,35,1,1:19,1,2017-18
2017-18,1627826,Ivica Zubac,Ivica,1610612747,LAL,Los Angeles Lakers,0021700548,2018-01-01T00:00:00,LAL @ MIN,L,12.0,2,3,0.667,0,0,0.0,0,0,0.0,1,3,4,0,1,0,0,0,3,0,4,-3,7.8,0,0,8.0,1,20,20,20,15,8,14,6,1,2,1,15,16,15,11,8,13,15,6,8,13,1,36,20,14,30,20,2,1,19,1,12:00,1,2017-18
2017-18,1627826,Ivica Zubac,Ivica,1610612747,LAL,Los Angeles Lakers,0021700565,2018-01-03T00:00:00,LAL vs. OKC,L,5.95,0,1,0.0,0,0,0.0,0,0,0.0,0,0,0,0,1,0,0,0,0,0,0,-7,-1.0,0,0,0.0,1,20,20,20,25,26,29,26,1,2,1,15,16,15,26,31,33,15,6,8,13,1,1,20,27,37,41,2,1,35,1,5:57,1,2017-18
2017-18,1627826,Ivica Zubac,Ivica,1610612747,LAL,Los Angeles Lakers,0021700577,2018-01-05T00:00:00,LAL vs. CHA,L,2.816666666666667,1,2,0.5,0,0,0.0,0,0,0.0,0,1,1,1,0,0,0,0,0,0,2,5,4.7,0,0,4.0,1,20,20,20,34,15,21,11,1,2,1,15,16,15,26,21,26,6,21,8,13,1,1,20,18,9,26,2,1,25,1,2:49,1,2017-18
2017-18,1627826,Ivica Zubac,Ivica,1610612747,LAL,Los Angeles Lakers,0021700590,2018-01-07T00:00:00,LAL vs. ATL,W,1.0666666666666667,0,0,0.0,0,0,0.0,0,0,0.0,0,0,0,0,0,0,0,0,0,0,0,1,0.0,0,0,0.0,1,1,1,1,41,26,34,26,1,2,1,15,16,15,26,31,33,15,21,8,13,1,1,20,27,18,35,2,1,35,1,1:04,1,2017-18
2017-18,1627826,Ivica Zubac,Ivica,1610612747,LAL,Los Angeles Lakers,0021700660,2018-01-17T00:00:00,LAL @ OKC,L,9.633333333333333,1,3,0.333,0,0,0.0,0,0,0.0,0,1,1,0,0,0,0,1,0,0,2,1,3.2,0,0,3.0,1,20,20,20,19,15,14,19,1,2,1,15,16,15,26,21,26,15,21,8,13,33,1,20,18,18,29,2,1,28,1,9:38,1,2017-18
2017-18,1627826,Ivica Zubac,Ivica,1610612747,LAL,Los Angeles Lakers,0021700684,2018-01-21T00:00:00,LAL vs. NYK,W,1.0166666666666666,0,0,0.0,0,0,0.0,0,0,0.0,0,0,0,0,1,0,0,0,0,0,0,1,-1.0,0,0,0.0,1,1,1,1,42,26,34,26,1,2,1,15,16,15,26,31,33,15,6,8,13,1,1,20,27,18,41,2,1,35,2,1:01,1,2017-18
2017-18,1627826,Ivica Zubac,Ivica,1610612747,LAL,Los Angeles Lakers,0021700804,2018-02-06T00:00:00,LAL vs. PHX,W,1.4333333333333333,0,1,0.0,0,0,0.0,0,0,0.0,0,0,0,0,0,0,1,0,0,0,0,0,3.0,0,0,2.0,1,1,1,1,38,26,29,26,1,2,1,15,16,15,26,31,33,15,21,8,3,1,1,20,27,21,30,2,1,31,1,1:26,1,2017-18
2017-18,1627826,Ivica Zubac,Ivica,1610612747,LAL,Los Angeles Lakers,0021700816,2018-02-08T00:00:00,LAL vs. OKC,W,17.283333333333335,2,6,0.333,0,0,0.0,3,3,1.0,1,4,5,1,0,0,1,1,3,3,7,10,17.5,0,0,15.0,1,1,1,1,9,8,5,19,1,2,1,5,9,1,11,4,6,6,21,8,3,33,36,4,7,6,9,2,1,8,1,17:17,1,2017-18
2017-18,1627826,Ivica Zubac,Ivica,1610612747,LAL,Los Angeles Lakers,0021700830,2018-02-10T00:00:00,LAL @ DAL,L,0.5766666666666667,0,0,0.0,0,0,0.0,0,0,0.0,0,0,0,0,0,0,0,0,0,0,0,0,0.0,0,0,0.0,1,20,20,20,43,26,34,26,1,2,1,15,16,15,26,31,33,15,21,8,13,1,1,20,27,21,35,2,1,35,1,0:35,1,2017-18
2017-18,1627826,Ivica Zubac,Ivica,1610612747,LAL,Los Angeles Lakers,0021700862,2018-02-14T00:00:00,LAL @ NOP,L,5.655,1,2,0.5,0,0,0.0,2,2,1.0,1,1,2,1,1,0,0,1,1,0,4,0,6.9,0,0,7.0,1,20,20,20,27,15,21,11,1,2,1,9,11,1,11,21,22,6,6,8,13,33,21,20,14,21,22,2,1,20,1,5:39,1,2017-18
2017-18,1627826,Ivica Zubac,Ivica,1610612747,LAL,Los Angeles Lakers,0021700866,2018-02-15T00:00:00,LAL @ MIN,L,19.971666666666668,8,8,1.0,0,0,0.0,3,6,0.5,4,7,11,0,1,0,0,0,1,4,19,5,31.2,1,0,30.0,1,20,20,20,4,1,3,1,1,2,1,5,1,12,2,1,1,15,6,8,13,1,21,2,1,9,1,1,1,1,1,19:58,1,2017-18
2017-18,1627826,Ivica Zubac,Ivica,1610612747,LAL,Los Angeles Lakers,0021700883,2018-02-23T00:00:00,LAL vs. DAL,W,18.116666666666667,6,7,0.857,0,0,0.0,2,2,1.0,3,3,6,1,1,0,0,1,3,3,14,-2,21.7,0,0,21.0,1,1,1,1,7,2,4,5,1,2,1,9,11,1,4,8,4,6,6,8,13,33,36,4,3,27,7,2,1,5,1,18:07,1,2017-18
2017-18,1627826,Ivica Zubac,Ivica,1610612747,LAL,Los Angeles Lakers,0021700891,2018-02-24T00:00:00,LAL @ SAC,W,11.466666666666667,2,4,0.5,0,0,0.0,0,0,0.0,1,1,2,0,1,0,0,0,0,1,4,-9,5.4,0,0,6.0,1,1,1,1,17,8,11,11,1,2,1,15,16,15,11,21,22,15,6,8,13,1,1,15,14,41,24,2,1,22,1,11:28,1,2017-18
2017-18,1627826,Ivica Zubac,Ivica,1610612747,LAL,Los Angeles Lakers,0021700897,2018-02-26T00:00:00,LAL @ ATL,W,16.616666666666667,4,6,0.667,0,0,0.0,2,4,0.5,1,0,1,0,3,0,0,0,5,2,10,0,8.2,0,0,11.0,1,1,1,1,10,5,5,6,1,2,1,9,3,12,11,31,26,15,1,8,13,1,43,10,5,21,19,2,1,12,1,16:37,1,2017-18
2017-18,1627826,Ivica Zubac,Ivica,1610612747,LAL,Los Angeles Lakers,0021700922,2018-03-01T00:00:00,LAL @ MIA,W,17.55,1,3,0.333,0,0,0.0,4,4,1.0,1,2,3,4,1,1,0,0,1,2,6,19,17.6,0,0,15.0,1,1,1,1,8,15,14,19,1,2,1,1,3,1,11,16,17,2,6,2,13,1,21,10,11,1,8,2,1,8,1,17:33,1,2017-18
2017-18,1627826,Ivica Zubac,Ivica,1610612747,LAL,Los Angeles Lakers,0021700940,2018-03-03T00:00:00,LAL @ SAS,W,14.383333333333333,0,2,0.0,0,0,0.0,2,2,1.0,1,3,4,0,2,1,1,0,0,1,2,7,10.8,0,0,10.0,1,1,1,1,12,26,21,26,1,2,1,9,11,1,11,8,13,15,2,2,3,1,1,15,18,7,14,2,1,14,1,14:23,1,2017-18
2017-18,1627826,Ivica Zubac,Ivica,1610612747,LAL,Los Angeles Lakers,0021700956,2018-03-05T00:00:00,LAL vs. POR,L,16.116666666666667,2,3,0.667,0,0,0.0,3,3,1.0,2,2,4,0,0,0,0,0,2,2,7,-12,11.8,0,0,11.0,1,20,20,20,11,8,14,6,1,2,1,5,9,1,6,16,13,15,21,8,13,1,31,10,7,43,13,2,1,12,1,16:07,1,2017-18
2017-18,1627826,Ivica Zubac,Ivica,1610612747,LAL,Los Angeles Lakers,0021700971,2018-03-07T00:00:00,LAL vs. ORL,W,13.5,1,4,0.25,0,0,0.0,4,4,1.0,1,4,5,2,0,0,0,1,0,2,6,16,15.0,0,0,13.0,1,1,1,1,14,15,11,25,1,2,1,1,3,1,11,4,6,3,21,8,13,33,1,10,11,2,11,2,1,11,1,13:30,1,2017-18
2017-18,1627826,Ivica Zubac,Ivica,1610612747,LAL,Los Angeles Lakers,0021700983,2018-03-09T00:00:00,LAL @ DEN,L,8.565,0,4,0.0,0,0,0.0,0,0,0.0,2,3,5,0,0,0,1,2,2,0,0,-9,9.0,0,0,7.0,1,20,20,20,21,26,11,26,1,2,1,15,16,15,6,8,6,15,21,8,3,43,31,20,27,41,17,2,1,20,1,8:34,1,2017-18
2017-18,1627826,Ivica Zubac,Ivica,1610612747,LAL,Los Angeles Lakers,0021701000,2018-03-11T00:00:00,LAL vs. CLE,W,5.683333333333334,0,0,0.0,0,0,0.0,0,0,0.0,0,1,1,0,0,2,0,0,2,0,0,-3,7.2,0,0,5.0,1,1,1,1,26,26,34,26,1,2,1,15,16,15,26,21,26,15,21,1,13,1,31,20,27,30,21,2,1,24,1,5:41,1,2017-18
2017-18,1627826,Ivica Zubac,Ivica,1610612747,LAL,Los Angeles Lakers,0021701015,2018-03-13T00:00:00,LAL vs. DEN,W,4.615,0,1,0.0,0,0,0.0,0,0,0.0,0,0,0,0,1,0,0,1,3,1,0,-2,-1.0,0,0,0.0,1,1,1,1,30,26,29,26,1,2,1,15,16,15,26,31,33,15,6,8,13,33,36,15,27,27,41,2,1,35,1,4:37,1,2017-18
2017-18,1627826,Ivica Zubac,Ivica,1610612747,LAL,Los Angeles Lakers,0021701019,2018-03-14T00:00:00,LAL @ GSW,L,5.633333333333334,0,2,0.0,0,0,0.0,0,2,0.0,0,3,3,0,0,0,0,1,0,1,0,2,3.6,0,0,3.0,1,20,20,20,28,26,21,26,1,2,1,15,11,15,26,8,17,15,21,8,13,33,1,15,27,15,28,2,1,28,1,5:38,1,2017-18
2017-18,1627826,Ivica Zubac,Ivica,1610612747,LAL,Los Angeles Lakers,0021701034,2018-03-16T00:00:00,LAL vs. MIA,L,7.3,2,2,1.0,0,0,0.0,0,0,0.0,1,2,3,0,2,0,1,0,0,0,4,-5,8.6,0,0,9.0,1,20,20,20,24,8,21,1,1,2,1,15,16,15,11,16,17,15,2,8,3,1,1,20,14,35,18,2,1,18,1,7:18,1,2017-18
2017-18,1627826,Ivica Zubac,Ivica,1610612747,LAL,Los Angeles Lakers,0021701051,2018-03-19T00:00:00,LAL @ IND,L,7.416666666666667,1,3,0.333,0,0,0.0,0,0,0.0,2,1,3,1,1,0,0,1,1,0,2,-7,6.1,0,0,6.0,1,20,20,20,23,15,14,19,1,2,1,15,16,15,6,21,17,6,6,8,13,33,21,20,18,37,23,2,1,22,1,7:25,1,2017-18
2017-18,1627826,Ivica Zubac,Ivica,1610612747,LAL,Los Angeles Lakers,0021701075,2018-03-22T00:00:00,LAL @ NOP,L,5.416666666666667,1,1,1.0,0,0,0.0,0,0,0.0,0,0,0,0,0,0,0,0,0,0,2,-7,2.0,0,0,2.0,1,20,20,20,29,15,29,1,1,2,1,15,16,15,26,31,33,15,21,8,13,1,1,20,18,37,32,2,1,31,1,5:25,1,2017-18
2017-18,1627826,Ivica Zubac,Ivica,1610612747,LAL,Los Angeles Lakers,0021701092,2018-03-24T00:00:00,LAL @ MEM,W,3.6166666666666667,0,0,0.0,0,0,0.0,0,0,0.0,0,1,1,0,1,0,0,0,1,0,0,6,0.2,0,0,1.0,1,1,1,1,31,26,34,26,1,2,1,15,16,15,26,21,26,15,6,8,13,1,21,20,27,8,33,2,1,33,1,3:37,1,2017-18
2017-18,1627826,Ivica Zubac,Ivica,1610612747,LAL,Los Angeles Lakers,0021701104,2018-03-26T00:00:00,LAL @ DET,L,8.545,2,5,0.4,0,0,0.0,3,4,0.75,2,2,4,1,0,0,1,1,1,3,7,0,16.3,0,0,14.0,1,20,20,20,22,8,9,17,1,2,1,5,3,11,6,16,13,6,21,8,3,33,21,4,7,21,10,2,1,10,1,8:33,1,2017-18
2017-18,1627826,Ivica Zubac,Ivica,1610612747,LAL,Los Angeles Lakers,0021701123,2018-03-28T00:00:00,LAL vs. DAL,W,8.683333333333334,0,0,0.0,0,0,0.0,0,0,0.0,0,3,3,1,0,1,2,0,1,0,0,5,14.1,0,0,10.0,1,1,1,1,20,26,34,26,1,2,1,15,16,15,26,8,17,6,21,2,2,1,21,20,27,9,12,2,1,14,1,8:41,1,2017-18
2017-18,1627826,Ivica Zubac,Ivica,1610612747,LAL,Los Angeles Lakers,0021701136,2018-03-30T00:00:00,LAL vs. MIL,L,11.916666666666666,6,9,0.667,0,0,0.0,4,5,0.8,3,2,5,0,0,0,0,0,0,3,16,15,22.0,0,0,21.0,1,20,20,20,16,2,2,6,1,2,1,1,2,10,4,16,6,15,21,8,13,1,1,4,2,3,6,2,1,5,1,11:55,1,2017-18
2017-18,1627826,Ivica Zubac,Ivica,1610612747,LAL,Los Angeles Lakers,0021701155,2018-04-01T00:00:00,LAL vs. SAC,L,18.133333333333333,3,6,0.5,0,0,0.0,1,4,0.25,4,6,10,2,0,1,1,1,2,4,7,4,28.0,0,0,23.0,1,20,20,20,6,7,5,11,1,2,1,14,3,14,2,2,2,3,21,2,3,33,31,2,7,12,2,2,1,2,1,18:08,1,2017-18
2017-18,1627826,Ivica Zubac,Ivica,1610612747,LAL,Los Angeles Lakers,0021701166,2018-04-03T00:00:00,LAL @ UTA,L,10.95,0,2,0.0,0,0,0.0,0,0,0.0,1,1,2,0,0,0,1,0,1,0,0,12,5.4,0,0,4.0,1,20,20,20,18,26,21,26,1,2,1,15,16,15,11,21,22,15,21,8,3,1,21,20,27,5,24,2,1,25,1,10:57,1,2017-18
2017-18,1627826,Ivica Zubac,Ivica,1610612747,LAL,Los Angeles Lakers,0021701174,2018-04-04T00:00:00,LAL vs. SAS,W,28.496666666666666,4,6,0.667,0,0,0.0,0,0,0.0,1,5,6,6,1,0,1,0,4,2,8,13,26.2,0,0,22.0,1,1,1,1,1,5,5,6,1,2,1,15,16,15,11,3,4,1,6,8,3,1,42,10,6,4,3,2,1,4,1,28:30,1,2017-18
2017-18,1627826,Ivica Zubac,Ivica,1610612747,LAL,Los Angeles Lakers,0021701190,2018-04-06T00:00:00,LAL vs. MIN,L,21.866666666666667,5,10,0.5,0,0,0.0,4,4,1.0,6,3,9,0,0,0,0,0,3,5,14,-1,24.8,0,0,23.0,1,20,20,20,2,4,1,11,1,2,1,1,3,1,1,8,3,15,21,8,13,1,36,1,3,26,5,2,1,2,1,21:52,1,2017-18
2017-18,1627826,Ivica Zubac,Ivica,1610612747,LAL,Los Angeles Lakers,0021701201,2018-04-08T00:00:00,LAL vs. UTA,L,13.9,1,3,0.333,0,0,0.0,0,0,0.0,1,4,5,1,2,0,1,0,0,0,2,-8,10.5,0,0,10.0,1,20,20,20,13,15,14,19,1,2,1,15,16,15,11,4,6,6,2,8,3,1,1,20,18,40,15,2,1,14,1,13:54,1,2017-18
2017-18,1627826,Ivica Zubac,Ivica,1610612747,LAL,Los Angeles Lakers,0021701218,2018-04-10T00:00:00,LAL vs. HOU,L,20.1,1,3,0.333,0,0,0.0,0,0,0.0,1,4,5,1,2,1,0,0,3,3,2,-3,10.5,0,0,10.0,1,20,20,20,3,15,14,19,1,2,1,15,16,15,11,4,6,6,2,2,13,1,36,4,18,30,15,2,1,14,1,20:06,1,2017-18
2017-18,1627826,Ivica Zubac,Ivica,1610612747,LAL,Los Angeles Lakers,0021701228,2018-04-11T00:00:00,LAL @ LAC,W,18.246666666666666,2,5,0.4,0,1,0.0,2,2,1.0,2,3,5,2,1,1,3,0,2,3,6,2,26.0,0,0,21.0,1,1,1,1,5,8,9,17,1,1,1,9,11,1,6,8,6,3,6,2,1,1,31,4,11,15,4,2,1,5,1,18:15,1,2017-18
2018-19,1627826,Ivica Zubac,Ivica,1610612747,LAL,Los Angeles Lakers,0021800048,2018-10-22T00:00:00,LAL vs. SAS,L,4.716666666666667,0,1,0.0,0,0,0.0,0,0,0.0,1,0,1,0,0,0,1,0,5,0,0,3,4.2,0,0,3.0,1,33,33,33,53,53,55,53,1,1,1,40,41,40,32,56,55,41,39,12,13,1,52,47,53,19,55,9,1,55,1,4:43,1,2018-19
2018-19,1627826,Ivica Zubac,Ivica,1610612747,LAL,Los Angeles Lakers,0021800060,2018-10-24T00:00:00,LAL @ PHX,W,2.3333333333333335,0,1,0.0,0,0,0.0,0,0,0.0,1,1,2,1,0,0,0,1,0,0,0,-4,3.9,0,0,3.0,1,1,1,1,58,53,55,53,1,1,1,40,41,40,32,47,45,17,39,12,33,33,1,47,53,42,56,9,1,55,1,2:20,1,2018-19
2018-19,1627826,Ivica Zubac,Ivica,1610612747,LAL,Los Angeles Lakers,0021800132,2018-11-03T00:00:00,LAL @ POR,W,19.653333333333332,4,5,0.8,0,0,0.0,1,1,1.0,4,4,8,0,2,1,0,0,3,1,9,15,19.6,0,0,19.0,1,1,1,1,26,16,34,11,1,1,1,28,35,1,5,27,14,41,9,3,33,1,31,32,25,6,30,9,1,27,1,19:39,1,2018-19
2018-19,1627826,Ivica Zubac,Ivica,1610612747,LAL,Los Angeles Lakers,0021800139,2018-11-04T00:00:00,LAL vs. TOR,L,11.2,1,3,0.333,0,0,0.0,3,3,1.0,2,4,6,1,1,0,0,0,4,3,5,1,12.7,0,0,12.0,1,33,33,33,47,46,44,44,1,1,1,8,17,1,19,27,31,17,20,12,33,1,49,9,46,28,44,9,1,43,1,11:12,1,2018-19
2018-19,1627826,Ivica Zubac,Ivica,1610612747,LAL,Los Angeles Lakers,0021800183,2018-11-10T00:00:00,LAL @ SAC,W,1.65,0,2,0.0,0,0,0.0,0,0,0.0,1,1,2,0,0,0,0,0,0,0,0,-1,2.4,0,0,2.0,1,1,1,1,59,53,48,53,1,1,1,40,41,40,32,47,45,41,39,12,33,1,1,47,53,32,57,9,1,58,1,1:39,1,2018-19
2018-19,1627826,Ivica Zubac,Ivica,1610612747,LAL,Los Angeles Lakers,0021800304,2018-11-27T00:00:00,LAL @ DEN,L,7.483333333333333,0,2,0.0,0,0,0.0,0,0,0.0,1,1,2,0,1,0,1,0,0,1,0,-6,4.4,0,0,4.0,1,33,33,33,51,53,48,53,1,1,1,40,41,40,32,47,45,41,20,12,13,1,1,32,53,44,54,9,1,53,1,7:29,1,2018-19
2018-19,1627826,Ivica Zubac,Ivica,1610612747,LAL,Los Angeles Lakers,0021800337,2018-12-02T00:00:00,LAL vs. PHX,W,3.6166666666666667,0,0,0.0,0,0,0.0,0,0,0.0,0,1,1,0,0,0,0,0,0,0,0,-2,1.2,0,0,1.0,1,1,1,1,55,53,58,53,1,1,1,40,41,40,45,47,55,41,39,12,33,1,1,47,53,34,59,9,1,59,1,3:37,1,2018-19
2018-19,1627826,Ivica Zubac,Ivica,1610612747,LAL,Los Angeles Lakers,0021800384,2018-12-08T00:00:00,LAL @ MEM,W,3.183333333333333,0,0,0.0,0,0,0.0,0,0,0.0,0,2,2,0,0,0,1,0,0,0,0,3,5.4,0,0,4.0,1,1,1,1,56,53,58,53,1,1,1,40,41,40,45,44,45,41,39,12,13,1,1,47,53,19,51,9,1,53,1,3:11,1,2018-19
2018-19,1627826,Ivica Zubac,Ivica,1610612747,LAL,Los Angeles Lakers,0021800430,2018-12-15T00:00:00,LAL @ CHA,W,11.583333333333334,3,4,0.75,0,0,0.0,0,0,0.0,0,1,1,0,0,0,0,0,0,0,6,1,7.2,0,0,7.0,1,1,1,1,45,31,41,17,1,1,1,40,41,40,45,47,55,41,39,12,33,1,1,47,42,28,50,9,1,49,1,11:35,1,2018-19
2018-19,1627826,Ivica Zubac,Ivica,1610612747,LAL,Los Angeles Lakers,0021800439,2018-12-16T00:00:00,LAL @ WAS,L,6.583333333333333,2,2,1.0,0,0,0.0,0,0,0.0,0,2,2,1,0,0,0,0,0,0,4,6,7.9,0,0,7.0,1,33,33,33,52,40,48,1,1,1,1,40,41,40,45,44,45,17,39,12,33,1,1,47,49,16,49,9,1,49,1,6:35,1,2018-19
2018-19,1627826,Ivica Zubac,Ivica,1610612747,LAL,Los Angeles Lakers,0021800453,2018-12-18T00:00:00,LAL @ BKN,L,2.4166666666666665,0,1,0.0,0,0,0.0,0,0,0.0,0,0,0,1,0,0,1,0,2,0,0,3,4.5,0,0,3.0,1,33,33,33,57,53,55,53,1,1,1,40,41,40,45,56,59,17,39,12,13,1,19,47,53,19,53,9,1,55,1,2:25,1,2018-19
2018-19,1627826,Ivica Zubac,Ivica,1610612747,LAL,Los Angeles Lakers,0021800478,2018-12-21T00:00:00,LAL vs. NOP,W,32.266666666666666,8,10,0.8,0,0,0.0,0,0,0.0,2,9,11,0,1,2,2,0,5,2,16,15,40.2,1,0,35.0,1,1,1,1,3,5,9,11,1,1,1,40,41,40,19,2,4,41,20,2,6,1,52,19,8,6,3,1,1,4,1,32:16,1,2018-19
2018-19,1627826,Ivica Zubac,Ivica,1610612747,LAL,Los Angeles Lakers,0021800496,2018-12-23T00:00:00,LAL vs. MEM,L,32.861666666666665,8,12,0.667,0,0,0.0,3,4,0.75,1,3,4,1,1,0,4,3,3,3,19,13,36.3,0,0,32.0,1,33,33,33,2,5,5,20,1,1,1,8,7,22,32,35,38,17,20,12,1,55,31,9,4,11,6,9,1,6,1,32:52,1,2018-19
2018-19,1627826,Ivica Zubac,Ivica,1610612747,LAL,Los Angeles Lakers,0021800500,2018-12-25T00:00:00,LAL @ GSW,W,30.666666666666668,9,10,0.9,0,0,0.0,0,0,0.0,3,8,11,2,1,0,2,0,3,1,18,25,39.2,1,0,35.0,1,1,1,1,4,3,9,6,1,1,1,40,41,40,12,4,4,6,20,12,6,1,31,32,5,2,4,1,1,4,1,30:40,1,2018-19
2018-19,1627826,Ivica Zubac,Ivica,1610612747,LAL,Los Angeles Lakers,0021800514,2018-12-27T00:00:00,LAL @ SAC,L,20.233333333333334,3,8,0.375,0,0,0.0,0,0,0.0,2,3,5,0,1,0,1,3,2,0,6,-8,14.0,0,0,13.0,1,33,33,33,23,31,17,42,1,1,1,40,41,40,19,35,35,41,20,12,13,55,19,47,42,47,39,9,1,39,1,20:14,1,2018-19
2018-19,1627826,Ivica Zubac,Ivica,1610612747,LAL,Los Angeles Lakers,0021800526,2018-12-28T00:00:00,LAL vs. LAC,L,19.2,1,8,0.125,0,0,0.0,5,5,1.0,2,0,2,3,2,0,1,2,3,4,7,-14,14.9,0,0,14.0,1,33,33,33,27,46,17,51,1,1,1,4,6,1,19,56,45,2,9,12,13,45,31,5,32,54,38,9,1,38,1,19:12,1,2018-19
2018-19,1627826,Ivica Zubac,Ivica,1610612747,LAL,Los Angeles Lakers,0021800562,2019-01-02T00:00:00,LAL vs. OKC,L,10.35,4,4,1.0,0,0,0.0,0,0,0.0,1,1,2,1,1,0,1,0,2,1,8,-3,13.9,0,0,13.0,1,33,33,33,49,16,41,1,1,1,1,40,41,40,32,47,45,17,20,12,13,1,19,32,28,39,41,9,1,39,1,10:21,1,2018-19
2018-19,1627826,Ivica Zubac,Ivica,1610612747,LAL,Los Angeles Lakers,0021800574,2019-01-04T00:00:00,LAL vs. NYK,L,11.55,4,6,0.667,0,0,0.0,2,2,1.0,2,4,6,2,1,0,1,1,1,1,10,5,22.2,0,0,20.0,1,33,33,33,46,16,29,20,1,1,1,16,20,1,19,27,31,6,20,12,13,33,14,32,17,17,24,9,1,25,1,11:33,1,2018-19
2018-19,1627826,Ivica Zubac,Ivica,1610612747,LAL,Los Angeles Lakers,0021800585,2019-01-06T00:00:00,LAL @ MIN,L,18.5,3,6,0.5,0,0,0.0,3,4,0.75,2,6,8,0,2,0,0,2,1,5,9,-19,16.6,0,0,17.0,1,33,33,33,33,31,29,31,1,1,1,8,7,22,19,14,14,41,9,12,33,45,14,3,25,57,37,9,1,34,1,18:30,1,2018-19
2018-19,1627826,Ivica Zubac,Ivica,1610612747,LAL,Los Angeles Lakers,0021800596,2019-01-07T00:00:00,LAL @ DAL,W,3.6333333333333333,1,2,0.5,0,0,0.0,2,2,1.0,1,1,2,0,1,0,0,0,0,2,4,-2,5.4,0,0,6.0,1,1,1,1,54,46,48,31,1,1,1,16,20,1,32,47,45,41,20,12,33,1,1,19,49,34,51,9,1,51,1,3:38,1,2018-19
2018-19,1627826,Ivica Zubac,Ivica,1610612747,LAL,Los Angeles Lakers,0021800616,2019-01-09T00:00:00,LAL vs. DET,W,23.4,4,8,0.5,0,0,0.0,3,4,0.75,3,6,9,1,0,1,0,0,3,4,11,-2,26.3,0,0,23.0,1,1,1,1,10,16,17,31,1,1,1,8,7,22,12,14,10,17,39,3,33,1,31,5,15,34,19,9,1,16,1,23:24,1,2018-19
2018-19,1627826,Ivica Zubac,Ivica,1610612747,LAL,Los Angeles Lakers,0021800627,2019-01-11T00:00:00,LAL @ UTA,L,14.05,4,10,0.4,0,0,0.0,2,2,1.0,2,3,5,1,0,0,1,0,3,1,10,0,20.5,0,0,18.0,1,33,33,33,42,16,9,40,1,1,1,16,20,1,19,35,35,17,39,12,13,1,31,32,17,30,28,9,1,31,1,14:03,1,2018-19
2018-19,1627826,Ivica Zubac,Ivica,1610612747,LAL,Los Angeles Lakers,0021800644,2019-01-13T00:00:00,LAL vs. CLE,L,10.716666666666667,2,3,0.667,0,0,0.0,1,1,1.0,0,2,2,0,0,0,2,0,0,1,5,-2,13.4,0,0,11.0,1,33,33,33,48,40,44,20,1,1,1,28,35,1,45,44,45,41,39,12,6,1,1,32,46,34,42,9,1,46,1,10:43,1,2018-19
2018-19,1627826,Ivica Zubac,Ivica,1610612747,LAL,Los Angeles Lakers,0021800656,2019-01-15T00:00:00,LAL vs. CHI,W,7.983333333333333,2,2,1.0,0,0,0.0,3,4,0.75,0,3,3,1,0,0,0,0,3,2,7,-12,12.1,0,0,11.0,1,1,1,1,50,40,48,1,1,1,1,8,7,22,45,35,43,17,39,12,33,1,31,19,32,52,46,9,1,46,1,7:59,1,2018-19
2018-19,1627826,Ivica Zubac,Ivica,1610612747,LAL,Los Angeles Lakers,0021800670,2019-01-17T00:00:00,LAL @ OKC,W,28.161666666666665,12,14,0.857,0,0,0.0,2,3,0.667,6,6,12,1,4,0,0,0,3,5,26,35,37.9,1,0,39.0,1,1,1,1,6,1,3,8,1,1,1,16,17,29,3,14,3,17,2,12,33,1,31,3,1,1,5,1,1,3,1,28:10,1,2018-19
2018-19,1627826,Ivica Zubac,Ivica,1610612747,LAL,Los Angeles Lakers,0021800686,2019-01-19T00:00:00,LAL @ HOU,L,21.43166666666667,4,6,0.667,0,0,0.0,9,9,1.0,2,5,7,1,0,0,1,1,6,7,17,3,29.9,0,0,27.0,1,33,33,33,16,16,29,20,1,1,1,1,1,1,19,21,25,17,39,12,13,33,58,2,7,19,10,9,1,8,1,21:26,1,2018-19
2018-19,1627826,Ivica Zubac,Ivica,1610612747,LAL,Los Angeles Lakers,0021800701,2019-01-21T00:00:00,LAL vs. GSW,L,20.7,7,8,0.875,0,0,0.0,4,4,1.0,0,4,4,0,2,0,1,1,3,3,18,-1,23.8,0,0,24.0,1,33,33,33,22,7,17,7,1,1,1,6,7,1,45,27,38,41,9,12,13,33,31,9,5,32,20,9,1,14,1,20:42,1,2018-19
2018-19,1627826,Ivica Zubac,Ivica,1610612747,LAL,Los Angeles Lakers,0021800719,2019-01-24T00:00:00,LAL vs. MIN,L,20.766666666666666,5,12,0.417,0,0,0.0,0,0,0.0,4,4,8,1,4,0,0,2,3,0,10,-10,17.1,0,0,19.0,1,33,33,33,20,11,5,39,1,1,1,40,41,40,5,27,14,17,2,12,33,45,31,47,17,50,36,9,1,27,1,20:46,1,2018-19
2018-19,1627826,Ivica Zubac,Ivica,1610612747,LAL,Los Angeles Lakers,0021800743,2019-01-27T00:00:00,LAL vs. PHX,W,34.97666666666667,9,16,0.563,0,0,0.0,6,7,0.857,5,11,16,0,2,0,4,3,6,8,24,18,53.2,1,0,48.0,1,1,1,1,1,3,1,30,1,1,1,3,3,20,4,1,1,41,9,12,1,55,58,1,2,4,1,1,1,1,1,34:59,1,2018-19
2018-19,1627826,Ivica Zubac,Ivica,1610612747,LAL,Los Angeles Lakers,0021800755,2019-01-29T00:00:00,LAL vs. PHI,L,16.983333333333334,2,5,0.4,0,0,0.0,3,4,0.75,2,0,2,3,2,0,0,0,3,2,7,-12,11.9,0,0,12.0,1,33,33,33,39,40,34,40,1,1,1,8,7,22,19,56,45,2,9,12,33,1,31,19,32,52,47,9,1,43,1,16:59,1,2018-19
2018-19,1627826,Ivica Zubac,Ivica,1610612747,LAL,Los Angeles Lakers,0021800769,2019-01-31T00:00:00,LAL @ LAC,W,17.733333333333334,1,6,0.167,0,0,0.0,5,6,0.833,0,3,3,1,1,0,0,2,1,3,7,-2,11.1,0,0,11.0,1,1,1,1,37,46,29,50,1,1,1,4,4,21,45,35,43,17,20,12,33,45,14,9,32,34,48,9,1,46,1,17:44,1,2018-19
2018-19,1627826,Ivica Zubac,Ivica,1610612747,LAL,Los Angeles Lakers,0021800782,2019-02-02T00:00:00,LAL @ GSW,L,25.916666666666668,5,11,0.455,0,0,0.0,0,1,0.0,3,6,9,1,1,0,2,2,3,3,10,-7,27.3,0,0,24.0,1,33,33,33,8,11,7,37,1,1,1,40,35,40,12,14,10,17,20,12,6,45,31,9,17,45,15,9,1,14,1,25:55,1,2018-19
2018-19,1627826,Ivica Zubac,Ivica,1610612747,LAL,Los Angeles Lakers,0021800798,2019-02-05T00:00:00,LAL @ IND,L,19.2,4,5,0.8,0,0,0.0,0,0,0.0,1,3,4,1,2,0,0,1,2,1,8,-17,12.3,0,0,13.0,1,33,33,33,27,16,34,11,1,1,1,40,41,40,32,35,38,17,9,12,33,33,19,32,28,56,45,9,1,39,1,19:12,1,2018-19
2018-19,1627826,Ivica Zubac,Ivica,1610612746,LAC,LA Clippers,0021800829,2019-02-09T00:00:00,LAC @ BOS,W,23.133333333333333,5,10,0.5,0,0,0.0,2,3,0.667,1,8,9,0,2,0,3,2,3,2,12,11,29.8,0,0,27.0,1,1,1,1,13,11,9,31,1,1,1,16,17,29,32,4,10,41,9,12,3,45,31,19,13,12,11,9,1,8,1,23:08,1,2018-19
2018-19,1627826,Ivica Zubac,Ivica,1610612746,LAC,LA Clippers,0021800845,2019-02-11T00:00:00,LAC @ MIN,L,14.855,1,2,0.5,0,0,0.0,1,2,0.5,0,1,1,1,4,0,0,0,3,2,3,-35,1.7,0,0,5.0,1,33,33,33,41,46,48,31,1,1,1,28,20,31,45,47,55,17,2,12,33,1,31,19,51,59,58,9,1,52,1,14:51,1,2018-19
2018-19,1627826,Ivica Zubac,Ivica,1610612746,LAC,LA Clippers,0021800863,2019-02-13T00:00:00,LAC vs. PHX,W,21.533333333333335,4,7,0.571,0,0,0.0,8,8,1.0,0,7,7,1,0,0,1,0,2,4,16,23,28.9,0,0,26.0,1,1,1,1,15,16,26,29,1,1,1,2,2,1,45,6,25,17,39,12,13,1,19,5,8,3,12,9,1,11,1,21:32,1,2018-19
2018-19,1627826,Ivica Zubac,Ivica,1610612746,LAC,LA Clippers,0021800879,2019-02-22T00:00:00,LAC @ MEM,W,21.15,3,5,0.6,0,0,0.0,1,2,0.5,3,5,8,0,1,1,0,0,3,3,7,-7,18.6,0,0,17.0,1,1,1,1,17,31,34,27,1,1,1,28,20,31,12,21,14,41,20,3,33,1,31,9,32,45,34,9,1,34,1,21:09,1,2018-19
2018-19,1627826,Ivica Zubac,Ivica,1610612746,LAC,LA Clippers,0021800895,2019-02-24T00:00:00,LAC @ DEN,L,19.2,4,11,0.364,0,0,0.0,0,0,0.0,4,3,7,2,1,0,1,1,5,1,8,-16,21.4,0,0,19.0,1,33,33,33,27,16,7,43,1,1,1,40,41,40,5,35,25,6,20,12,13,33,52,32,28,55,25,9,1,27,1,19:12,1,2018-19
2018-19,1627826,Ivica Zubac,Ivica,1610612746,LAC,LA Clippers,0021800907,2019-02-25T00:00:00,LAC vs. DAL,W,19.1,3,5,0.6,0,0,0.0,1,1,1.0,1,7,8,3,1,1,0,2,1,1,7,-5,23.1,0,0,20.0,1,1,1,1,30,31,34,27,1,1,1,28,35,1,32,6,14,2,20,3,33,45,14,32,32,43,21,9,1,25,1,19:06,1,2018-19
2018-19,1627826,Ivica Zubac,Ivica,1610612746,LAC,LA Clippers,0021800919,2019-02-27T00:00:00,LAC @ UTA,L,17.8,3,9,0.333,0,0,0.0,1,2,0.5,3,5,8,3,0,1,1,2,2,2,7,10,27.1,0,0,22.0,1,33,33,33,35,31,13,44,1,1,1,28,20,31,12,21,14,2,39,3,13,45,19,19,32,13,16,9,1,19,1,17:48,1,2018-19
2018-19,1627826,Ivica Zubac,Ivica,1610612746,LAC,LA Clippers,0021800933,2019-03-01T00:00:00,LAC @ SAC,W,18.066666666666666,4,9,0.444,0,0,0.0,2,4,0.5,4,6,10,2,0,0,2,1,0,2,10,15,31.0,1,0,26.0,1,1,1,1,34,16,13,38,1,1,1,16,7,31,5,14,8,6,39,12,6,33,1,19,17,6,7,1,1,11,1,18:04,1,2018-19
2018-19,1627826,Ivica Zubac,Ivica,1610612746,LAC,LA Clippers,0021800947,2019-03-03T00:00:00,LAC vs. NYK,W,23.366666666666667,3,9,0.333,0,0,0.0,1,2,0.5,2,9,11,5,3,0,1,3,3,1,7,16,27.7,0,0,25.0,1,1,1,1,11,31,13,44,1,1,1,28,20,31,19,2,4,1,5,12,13,55,31,32,32,5,13,9,1,13,1,23:22,1,2018-19
2018-19,1627826,Ivica Zubac,Ivica,1610612746,LAC,LA Clippers,0021800958,2019-03-04T00:00:00,LAC @ LAL,W,13.8,3,4,0.75,0,0,0.0,1,2,0.5,1,3,4,1,0,0,0,0,2,3,7,-3,13.3,0,0,12.0,1,1,1,1,44,31,41,17,1,1,1,28,20,31,32,35,38,17,39,12,33,1,19,9,32,39,43,9,1,43,1,13:48,1,2018-19
2018-19,1627826,Ivica Zubac,Ivica,1610612746,LAC,LA Clippers,0021800985,2019-03-08T00:00:00,LAC vs. OKC,W,23.333333333333332,6,8,0.75,0,0,0.0,2,6,0.333,0,7,7,1,2,1,2,0,4,3,14,14,30.9,0,0,28.0,1,1,1,1,12,8,17,17,1,1,1,16,4,39,45,6,25,17,9,3,6,1,49,9,10,9,8,9,1,7,1,23:20,1,2018-19
2018-19,1627826,Ivica Zubac,Ivica,1610612746,LAC,LA Clippers,0021801006,2019-03-11T00:00:00,LAC vs. BOS,W,26.658333333333335,6,7,0.857,0,0,0.0,2,2,1.0,0,7,7,2,3,0,0,0,5,1,14,10,22.4,0,0,23.0,1,1,1,1,7,8,26,8,1,1,1,16,20,1,45,6,25,6,5,12,33,1,52,32,10,13,23,9,1,16,1,26:40,1,2018-19
2018-19,1627826,Ivica Zubac,Ivica,1610612746,LAC,LA Clippers,0021801013,2019-03-12T00:00:00,LAC vs. POR,L,22.2,4,15,0.267,0,0,0.0,2,2,1.0,9,6,15,2,1,0,0,1,2,1,10,-9,30.0,1,0,27.0,1,33,33,33,14,16,2,48,1,1,1,16,20,1,1,14,2,6,20,12,33,33,19,32,17,49,9,1,1,8,1,22:12,1,2018-19
2018-19,1627826,Ivica Zubac,Ivica,1610612746,LAC,LA Clippers,0021801033,2019-03-15T00:00:00,LAC vs. CHI,W,23.55,4,8,0.5,0,0,0.0,1,1,1.0,4,3,7,2,0,0,0,1,5,2,9,3,20.4,0,0,18.0,1,1,1,1,9,16,17,31,1,1,1,28,35,1,5,35,25,6,39,12,33,33,52,19,25,19,29,9,1,31,2,23:33,1,2018-19
2018-19,1627826,Ivica Zubac,Ivica,1610612746,LAC,LA Clippers,0021801049,2019-03-17T00:00:00,LAC vs. BKN,W,13.983333333333333,1,9,0.111,0,0,0.0,1,2,0.5,7,1,8,2,2,0,2,2,2,3,3,-3,19.6,0,0,17.0,1,1,1,1,43,46,13,52,1,1,1,28,20,31,2,47,14,6,9,12,6,45,19,9,51,39,30,9,1,34,1,13:59,1,2018-19
2018-19,1627826,Ivica Zubac,Ivica,1610612746,LAC,LA Clippers,0021801064,2019-03-19T00:00:00,LAC vs. IND,W,18.733333333333334,4,6,0.667,0,0,0.0,4,4,1.0,4,5,9,1,5,0,0,1,1,2,12,3,19.3,0,0,22.0,1,1,1,1,32,16,29,20,1,1,1,6,7,1,5,21,10,17,1,12,33,33,14,19,13,19,32,9,1,19,1,18:44,1,2018-19
2018-19,1627826,Ivica Zubac,Ivica,1610612746,LAC,LA Clippers,0021801081,2019-03-22T00:00:00,LAC @ CLE,W,17.45,2,2,1.0,0,0,0.0,2,2,1.0,1,7,8,2,0,0,3,0,0,1,6,2,27.6,0,0,22.0,1,1,1,1,38,40,48,1,1,1,1,16,20,1,32,6,14,6,39,12,3,1,1,32,42,27,14,9,1,19,1,17:27,1,2018-19
2018-19,1627826,Ivica Zubac,Ivica,1610612746,LAC,LA Clippers,0021801095,2019-03-24T00:00:00,LAC @ NYK,W,19.916666666666668,4,5,0.8,0,0,0.0,2,2,1.0,3,7,10,1,0,0,1,0,2,2,10,-10,26.5,1,0,23.0,1,1,1,1,25,16,34,11,1,1,1,16,20,1,12,6,8,17,39,12,13,1,19,19,17,50,18,1,1,16,1,19:55,1,2018-19
2018-19,1627826,Ivica Zubac,Ivica,1610612746,LAC,LA Clippers,0021801112,2019-03-26T00:00:00,LAC @ MIN,W,20.73,4,5,0.8,0,0,0.0,0,0,0.0,2,4,6,2,2,1,0,0,4,0,8,3,19.2,0,0,18.0,1,1,1,1,21,16,34,11,1,1,1,40,41,40,19,27,31,6,9,3,33,1,49,47,28,19,33,9,1,31,1,20:44,1,2018-19
2018-19,1627826,Ivica Zubac,Ivica,1610612746,LAC,LA Clippers,0021801127,2019-03-28T00:00:00,LAC @ MIL,L,17.75,5,8,0.625,0,0,0.0,0,0,0.0,2,4,6,1,1,1,0,2,3,0,10,3,20.7,0,0,19.0,1,33,33,33,36,11,17,25,1,1,1,40,41,40,19,27,31,17,20,3,33,45,31,47,17,19,27,9,1,27,1,17:45,1,2018-19
2018-19,1627826,Ivica Zubac,Ivica,1610612746,LAC,LA Clippers,0021801136,2019-03-30T00:00:00,LAC vs. CLE,W,16.416666666666668,3,3,1.0,0,0,0.0,0,0,0.0,0,5,5,0,1,0,1,0,5,0,6,14,14.0,0,0,13.0,1,1,1,1,40,31,44,1,1,1,1,40,41,40,45,21,35,41,20,12,13,1,52,47,42,9,39,9,1,39,1,16:25,1,2018-19
2018-19,1627826,Ivica Zubac,Ivica,1610612746,LAC,LA Clippers,0021801151,2019-03-31T00:00:00,LAC vs. MEM,W,21.033333333333335,6,7,0.857,0,0,0.0,1,2,0.5,0,4,4,0,3,1,1,0,3,2,13,9,20.8,0,0,21.0,1,1,1,1,18,8,26,8,1,1,1,28,20,31,45,27,38,41,5,3,13,1,31,19,12,15,26,9,1,23,1,21:02,1,2018-19
2018-19,1627826,Ivica Zubac,Ivica,1610612746,LAC,LA Clippers,0021801176,2019-04-03T00:00:00,LAC vs. HOU,L,20.133333333333333,1,3,0.333,0,0,0.0,3,4,0.75,2,6,8,1,1,3,1,0,2,2,5,-8,27.1,0,0,22.0,1,33,33,33,24,46,44,44,1,1,1,8,7,22,19,14,14,17,20,1,13,1,19,19,46,47,16,9,1,19,1,20:08,1,2018-19
2018-19,1627826,Ivica Zubac,Ivica,1610612746,LAC,LA Clippers,0021801192,2019-04-05T00:00:00,LAC vs. LAL,L,18.888333333333332,5,8,0.625,0,0,0.0,1,1,1.0,1,7,8,0,1,0,1,1,0,3,11,4,22.6,0,0,21.0,1,33,33,33,31,11,17,25,1,1,1,28,35,1,32,6,14,41,20,12,13,33,1,9,15,18,22,9,1,23,1,18:53,1,2018-19
2018-19,1627826,Ivica Zubac,Ivica,1610612746,LAC,LA Clippers,0021801205,2019-04-07T00:00:00,LAC @ GSW,L,20.933333333333334,2,8,0.25,0,0,0.0,3,4,0.75,3,5,8,1,0,0,0,3,0,4,7,-25,18.1,0,0,16.0,1,33,33,33,19,40,17,49,1,1,1,8,7,22,12,21,14,17,39,12,33,55,1,5,32,58,35,9,1,37,1,20:56,1,2018-19
2018-19,1627826,Ivica Zubac,Ivica,1610612746,LAC,LA Clippers,0021801229,2019-04-10T00:00:00,LAC vs. UTA,W,29.783333333333335,10,13,0.769,0,0,0.0,2,2,1.0,4,7,11,2,3,0,3,1,2,1,22,0,44.2,1,0,41.0,1,1,1,1,5,2,4,16,1,1,1,16,20,1,5,6,4,6,5,12,3,33,19,32,3,30,2,1,1,2,1,29:47,1,2018-19
2019-20,1627826,Ivica Zubac,Ivica,1610612746,LAC,LA Clippers,0021900002,2019-10-22T00:00:00,LAC vs. LAL,W,9.64,4,4,1.0,0,0,0.0,0,0,0.0,1,0,1,0,0,0,0,0,2,0,8,-5,9.2,0,0,9.0,1,1,1,1,71,14,41,1,1,3,1,49,51,49,48,72,72,52,42,15,42,1,25,60,25,52,68,11,1,67,1,9:38,1,2019-20
2019-20,1627826,Ivica Zubac,Ivica,1610612746,LAC,LA Clippers,0021900016,2019-10-24T00:00:00,LAC @ GSW,W,17.866666666666667,4,5,0.8,0,0,0.0,8,9,0.889,1,9,10,1,1,0,2,0,2,5,16,22,34.5,1,0,31.0,1,1,1,1,39,14,33,19,1,3,1,1,1,20,48,3,15,24,14,15,6,1,25,1,4,5,4,1,1,5,1,17:52,1,2019-20
2019-20,1627826,Ivica Zubac,Ivica,1610612746,LAC,LA Clippers,0021900035,2019-10-26T00:00:00,LAC @ PHX,L,15.45,1,4,0.25,0,0,0.0,5,6,0.833,2,3,5,0,1,0,1,0,3,3,7,-12,15.0,0,0,14.0,1,50,50,50,57,61,41,64,1,3,1,3,5,22,36,51,47,52,14,15,16,1,42,9,37,67,56,11,1,53,1,15:27,1,2019-20
2019-20,1627826,Ivica Zubac,Ivica,1610612746,LAC,LA Clippers,0021900051,2019-10-28T00:00:00,LAC vs. CHA,W,20.041666666666668,3,5,0.6,0,0,0.0,1,1,1.0,2,4,6,1,4,0,5,1,2,1,7,21,26.7,0,0,24.0,1,1,1,1,27,29,33,37,1,3,1,33,47,1,36,38,44,24,1,15,1,49,25,35,37,6,19,11,1,17,1,20:03,1,2019-20
2019-20,1627826,Ivica Zubac,Ivica,1610612746,LAC,LA Clippers,0021900063,2019-10-30T00:00:00,LAC @ UTA,L,17.766666666666666,4,4,1.0,0,0,0.0,0,0,0.0,2,6,8,1,1,0,2,0,1,1,8,3,24.1,0,0,21.0,1,50,50,50,42,14,41,1,1,3,1,49,51,49,36,16,28,24,14,15,6,1,9,35,25,34,28,11,1,26,2,17:46,1,2019-20
2019-20,1627826,Ivica Zubac,Ivica,1610612746,LAC,LA Clippers,0021900068,2019-10-31T00:00:00,LAC vs. SAS,W,16.816666666666666,2,3,0.667,0,0,0.0,2,2,1.0,0,5,5,0,0,0,0,0,3,1,6,5,12.0,0,0,11.0,1,1,1,1,48,48,57,31,1,3,1,22,24,1,66,28,47,52,42,15,42,1,42,35,47,28,65,11,1,63,1,16:49,1,2019-20
2019-20,1627826,Ivica Zubac,Ivica,1610612746,LAC,LA Clippers,0021900090,2019-11-03T00:00:00,LAC vs. UTA,W,18.466666666666665,4,6,0.667,0,0,0.0,3,4,0.75,3,6,9,1,1,1,1,1,1,3,11,-13,28.3,0,0,25.0,1,1,1,1,36,14,23,31,1,3,1,12,12,28,24,16,22,24,14,3,16,49,9,9,15,68,17,11,1,14,1,18:28,1,2019-20
2019-20,1627826,Ivica Zubac,Ivica,1610612746,LAC,LA Clippers,0021900111,2019-11-06T00:00:00,LAC vs. MIL,L,8.535,3,4,0.75,0,0,0.0,2,2,1.0,2,2,4,0,0,0,0,1,3,1,8,-10,12.8,0,0,12.0,1,50,50,50,72,29,41,23,1,3,1,22,24,1,36,62,57,52,42,15,42,49,42,35,25,65,60,11,1,60,1,8:32,1,2019-20
2019-20,1627826,Ivica Zubac,Ivica,1610612746,LAC,LA Clippers,0021900115,2019-11-07T00:00:00,LAC vs. POR,W,19.965,7,12,0.583,0,0,0.0,1,2,0.5,9,4,13,1,0,1,2,2,1,1,15,-3,41.1,1,0,35.0,1,1,1,1,29,2,1,41,1,3,1,33,24,32,1,38,4,24,42,3,6,69,9,35,5,46,2,1,1,2,1,19:58,1,2019-20
2019-20,1627826,Ivica Zubac,Ivica,1610612746,LAC,LA Clippers,0021900145,2019-11-11T00:00:00,LAC vs. TOR,W,16.683333333333334,3,9,0.333,0,0,0.0,0,0,0.0,3,6,9,0,1,1,1,0,2,0,6,1,21.8,0,0,19.0,1,1,1,1,49,29,4,58,1,3,1,49,51,49,24,16,22,52,14,3,16,1,25,60,47,39,33,11,1,33,1,16:41,1,2019-20
2019-20,1627826,Ivica Zubac,Ivica,1610612746,LAC,LA Clippers,0021900157,2019-11-13T00:00:00,LAC @ HOU,L,10.266666666666667,3,7,0.429,0,0,0.0,1,2,0.5,1,3,4,2,0,0,0,1,0,2,7,-7,14.8,0,0,13.0,1,50,50,50,70,29,15,54,1,3,1,33,24,32,48,51,57,6,42,15,42,49,1,21,37,55,58,11,1,58,1,10:16,1,2019-20
2019-20,1627826,Ivica Zubac,Ivica,1610612746,LAC,LA Clippers,0021900164,2019-11-14T00:00:00,LAC @ NOP,L,11.583333333333334,3,4,0.75,0,0,0.0,0,0,0.0,2,3,5,1,0,0,1,0,1,0,6,0,16.5,0,0,14.0,1,50,50,50,68,29,41,23,1,3,1,49,51,49,36,51,47,24,42,15,16,1,9,60,47,41,50,11,1,53,1,11:35,1,2019-20
2019-20,1627826,Ivica Zubac,Ivica,1610612746,LAC,LA Clippers,0021900182,2019-11-16T00:00:00,LAC vs. ATL,W,17.016666666666666,3,4,0.75,0,0,0.0,1,1,1.0,1,8,9,4,2,0,4,1,6,1,7,17,33.8,0,0,28.0,1,1,1,1,46,29,41,23,1,3,1,33,47,1,48,5,22,1,6,15,2,49,71,35,37,10,7,11,1,9,1,17:01,1,2019-20
2019-20,1627826,Ivica Zubac,Ivica,1610612746,LAC,LA Clippers,0021900197,2019-11-18T00:00:00,LAC vs. OKC,W,20.366666666666667,4,8,0.5,0,1,0.0,4,4,1.0,4,6,10,1,2,0,0,1,1,2,12,-2,23.5,1,0,23.0,1,1,1,1,24,14,7,44,1,1,1,8,12,1,14,16,15,24,6,15,42,49,9,21,11,43,30,1,1,20,1,20:22,1,2019-20
2019-20,1627826,Ivica Zubac,Ivica,1610612746,LAC,LA Clippers,0021900212,2019-11-20T00:00:00,LAC vs. BOS,W,21.511666666666667,1,3,0.333,0,0,0.0,3,6,0.5,3,4,7,1,1,0,2,0,1,5,5,8,19.9,0,0,17.0,1,1,1,1,16,61,57,58,1,3,1,12,5,32,24,38,39,24,14,15,6,1,9,1,57,24,39,11,1,42,1,21:31,1,2019-20
2019-20,1627826,Ivica Zubac,Ivica,1610612746,LAC,LA Clippers,0021900224,2019-11-22T00:00:00,LAC vs. HOU,W,13.05,4,4,1.0,0,0,0.0,0,0,0.0,2,3,5,2,1,0,0,0,4,1,8,4,16.0,0,0,15.0,1,1,1,1,66,14,41,1,1,3,1,49,51,49,36,51,47,6,14,15,42,1,56,35,25,33,52,11,1,49,1,13:03,1,2019-20
2019-20,1627826,Ivica Zubac,Ivica,1610612746,LAC,LA Clippers,0021900239,2019-11-24T00:00:00,LAC vs. NOP,W,17.25,2,6,0.333,0,0,0.0,1,2,0.5,5,5,10,0,1,0,0,0,6,1,5,-9,16.0,0,0,15.0,1,1,1,1,43,48,23,58,1,3,1,33,24,32,8,28,15,52,14,15,42,1,71,35,57,61,52,11,1,49,1,17:15,1,2019-20
2019-20,1627826,Ivica Zubac,Ivica,1610612746,LAC,LA Clippers,0021900251,2019-11-26T00:00:00,LAC @ DAL,W,17.866666666666667,4,7,0.571,0,0,0.0,3,3,1.0,3,4,7,0,0,0,0,1,5,2,11,3,19.4,0,0,18.0,1,1,1,1,39,14,15,42,1,3,1,12,19,1,24,38,39,52,42,15,42,49,67,21,15,34,43,11,1,38,1,17:52,1,2019-20
2019-20,1627826,Ivica Zubac,Ivica,1610612746,LAC,LA Clippers,0021900260,2019-11-27T00:00:00,LAC @ MEM,W,15.553333333333333,5,6,0.833,0,0,0.0,0,0,0.0,1,1,2,0,0,1,1,0,1,0,10,-9,18.4,0,0,16.0,1,1,1,1,56,10,23,17,1,3,1,49,51,49,48,69,70,52,42,3,16,1,9,60,19,61,45,11,1,46,1,15:33,1,2019-20
2019-20,1627826,Ivica Zubac,Ivica,1610612746,LAC,LA Clippers,0021900276,2019-11-29T00:00:00,LAC @ SAS,L,17.2,3,5,0.6,0,0,0.0,2,2,1.0,1,4,5,1,0,0,0,0,4,1,8,6,15.5,0,0,14.0,1,50,50,50,44,29,33,37,1,3,1,22,24,1,48,38,47,24,42,15,42,1,56,35,25,27,54,11,1,53,1,17:12,1,2019-20
2019-20,1627826,Ivica Zubac,Ivica,1610612746,LAC,LA Clippers,0021900292,2019-12-01T00:00:00,LAC vs. WAS,W,15.566666666666666,0,1,0.0,0,0,0.0,2,2,1.0,0,4,4,1,3,0,0,0,4,1,2,1,5.3,0,0,7.0,1,1,1,1,54,72,72,72,1,3,1,22,24,1,66,38,57,24,3,15,42,1,56,35,71,39,72,11,1,69,1,15:34,1,2019-20
2019-20,1627826,Ivica Zubac,Ivica,1610612746,LAC,LA Clippers,0021900305,2019-12-03T00:00:00,LAC vs. POR,W,14.216666666666667,1,4,0.25,0,0,0.0,2,2,1.0,0,3,3,0,1,0,2,1,3,1,4,5,12.6,0,0,11.0,1,1,1,1,63,61,41,64,1,3,1,22,24,1,66,51,64,52,14,15,6,49,42,35,62,28,62,11,1,63,1,14:13,1,2019-20
2019-20,1627826,Ivica Zubac,Ivica,1610612746,LAC,LA Clippers,0021900327,2019-12-06T00:00:00,LAC @ MIL,L,24.433333333333334,6,10,0.6,0,1,0.0,2,2,1.0,6,6,12,2,1,0,0,1,0,3,14,-2,30.4,1,0,28.0,1,50,50,50,6,6,2,37,1,1,1,22,24,1,4,16,6,6,14,15,42,49,1,9,9,43,13,1,1,9,1,24:26,1,2019-20
2019-20,1627826,Ivica Zubac,Ivica,1610612746,LAC,LA Clippers,0021900339,2019-12-08T00:00:00,LAC @ WAS,W,20.93,1,4,0.25,0,0,0.0,5,6,0.833,3,2,5,1,1,0,2,0,2,5,7,16,19.5,0,0,17.0,1,1,1,1,20,61,41,64,1,3,1,3,5,22,24,62,47,24,14,15,6,1,25,1,37,11,42,11,1,42,1,20:56,1,2019-20
2019-20,1627826,Ivica Zubac,Ivica,1610612746,LAC,LA Clippers,0021900343,2019-12-09T00:00:00,LAC @ IND,W,20.85,5,7,0.714,0,0,0.0,3,3,1.0,3,5,8,2,0,0,1,0,0,2,13,11,28.6,0,0,25.0,1,1,1,1,22,10,15,29,1,3,1,12,19,1,24,28,28,6,42,15,16,1,1,21,10,20,16,11,1,14,1,20:51,1,2019-20
2019-20,1627826,Ivica Zubac,Ivica,1610612746,LAC,LA Clippers,0021900359,2019-12-11T00:00:00,LAC @ TOR,W,15.65,3,6,0.5,0,0,0.0,1,2,0.5,4,4,8,1,2,1,2,0,4,1,7,-4,25.1,0,0,22.0,1,1,1,1,53,29,23,44,1,3,1,33,24,32,14,38,28,24,6,3,6,1,56,35,37,48,23,11,1,22,1,15:39,1,2019-20
2019-20,1627826,Ivica Zubac,Ivica,1610612746,LAC,LA Clippers,0021900377,2019-12-13T00:00:00,LAC @ MIN,W,16.466666666666665,2,2,1.0,0,0,0.0,1,2,0.5,0,7,7,0,0,0,1,0,2,1,5,23,16.4,0,0,14.0,1,1,1,1,51,48,68,1,1,3,1,33,24,32,66,11,39,52,42,15,16,1,25,35,57,2,51,11,1,53,1,16:28,1,2019-20
2019-20,1627826,Ivica Zubac,Ivica,1610612746,LAC,LA Clippers,0021900382,2019-12-14T00:00:00,LAC @ CHI,L,15.12,2,6,0.333,0,0,0.0,0,2,0.0,0,3,3,0,1,0,0,2,3,1,4,-18,6.6,0,0,7.0,1,50,50,50,61,48,23,58,1,3,1,49,24,49,66,51,64,52,14,15,42,69,42,35,62,72,69,11,1,69,1,15:07,1,2019-20
2019-20,1627826,Ivica Zubac,Ivica,1610612746,LAC,LA Clippers,0021900406,2019-12-17T00:00:00,LAC vs. PHX,W,22.083333333333332,5,7,0.714,0,0,0.0,2,4,0.5,2,2,4,0,0,0,0,1,3,3,12,12,16.8,0,0,16.0,1,1,1,1,12,10,15,29,1,3,1,22,12,32,36,62,57,52,42,15,42,49,42,9,11,18,49,11,1,46,1,22:05,1,2019-20
2019-20,1627826,Ivica Zubac,Ivica,1610612746,LAC,LA Clippers,0021900419,2019-12-19T00:00:00,LAC vs. HOU,L,15.05,1,5,0.2,0,0,0.0,1,2,0.5,1,2,3,1,2,0,0,1,0,1,3,-7,6.1,0,0,7.0,1,50,50,50,62,61,33,69,1,3,1,33,24,32,48,62,64,24,6,15,42,49,1,35,69,55,71,11,1,69,1,15:03,1,2019-20
2019-20,1627826,Ivica Zubac,Ivica,1610612746,LAC,LA Clippers,0021900436,2019-12-21T00:00:00,LAC @ SAS,W,21.433333333333334,7,7,1.0,0,0,0.0,1,3,0.333,3,2,5,2,1,1,0,0,4,2,15,14,26.0,0,0,24.0,1,1,1,1,17,2,15,1,1,3,1,33,19,48,24,62,47,6,14,3,42,1,56,21,5,12,22,11,1,17,1,21:26,1,2019-20
2019-20,1627826,Ivica Zubac,Ivica,1610612746,LAC,LA Clippers,0021900442,2019-12-22T00:00:00,LAC @ OKC,L,18.243333333333332,3,4,0.75,0,0,0.0,1,1,1.0,1,7,8,2,3,1,0,0,2,1,7,-7,19.6,0,0,19.0,1,50,50,50,38,29,41,23,1,3,1,33,47,1,48,11,28,6,3,3,42,1,25,35,37,55,40,11,1,33,1,18:15,1,2019-20
2019-20,1627826,Ivica Zubac,Ivica,1610612746,LAC,LA Clippers,0021900458,2019-12-25T00:00:00,LAC @ LAL,W,16.65,4,8,0.5,0,0,0.0,3,7,0.429,3,5,8,1,0,0,0,2,2,4,11,2,22.1,0,0,20.0,1,1,1,1,50,14,7,44,1,3,1,12,4,47,24,28,28,24,42,15,42,69,25,6,15,37,31,11,1,30,1,16:39,1,2019-20
2019-20,1627826,Ivica Zubac,Ivica,1610612746,LAC,LA Clippers,0021900485,2019-12-28T00:00:00,LAC vs. UTA,L,27.758333333333333,4,7,0.571,0,0,0.0,7,8,0.875,9,3,12,2,1,0,1,0,4,4,15,-11,34.4,1,0,31.0,1,50,50,50,1,14,15,42,1,3,1,2,2,21,1,51,6,6,14,15,16,1,56,6,5,66,5,1,1,5,1,27:46,1,2019-20
2019-20,1627826,Ivica Zubac,Ivica,1610612746,LAC,LA Clippers,0021900499,2019-12-31T00:00:00,LAC @ SAC,W,22.966666666666665,4,8,0.5,0,0,0.0,0,0,0.0,5,8,13,0,2,0,1,1,2,0,8,11,24.6,0,0,23.0,1,1,1,1,10,14,7,44,1,3,1,49,51,49,8,5,4,52,6,15,16,49,25,60,25,20,24,11,1,20,1,22:58,1,2019-20
2019-20,1627826,Ivica Zubac,Ivica,1610612746,LAC,LA Clippers,0021900516,2020-01-02T00:00:00,LAC vs. DET,W,18.463333333333335,4,5,0.8,0,0,0.0,0,0,0.0,0,5,5,1,1,0,4,1,3,1,8,19,26.5,0,0,22.0,1,1,1,1,37,14,33,19,1,3,1,49,51,49,66,28,47,24,14,15,2,49,42,35,25,8,20,11,1,22,1,18:28,1,2019-20
2019-20,1627826,Ivica Zubac,Ivica,1610612746,LAC,LA Clippers,0021900523,2020-01-04T00:00:00,LAC vs. MEM,L,17.083333333333332,4,6,0.667,0,0,0.0,0,0,0.0,5,6,11,0,0,0,0,1,1,0,8,-14,21.2,0,0,19.0,1,50,50,50,45,14,23,31,1,3,1,49,51,49,8,16,13,52,42,15,42,49,9,60,25,71,35,11,1,33,1,17:05,1,2019-20
2019-20,1627826,Ivica Zubac,Ivica,1610612746,LAC,LA Clippers,0021900534,2020-01-05T00:00:00,LAC vs. NYK,W,12.076666666666666,2,3,0.667,0,0,0.0,0,0,0.0,1,1,2,0,0,0,0,0,1,0,4,-8,6.4,0,0,6.0,1,1,1,1,67,48,57,31,1,3,1,49,51,49,48,69,70,52,42,15,42,1,9,60,62,60,70,11,1,72,1,12:05,1,2019-20
2019-20,1627826,Ivica Zubac,Ivica,1610612746,LAC,LA Clippers,0021900576,2020-01-10T00:00:00,LAC vs. GSW,W,15.2,2,4,0.5,0,0,0.0,0,0,0.0,3,5,8,1,1,0,0,0,3,2,4,-1,14.1,0,0,13.0,1,1,1,1,60,48,41,44,1,3,1,49,51,49,24,28,28,24,14,15,42,1,42,21,62,42,59,11,1,58,1,15:12,1,2019-20
2019-20,1627826,Ivica Zubac,Ivica,1610612746,LAC,LA Clippers,0021900589,2020-01-12T00:00:00,LAC @ DEN,L,17.855,3,3,1.0,0,0,0.0,0,0,0.0,1,8,9,1,0,0,1,0,3,1,6,-4,21.3,0,0,18.0,1,50,50,50,41,29,57,1,1,3,1,49,51,49,48,5,22,24,42,15,16,1,42,35,47,48,34,11,1,38,1,17:51,1,2019-20
2019-20,1627826,Ivica Zubac,Ivica,1610612746,LAC,LA Clippers,0021900603,2020-01-14T00:00:00,LAC vs. CLE,W,24.65,6,8,0.75,0,0,0.0,0,0,0.0,5,5,10,2,1,0,4,0,0,2,12,23,38.0,1,0,32.0,1,1,1,1,2,6,7,23,1,3,1,49,51,49,8,28,15,6,14,15,2,1,1,21,11,2,3,1,1,3,1,24:39,1,2019-20
2019-20,1627826,Ivica Zubac,Ivica,1610612746,LAC,LA Clippers,0021900618,2020-01-16T00:00:00,LAC vs. ORL,W,21.618333333333332,4,4,1.0,0,0,0.0,0,0,0.0,2,6,8,1,0,0,1,0,2,0,8,10,22.1,0,0,19.0,1,1,1,1,15,14,41,1,1,3,1,49,51,49,36,16,28,24,42,15,16,1,25,60,25,22,31,11,1,33,1,21:37,1,2019-20
2019-20,1627826,Ivica Zubac,Ivica,1610612746,LAC,LA Clippers,0021900626,2020-01-18T00:00:00,LAC @ NOP,W,15.566666666666666,1,5,0.2,0,0,0.0,1,2,0.5,2,1,3,2,0,0,0,1,3,1,3,-7,9.6,0,0,8.0,1,1,1,1,54,61,33,69,1,3,1,33,24,32,36,69,64,6,42,15,42,49,42,35,69,55,67,11,1,68,1,15:34,1,2019-20
2019-20,1627826,Ivica Zubac,Ivica,1610612746,LAC,LA Clippers,0021900653,2020-01-21T00:00:00,LAC @ DAL,W,18.80666666666667,2,8,0.25,0,0,0.0,5,6,0.833,3,6,9,1,0,1,0,2,1,3,9,12,24.3,0,0,21.0,1,1,1,1,34,48,7,64,1,3,1,3,5,22,24,16,22,24,42,3,42,69,9,9,21,18,27,11,1,26,1,18:48,1,2019-20
2019-20,1627826,Ivica Zubac,Ivica,1610612746,LAC,LA Clippers,0021900656,2020-01-22T00:00:00,LAC @ ATL,L,15.3,5,6,0.833,0,0,0.0,1,2,0.5,2,4,6,2,0,0,0,0,1,1,11,2,21.2,0,0,19.0,1,50,50,50,59,10,23,17,1,3,1,33,24,32,36,38,44,6,42,15,42,1,9,35,15,37,35,11,1,33,1,15:18,1,2019-20
2019-20,1627826,Ivica Zubac,Ivica,1610612746,LAC,LA Clippers,0021900673,2020-01-24T00:00:00,LAC @ MIA,W,18.701666666666668,2,7,0.286,0,0,0.0,0,0,0.0,4,4,8,2,0,0,1,0,0,1,4,-7,19.6,0,0,16.0,1,1,1,1,35,48,15,63,1,3,1,49,51,49,14,38,28,6,42,15,16,1,1,35,62,55,40,11,1,46,1,18:42,1,2019-20
2019-20,1627826,Ivica Zubac,Ivica,1610612746,LAC,LA Clippers,0021900689,2020-01-26T00:00:00,LAC @ ORL,W,21.266666666666666,3,4,0.75,0,0,0.0,0,0,0.0,4,7,11,1,3,0,1,0,4,0,6,20,20.7,0,0,20.0,1,1,1,1,18,29,41,23,1,3,1,49,51,49,14,11,13,24,3,15,16,1,56,60,47,7,38,11,1,30,1,21:16,1,2019-20
2019-20,1627826,Ivica Zubac,Ivica,1610612746,LAC,LA Clippers,0021900719,2020-01-30T00:00:00,LAC vs. SAC,L,21.72833333333333,1,7,0.143,0,0,0.0,3,4,0.75,4,6,10,3,1,1,1,1,2,2,5,-3,26.5,0,0,22.0,1,50,50,50,14,61,15,71,1,3,1,12,12,28,14,16,15,4,14,3,16,49,25,21,57,46,20,11,1,22,1,21:44,1,2019-20
2019-20,1627826,Ivica Zubac,Ivica,1610612746,LAC,LA Clippers,0021900727,2020-02-01T00:00:00,LAC vs. MIN,W,19.416666666666668,2,4,0.5,0,0,0.0,2,2,1.0,6,4,10,1,1,0,2,0,5,2,6,-2,24.5,0,0,21.0,1,1,1,1,31,48,41,44,1,3,1,22,24,1,4,38,15,24,14,15,6,1,67,21,47,43,26,11,1,26,1,19:25,1,2019-20
2019-20,1627826,Ivica Zubac,Ivica,1610612746,LAC,LA Clippers,0021900750,2020-02-03T00:00:00,LAC vs. SAS,W,23.033333333333335,3,5,0.6,0,0,0.0,3,4,0.75,2,6,8,0,1,0,0,1,3,3,9,5,17.6,0,0,17.0,1,1,1,1,9,29,33,37,1,3,1,12,12,28,36,16,28,52,14,15,42,49,42,9,21,28,48,11,1,42,1,23:02,1,2019-20
2019-20,1627826,Ivica Zubac,Ivica,1610612746,LAC,LA Clippers,0021900763,2020-02-05T00:00:00,LAC vs. MIA,W,21.9,6,6,1.0,0,0,0.0,0,1,0.0,1,7,8,0,0,1,3,0,0,2,12,14,33.6,0,0,28.0,1,1,1,1,13,6,23,1,1,3,1,49,47,49,48,11,28,52,42,3,5,1,1,21,11,12,8,11,1,9,1,21:54,1,2019-20
2019-20,1627826,Ivica Zubac,Ivica,1610612746,LAC,LA Clippers,0021900782,2020-02-08T00:00:00,LAC @ MIN,L,16.383333333333333,3,3,1.0,0,0,0.0,1,2,0.5,3,4,7,1,2,0,0,0,3,1,7,-13,14.9,0,0,15.0,1,50,50,50,52,29,57,1,1,3,1,33,24,32,24,38,39,24,6,15,42,1,42,35,37,68,57,11,1,49,1,16:23,1,2019-20
2019-20,1627826,Ivica Zubac,Ivica,1610612746,LAC,LA Clippers,0021900791,2020-02-09T00:00:00,LAC @ CLE,W,16.833333333333332,4,4,1.0,0,0,0.0,0,0,0.0,0,4,4,4,0,1,2,0,4,0,8,14,27.8,0,0,22.0,1,1,1,1,47,14,41,1,1,3,1,49,51,49,66,38,57,1,42,3,6,1,56,60,25,12,18,11,1,22,1,16:50,1,2019-20
2019-20,1627826,Ivica Zubac,Ivica,1610612746,LAC,LA Clippers,0021900802,2020-02-11T00:00:00,LAC @ PHI,L,20.2,3,3,1.0,0,0,0.0,1,2,0.5,3,5,8,2,1,0,2,0,5,1,7,-4,24.6,0,0,21.0,1,50,50,50,26,29,57,1,1,3,1,33,24,32,24,28,28,6,14,15,6,1,67,35,37,48,24,11,1,26,1,20:12,1,2019-20
2019-20,1627826,Ivica Zubac,Ivica,1610612746,LAC,LA Clippers,0021900818,2020-02-13T00:00:00,LAC @ BOS,L,13.516666666666667,2,3,0.667,0,0,0.0,3,3,1.0,1,3,4,1,1,0,1,0,2,2,7,-13,15.3,0,0,14.0,1,50,50,50,65,48,57,31,1,3,1,12,19,1,48,51,57,24,14,15,16,1,25,21,37,68,55,11,1,53,1,13:31,1,2019-20
2019-20,1627826,Ivica Zubac,Ivica,1610612746,LAC,LA Clippers,0021900835,2020-02-22T00:00:00,LAC vs. SAC,L,20.233333333333334,3,8,0.375,0,0,0.0,2,2,1.0,7,8,15,2,1,0,1,0,2,1,8,-5,31.0,0,0,27.0,1,50,50,50,25,29,7,56,1,3,1,22,24,1,3,5,1,6,14,15,16,1,25,35,25,52,12,11,1,12,1,20:14,1,2019-20
2019-20,1627826,Ivica Zubac,Ivica,1610612746,LAC,LA Clippers,0021900856,2020-02-24T00:00:00,LAC vs. MEM,W,20.921666666666667,3,8,0.375,0,0,0.0,0,0,0.0,4,6,10,2,0,0,0,1,2,0,6,10,21.0,0,0,18.0,1,1,1,1,21,29,7,56,1,3,1,49,51,49,14,16,15,6,42,15,42,49,25,60,47,22,37,11,1,38,1,20:55,1,2019-20
2019-20,1627826,Ivica Zubac,Ivica,1610612746,LAC,LA Clippers,0021900871,2020-02-26T00:00:00,LAC @ PHX,W,20.013333333333332,3,6,0.5,0,0,0.0,0,0,0.0,2,3,5,1,1,0,0,1,2,0,6,5,12.5,0,0,12.0,1,1,1,1,28,29,23,44,1,3,1,49,51,49,36,51,47,24,14,15,42,49,25,60,47,28,64,11,1,60,1,20:01,1,2019-20
2019-20,1627826,Ivica Zubac,Ivica,1610612746,LAC,LA Clippers,0021900886,2020-02-28T00:00:00,LAC vs. DEN,W,22.511666666666667,3,3,1.0,0,0,0.0,4,4,1.0,1,5,6,1,1,0,0,0,2,2,10,13,17.7,0,0,17.0,1,1,1,1,11,29,57,1,1,3,1,8,12,1,48,28,44,24,14,15,42,1,25,21,19,16,47,11,1,42,1,22:31,1,2019-20
2019-20,1627826,Ivica Zubac,Ivica,1610612746,LAC,LA Clippers,0021900897,2020-03-01T00:00:00,LAC vs. PHI,W,19.383333333333333,2,2,1.0,0,0,0.0,0,0,0.0,1,2,3,2,1,0,1,0,2,0,4,3,12.6,0,0,11.0,1,1,1,1,32,48,68,1,1,3,1,49,51,49,48,62,64,6,14,15,16,1,25,60,62,34,62,11,1,63,1,19:23,1,2019-20
2019-20,1627826,Ivica Zubac,Ivica,1610612746,LAC,LA Clippers,0021900912,2020-03-03T00:00:00,LAC @ OKC,W,19.275,3,3,1.0,0,0,0.0,3,3,1.0,1,4,5,2,0,2,0,0,1,3,9,14,24.0,0,0,20.0,1,1,1,1,33,29,57,1,1,3,1,12,19,1,48,38,47,6,42,1,42,1,9,9,21,12,29,11,1,30,1,19:17,1,2019-20
2019-20,1627826,Ivica Zubac,Ivica,1610612746,LAC,LA Clippers,0021900927,2020-03-05T00:00:00,LAC @ HOU,W,20.45,6,6,1.0,0,0,0.0,5,6,0.833,1,11,12,0,0,0,1,0,1,4,17,23,34.4,1,0,31.0,1,1,1,1,23,6,23,1,1,3,1,3,5,22,48,1,6,52,42,15,16,1,9,6,3,2,5,1,1,5,1,20:27,1,2019-20
2019-20,1627826,Ivica Zubac,Ivica,1610612746,LAC,LA Clippers,0021900948,2020-03-08T00:00:00,LAC vs. LAL,L,13.833333333333334,1,4,0.25,0,0,0.0,3,4,0.75,4,3,7,1,0,0,1,0,4,3,5,-9,17.9,0,0,15.0,1,50,50,50,64,61,41,64,1,3,1,12,12,28,14,51,39,24,42,15,16,1,56,9,57,61,46,11,1,49,1,13:50,1,2019-20
2019-20,1627826,Ivica Zubac,Ivica,1610612746,LAC,LA Clippers,0021900967,2020-03-10T00:00:00,LAC @ GSW,W,19.833333333333332,1,2,0.5,0,0,0.0,2,2,1.0,5,7,12,0,2,0,1,0,0,2,4,19,19.4,0,0,18.0,1,1,1,1,30,61,68,44,1,3,1,22,24,1,8,11,6,52,6,15,16,1,1,21,62,8,43,11,1,38,1,19:50,1,2019-20
2019-20,1627826,Ivica Zubac,Ivica,1610612746,LAC,LA Clippers,0021901232,2020-07-30T00:00:00,LAC @ LAL,L,15.333333333333334,1,3,0.333,0,0,0.0,0,0,0.0,1,2,3,1,2,1,1,0,4,5,2,-5,11.1,0,0,10.0,1,50,50,50,58,61,57,58,1,3,1,49,51,49,48,62,64,24,6,3,16,1,56,1,71,52,66,11,1,66,1,15:20,1,2019-20
2019-20,1627826,Ivica Zubac,Ivica,1610612746,LAC,LA Clippers,0021901241,2020-08-01T00:00:00,LAC vs. NOP,W,24.315,1,2,0.5,0,0,0.0,4,8,0.5,4,5,9,3,1,2,1,0,4,5,6,33,29.3,0,0,24.0,1,1,1,1,7,61,68,44,1,3,1,8,2,32,14,28,22,4,14,1,16,1,56,1,47,1,15,11,1,17,1,24:19,1,2019-20
2019-20,1627826,Ivica Zubac,Ivica,1610612746,LAC,LA Clippers,0021901258,2020-08-04T00:00:00,LAC vs. PHX,L,24.641666666666666,7,9,0.778,0,0,0.0,4,5,0.8,4,8,12,0,4,0,1,0,5,3,18,13,31.4,1,0,32.0,1,50,50,50,3,2,4,21,1,3,1,8,11,27,14,5,6,52,1,15,16,1,67,9,2,16,11,1,1,3,1,24:39,1,2019-20
2019-20,1627826,Ivica Zubac,Ivica,1610612746,LAC,LA Clippers,0021901271,2020-08-06T00:00:00,LAC @ DAL,W,24.3,10,10,1.0,0,0,0.0,1,2,0.5,6,9,15,1,0,0,1,0,1,3,21,8,43.5,1,0,39.0,1,1,1,1,8,1,2,1,1,3,1,33,24,32,4,3,1,24,42,15,16,1,9,9,1,24,1,1,1,1,1,24:18,1,2019-20
2019-20,1627826,Ivica Zubac,Ivica,1610612746,LAC,LA Clippers,0021901280,2020-08-08T00:00:00,LAC @ POR,W,24.516666666666666,2,5,0.4,0,0,0.0,5,6,0.833,6,6,12,4,0,0,0,0,1,3,9,-4,29.4,0,0,25.0,1,1,1,1,5,48,33,55,1,3,1,3,5,22,4,16,6,1,42,15,42,1,9,9,21,48,14,11,1,14,1,24:31,1,2019-20
2019-20,1627826,Ivica Zubac,Ivica,1610612746,LAC,LA Clippers,0021901291,2020-08-09T00:00:00,LAC vs. BKN,L,24.55666666666667,4,8,0.5,0,0,0.0,0,0,0.0,5,10,15,2,0,0,1,1,3,1,8,-9,32.0,0,0,27.0,1,50,50,50,4,14,7,44,1,3,1,49,51,49,8,2,1,6,42,15,16,49,42,35,25,61,10,11,1,12,1,24:33,1,2019-20
2019-20,1627826,Ivica Zubac,Ivica,1610612746,LAC,LA Clippers,0021901307,2020-08-12T00:00:00,LAC @ DEN,W,21.266666666666666,7,9,0.778,0,0,0.0,1,2,0.5,4,8,12,2,0,0,0,0,3,2,15,5,32.4,1,0,29.0,1,1,1,1,18,2,4,21,1,3,1,33,24,32,14,5,6,6,42,15,42,1,42,21,5,28,9,1,1,8,1,21:16,1,2019-20
2019-20,1627826,Ivica Zubac,Ivica,1610612746,LAC,LA Clippers,0021901317,2020-08-14T00:00:00,LAC vs. OKC,W,10.7,2,3,0.667,0,0,0.0,2,2,1.0,1,3,4,0,1,0,1,0,1,3,6,8,12.8,0,0,12.0,1,1,1,1,69,48,57,31,1,3,1,22,24,1,48,51,57,52,14,15,16,1,9,9,47,24,60,11,1,60,1,10:42,1,2019-20
2020-21,1627826,Ivica Zubac,Ivica,1610612746,LAC,LA Clippers,0022000002,2020-12-22T00:00:00,LAC @ LAL,W,26.516666666666666,4,5,0.8,0,0,0.0,3,4,0.75,3,3,6,1,1,1,1,0,4,2,11,17,24.7,0,0,22.0,1,1,1,1,20,26,34,19,2,5,2,15,10,25,19,50,45,22,28,5,18,1,55,27,26,9,27,14,1,26,1,26:31,1,2020-21
2020-21,1627826,Ivica Zubac,Ivica,1610612746,LAC,LA Clippers,0022000009,2020-12-25T00:00:00,LAC @ DEN,W,19.083333333333332,2,2,1.0,0,0,0.0,8,11,0.727,0,0,0,0,2,0,1,0,4,8,12,9,13.0,0,0,14.0,1,1,1,1,49,49,62,1,2,5,2,1,1,34,68,68,70,55,4,20,18,1,55,1,18,23,59,14,1,54,1,19:05,1,2020-21
2020-21,1627826,Ivica Zubac,Ivica,1610612746,LAC,LA Clippers,0022000031,2020-12-27T00:00:00,LAC vs. DAL,L,16.466666666666665,3,4,0.75,0,0,0.0,4,4,1.0,1,1,2,0,0,0,0,0,1,2,10,-33,12.4,0,0,12.0,1,48,48,48,57,33,46,23,2,5,2,6,10,1,50,65,66,55,52,20,40,1,6,27,29,72,63,14,1,59,1,16:28,1,2020-21
2020-21,1627826,Ivica Zubac,Ivica,1610612746,LAC,LA Clippers,0022000054,2020-12-29T00:00:00,LAC vs. MIN,W,18.5,5,7,0.714,0,0,0.0,2,2,1.0,2,2,4,1,0,0,3,2,0,2,12,12,27.3,0,0,23.0,1,1,1,1,52,13,16,29,2,5,2,26,28,1,35,57,59,22,52,20,2,65,1,27,18,15,18,14,1,22,1,18:30,1,2020-21
2020-21,1627826,Ivica Zubac,Ivica,1610612746,LAC,LA Clippers,0022000061,2020-12-30T00:00:00,LAC vs. POR,W,15.2,2,2,1.0,0,0,0.0,3,4,0.75,2,0,2,2,2,2,3,0,3,2,7,7,25.4,0,0,21.0,1,1,1,1,64,49,62,1,2,5,2,15,10,25,35,68,66,10,4,2,2,1,34,27,45,27,25,14,1,31,1,15:12,1,2020-21
2020-21,1627826,Ivica Zubac,Ivica,1610612746,LAC,LA Clippers,0022000077,2021-01-01T00:00:00,LAC @ UTA,L,14.415,5,8,0.625,0,0,0.0,2,2,1.0,1,1,2,0,0,0,0,1,1,1,12,-8,14.4,0,0,14.0,1,48,48,48,68,13,12,43,2,5,2,26,28,1,50,65,66,55,52,20,40,38,6,49,18,57,58,14,1,54,1,14:25,1,2020-21
2020-21,1627826,Ivica Zubac,Ivica,1610612746,LAC,LA Clippers,0022000091,2021-01-03T00:00:00,LAC @ PHX,W,23.1,2,3,0.667,0,0,0.0,0,0,0.0,2,2,4,4,0,0,0,0,3,2,4,12,14.8,0,0,12.0,1,1,1,1,33,49,55,34,2,5,2,47,48,47,35,57,59,2,52,20,40,1,34,27,58,15,56,14,1,59,1,23:06,1,2020-21
2020-21,1627826,Ivica Zubac,Ivica,1610612746,LAC,LA Clippers,0022000105,2021-01-05T00:00:00,LAC vs. SAS,L,18.69333333333333,1,1,1.0,0,0,0.0,0,0,0.0,1,7,8,0,2,1,0,0,0,0,2,-18,12.6,0,0,12.0,1,48,48,48,51,60,70,1,2,5,2,47,48,47,50,8,21,55,4,5,40,1,1,62,68,68,61,14,1,59,1,18:42,1,2020-21
2020-21,1627826,Ivica Zubac,Ivica,1610612746,LAC,LA Clippers,0022000116,2021-01-06T00:00:00,LAC @ GSW,W,9.995,2,2,1.0,0,0,0.0,0,0,0.0,1,5,6,0,1,0,0,0,5,0,4,0,10.2,0,0,10.0,1,1,1,1,70,49,62,1,2,5,2,47,48,47,50,26,45,55,28,20,40,1,67,62,58,42,67,14,1,66,1,9:60,1,2020-21
2020-21,1627826,Ivica Zubac,Ivica,1610612746,LAC,LA Clippers,0022000130,2021-01-08T00:00:00,LAC @ GSW,L,16.933333333333334,1,4,0.25,0,0,0.0,0,0,0.0,1,3,4,1,3,0,1,0,2,2,2,-26,8.3,0,0,9.0,1,48,48,48,56,60,46,68,2,5,2,47,48,47,50,50,59,22,1,20,18,1,16,27,68,71,68,14,1,68,1,16:56,1,2020-21
2020-21,1627826,Ivica Zubac,Ivica,1610612746,LAC,LA Clippers,0022000142,2021-01-10T00:00:00,LAC vs. CHI,W,15.548333333333334,2,6,0.333,0,0,0.0,1,2,0.5,5,2,7,1,0,1,1,2,2,2,5,6,20.9,0,0,17.0,1,1,1,1,63,49,24,63,2,5,2,39,28,37,7,57,32,22,52,5,18,65,16,27,56,29,40,14,1,45,1,15:33,1,2020-21
2020-21,1627826,Ivica Zubac,Ivica,1610612746,LAC,LA Clippers,0022000172,2021-01-13T00:00:00,LAC vs. NOP,W,21.8,3,3,1.0,0,0,0.0,3,4,0.75,1,6,7,1,1,0,0,0,3,2,9,3,17.9,0,0,17.0,1,1,1,1,37,33,55,1,2,5,2,15,10,25,50,18,32,22,28,20,40,1,34,27,36,37,50,14,1,45,1,21:48,1,2020-21
2020-21,1627826,Ivica Zubac,Ivica,1610612746,LAC,LA Clippers,0022000188,2021-01-15T00:00:00,LAC @ SAC,W,20.935,3,5,0.6,0,0,0.0,0,0,0.0,1,6,7,1,1,1,1,0,2,1,6,11,20.9,0,0,18.0,1,1,1,1,41,33,34,44,2,5,2,47,48,47,50,18,32,22,28,5,18,1,16,49,49,20,40,14,1,40,1,20:56,1,2020-21
2020-21,1627826,Ivica Zubac,Ivica,1610612746,LAC,LA Clippers,0022000202,2021-01-17T00:00:00,LAC vs. IND,W,16.183333333333334,3,3,1.0,0,0,0.0,0,0,0.0,1,5,6,2,1,1,1,0,4,2,6,-6,21.2,0,0,18.0,1,1,1,1,60,33,55,1,2,5,2,47,48,47,50,26,45,10,28,5,18,1,55,27,49,51,38,14,1,40,1,16:11,1,2020-21
2020-21,1627826,Ivica Zubac,Ivica,1610612746,LAC,LA Clippers,0022000224,2021-01-20T00:00:00,LAC vs. SAC,W,22.516666666666666,4,5,0.8,0,0,0.0,3,3,1.0,4,8,12,1,1,0,1,0,2,4,11,11,28.9,1,0,26.0,1,1,1,1,35,26,34,19,2,5,2,15,25,1,13,5,8,22,28,20,18,1,16,8,26,20,16,1,1,16,1,22:31,1,2020-21
2020-21,1627826,Ivica Zubac,Ivica,1610612746,LAC,LA Clippers,0022000239,2021-01-22T00:00:00,LAC vs. OKC,W,14.9,3,4,0.75,0,0,0.0,2,2,1.0,1,5,6,0,0,0,1,1,3,3,8,14,18.2,0,0,16.0,1,1,1,1,65,33,46,23,2,5,2,26,28,1,50,26,45,55,52,20,18,38,34,15,38,12,49,14,1,50,1,14:54,1,2020-21
2020-21,1627826,Ivica Zubac,Ivica,1610612746,LAC,LA Clippers,0022000251,2021-01-24T00:00:00,LAC vs. OKC,W,24.013333333333332,5,6,0.833,0,0,0.0,0,0,0.0,2,9,11,1,1,0,2,1,2,4,10,-3,29.7,1,0,26.0,1,1,1,1,29,13,24,15,2,5,2,47,48,47,35,3,9,22,28,20,5,38,16,8,29,46,15,1,1,16,1,24:01,1,2020-21
2020-21,1627826,Ivica Zubac,Ivica,1610612746,LAC,LA Clippers,0022000268,2021-01-26T00:00:00,LAC @ ATL,L,18.233333333333334,3,5,0.6,0,0,0.0,7,8,0.875,3,7,10,1,0,0,0,0,4,4,13,-7,26.5,1,0,24.0,1,48,48,48,53,33,34,44,2,5,2,2,2,20,19,8,13,22,52,20,40,1,55,8,13,55,20,1,1,18,1,18:14,1,2020-21
2020-21,1627826,Ivica Zubac,Ivica,1610612746,LAC,LA Clippers,0022000285,2021-01-28T00:00:00,LAC @ MIA,W,21.2,2,4,0.5,0,0,0.0,2,2,1.0,5,3,8,1,2,1,2,0,3,1,6,-10,24.1,0,0,21.0,1,1,1,1,40,49,46,53,2,5,2,26,28,1,7,50,21,22,4,5,5,1,34,49,49,62,29,14,1,31,1,21:12,1,2020-21
2020-21,1627826,Ivica Zubac,Ivica,1610612746,LAC,LA Clippers,0022000289,2021-01-29T00:00:00,LAC @ ORL,W,20.605,2,5,0.4,0,0,0.0,0,0,0.0,3,4,7,1,1,0,0,0,2,0,4,0,12.9,0,0,12.0,1,1,1,1,43,49,34,61,2,5,2,47,48,47,19,39,32,22,28,20,40,1,16,62,58,42,60,14,1,59,1,20:36,1,2020-21
2020-21,1627826,Ivica Zubac,Ivica,1610612746,LAC,LA Clippers,0022000308,2021-01-31T00:00:00,LAC @ NYK,W,22.683333333333334,3,5,0.6,0,0,0.0,2,2,1.0,3,4,7,4,0,0,0,1,0,3,8,5,22.4,0,0,19.0,1,1,1,1,34,33,34,44,2,5,2,26,28,1,19,39,32,2,52,20,40,38,1,15,38,30,34,14,1,37,1,22:41,1,2020-21
2020-21,1627826,Ivica Zubac,Ivica,1610612746,LAC,LA Clippers,0022000324,2021-02-02T00:00:00,LAC @ BKN,L,16.218333333333334,1,2,0.5,0,0,0.0,0,0,0.0,2,1,3,0,2,0,0,0,4,0,2,-8,3.6,0,0,5.0,1,48,48,48,59,60,62,53,2,5,2,47,48,47,35,65,64,55,4,20,40,1,55,62,68,57,71,14,1,70,1,16:13,1,2020-21
2020-21,1627826,Ivica Zubac,Ivica,1610612746,LAC,LA Clippers,0022000328,2021-02-03T00:00:00,LAC @ CLE,W,27.733333333333334,3,8,0.375,0,1,0.0,4,4,1.0,6,10,16,1,1,2,3,4,3,3,10,4,44.7,1,0,37.0,1,1,1,1,16,33,12,62,2,1,2,6,10,1,3,2,1,22,28,2,2,71,34,15,29,32,1,1,1,2,1,27:44,1,2020-21
2020-21,1627826,Ivica Zubac,Ivica,1610612746,LAC,LA Clippers,0022000350,2021-02-05T00:00:00,LAC vs. BOS,L,20.216666666666665,7,7,1.0,0,0,0.0,0,0,0.0,1,5,6,0,2,0,1,0,1,1,14,2,22.2,0,0,22.0,1,48,48,48,46,3,16,1,2,5,2,47,48,47,50,26,45,55,4,20,18,1,6,49,6,40,35,14,1,26,1,20:13,1,2020-21
2020-21,1627826,Ivica Zubac,Ivica,1610612746,LAC,LA Clippers,0022000366,2021-02-07T00:00:00,LAC vs. SAC,L,26.91,4,6,0.667,0,0,0.0,4,4,1.0,5,9,14,1,0,0,0,1,3,4,12,4,30.3,1,0,27.0,1,48,48,48,19,26,24,34,2,5,2,6,10,1,7,3,2,22,52,20,40,38,34,8,18,32,14,1,1,14,1,26:55,1,2020-21
2020-21,1627826,Ivica Zubac,Ivica,1610612746,LAC,LA Clippers,0022000387,2021-02-10T00:00:00,LAC @ MIN,W,17.183333333333334,1,5,0.2,0,0,0.0,1,2,0.5,3,4,7,2,2,0,1,4,2,2,3,-4,15.4,0,0,14.0,1,1,1,1,54,60,34,69,2,5,2,39,28,37,19,39,32,10,4,20,18,71,16,27,63,49,54,14,1,54,1,17:11,1,2020-21
2020-21,1627826,Ivica Zubac,Ivica,1610612746,LAC,LA Clippers,0022000400,2021-02-12T00:00:00,LAC @ CHI,W,14.898333333333333,5,6,0.833,0,0,0.0,2,3,0.667,1,3,4,1,2,0,1,0,5,2,12,7,19.3,0,0,19.0,1,1,1,1,66,13,24,15,2,5,2,26,25,35,50,50,59,22,4,20,18,1,67,27,18,27,46,14,1,37,1,14:54,1,2020-21
2020-21,1627826,Ivica Zubac,Ivica,1610612746,LAC,LA Clippers,0022000419,2021-02-14T00:00:00,LAC vs. CLE,W,14.883333333333333,1,2,0.5,0,0,0.0,3,4,0.75,3,2,5,1,0,0,0,0,4,2,5,3,12.5,0,0,11.0,1,1,1,1,67,60,62,53,2,5,2,15,10,25,19,57,54,22,52,20,40,1,55,27,56,37,62,14,1,64,1,14:53,1,2020-21
2020-21,1627826,Ivica Zubac,Ivica,1610612746,LAC,LA Clippers,0022000425,2021-02-15T00:00:00,LAC vs. MIA,W,28.278333333333332,9,11,0.818,0,0,0.0,4,4,1.0,2,6,8,1,1,1,0,1,3,2,22,14,35.1,0,0,33.0,1,1,1,1,15,1,2,18,2,5,2,6,10,1,35,18,21,22,28,5,40,38,34,27,1,12,8,14,1,3,1,28:17,1,2020-21
2020-21,1627826,Ivica Zubac,Ivica,1610612746,LAC,LA Clippers,0022000444,2021-02-17T00:00:00,LAC vs. UTA,L,21.616666666666667,4,6,0.667,0,0,0.0,0,0,0.0,1,8,9,2,1,0,0,0,3,0,8,-16,20.8,0,0,19.0,1,48,48,48,38,26,24,34,2,5,2,47,48,47,50,5,17,10,28,20,40,1,34,62,38,66,42,14,1,37,1,21:37,1,2020-21
2020-21,1627826,Ivica Zubac,Ivica,1610612746,LAC,LA Clippers,0022000457,2021-02-19T00:00:00,LAC vs. UTA,W,17.003333333333334,0,2,0.0,0,0,0.0,3,4,0.75,4,4,8,2,2,1,0,1,2,2,3,12,16.6,0,0,15.0,1,1,1,1,55,71,62,71,2,5,2,15,10,25,13,39,21,10,4,5,40,38,16,27,63,15,52,14,1,51,1,17:00,1,2020-21
2020-21,1627826,Ivica Zubac,Ivica,1610612746,LAC,LA Clippers,0022000472,2021-02-21T00:00:00,LAC vs. BKN,L,20.433333333333334,6,7,0.857,0,0,0.0,1,2,0.5,3,5,8,1,0,0,0,1,1,1,13,-4,24.1,0,0,22.0,1,48,48,48,45,9,16,14,2,5,2,39,28,37,19,26,21,22,52,20,40,38,6,49,13,49,29,14,1,26,1,20:26,1,2020-21
2020-21,1627826,Ivica Zubac,Ivica,1610612746,LAC,LA Clippers,0022000488,2021-02-23T00:00:00,LAC vs. WAS,W,26.516666666666666,6,6,1.0,0,0,0.0,0,0,0.0,2,11,13,1,1,0,2,0,1,1,12,20,34.1,1,0,30.0,1,1,1,1,20,9,24,1,2,5,2,47,48,47,35,1,3,22,28,20,5,1,6,49,18,7,9,1,1,9,1,26:31,1,2020-21
2020-21,1627826,Ivica Zubac,Ivica,1610612746,LAC,LA Clippers,0022000501,2021-02-25T00:00:00,LAC @ MEM,L,20.033333333333335,2,4,0.5,0,0,0.0,3,4,0.75,2,4,6,1,0,0,2,0,2,2,7,-16,21.7,0,0,18.0,1,48,48,48,47,49,46,53,2,5,2,15,10,25,35,39,45,22,52,20,5,1,16,27,45,66,36,14,1,40,1,20:02,1,2020-21
2020-21,1627826,Ivica Zubac,Ivica,1610612746,LAC,LA Clippers,0022000509,2021-02-26T00:00:00,LAC @ MEM,W,18.958333333333332,1,2,0.5,0,0,0.0,1,2,0.5,1,7,8,2,1,0,2,1,4,2,3,-1,20.6,0,0,17.0,1,1,1,1,50,60,62,53,2,5,2,39,28,37,50,8,21,10,28,20,5,38,55,27,63,45,43,14,1,45,1,18:58,1,2020-21
2020-21,1627826,Ivica Zubac,Ivica,1610612746,LAC,LA Clippers,0022000520,2021-02-28T00:00:00,LAC @ MIL,L,16.298333333333332,1,3,0.333,0,0,0.0,0,0,0.0,0,2,2,0,2,1,0,1,3,0,2,3,5.4,0,0,6.0,1,48,48,48,58,60,55,63,2,5,2,47,48,47,68,57,66,55,4,5,40,38,34,62,68,37,69,14,1,69,1,16:18,1,2020-21
2020-21,1627826,Ivica Zubac,Ivica,1610612746,LAC,LA Clippers,0022000537,2021-03-02T00:00:00,LAC @ BOS,L,19.85,4,6,0.667,0,0,0.0,0,0,0.0,5,5,10,3,2,0,0,0,0,0,8,-19,22.5,0,0,21.0,1,48,48,48,48,26,24,34,2,5,2,47,48,47,7,26,13,4,4,20,40,1,1,62,38,70,33,14,1,31,1,19:51,1,2020-21
2020-21,1627826,Ivica Zubac,Ivica,1610612746,LAC,LA Clippers,0022000554,2021-03-04T00:00:00,LAC @ WAS,L,28.788333333333334,5,10,0.5,0,0,0.0,3,3,1.0,6,7,13,1,1,1,0,0,3,4,13,20,32.1,1,0,29.0,1,48,48,48,14,13,5,53,2,5,2,15,25,1,3,8,3,22,28,5,40,1,34,8,13,7,11,1,1,10,1,28:47,1,2020-21
2020-21,1627826,Ivica Zubac,Ivica,1610612746,LAC,LA Clippers,0022000576,2021-03-11T00:00:00,LAC vs. GSW,W,15.95,2,3,0.667,0,0,0.0,5,6,0.833,3,0,3,0,1,0,1,0,2,4,9,9,14.6,0,0,14.0,1,1,1,1,62,49,55,34,2,5,2,5,5,22,19,68,64,55,28,20,18,1,16,8,36,23,57,14,1,54,1,15:57,1,2020-21
2020-21,1627826,Ivica Zubac,Ivica,1610612746,LAC,LA Clippers,0022000601,2021-03-14T00:00:00,LAC @ NOP,L,13.3,1,5,0.2,0,1,0.0,1,2,0.5,3,2,5,0,0,0,1,0,3,1,3,-13,12.0,0,0,10.0,1,48,48,48,69,60,34,69,2,1,2,39,28,37,19,57,54,55,52,20,18,1,34,49,63,64,64,14,1,66,1,13:18,1,2020-21
2020-21,1627826,Ivica Zubac,Ivica,1610612746,LAC,LA Clippers,0022000605,2021-03-15T00:00:00,LAC @ DAL,W,34.865,7,8,0.875,0,0,0.0,1,2,0.5,4,7,11,1,2,1,0,1,1,3,15,9,30.7,1,0,29.0,1,1,1,1,5,3,12,12,2,5,2,39,28,37,13,8,9,22,4,5,40,38,6,15,5,23,13,1,1,10,1,34:52,1,2020-21
2020-21,1627826,Ivica Zubac,Ivica,1610612746,LAC,LA Clippers,0022000625,2021-03-17T00:00:00,LAC @ DAL,L,35.03,7,9,0.778,0,0,0.0,0,0,0.0,4,3,7,2,2,3,1,1,2,1,14,-15,35.4,0,0,31.0,1,48,48,48,4,3,8,21,2,5,2,47,48,47,13,50,32,10,4,1,18,38,16,49,6,65,7,14,1,8,1,35:02,1,2020-21
2020-21,1627826,Ivica Zubac,Ivica,1610612746,LAC,LA Clippers,0022000644,2021-03-20T00:00:00,LAC vs. CHA,W,24.9,3,4,0.75,0,0,0.0,4,4,1.0,1,4,5,3,2,0,1,1,2,5,10,12,21.5,0,0,20.0,1,1,1,1,24,33,46,23,2,5,2,6,10,1,50,39,54,4,4,20,18,38,16,6,29,15,37,14,1,35,1,24:54,1,2020-21
2020-21,1627826,Ivica Zubac,Ivica,1610612746,LAC,LA Clippers,0022000660,2021-03-22T00:00:00,LAC vs. ATL,W,24.516666666666666,5,7,0.714,0,0,0.0,2,2,1.0,4,5,9,1,0,1,2,1,1,2,12,-18,33.3,0,0,28.0,1,1,1,1,25,13,16,29,2,5,2,26,28,1,13,26,17,22,52,5,5,38,6,27,18,68,10,14,1,12,1,24:31,1,2020-21
2020-21,1627826,Ivica Zubac,Ivica,1610612746,LAC,LA Clippers,0022000675,2021-03-24T00:00:00,LAC @ SAS,W,32.38333333333333,5,5,1.0,0,0,0.0,4,5,0.8,1,7,8,2,1,1,1,0,2,3,14,27,31.6,0,0,28.0,1,1,1,1,7,13,34,1,2,5,2,6,8,23,50,8,21,10,28,5,18,1,16,15,6,2,12,14,1,12,1,32:23,1,2020-21
2020-21,1627826,Ivica Zubac,Ivica,1610612746,LAC,LA Clippers,0022000680,2021-03-25T00:00:00,LAC @ SAS,W,29.416666666666668,3,11,0.273,0,0,0.0,4,4,1.0,7,6,13,0,2,0,5,1,5,2,10,13,38.6,1,0,33.0,1,1,1,1,12,33,2,67,2,5,2,6,10,1,2,18,3,55,4,20,1,38,67,27,29,14,3,1,1,3,1,29:25,1,2020-21
2020-21,1627826,Ivica Zubac,Ivica,1610612746,LAC,LA Clippers,0022000701,2021-03-27T00:00:00,LAC vs. PHI,W,21.366666666666667,2,7,0.286,0,1,0.0,3,4,0.75,6,5,11,1,1,0,2,0,4,4,7,4,26.7,0,0,23.0,1,1,1,1,39,49,16,66,2,1,2,15,10,25,3,26,9,22,28,20,5,1,55,8,45,32,19,14,1,22,1,21:22,1,2020-21
2020-21,1627826,Ivica Zubac,Ivica,1610612746,LAC,LA Clippers,0022000717,2021-03-29T00:00:00,LAC vs. MIL,W,24.303333333333335,3,7,0.429,0,0,0.0,0,0,0.0,5,4,9,1,2,1,0,1,3,1,6,12,19.3,0,0,18.0,1,1,1,1,26,33,16,60,2,5,2,47,48,47,7,39,17,22,4,5,40,38,34,49,49,15,46,14,1,40,1,24:18,1,2020-21
2020-21,1627826,Ivica Zubac,Ivica,1610612746,LAC,LA Clippers,0022000720,2021-03-30T00:00:00,LAC vs. ORL,L,35.65,7,10,0.7,0,0,0.0,0,0,0.0,8,5,13,0,2,0,0,0,5,3,14,-6,27.6,1,0,27.0,1,48,48,48,1,3,5,33,2,5,2,47,48,47,1,26,3,55,4,20,40,1,67,15,6,51,17,1,1,14,1,35:39,1,2020-21
2020-21,1627826,Ivica Zubac,Ivica,1610612746,LAC,LA Clippers,0022000736,2021-04-01T00:00:00,LAC vs. DEN,L,28.916666666666668,3,5,0.6,0,0,0.0,2,2,1.0,1,3,4,1,0,0,2,1,3,1,8,-7,20.3,0,0,17.0,1,48,48,48,13,33,34,44,2,5,2,26,28,1,50,50,59,22,52,20,5,38,34,49,38,55,44,14,1,45,1,28:55,1,2020-21
2020-21,1627826,Ivica Zubac,Ivica,1610612746,LAC,LA Clippers,0022000756,2021-04-04T00:00:00,LAC vs. LAL,W,31.216666666666665,3,5,0.6,0,0,0.0,0,0,0.0,3,6,9,1,1,0,2,1,5,1,6,23,23.3,0,0,20.0,1,1,1,1,9,33,34,44,2,5,2,47,48,47,19,18,17,22,28,20,5,38,67,49,49,4,31,14,1,35,1,31:13,1,2020-21
2020-21,1627826,Ivica Zubac,Ivica,1610612746,LAC,LA Clippers,0022000775,2021-04-06T00:00:00,LAC vs. POR,W,24.016666666666666,5,7,0.714,0,0,0.0,1,2,0.5,1,4,5,2,0,0,0,2,2,2,11,-3,20.0,0,0,18.0,1,1,1,1,28,13,16,29,2,5,2,39,28,37,50,39,54,10,52,20,40,65,16,27,26,46,45,14,1,40,1,24:01,1,2020-21
2020-21,1627826,Ivica Zubac,Ivica,1610612746,LAC,LA Clippers,0022000788,2021-04-08T00:00:00,LAC vs. PHX,W,23.816666666666666,3,4,0.75,0,0,0.0,1,2,0.5,3,2,5,0,2,0,0,0,2,3,7,-6,11.0,0,0,12.0,1,1,1,1,30,33,46,23,2,5,2,39,28,37,19,57,54,55,4,20,40,1,16,15,45,51,65,14,1,59,1,23:49,1,2020-21
2020-21,1627826,Ivica Zubac,Ivica,1610612746,LAC,LA Clippers,0022000799,2021-04-09T00:00:00,LAC vs. HOU,W,23.383333333333333,4,6,0.667,0,0,0.0,2,2,1.0,1,6,7,0,0,0,0,1,3,2,10,26,18.4,0,0,17.0,1,1,1,1,32,26,24,34,2,5,2,26,28,1,50,18,32,55,52,20,40,38,34,27,29,3,48,14,1,45,1,23:23,1,2020-21
2020-21,1627826,Ivica Zubac,Ivica,1610612746,LAC,LA Clippers,0022000813,2021-04-11T00:00:00,LAC vs. DET,W,35.343333333333334,5,6,0.833,0,0,0.0,3,6,0.5,3,7,10,7,2,0,1,0,1,7,13,2,36.5,1,0,32.0,1,1,1,1,2,13,24,15,2,5,2,15,5,37,19,8,13,1,4,20,18,1,6,2,13,40,5,1,1,6,1,35:21,1,2020-21
2020-21,1627826,Ivica Zubac,Ivica,1610612746,LAC,LA Clippers,0022000823,2021-04-13T00:00:00,LAC @ IND,W,25.526666666666667,7,8,0.875,0,0,0.0,0,0,0.0,2,5,7,2,1,0,0,1,2,3,14,-6,24.4,0,0,23.0,1,1,1,1,22,3,12,12,2,5,2,47,48,47,35,26,32,10,28,20,40,38,16,15,6,51,28,14,1,22,1,25:32,1,2020-21
2020-21,1627826,Ivica Zubac,Ivica,1610612746,LAC,LA Clippers,0022000832,2021-04-14T00:00:00,LAC @ DET,W,31.59,6,10,0.6,0,0,0.0,6,7,0.857,6,7,13,2,2,2,1,1,4,6,18,-3,43.6,1,0,39.0,1,1,1,1,8,9,5,44,2,5,2,3,4,21,3,8,3,10,4,2,18,38,55,3,2,46,2,1,1,1,1,31:35,1,2020-21
2020-21,1627826,Ivica Zubac,Ivica,1610612746,LAC,LA Clippers,0022000846,2021-04-16T00:00:00,LAC @ PHI,L,15.963333333333333,2,3,0.667,0,0,0.0,0,0,0.0,2,5,7,0,2,0,0,0,3,0,4,-11,10.4,0,0,11.0,1,48,48,48,61,49,55,34,2,5,2,47,48,47,35,26,32,55,4,20,40,1,34,62,58,63,66,14,1,64,1,15:58,1,2020-21
2020-21,1627826,Ivica Zubac,Ivica,1610612746,LAC,LA Clippers,0022000867,2021-04-18T00:00:00,LAC vs. MIN,W,22.233333333333334,5,7,0.714,0,0,0.0,3,4,0.75,2,4,6,1,2,0,1,0,4,5,13,37,22.7,0,0,22.0,1,1,1,1,36,13,16,29,2,5,2,15,10,25,35,39,45,22,4,20,18,1,55,6,13,1,32,14,1,26,1,22:14,1,2020-21
2020-21,1627826,Ivica Zubac,Ivica,1610612746,LAC,LA Clippers,0022000879,2021-04-20T00:00:00,LAC @ POR,W,27.715,5,9,0.556,0,0,0.0,0,2,0.0,2,4,6,2,1,0,2,1,3,3,10,10,25.2,0,0,22.0,1,1,1,1,17,13,8,50,2,5,2,47,28,47,35,39,45,10,28,20,5,38,34,15,29,22,26,14,1,26,1,27:43,1,2020-21
2020-21,1627826,Ivica Zubac,Ivica,1610612746,LAC,LA Clippers,0022000889,2021-04-21T00:00:00,LAC vs. MEM,W,32.81666666666667,6,11,0.545,0,0,0.0,6,8,0.75,5,2,7,3,1,0,2,2,3,6,18,8,35.9,0,0,32.0,1,1,1,1,6,9,2,52,2,5,2,3,2,25,7,57,32,4,28,20,5,65,34,3,2,26,6,14,1,6,1,32:49,1,2020-21
2020-21,1627826,Ivica Zubac,Ivica,1610612746,LAC,LA Clippers,0022000901,2021-04-23T00:00:00,LAC @ HOU,W,23.66,5,9,0.556,0,0,0.0,2,4,0.5,2,6,8,1,2,0,0,1,5,3,12,4,21.1,0,0,21.0,1,1,1,1,31,13,8,50,2,5,2,26,10,37,35,18,21,22,4,20,40,38,67,15,18,32,39,14,1,31,1,23:40,1,2020-21
2020-21,1627826,Ivica Zubac,Ivica,1610612746,LAC,LA Clippers,0022000924,2021-04-26T00:00:00,LAC @ NOP,L,20.466666666666665,1,2,0.5,0,0,0.0,2,2,1.0,3,3,6,1,3,1,1,1,3,2,4,-9,15.7,0,0,15.0,1,48,48,48,44,60,62,53,2,5,2,26,28,1,19,50,45,22,1,5,18,38,34,27,58,61,53,14,1,51,1,20:28,1,2020-21
2020-21,1627826,Ivica Zubac,Ivica,1610612746,LAC,LA Clippers,0022000941,2021-04-28T00:00:00,LAC @ PHX,L,25.2,7,9,0.778,0,0,0.0,0,0,0.0,3,4,7,3,1,0,0,1,0,1,14,-8,25.9,0,0,24.0,1,48,48,48,23,3,8,21,2,5,2,47,48,47,19,39,32,4,28,20,40,38,1,49,6,57,22,14,1,18,1,25:12,1,2020-21
2020-21,1627826,Ivica Zubac,Ivica,1610612746,LAC,LA Clippers,0022000966,2021-05-01T00:00:00,LAC vs. DEN,L,24.066666666666666,1,3,0.333,0,0,0.0,4,6,0.667,2,5,7,1,1,0,0,1,3,3,6,5,14.9,0,0,14.0,1,48,48,48,27,60,55,63,2,5,2,6,5,35,35,26,32,22,28,20,40,38,34,15,49,30,55,14,1,54,1,24:04,1,2020-21
2020-21,1627826,Ivica Zubac,Ivica,1610612746,LAC,LA Clippers,0022000989,2021-05-04T00:00:00,LAC vs. TOR,W,30.448333333333334,4,6,0.667,0,0,0.0,0,0,0.0,2,6,8,3,2,0,2,2,4,0,8,21,26.1,0,0,23.0,1,1,1,1,10,26,24,34,2,5,2,47,48,47,35,18,21,4,4,20,5,65,55,62,38,6,21,14,1,22,1,30:27,1,2020-21
2020-21,1627826,Ivica Zubac,Ivica,1610612746,LAC,LA Clippers,0022001002,2021-05-06T00:00:00,LAC vs. LAL,W,27.566666666666666,5,5,1.0,0,0,0.0,4,5,0.8,0,8,8,0,1,0,1,0,3,6,14,16,25.6,0,0,24.0,1,1,1,1,18,13,34,1,2,5,2,6,8,23,68,5,21,55,28,20,18,1,34,3,6,10,24,14,1,18,1,27:34,1,2020-21
2020-21,1627826,Ivica Zubac,Ivica,1610612746,LAC,LA Clippers,0022001019,2021-05-09T00:00:00,LAC vs. NYK,L,20.816666666666666,3,4,0.75,0,0,0.0,0,0,0.0,3,5,8,1,0,0,0,1,2,1,6,-8,17.1,0,0,15.0,1,48,48,48,42,33,46,23,2,5,2,47,48,47,19,26,21,22,52,20,40,38,16,49,49,57,51,14,1,51,1,20:49,1,2020-21
2020-21,1627826,Ivica Zubac,Ivica,1610612746,LAC,LA Clippers,0022001034,2021-05-11T00:00:00,LAC @ TOR,W,30.15,8,12,0.667,0,0,0.0,2,2,1.0,3,7,10,3,0,0,1,2,2,2,18,22,37.5,1,0,33.0,1,1,1,1,11,2,1,34,2,5,2,26,28,1,19,8,13,4,52,20,18,65,16,27,2,5,4,1,1,3,1,30:09,1,2020-21
2020-21,1627826,Ivica Zubac,Ivica,1610612746,LAC,LA Clippers,0022001047,2021-05-13T00:00:00,LAC @ CHA,W,35.13333333333333,3,4,0.75,0,0,0.0,2,2,1.0,4,7,11,1,3,0,2,0,4,3,8,15,25.7,0,0,24.0,1,1,1,1,3,33,46,23,2,5,2,26,28,1,13,8,9,22,1,20,5,1,55,15,38,11,23,14,1,18,1,35:08,1,2020-21
2020-21,1627826,Ivica Zubac,Ivica,1610612746,LAC,LA Clippers,0022001058,2021-05-14T00:00:00,LAC @ HOU,L,3.3,1,1,1.0,1,1,1.0,0,0,0.0,0,0,0,1,0,0,0,0,1,0,3,4,4.5,0,0,5.0,1,48,48,48,71,60,70,1,1,1,1,47,48,47,68,68,70,22,52,20,40,1,6,62,63,32,70,14,1,70,1,3:18,1,2020-21
2020-21,1627826,Ivica Zubac,Ivica,1610612746,LAC,LA Clippers,0022001074,2021-05-16T00:00:00,LAC @ OKC,L,0.1,0,0,0.0,0,0,0.0,0,0,0.0,0,0,0,0,0,0,0,0,1,0,0,0,0.0,0,0,0.0,1,48,48,48,72,71,72,71,2,5,2,47,48,47,68,68,70,55,52,20,40,1,6,62,72,42,72,14,1,72,1,0:06,1,2020-21
2021-22,1627826,Ivica Zubac,Ivica,1610612746,LAC,LA Clippers,0022100016,2021-10-21T00:00:00,LAC @ GSW,L,17.201666666666668,4,7,0.571,0,0,0.0,6,10,0.6,1,2,3,2,0,0,0,2,2,6,14,-13,20.6,0,0,19.0,1,41,41,41,70,30,27,51,1,1,1,3,2,37,57,66,72,16,60,30,47,71,16,4,14,56,49,26,1,46,1,17:12,1,2021-22
2021-22,1627826,Ivica Zubac,Ivica,1610612746,LAC,LA Clippers,0022100034,2021-10-23T00:00:00,LAC vs. MEM,L,19.296666666666667,3,7,0.429,0,0,0.0,0,0,0.0,4,4,8,3,0,0,0,1,2,2,6,-18,20.1,0,0,17.0,1,41,41,41,62,41,27,62,1,1,1,59,59,59,14,49,38,10,60,30,47,40,16,39,57,69,53,26,1,58,1,19:18,1,2021-22
2021-22,1627826,Ivica Zubac,Ivica,1610612746,LAC,LA Clippers,0022100049,2021-10-25T00:00:00,LAC vs. POR,W,24.993333333333332,5,6,0.833,0,0,0.0,0,0,0.0,0,8,8,4,1,2,0,0,0,1,10,14,30.6,0,0,26.0,1,1,1,1,31,17,36,11,1,1,1,59,59,59,69,11,38,4,29,2,47,1,1,58,33,7,23,26,1,24,1,24:60,1,2021-22
2021-22,1627826,Ivica Zubac,Ivica,1610612746,LAC,LA Clippers,0022100064,2021-10-27T00:00:00,LAC vs. CLE,L,24.483333333333334,4,6,0.667,0,0,0.0,3,5,0.6,2,2,4,1,0,0,1,1,3,3,11,-8,20.3,0,0,18.0,1,41,41,41,38,30,36,33,1,1,1,20,11,37,42,66,69,34,60,30,18,40,39,19,28,47,51,26,1,54,1,24:29,1,2021-22
2021-22,1627826,Ivica Zubac,Ivica,1610612746,LAC,LA Clippers,0022100076,2021-10-29T00:00:00,LAC @ POR,L,22.15,1,5,0.2,0,0,0.0,1,2,0.5,2,3,5,1,1,0,2,2,2,2,3,-16,15.5,0,0,13.0,1,41,41,41,53,66,41,72,1,1,1,48,42,40,42,61,61,34,29,30,9,71,16,39,70,62,62,26,1,65,1,22:09,1,2021-22
2021-22,1627826,Ivica Zubac,Ivica,1610612746,LAC,LA Clippers,0022100102,2021-11-01T00:00:00,LAC vs. OKC,W,12.533333333333333,1,1,1.0,0,0,0.0,1,2,0.5,3,2,5,0,0,0,0,0,0,1,3,-13,9.0,0,0,8.0,1,1,1,1,74,66,74,1,1,1,1,48,42,40,30,66,61,59,60,30,47,1,1,58,70,56,75,26,1,75,1,12:32,1,2021-22
2021-22,1627826,Ivica Zubac,Ivica,1610612746,LAC,LA Clippers,0022100115,2021-11-03T00:00:00,LAC @ MIN,W,34.42166666666667,4,5,0.8,0,0,0.0,2,2,1.0,1,5,6,2,1,1,1,1,2,1,10,10,25.2,0,0,22.0,1,1,1,1,4,30,41,13,1,1,1,29,42,1,57,36,53,16,29,7,18,40,16,58,33,13,37,26,1,38,1,34:25,1,2021-22
2021-22,1627826,Ivica Zubac,Ivica,1610612746,LAC,LA Clippers,0022100129,2021-11-05T00:00:00,LAC @ MIN,W,30.9,5,7,0.714,0,0,0.0,4,6,0.667,4,10,14,0,5,2,1,1,2,6,14,11,34.8,1,0,34.0,1,1,1,1,11,17,27,30,1,1,1,6,5,30,14,3,3,59,1,2,18,40,16,4,14,12,15,1,1,9,1,30:54,1,2021-22
2021-22,1627826,Ivica Zubac,Ivica,1610612746,LAC,LA Clippers,0022100146,2021-11-07T00:00:00,LAC vs. CHA,W,27.9,3,3,1.0,0,0,0.0,8,8,1.0,3,8,11,0,0,0,2,0,4,5,14,7,33.2,1,0,29.0,1,1,1,1,18,41,66,1,1,1,1,1,3,1,30,11,17,59,60,30,9,1,55,6,14,21,18,1,1,18,1,27:54,1,2021-22
2021-22,1627826,Ivica Zubac,Ivica,1610612746,LAC,LA Clippers,0022100157,2021-11-09T00:00:00,LAC vs. POR,W,24.133333333333333,4,5,0.8,0,0,0.0,3,4,0.75,2,5,7,0,0,0,0,0,2,2,11,-1,19.4,0,0,18.0,1,1,1,1,39,30,41,13,1,1,1,20,15,26,42,36,42,59,60,30,47,1,16,39,28,37,55,26,1,54,1,24:08,1,2021-22
2021-22,1627826,Ivica Zubac,Ivica,1610612746,LAC,LA Clippers,0022100173,2021-11-11T00:00:00,LAC vs. MIA,W,29.385,7,10,0.7,0,0,0.0,4,6,0.667,3,8,11,1,0,0,2,2,4,3,18,7,38.7,1,0,34.0,1,1,1,1,15,8,9,32,1,1,1,6,5,30,30,11,17,34,60,30,9,71,55,19,6,21,9,1,1,9,1,29:23,1,2021-22
2021-22,1627826,Ivica Zubac,Ivica,1610612746,LAC,LA Clippers,0022100191,2021-11-13T00:00:00,LAC vs. MIN,W,22.7,5,8,0.625,0,0,0.0,0,0,0.0,4,8,12,0,1,0,1,1,2,2,10,5,26.4,1,0,24.0,1,1,1,1,48,17,19,38,1,1,1,59,59,59,14,11,12,59,29,30,18,40,16,39,33,25,35,1,1,31,1,22:42,1,2021-22
2021-22,1627826,Ivica Zubac,Ivica,1610612746,LAC,LA Clippers,0022100198,2021-11-14T00:00:00,LAC vs. CHI,L,23.25,1,3,0.333,0,0,0.0,2,2,1.0,2,5,7,0,5,0,4,1,1,1,4,-2,19.4,0,0,19.0,1,41,41,41,45,66,66,69,1,1,1,29,42,1,42,36,42,59,1,30,2,40,4,58,64,39,55,26,1,46,1,23:15,1,2021-22
2021-22,1627826,Ivica Zubac,Ivica,1610612746,LAC,LA Clippers,0022100212,2021-11-16T00:00:00,LAC vs. SAS,W,31.333333333333332,3,7,0.429,0,0,0.0,2,2,1.0,6,7,13,1,1,1,0,0,2,2,8,-3,27.1,0,0,24.0,1,1,1,1,9,41,27,62,1,1,1,29,42,1,5,24,8,34,29,7,47,1,16,39,46,42,32,26,1,31,1,31:20,1,2021-22
2021-22,1627826,Ivica Zubac,Ivica,1610612746,LAC,LA Clippers,0022100226,2021-11-18T00:00:00,LAC @ MEM,L,26.883333333333333,5,8,0.625,0,0,0.0,3,3,1.0,2,5,7,2,1,0,1,0,3,3,13,-10,26.4,0,0,24.0,1,41,41,41,24,17,19,38,1,1,1,20,38,1,42,36,42,16,29,30,18,1,39,19,19,50,35,26,1,31,1,26:53,1,2021-22
2021-22,1627826,Ivica Zubac,Ivica,1610612746,LAC,LA Clippers,0022100235,2021-11-19T00:00:00,LAC @ NOP,L,28.39666666666667,4,5,0.8,0,0,0.0,0,0,0.0,3,8,11,4,1,0,1,0,3,2,8,-22,29.2,0,0,25.0,1,41,41,41,17,30,41,13,1,1,1,59,59,59,30,11,17,4,29,30,18,1,39,39,46,75,25,26,1,29,1,28:24,1,2021-22
2021-22,1627826,Ivica Zubac,Ivica,1610612746,LAC,LA Clippers,0022100248,2021-11-21T00:00:00,LAC vs. DAL,W,26.816666666666666,6,7,0.857,0,0,0.0,4,6,0.667,1,9,10,0,1,0,0,1,1,4,16,5,27.0,1,0,26.0,1,1,1,1,25,12,27,10,1,1,1,6,5,30,57,7,25,59,29,30,47,40,4,14,11,25,33,1,1,24,1,26:49,1,2021-22
2021-22,1627826,Ivica Zubac,Ivica,1610612746,LAC,LA Clippers,0022100266,2021-11-23T00:00:00,LAC vs. DAL,L,25.965,3,5,0.6,0,0,0.0,4,4,1.0,2,5,7,2,1,0,0,0,1,2,10,5,20.4,0,0,19.0,1,41,41,41,27,41,41,43,1,1,1,6,15,1,42,36,42,16,29,30,47,1,4,39,33,25,50,26,1,46,1,25:58,1,2021-22
2021-22,1627826,Ivica Zubac,Ivica,1610612746,LAC,LA Clippers,0022100280,2021-11-26T00:00:00,LAC vs. DET,W,21.95,3,4,0.75,0,0,0.0,4,4,1.0,5,8,13,2,2,1,1,0,2,3,10,17,32.6,1,0,29.0,1,1,1,1,54,41,56,23,1,1,1,6,15,1,7,11,8,16,17,7,18,1,16,19,33,5,20,1,1,18,1,21:57,1,2021-22
2021-22,1627826,Ivica Zubac,Ivica,1610612746,LAC,LA Clippers,0022100300,2021-11-28T00:00:00,LAC vs. GSW,L,21.1,3,5,0.6,0,0,0.0,2,4,0.5,4,4,8,1,1,1,0,0,2,3,8,4,21.1,0,0,19.0,1,41,41,41,57,41,41,43,1,1,1,29,15,40,14,49,38,34,29,7,47,1,16,19,46,29,48,26,1,46,1,21:06,1,2021-22
2021-22,1627826,Ivica Zubac,Ivica,1610612746,LAC,LA Clippers,0022100313,2021-11-29T00:00:00,LAC vs. NOP,L,17.55,2,2,1.0,0,0,0.0,0,0,0.0,0,4,4,0,1,0,1,0,1,1,4,-17,10.8,0,0,10.0,1,41,41,41,68,60,70,1,1,1,1,59,59,59,69,49,69,59,29,30,18,1,4,58,64,66,72,26,1,72,1,17:33,1,2021-22
2021-22,1627826,Ivica Zubac,Ivica,1610612746,LAC,LA Clippers,0022100327,2021-12-01T00:00:00,LAC vs. SAC,L,23.72833333333333,8,10,0.8,0,0,0.0,1,1,1.0,3,4,7,0,1,1,0,0,1,2,17,-9,27.4,0,0,26.0,1,41,41,41,42,4,9,13,1,1,1,48,56,1,30,49,42,59,29,7,47,1,4,39,8,49,30,26,1,24,1,23:44,1,2021-22
2021-22,1627826,Ivica Zubac,Ivica,1610612746,LAC,LA Clippers,0022100341,2021-12-03T00:00:00,LAC @ LAL,W,22.333333333333332,3,4,0.75,0,0,0.0,6,6,1.0,0,5,5,1,1,1,1,1,2,3,12,13,24.5,0,0,22.0,1,1,1,1,52,41,56,23,1,1,1,3,5,1,69,36,61,34,29,7,18,40,16,19,22,9,39,26,1,38,1,22:20,1,2021-22
2021-22,1627826,Ivica Zubac,Ivica,1610612746,LAC,LA Clippers,0022100348,2021-12-04T00:00:00,LAC @ SAC,L,29.171666666666667,4,6,0.667,0,0,0.0,4,5,0.8,3,8,11,1,2,1,2,1,4,5,12,6,33.7,1,0,30.0,1,41,41,41,16,30,36,33,1,1,1,6,11,25,30,11,17,34,17,7,9,40,55,6,22,24,17,1,1,17,1,29:10,1,2021-22
2021-22,1627826,Ivica Zubac,Ivica,1610612746,LAC,LA Clippers,0022100362,2021-12-06T00:00:00,LAC @ POR,W,27.683333333333334,1,2,0.5,0,0,0.0,3,6,0.5,2,4,6,0,1,1,3,1,3,5,5,8,23.2,0,0,19.0,1,1,1,1,20,66,70,56,1,1,1,20,5,40,42,49,53,59,29,7,5,40,39,6,63,18,43,26,1,46,1,27:41,1,2021-22
2021-22,1627826,Ivica Zubac,Ivica,1610612746,LAC,LA Clippers,0022100378,2021-12-08T00:00:00,LAC vs. BOS,W,31.658333333333335,3,4,0.75,0,0,0.0,4,4,1.0,2,8,10,1,4,1,4,1,5,3,10,-8,34.5,1,0,31.0,1,1,1,1,8,41,56,23,1,1,1,6,15,1,42,11,25,34,3,7,2,40,69,19,33,47,16,1,1,15,1,31:40,1,2021-22
2021-22,1627826,Ivica Zubac,Ivica,1610612746,LAC,LA Clippers,0022100391,2021-12-11T00:00:00,LAC vs. ORL,W,27.713333333333335,4,5,0.8,0,0,0.0,2,4,0.5,4,2,6,1,1,0,0,0,4,3,10,-11,17.7,0,0,17.0,1,1,1,1,19,30,41,13,1,1,1,29,15,40,14,66,53,34,29,30,47,1,55,19,33,54,61,26,1,58,1,27:43,1,2021-22
2021-22,1627826,Ivica Zubac,Ivica,1610612746,LAC,LA Clippers,0022100412,2021-12-13T00:00:00,LAC vs. PHX,W,24.566666666666666,4,7,0.571,0,0,0.0,0,0,0.0,4,1,5,1,4,2,4,1,5,3,8,9,29.5,0,0,26.0,1,1,1,1,35,30,27,51,1,1,1,59,59,59,14,74,61,34,3,2,2,40,69,19,46,16,24,26,1,24,1,24:34,1,2021-22
2021-22,1627826,Ivica Zubac,Ivica,1610612746,LAC,LA Clippers,0022100425,2021-12-15T00:00:00,LAC @ UTA,L,18.133333333333333,2,4,0.5,0,0,0.0,0,0,0.0,2,4,6,0,1,2,1,1,3,0,4,-15,19.2,0,0,16.0,1,41,41,41,66,60,56,56,1,1,1,59,59,59,42,49,53,59,29,2,18,40,39,71,64,61,59,26,1,61,1,18:08,1,2021-22
2021-22,1627826,Ivica Zubac,Ivica,1610612746,LAC,LA Clippers,0022100444,2021-12-18T00:00:00,LAC @ OKC,L,24.083333333333332,1,1,1.0,0,0,0.0,2,4,0.5,1,5,6,2,2,1,0,0,4,3,4,-2,15.2,0,0,14.0,1,41,41,41,40,66,74,1,1,1,1,29,15,40,57,36,53,16,17,7,47,1,55,19,64,39,64,26,1,62,1,24:05,1,2021-22
2021-22,1627826,Ivica Zubac,Ivica,1610612746,LAC,LA Clippers,0022100463,2021-12-20T00:00:00,LAC vs. SAS,L,27.35,5,9,0.556,0,0,0.0,2,4,0.5,3,9,12,1,2,0,3,1,3,2,12,-16,34.9,1,0,31.0,1,41,41,41,22,17,14,53,1,1,1,29,15,40,30,7,12,34,17,30,5,40,39,39,22,62,14,1,1,15,1,27:21,1,2021-22
2021-22,1627826,Ivica Zubac,Ivica,1610612746,LAC,LA Clippers,0022100475,2021-12-22T00:00:00,LAC @ SAC,W,26.65,4,4,1.0,0,0,0.0,2,2,1.0,1,5,6,2,0,0,1,0,1,3,10,3,23.2,0,0,20.0,1,1,1,1,26,30,56,1,1,1,1,29,42,1,57,36,53,16,60,30,18,1,4,19,33,30,43,26,1,43,1,26:39,1,2021-22
2021-22,1627826,Ivica Zubac,Ivica,1610612746,LAC,LA Clippers,0022100500,2021-12-26T00:00:00,LAC vs. DEN,L,27.366666666666667,7,8,0.875,0,0,0.0,3,5,0.6,4,7,11,0,2,1,3,1,2,4,17,-4,40.2,1,0,36.0,1,41,41,41,21,8,19,9,1,1,1,20,11,37,14,24,17,59,17,7,5,40,16,14,8,44,7,1,1,7,1,27:22,1,2021-22
2021-22,1627826,Ivica Zubac,Ivica,1610612746,LAC,LA Clippers,0022100507,2021-12-27T00:00:00,LAC vs. BKN,L,21.75,4,9,0.444,0,0,0.0,1,1,1.0,7,2,9,1,2,0,0,1,2,1,9,-10,19.3,0,0,19.0,1,41,41,41,55,30,14,61,1,1,1,48,56,1,1,66,31,34,17,30,47,40,16,58,44,50,58,26,1,46,1,21:45,1,2021-22
2021-22,1627826,Ivica Zubac,Ivica,1610612746,LAC,LA Clippers,0022100518,2021-12-29T00:00:00,LAC @ BOS,W,30.71,0,3,0.0,0,0,0.0,1,2,0.5,5,9,14,1,2,0,1,1,0,2,1,19,20.3,0,0,18.0,1,1,1,1,12,73,66,73,1,1,1,48,42,40,7,7,3,34,17,30,18,40,1,39,76,3,51,26,1,54,1,30:43,1,2021-22
2021-22,1627826,Ivica Zubac,Ivica,1610612746,LAC,LA Clippers,0022100591,2022-01-08T00:00:00,LAC vs. MEM,L,18.85,4,5,0.8,0,0,0.0,0,0,0.0,2,5,7,0,1,0,1,0,5,1,8,-5,18.4,0,0,17.0,1,41,41,41,64,30,41,13,1,1,1,59,59,59,42,36,42,59,29,30,18,1,69,58,46,45,60,26,1,58,1,18:51,1,2021-22
2021-22,1627826,Ivica Zubac,Ivica,1610612746,LAC,LA Clippers,0022100597,2022-01-09T00:00:00,LAC vs. ATL,W,24.883333333333333,3,4,0.75,0,0,0.0,2,2,1.0,5,8,13,3,0,0,0,0,1,3,8,8,28.1,0,0,24.0,1,1,1,1,33,41,56,23,1,1,1,29,42,1,7,11,8,10,60,30,47,1,4,19,46,18,27,26,1,31,1,24:53,1,2021-22
2021-22,1627826,Ivica Zubac,Ivica,1610612746,LAC,LA Clippers,0022100616,2022-01-11T00:00:00,LAC vs. DEN,W,9.816666666666666,1,2,0.5,0,0,0.0,0,0,0.0,0,0,0,0,1,0,0,1,4,0,2,-20,1.0,0,0,2.0,1,1,1,1,76,66,70,56,1,1,1,59,59,59,69,76,76,59,29,30,47,40,55,71,72,73,76,26,1,76,1,9:49,1,2021-22
2021-22,1627826,Ivica Zubac,Ivica,1610612746,LAC,LA Clippers,0022100629,2022-01-13T00:00:00,LAC @ NOP,L,19.9,3,5,0.6,0,0,0.0,0,0,0.0,1,4,5,1,0,0,0,0,3,0,6,-12,13.5,0,0,12.0,1,41,41,41,61,41,41,43,1,1,1,59,59,59,57,49,61,34,60,30,47,1,39,71,57,55,67,26,1,70,1,19:54,1,2021-22
2021-22,1627826,Ivica Zubac,Ivica,1610612746,LAC,LA Clippers,0022100648,2022-01-15T00:00:00,LAC @ SAS,L,20.8,3,5,0.6,0,0,0.0,0,0,0.0,5,4,9,2,0,1,0,0,2,1,6,-3,22.8,0,0,19.0,1,41,41,41,58,41,41,43,1,1,1,59,59,59,7,49,31,16,60,7,47,1,16,58,57,42,45,26,1,46,1,20:48,1,2021-22
2021-22,1627826,Ivica Zubac,Ivica,1610612746,LAC,LA Clippers,0022100659,2022-01-17T00:00:00,LAC vs. IND,W,25.465,3,3,1.0,0,0,0.0,4,4,1.0,3,2,5,4,1,0,1,0,4,3,10,3,24.0,0,0,21.0,1,1,1,1,29,41,66,1,1,1,1,6,15,1,30,66,61,4,29,30,18,1,55,19,33,30,41,26,1,41,1,25:28,1,2021-22
2021-22,1627826,Ivica Zubac,Ivica,1610612746,LAC,LA Clippers,0022100678,2022-01-19T00:00:00,LAC @ DEN,L,37.33,15,19,0.789,0,0,0.0,2,2,1.0,6,4,10,3,3,1,1,1,5,2,32,-17,51.5,1,0,49.0,1,41,41,41,1,1,1,20,1,1,1,29,42,1,5,49,25,10,10,7,18,40,69,39,1,66,3,1,1,1,1,37:20,1,2021-22
2021-22,1627826,Ivica Zubac,Ivica,1610612746,LAC,LA Clippers,0022100686,2022-01-21T00:00:00,LAC @ PHI,W,23.746666666666666,6,8,0.75,0,0,0.0,0,0,0.0,2,8,10,1,1,0,0,1,3,2,12,0,24.5,1,0,23.0,1,1,1,1,41,12,19,23,1,1,1,59,59,59,42,11,25,34,29,30,47,40,39,39,22,36,39,1,1,36,1,23:45,1,2021-22
2021-22,1627826,Ivica Zubac,Ivica,1610612746,LAC,LA Clippers,0022100698,2022-01-23T00:00:00,LAC @ NYK,L,29.483333333333334,5,8,0.625,0,0,0.0,7,11,0.636,4,10,14,0,4,0,3,1,2,7,17,-1,38.8,1,0,37.0,1,41,41,41,14,17,19,38,1,1,1,2,1,36,14,3,3,59,3,30,5,40,16,2,8,37,8,1,1,6,1,29:29,1,2021-22
2021-22,1627826,Ivica Zubac,Ivica,1610612746,LAC,LA Clippers,0022100716,2022-01-25T00:00:00,LAC @ WAS,W,12.216666666666667,0,5,0.0,0,0,0.0,2,4,0.5,2,2,4,2,0,0,1,0,2,2,2,-19,12.8,0,0,10.0,1,1,1,1,75,73,41,73,1,1,1,29,15,40,42,66,69,16,60,30,18,1,16,39,72,71,69,26,1,72,1,12:13,1,2021-22
2021-22,1627826,Ivica Zubac,Ivica,1610612746,LAC,LA Clippers,0022100724,2022-01-26T00:00:00,LAC @ ORL,W,22.403333333333332,3,8,0.375,0,0,0.0,2,2,1.0,1,6,7,2,3,1,0,0,5,2,8,7,19.4,0,0,19.0,1,1,1,1,51,41,19,68,1,1,1,29,42,1,57,31,42,16,10,7,47,1,69,39,46,21,55,26,1,46,1,22:24,1,2021-22
2021-22,1627826,Ivica Zubac,Ivica,1610612746,LAC,LA Clippers,0022100738,2022-01-28T00:00:00,LAC @ MIA,L,22.783333333333335,2,4,0.5,0,0,0.0,2,4,0.5,0,3,3,2,2,0,1,0,1,4,6,-22,13.6,0,0,13.0,1,41,41,41,46,60,56,56,1,1,1,29,15,40,69,61,72,16,17,30,18,1,4,14,57,75,66,26,1,65,1,22:47,1,2021-22
2021-22,1627826,Ivica Zubac,Ivica,1610612746,LAC,LA Clippers,0022100752,2022-01-30T00:00:00,LAC @ CHA,W,20.121666666666666,2,2,1.0,0,0,0.0,3,4,0.75,1,10,11,3,3,0,1,0,2,3,7,3,24.7,0,0,23.0,1,1,1,1,60,60,70,1,1,1,1,20,15,26,57,3,17,10,10,30,18,1,16,19,55,30,38,26,1,36,1,20:07,1,2021-22
2021-22,1627826,Ivica Zubac,Ivica,1610612746,LAC,LA Clippers,0022100809,2022-02-06T00:00:00,LAC vs. MIL,L,18.883333333333333,3,5,0.6,0,0,0.0,4,4,1.0,0,5,5,1,1,0,1,1,2,3,10,-18,19.5,0,0,18.0,1,41,41,41,63,41,41,43,1,1,1,6,15,1,69,36,61,34,29,30,18,40,16,19,33,69,54,26,1,54,1,18:53,1,2021-22
2021-22,1627826,Ivica Zubac,Ivica,1610612746,LAC,LA Clippers,0022100818,2022-02-08T00:00:00,LAC @ MEM,L,14.316666666666666,0,1,0.0,0,0,0.0,2,4,0.5,3,4,7,1,1,0,0,0,3,3,2,-16,10.9,0,0,10.0,1,41,41,41,73,73,74,73,1,1,1,29,15,40,30,49,42,34,29,30,47,1,39,19,72,62,71,26,1,72,1,14:19,1,2021-22
2021-22,1627826,Ivica Zubac,Ivica,1610612746,LAC,LA Clippers,0022100835,2022-02-10T00:00:00,LAC @ DAL,L,25.65,3,4,0.75,0,0,0.0,2,5,0.4,0,3,3,1,3,0,0,0,3,5,8,-17,10.1,0,0,12.0,1,41,41,41,28,41,56,23,1,1,1,29,11,57,69,61,72,34,10,30,47,1,39,6,46,66,74,26,1,70,1,25:39,1,2021-22
2021-22,1627826,Ivica Zubac,Ivica,1610612746,LAC,LA Clippers,0022100853,2022-02-12T00:00:00,LAC @ DAL,W,33.0,5,8,0.625,0,0,0.0,1,2,0.5,1,9,10,6,4,2,1,0,2,2,11,-10,37.0,1,0,33.0,1,1,1,1,6,17,19,38,1,1,1,48,42,40,57,7,25,1,3,2,18,1,16,39,28,50,12,1,1,12,1,33:00,1,2021-22
2021-22,1627826,Ivica Zubac,Ivica,1610612746,LAC,LA Clippers,0022100866,2022-02-14T00:00:00,LAC vs. GSW,W,22.633333333333333,8,10,0.8,0,0,0.0,2,4,0.5,4,4,8,1,1,0,0,1,1,5,18,13,28.1,0,0,27.0,1,1,1,1,49,4,9,13,1,1,1,29,15,40,14,49,38,34,29,30,47,40,4,6,6,9,27,26,1,23,1,22:38,1,2021-22
2021-22,1627826,Ivica Zubac,Ivica,1610612746,LAC,LA Clippers,0022100873,2022-02-15T00:00:00,LAC @ PHX,L,31.24,5,9,0.556,0,0,0.0,2,3,0.667,5,8,13,5,1,0,1,1,3,3,12,-7,37.1,1,0,32.0,1,41,41,41,10,17,14,53,1,1,1,29,38,30,7,11,8,3,29,30,18,40,39,19,22,46,11,1,1,14,1,31:14,1,2021-22
2021-22,1627826,Ivica Zubac,Ivica,1610612746,LAC,LA Clippers,0022100888,2022-02-17T00:00:00,LAC vs. HOU,W,22.716666666666665,6,10,0.6,0,0,0.0,1,2,0.5,5,5,10,1,1,1,0,0,3,4,13,10,28.5,1,0,26.0,1,1,1,1,47,12,9,43,1,1,1,48,42,40,7,36,25,34,29,7,47,1,39,14,19,13,26,1,1,24,1,22:43,1,2021-22
2021-22,1627826,Ivica Zubac,Ivica,1610612746,LAC,LA Clippers,0022100904,2022-02-25T00:00:00,LAC @ LAL,W,18.0,3,7,0.429,0,0,0.0,0,0,0.0,1,6,7,0,4,0,0,1,4,1,6,3,10.4,0,0,13.0,1,1,1,1,67,41,27,62,1,1,1,59,59,59,57,31,42,59,3,30,47,40,55,58,57,30,73,26,1,65,1,18:00,1,2021-22
2021-22,1627826,Ivica Zubac,Ivica,1610612746,LAC,LA Clippers,0022100916,2022-02-27T00:00:00,LAC @ HOU,W,33.95333333333333,5,5,1.0,0,0,0.0,4,6,0.667,4,11,15,3,4,1,6,0,3,5,14,16,53.5,1,0,46.0,1,1,1,1,5,17,41,1,1,1,1,6,5,30,14,1,1,10,3,7,1,1,39,6,14,6,1,1,1,2,1,33:57,1,2021-22
2021-22,1627826,Ivica Zubac,Ivica,1610612746,LAC,LA Clippers,0022100929,2022-03-01T00:00:00,LAC @ HOU,W,24.565,8,12,0.667,0,0,0.0,6,7,0.857,7,5,12,2,2,1,1,1,3,7,22,13,43.4,1,0,40.0,1,1,1,1,36,4,5,33,1,1,1,3,4,24,1,36,12,16,17,7,18,40,39,2,4,9,5,1,1,5,1,24:34,1,2021-22
2021-22,1627826,Ivica Zubac,Ivica,1610612746,LAC,LA Clippers,0022100945,2022-03-03T00:00:00,LAC vs. LAL,W,24.85,8,11,0.727,0,0,0.0,3,4,0.75,5,4,9,3,0,0,2,0,5,4,19,34,40.3,0,0,35.0,1,1,1,1,34,4,6,29,1,1,1,20,15,26,7,49,31,10,60,30,9,1,69,14,5,1,6,26,1,8,1,24:51,1,2021-22
2021-22,1627826,Ivica Zubac,Ivica,1610612746,LAC,LA Clippers,0022100966,2022-03-06T00:00:00,LAC vs. NYK,L,18.7,2,5,0.4,0,0,0.0,0,0,0.0,2,7,9,0,3,0,0,1,4,1,4,-2,11.8,0,0,13.0,1,41,41,41,65,60,41,66,1,1,1,59,59,59,42,24,31,59,10,30,47,40,55,58,64,39,70,26,1,65,1,18:42,1,2021-22
2021-22,1627826,Ivica Zubac,Ivica,1610612746,LAC,LA Clippers,0022100980,2022-03-08T00:00:00,LAC @ GSW,L,22.483333333333334,0,6,0.0,0,0,0.0,4,4,1.0,3,6,9,2,4,3,0,0,1,2,4,-16,22.8,0,0,21.0,1,41,41,41,50,73,36,73,1,1,1,6,15,1,30,31,31,16,3,1,47,1,4,39,64,62,45,26,1,41,1,22:29,1,2021-22
2021-22,1627826,Ivica Zubac,Ivica,1610612746,LAC,LA Clippers,0022100992,2022-03-09T00:00:00,LAC vs. WAS,W,27.05,5,13,0.385,0,0,0.0,0,0,0.0,3,6,9,2,2,1,1,2,2,0,10,-14,27.8,0,0,25.0,1,1,1,1,23,17,3,67,1,1,1,59,59,59,30,31,31,16,17,7,18,71,16,71,33,60,29,26,1,29,1,27:03,1,2021-22
2021-22,1627826,Ivica Zubac,Ivica,1610612746,LAC,LA Clippers,0022100996,2022-03-11T00:00:00,LAC @ ATL,L,36.28333333333333,10,13,0.769,0,0,0.0,4,4,1.0,4,8,12,4,1,1,2,2,4,8,24,8,52.4,1,0,46.0,1,41,41,41,2,2,3,22,1,1,1,6,15,1,14,11,12,4,29,7,9,71,55,1,2,18,2,1,1,2,1,36:17,1,2021-22
2021-22,1627826,Ivica Zubac,Ivica,1610612746,LAC,LA Clippers,0022101013,2022-03-13T00:00:00,LAC @ DET,W,30.325,6,11,0.545,0,0,0.0,2,4,0.5,4,11,15,1,2,1,1,1,2,5,14,10,37.5,1,0,34.0,1,1,1,1,13,12,6,55,1,1,1,29,15,40,14,1,1,34,17,7,18,40,16,6,14,13,10,1,1,9,1,30:20,1,2021-22
2021-22,1627826,Ivica Zubac,Ivica,1610612746,LAC,LA Clippers,0022101020,2022-03-14T00:00:00,LAC @ CLE,L,36.18333333333333,10,15,0.667,0,0,0.0,4,4,1.0,7,7,14,4,3,0,2,1,6,5,24,1,49.8,1,0,46.0,1,41,41,41,3,2,2,33,1,1,1,6,15,1,1,24,3,4,10,30,9,40,76,6,2,35,4,1,1,2,1,36:11,1,2021-22
2021-22,1627826,Ivica Zubac,Ivica,1610612746,LAC,LA Clippers,0022101044,2022-03-16T00:00:00,LAC vs. TOR,L,17.013333333333332,1,4,0.25,0,0,0.0,0,0,0.0,1,6,7,2,3,1,0,0,1,0,2,-13,13.4,0,0,13.0,1,41,41,41,72,66,56,71,1,1,1,59,59,59,57,31,42,16,10,7,47,1,4,71,72,56,68,26,1,65,1,17:01,1,2021-22
2021-22,1627826,Ivica Zubac,Ivica,1610612746,LAC,LA Clippers,0022101055,2022-03-18T00:00:00,LAC @ UTA,L,20.616666666666667,3,9,0.333,0,0,0.0,3,3,1.0,3,3,6,1,1,1,1,0,4,3,9,-13,22.7,0,0,20.0,1,41,41,41,59,41,14,69,1,1,1,20,38,1,30,61,53,34,29,7,18,1,55,19,44,56,47,26,1,43,1,20:37,1,2021-22
2021-22,1627826,Ivica Zubac,Ivica,1610612746,LAC,LA Clippers,0022101083,2022-03-22T00:00:00,LAC @ DEN,L,17.05,3,5,0.6,0,0,0.0,0,0,0.0,0,5,5,1,1,0,1,0,3,0,6,-10,15.5,0,0,14.0,1,41,41,41,71,41,41,43,1,1,1,59,59,59,69,36,61,34,29,30,18,1,39,71,57,50,62,26,1,62,1,17:03,1,2021-22
2021-22,1627826,Ivica Zubac,Ivica,1610612746,LAC,LA Clippers,0022101106,2022-03-25T00:00:00,LAC vs. PHI,L,23.636666666666667,3,7,0.429,0,0,0.0,1,2,0.5,4,3,7,6,0,0,1,1,4,1,7,-19,27.4,0,0,22.0,1,41,41,41,43,41,27,62,1,1,1,48,42,40,14,61,42,1,60,30,18,40,55,58,55,71,30,26,1,38,1,23:38,1,2021-22
2021-22,1627826,Ivica Zubac,Ivica,1610612746,LAC,LA Clippers,0022101135,2022-03-29T00:00:00,LAC vs. UTA,W,17.233333333333334,2,4,0.5,0,0,0.0,4,4,1.0,4,2,6,0,0,0,0,2,2,3,8,-21,15.2,0,0,14.0,1,1,1,1,69,60,56,56,1,1,1,6,15,1,14,66,53,59,60,30,47,71,16,19,46,74,64,26,1,62,1,17:14,1,2021-22
2021-22,1627826,Ivica Zubac,Ivica,1610612746,LAC,LA Clippers,0022101149,2022-03-31T00:00:00,LAC @ CHI,L,32.015,5,8,0.625,0,0,0.0,1,1,1.0,2,7,9,2,1,1,0,1,5,1,11,5,26.8,0,0,24.0,1,41,41,41,7,17,19,38,1,1,1,48,56,1,42,24,31,16,29,7,47,40,69,58,28,25,34,26,1,31,1,32:01,1,2021-22
2021-22,1627826,Ivica Zubac,Ivica,1610612746,LAC,LA Clippers,0022101156,2022-04-01T00:00:00,LAC @ MIL,W,21.233333333333334,5,7,0.714,0,0,0.0,1,4,0.25,2,1,3,4,0,0,1,0,1,3,11,22,23.6,0,0,20.0,1,1,1,1,56,17,27,30,1,1,1,48,15,58,42,74,72,4,60,30,18,1,4,19,28,2,42,26,1,43,1,21:14,1,2021-22
2021-22,1627826,Ivica Zubac,Ivica,1610612746,LAC,LA Clippers,0022101177,2022-04-03T00:00:00,LAC vs. NOP,W,24.971666666666668,7,9,0.778,0,0,0.0,2,3,0.667,7,7,14,1,1,0,1,0,3,2,16,3,36.3,1,0,33.0,1,1,1,1,32,8,14,21,1,1,1,29,38,30,1,24,3,34,29,30,18,1,39,39,11,30,13,1,1,12,1,24:58,1,2021-22
2021-22,1627826,Ivica Zubac,Ivica,1610612746,LAC,LA Clippers,0022101195,2022-04-06T00:00:00,LAC vs. PHX,W,25.216666666666665,5,6,0.833,0,0,0.0,3,4,0.75,1,10,11,1,2,0,2,0,4,2,13,14,31.7,1,0,29.0,1,1,1,1,30,17,36,11,1,1,1,20,15,26,57,3,17,34,17,30,9,1,55,39,19,7,22,1,1,18,1,25:13,1,2021-22
2021-22,1627826,Ivica Zubac,Ivica,1610612746,LAC,LA Clippers,0022101212,2022-04-09T00:00:00,LAC vs. SAC,W,24.533333333333335,7,11,0.636,0,0,0.0,1,2,0.5,4,8,12,2,0,0,0,0,4,2,15,9,32.4,1,0,29.0,1,1,1,1,37,8,6,37,1,1,1,48,42,40,14,11,12,16,60,30,47,1,55,39,13,16,21,1,1,18,1,24:32,1,2021-22
2021-22,1627826,Ivica Zubac,Ivica,1610612746,LAC,LA Clippers,0022101222,2022-04-10T00:00:00,LAC vs. OKC,W,23.266666666666666,6,10,0.6,0,0,0.0,0,0,0.0,4,7,11,2,1,0,2,0,2,1,12,18,33.2,1,0,29.0,1,1,1,1,44,12,9,43,1,1,1,59,59,59,14,24,17,16,29,30,9,1,16,58,22,4,18,1,1,18,1,23:16,1,2021-22
2022-23,1627826,Ivica Zubac,Ivica,1610612746,LAC,LA Clippers,0022200016,2022-10-20T00:00:00,LAC @ LAL,W,35.36333333333334,6,6,1.0,0,0,0.0,2,4,0.5,6,11,17,1,5,0,5,0,2,4,14,13,45.9,1,0,42.0,1,1,1,1,11,8,40,1,1,3,1,29,23,43,7,5,5,21,1,22,2,1,16,12,17,10,5,1,1,3,1,35:22,1,2022-23
2022-23,1627826,Ivica Zubac,Ivica,1610612746,LAC,LA Clippers,0022200036,2022-10-22T00:00:00,LAC @ SAC,W,24.166666666666668,4,7,0.571,0,0,0.0,2,2,1.0,1,7,8,1,1,0,1,0,3,2,10,4,23.1,0,0,21.0,1,1,1,1,57,37,29,53,1,3,1,29,37,1,56,28,41,21,34,22,28,1,33,46,38,29,44,28,1,42,1,24:10,1,2022-23
2022-23,1627826,Ivica Zubac,Ivica,1610612746,LAC,LA Clippers,0022200043,2022-10-23T00:00:00,LAC vs. PHX,L,21.333333333333332,1,4,0.25,0,0,0.0,0,0,0.0,3,5,8,2,3,0,0,2,1,1,2,-8,11.6,0,0,12.0,1,44,44,44,66,70,61,72,1,3,1,58,61,58,28,47,41,6,8,22,57,65,3,58,73,54,72,28,1,71,1,21:20,1,2022-23
2022-23,1627826,Ivica Zubac,Ivica,1610612746,LAC,LA Clippers,0022200054,2022-10-25T00:00:00,LAC @ OKC,L,34.69833333333333,5,9,0.556,0,1,0.0,0,0,0.0,4,10,14,2,1,0,7,1,2,0,10,-17,49.8,1,0,40.0,1,44,44,44,15,26,11,56,1,1,1,58,61,58,21,9,15,6,34,22,1,45,16,72,38,68,2,1,1,6,1,34:42,1,2022-23
2022-23,1627826,Ivica Zubac,Ivica,1610612746,LAC,LA Clippers,0022200067,2022-10-27T00:00:00,LAC @ OKC,L,34.35,4,9,0.444,0,0,0.0,4,6,0.667,5,13,18,2,1,0,1,2,2,4,12,-14,38.6,1,0,34.0,1,44,44,44,17,37,11,62,1,3,1,9,6,36,12,3,2,6,34,22,28,65,16,12,27,63,15,1,1,13,1,34:21,1,2022-23
2022-23,1627826,Ivica Zubac,Ivica,1610612746,LAC,LA Clippers,0022200088,2022-10-30T00:00:00,LAC vs. NOP,L,23.433333333333334,2,3,0.667,0,0,0.0,0,2,0.0,0,6,6,1,1,0,2,0,3,3,4,-10,17.7,0,0,15.0,1,44,44,44,60,60,67,33,1,3,1,58,37,58,68,38,62,21,34,22,8,1,33,23,67,59,62,28,1,65,1,23:26,1,2022-23
2022-23,1627826,Ivica Zubac,Ivica,1610612746,LAC,LA Clippers,0022200102,2022-10-31T00:00:00,LAC vs. HOU,W,31.66,6,8,0.75,0,0,0.0,4,6,0.667,1,11,12,0,3,1,4,1,5,4,16,-2,42.4,1,0,38.0,1,1,1,1,26,8,20,20,1,3,1,9,6,36,56,5,22,52,8,7,3,45,64,12,10,45,9,1,1,9,1,31:40,1,2022-23
2022-23,1627826,Ivica Zubac,Ivica,1610612746,LAC,LA Clippers,0022200112,2022-11-02T00:00:00,LAC @ HOU,W,24.75,2,5,0.4,0,0,0.0,1,2,0.5,1,5,6,2,2,1,1,0,5,4,5,3,19.2,0,0,17.0,1,1,1,1,55,60,49,64,1,3,1,49,37,43,56,47,62,6,11,7,28,1,64,12,66,31,56,28,1,56,1,24:45,1,2022-23
2022-23,1627826,Ivica Zubac,Ivica,1610612746,LAC,LA Clippers,0022200126,2022-11-04T00:00:00,LAC @ SAS,W,36.083333333333336,8,10,0.8,0,0,0.0,1,2,0.5,1,14,15,2,4,1,4,0,4,5,17,15,49.0,1,0,44.0,1,1,1,1,8,2,7,15,1,3,1,49,37,43,56,2,10,6,5,7,3,1,53,7,6,5,3,1,1,2,1,36:05,1,2022-23
2022-23,1627826,Ivica Zubac,Ivica,1610612746,LAC,LA Clippers,0022200143,2022-11-06T00:00:00,LAC vs. UTA,L,34.778333333333336,6,12,0.5,0,0,0.0,0,0,0.0,3,6,9,2,1,3,1,2,1,1,12,-1,36.8,0,0,31.0,1,44,44,44,14,8,5,60,1,3,1,58,61,58,28,38,34,6,34,1,28,65,3,58,27,44,17,28,1,19,1,34:47,1,2022-23
2022-23,1627826,Ivica Zubac,Ivica,1610612746,LAC,LA Clippers,0022200158,2022-11-07T00:00:00,LAC vs. CLE,W,33.03333333333333,2,7,0.286,0,0,0.0,6,8,0.75,4,5,9,0,0,1,1,2,1,4,10,-15,26.8,0,0,23.0,1,1,1,1,23,60,29,70,1,3,1,4,3,28,21,47,34,52,64,7,28,65,3,12,38,66,37,28,1,37,1,33:02,1,2022-23
2022-23,1627826,Ivica Zubac,Ivica,1610612746,LAC,LA Clippers,0022200170,2022-11-09T00:00:00,LAC vs. LAL,W,36.23,4,4,1.0,0,0,0.0,2,5,0.4,2,6,8,2,2,1,2,0,3,6,10,-8,29.6,0,0,26.0,1,1,1,1,7,37,61,1,1,3,1,29,15,53,41,38,41,6,11,7,8,1,33,3,38,54,33,28,1,33,1,36:14,1,2022-23
2022-23,1627826,Ivica Zubac,Ivica,1610612746,LAC,LA Clippers,0022200184,2022-11-12T00:00:00,LAC vs. BKN,L,27.7,6,8,0.75,0,0,0.0,4,6,0.667,5,10,15,0,5,0,0,0,4,4,16,-5,29.0,1,0,31.0,1,44,44,44,44,8,20,20,1,3,1,9,6,36,12,9,10,52,1,22,57,1,53,12,10,50,34,1,1,19,1,27:42,1,2022-23
2022-23,1627826,Ivica Zubac,Ivica,1610612746,LAC,LA Clippers,0022200203,2022-11-14T00:00:00,LAC @ HOU,W,26.445,3,5,0.6,0,0,0.0,3,3,1.0,3,4,7,1,2,0,1,0,2,2,9,8,19.9,0,0,19.0,1,1,1,1,50,50,49,47,1,3,1,16,33,1,28,62,52,21,11,22,28,1,16,46,47,21,54,28,1,50,1,26:27,1,2022-23
2022-23,1627826,Ivica Zubac,Ivica,1610612746,LAC,LA Clippers,0022200207,2022-11-15T00:00:00,LAC @ DAL,L,32.62833333333333,0,2,0.0,0,0,0.0,3,4,0.75,2,5,7,4,1,0,2,0,5,7,3,-9,22.4,0,0,18.0,1,44,44,44,25,74,73,74,1,3,1,16,23,28,41,47,52,1,34,22,8,1,64,2,71,58,47,28,1,54,1,32:38,1,2022-23
2022-23,1627826,Ivica Zubac,Ivica,1610612746,LAC,LA Clippers,0022200223,2022-11-17T00:00:00,LAC vs. DET,W,39.51833333333333,3,8,0.375,0,0,0.0,3,4,0.75,5,13,18,1,5,0,0,0,5,5,9,15,27.1,0,0,28.0,1,1,1,1,3,50,20,66,1,3,1,16,23,28,12,3,2,21,1,22,57,1,64,7,47,5,36,28,1,26,1,39:31,1,2022-23
2022-23,1627826,Ivica Zubac,Ivica,1610612746,LAC,LA Clippers,0022200239,2022-11-19T00:00:00,LAC vs. SAS,W,23.983333333333334,0,1,0.0,0,0,0.0,3,6,0.5,3,8,11,1,1,0,1,0,4,3,3,10,19.7,0,0,17.0,1,1,1,1,58,74,75,74,1,3,1,16,6,43,28,22,28,21,34,22,28,1,53,23,71,13,55,28,1,56,1,23:59,1,2022-23
2022-23,1627826,Ivica Zubac,Ivica,1610612746,LAC,LA Clippers,0022200255,2022-11-21T00:00:00,LAC vs. UTA,W,35.22833333333333,6,8,0.75,0,0,0.0,2,3,0.667,6,8,14,2,3,0,2,0,4,3,14,-3,36.8,1,0,34.0,1,1,1,1,12,8,20,20,1,3,1,29,33,36,7,22,15,6,8,22,8,1,53,23,17,48,17,1,1,13,1,35:14,1,2022-23
2022-23,1627826,Ivica Zubac,Ivica,1610612746,LAC,LA Clippers,0022200271,2022-11-23T00:00:00,LAC @ GSW,L,25.95,4,5,0.8,0,0,0.0,0,0,0.0,2,2,4,1,1,0,1,1,1,3,8,-8,16.3,0,0,15.0,1,44,44,44,52,37,49,15,1,3,1,58,61,58,41,73,72,21,34,22,28,45,3,23,53,54,65,28,1,65,1,25:57,1,2022-23
2022-23,1627826,Ivica Zubac,Ivica,1610612746,LAC,LA Clippers,0022200285,2022-11-25T00:00:00,LAC vs. DEN,L,29.35,2,6,0.333,0,0,0.0,2,2,1.0,2,7,9,0,1,0,0,1,2,3,6,-22,15.8,0,0,15.0,1,44,44,44,34,60,40,67,1,3,1,29,37,1,41,28,34,52,34,22,57,45,16,23,58,73,69,28,1,65,1,29:21,1,2022-23
2022-23,1627826,Ivica Zubac,Ivica,1610612746,LAC,LA Clippers,0022200292,2022-11-27T00:00:00,LAC vs. IND,W,35.666666666666664,14,17,0.824,0,0,0.0,3,3,1.0,12,17,29,3,5,0,3,2,6,3,31,13,74.3,1,0,69.0,1,1,1,1,9,1,1,14,1,3,1,16,33,1,1,1,1,2,1,22,5,65,74,23,1,10,1,1,1,1,1,35:40,1,2022-23
2022-23,1627826,Ivica Zubac,Ivica,1610612746,LAC,LA Clippers,0022200311,2022-11-29T00:00:00,LAC @ POR,W,27.85,5,8,0.625,0,0,0.0,2,2,1.0,5,8,13,0,2,2,1,0,1,5,12,-21,34.6,1,0,31.0,1,1,1,1,43,26,20,46,1,3,1,29,37,1,12,22,17,52,11,3,28,1,3,7,27,72,20,1,1,19,1,27:51,1,2022-23
2022-23,1627826,Ivica Zubac,Ivica,1610612746,LAC,LA Clippers,0022200322,2022-11-30T00:00:00,LAC @ UTA,L,30.416666666666668,5,7,0.714,0,0,0.0,2,2,1.0,2,5,7,0,2,0,1,0,3,2,12,-18,21.4,0,0,21.0,1,44,44,44,29,26,29,29,1,3,1,29,37,1,41,47,52,52,11,22,28,1,33,46,27,69,50,28,1,42,1,30:25,1,2022-23
2022-23,1627826,Ivica Zubac,Ivica,1610612746,LAC,LA Clippers,0022200338,2022-12-03T00:00:00,LAC vs. SAC,L,27.076666666666668,5,6,0.833,0,0,0.0,3,4,0.75,5,10,15,1,1,1,0,0,4,3,13,-11,34.5,1,0,31.0,1,44,44,44,48,26,40,11,1,3,1,16,23,28,12,9,10,21,34,7,57,1,53,23,22,61,21,1,1,19,1,27:05,1,2022-23
2022-23,1627826,Ivica Zubac,Ivica,1610612746,LAC,LA Clippers,0022200352,2022-12-05T00:00:00,LAC @ CHA,W,29.211666666666666,3,4,0.75,0,0,0.0,3,5,0.6,4,4,8,0,2,0,2,0,2,4,9,-19,22.6,0,0,21.0,1,1,1,1,37,50,61,20,1,3,1,16,15,40,21,62,41,52,11,22,8,1,16,12,47,71,45,28,1,42,1,29:13,1,2022-23
2022-23,1627826,Ivica Zubac,Ivica,1610612746,LAC,LA Clippers,0022200363,2022-12-07T00:00:00,LAC @ ORL,L,37.138333333333335,6,9,0.667,0,0,0.0,4,8,0.5,3,10,13,1,2,0,2,0,6,6,16,2,37.1,1,0,34.0,1,44,44,44,5,8,11,33,1,3,1,9,3,43,28,9,17,21,11,22,8,1,74,3,10,34,16,1,1,13,1,37:08,1,2022-23
2022-23,1627826,Ivica Zubac,Ivica,1610612746,LAC,LA Clippers,0022200374,2022-12-08T00:00:00,LAC @ MIA,L,33.736666666666665,3,4,0.75,0,0,0.0,3,3,1.0,0,8,8,0,2,1,1,0,3,3,9,10,22.6,0,0,21.0,1,44,44,44,21,50,61,20,1,3,1,16,33,1,68,22,41,52,11,7,28,1,33,23,47,13,45,28,1,42,1,33:44,1,2022-23
2022-23,1627826,Ivica Zubac,Ivica,1610612746,LAC,LA Clippers,0022200389,2022-12-10T00:00:00,LAC @ WAS,W,19.946666666666665,2,5,0.4,0,0,0.0,0,0,0.0,2,3,5,0,2,0,0,1,2,1,4,-8,8.0,0,0,9.0,1,1,1,1,69,60,49,64,1,3,1,58,61,58,41,70,67,52,11,22,57,45,16,58,67,54,76,28,1,75,1,19:57,1,2022-23
2022-23,1627826,Ivica Zubac,Ivica,1610612746,LAC,LA Clippers,0022200408,2022-12-12T00:00:00,LAC vs. BOS,W,17.1,1,1,1.0,0,0,0.0,2,4,0.5,1,2,3,1,1,0,1,0,5,3,4,14,11.1,0,0,10.0,1,1,1,1,74,70,75,1,1,3,1,29,23,43,56,73,73,21,34,22,28,1,64,23,67,9,73,28,1,73,1,17:06,1,2022-23
2022-23,1627826,Ivica Zubac,Ivica,1610612746,LAC,LA Clippers,0022200423,2022-12-14T00:00:00,LAC vs. MIN,W,17.246666666666666,1,5,0.2,0,0,0.0,0,0,0.0,5,3,8,0,2,0,0,1,2,2,2,-10,9.6,0,0,10.0,1,1,1,1,73,70,49,73,1,3,1,58,61,58,12,70,41,52,11,22,57,45,16,46,73,59,74,28,1,73,1,17:15,1,2022-23
2022-23,1627826,Ivica Zubac,Ivica,1610612746,LAC,LA Clippers,0022200476,2022-12-21T00:00:00,LAC vs. CHA,W,22.6,2,3,0.667,0,0,0.0,0,0,0.0,3,5,8,1,2,0,1,0,5,1,4,2,16.1,0,0,15.0,1,1,1,1,63,60,67,33,1,3,1,58,61,58,28,47,41,21,11,22,28,1,64,58,67,34,67,28,1,65,1,22:36,1,2022-23
2022-23,1627826,Ivica Zubac,Ivica,1610612746,LAC,LA Clippers,0022200480,2022-12-23T00:00:00,LAC @ PHI,L,33.55,3,3,1.0,0,0,0.0,1,1,1.0,2,10,12,2,0,0,2,0,1,3,7,0,30.4,0,0,25.0,1,44,44,44,22,50,67,1,1,3,1,49,59,1,41,9,22,6,64,22,8,1,3,23,57,38,30,28,1,35,1,33:33,1,2022-23
2022-23,1627826,Ivica Zubac,Ivica,1610612746,LAC,LA Clippers,0022200499,2022-12-26T00:00:00,LAC @ DET,W,41.038333333333334,4,5,0.8,0,0,0.0,4,4,1.0,6,9,15,1,4,1,0,0,2,6,12,10,30.5,1,0,30.0,1,1,1,1,1,37,49,15,1,3,1,9,23,1,7,16,10,21,5,7,57,1,16,3,27,13,28,1,1,23,1,41:02,1,2022-23
2022-23,1627826,Ivica Zubac,Ivica,1610612746,LAC,LA Clippers,0022200509,2022-12-27T00:00:00,LAC @ TOR,W,31.258333333333333,7,13,0.538,0,0,0.0,9,12,0.75,10,6,16,1,2,0,1,2,3,6,23,15,44.7,1,0,42.0,1,1,1,1,27,3,3,58,1,3,1,1,1,28,2,38,6,21,11,22,28,65,33,3,2,5,6,1,1,3,1,31:16,1,2022-23
2022-23,1627826,Ivica Zubac,Ivica,1610612746,LAC,LA Clippers,0022200525,2022-12-29T00:00:00,LAC @ BOS,L,29.955,6,9,0.667,0,0,0.0,1,4,0.25,4,7,11,0,1,1,1,2,3,3,13,10,31.2,1,0,28.0,1,44,44,44,31,8,11,33,1,3,1,49,23,56,21,28,28,52,34,7,28,65,33,23,22,13,26,1,1,26,1,29:57,1,2022-23
2022-23,1627826,Ivica Zubac,Ivica,1610612746,LAC,LA Clippers,0022200538,2022-12-31T00:00:00,LAC @ IND,L,26.91,3,5,0.6,0,0,0.0,0,0,0.0,3,4,7,0,1,0,0,1,1,0,6,0,13.4,0,0,13.0,1,44,44,44,49,50,49,47,1,3,1,58,61,58,28,62,52,52,34,22,57,45,3,72,58,38,70,28,1,70,1,26:55,1,2022-23
2022-23,1627826,Ivica Zubac,Ivica,1610612746,LAC,LA Clippers,0022200560,2023-01-02T00:00:00,LAC vs. MIA,L,34.13333333333333,4,6,0.667,0,0,0.0,2,2,1.0,2,5,7,0,2,0,0,0,5,1,10,0,16.4,0,0,17.0,1,44,44,44,18,37,40,33,1,3,1,29,37,1,41,47,52,52,11,22,57,1,64,58,38,38,64,28,1,56,1,34:08,1,2022-23
2022-23,1627826,Ivica Zubac,Ivica,1610612746,LAC,LA Clippers,0022200579,2023-01-05T00:00:00,LAC @ DEN,L,15.546666666666667,2,2,1.0,0,0,0.0,4,4,1.0,0,5,5,0,1,0,1,0,0,3,8,-24,16.0,0,0,15.0,1,44,44,44,76,60,73,1,1,3,1,9,23,1,68,47,67,52,34,22,28,1,1,23,53,74,68,28,1,65,1,15:33,1,2022-23
2022-23,1627826,Ivica Zubac,Ivica,1610612746,LAC,LA Clippers,0022200587,2023-01-06T00:00:00,LAC @ MIN,L,21.1,4,8,0.5,0,1,0.0,1,2,0.5,1,1,2,1,1,0,0,1,1,1,9,-26,11.9,0,0,12.0,1,44,44,44,67,37,20,60,1,1,1,49,37,43,56,76,75,21,34,22,57,45,3,58,47,75,71,28,1,71,1,21:06,1,2022-23
2022-23,1627826,Ivica Zubac,Ivica,1610612746,LAC,LA Clippers,0022200604,2023-01-08T00:00:00,LAC vs. ATL,L,37.65,6,9,0.667,0,0,0.0,5,6,0.833,8,10,18,3,2,0,1,1,4,3,17,6,44.1,1,0,40.0,1,44,44,44,4,8,11,33,1,3,1,6,6,24,3,9,2,2,11,22,28,45,53,23,6,26,7,1,1,6,1,37:39,1,2022-23
2022-23,1627826,Ivica Zubac,Ivica,1610612746,LAC,LA Clippers,0022200617,2023-01-10T00:00:00,LAC vs. DAL,W,15.666666666666666,4,6,0.667,0,0,0.0,0,0,0.0,3,4,7,2,1,1,0,0,4,1,8,7,21.4,0,0,19.0,1,1,1,1,75,37,40,33,1,3,1,58,61,58,28,62,52,6,34,7,57,1,53,58,53,23,50,28,1,50,1,15:40,1,2022-23
2022-23,1627826,Ivica Zubac,Ivica,1610612746,LAC,LA Clippers,0022200639,2023-01-13T00:00:00,LAC vs. DEN,L,27.95,2,7,0.286,0,0,0.0,2,2,1.0,3,4,7,1,1,1,0,0,3,1,6,-16,17.9,0,0,16.0,1,44,44,44,42,60,29,70,1,3,1,29,37,1,28,62,52,21,34,7,57,1,33,58,58,67,61,28,1,61,1,27:57,1,2022-23
2022-23,1627826,Ivica Zubac,Ivica,1610612746,LAC,LA Clippers,0022200649,2023-01-15T00:00:00,LAC vs. HOU,W,29.755,4,5,0.8,0,0,0.0,2,2,1.0,0,5,5,0,2,2,2,0,3,2,10,3,26.0,0,0,23.0,1,1,1,1,32,37,49,15,1,3,1,29,37,1,68,47,67,52,11,3,8,1,33,46,38,31,38,28,1,37,1,29:45,1,2022-23
2022-23,1627826,Ivica Zubac,Ivica,1610612746,LAC,LA Clippers,0022200668,2023-01-17T00:00:00,LAC vs. PHI,L,35.03333333333333,5,7,0.714,0,0,0.0,2,2,1.0,2,7,9,1,0,0,2,1,3,2,12,-4,30.3,0,0,26.0,1,44,44,44,13,26,29,29,1,3,1,29,37,1,41,28,34,21,64,22,8,45,33,46,27,49,31,28,1,33,1,35:02,1,2022-23
2022-23,1627826,Ivica Zubac,Ivica,1610612746,LAC,LA Clippers,0022200675,2023-01-18T00:00:00,LAC @ UTA,L,25.995,7,13,0.538,0,0,0.0,1,1,1.0,7,5,12,1,2,0,2,3,2,1,15,-11,34.9,1,0,32.0,1,44,44,44,51,3,3,58,1,3,1,49,59,1,5,47,22,21,11,22,8,75,16,58,14,61,19,1,1,18,1,25:60,1,2022-23
2022-23,1627826,Ivica Zubac,Ivica,1610612746,LAC,LA Clippers,0022200687,2023-01-20T00:00:00,LAC @ SAS,W,35.51833333333333,6,10,0.6,0,0,0.0,0,2,0.0,8,8,16,1,0,0,0,0,3,2,12,12,32.7,1,0,29.0,1,1,1,1,10,8,7,47,1,3,1,58,37,58,3,22,6,21,64,22,57,1,33,46,27,12,23,1,1,25,1,35:31,1,2022-23
2022-23,1627826,Ivica Zubac,Ivica,1610612746,LAC,LA Clippers,0022200701,2023-01-22T00:00:00,LAC @ DAL,W,22.9,2,6,0.333,0,0,0.0,2,2,1.0,4,5,9,1,2,0,0,1,4,2,6,0,16.3,0,0,16.0,1,1,1,1,61,60,40,67,1,3,1,29,37,1,21,47,34,21,11,22,57,45,53,46,58,38,65,28,1,61,1,22:54,1,2022-23
2022-23,1627826,Ivica Zubac,Ivica,1610612746,LAC,LA Clippers,0022200719,2023-01-24T00:00:00,LAC @ LAL,W,34.45,3,4,0.75,0,0,0.0,0,0,0.0,2,6,8,0,1,0,1,1,3,0,6,7,17.6,0,0,16.0,1,1,1,1,16,50,61,20,1,3,1,58,61,58,41,38,41,52,34,22,28,45,33,72,58,23,63,28,1,61,1,34:27,1,2022-23
2022-23,1627826,Ivica Zubac,Ivica,1610612746,LAC,LA Clippers,0022200735,2023-01-26T00:00:00,LAC vs. SAS,W,20.916666666666668,4,5,0.8,0,0,0.0,3,6,0.5,1,4,5,0,1,0,2,0,5,5,11,16,22.0,0,0,20.0,1,1,1,1,68,37,49,15,1,3,1,16,6,43,56,62,67,52,34,22,8,1,64,7,36,3,49,28,1,49,1,20:55,1,2022-23
2022-23,1627826,Ivica Zubac,Ivica,1610612746,LAC,LA Clippers,0022200745,2023-01-28T00:00:00,LAC @ ATL,W,36.58166666666666,6,9,0.667,0,0,0.0,6,6,1.0,2,4,6,3,0,1,2,1,4,4,18,10,38.7,0,0,33.0,1,1,1,1,6,8,11,33,1,3,1,4,6,1,41,62,62,2,64,7,8,45,53,12,5,13,14,28,1,16,1,36:35,1,2022-23
2022-23,1627826,Ivica Zubac,Ivica,1610612746,LAC,LA Clippers,0022200754,2023-01-29T00:00:00,LAC @ CLE,L,21.833333333333332,0,5,0.0,0,0,0.0,2,2,1.0,2,5,7,0,1,0,0,1,1,1,2,-29,9.4,0,0,9.0,1,44,44,44,65,74,49,74,1,3,1,29,37,1,41,47,52,52,34,22,57,45,3,58,73,76,75,28,1,75,1,21:50,1,2022-23
2022-23,1627826,Ivica Zubac,Ivica,1610612746,LAC,LA Clippers,0022200766,2023-01-31T00:00:00,LAC @ CHI,W,28.0,6,7,0.857,0,0,0.0,2,5,0.4,3,9,12,1,0,0,3,0,2,5,14,15,38.9,1,0,33.0,1,1,1,1,41,8,29,9,1,3,1,29,15,53,28,16,22,21,64,22,5,1,16,7,17,5,13,1,1,16,1,28:00,1,2022-23
2022-23,1627826,Ivica Zubac,Ivica,1610612746,LAC,LA Clippers,0022200784,2023-02-02T00:00:00,LAC @ MIL,L,29.233333333333334,4,7,0.571,0,0,0.0,4,5,0.8,6,7,13,1,1,0,1,0,6,3,12,-6,31.1,1,0,28.0,1,44,44,44,36,37,29,53,1,3,1,9,15,27,7,28,17,21,34,22,28,1,74,23,27,51,27,1,1,26,1,29:14,1,2022-23
2022-23,1627826,Ivica Zubac,Ivica,1610612746,LAC,LA Clippers,0022200795,2023-02-04T00:00:00,LAC @ NYK,W,39.53333333333333,1,3,0.333,0,0,0.0,0,0,0.0,2,11,13,1,1,0,1,0,1,3,2,0,21.1,0,0,18.0,1,1,1,1,2,70,67,67,1,3,1,58,61,58,41,5,17,21,34,22,28,1,3,23,73,38,52,28,1,54,1,39:32,1,2022-23
2022-23,1627826,Ivica Zubac,Ivica,1610612746,LAC,LA Clippers,0022200810,2023-02-06T00:00:00,LAC @ BKN,W,30.0,6,9,0.667,0,0,0.0,7,10,0.7,5,7,12,2,0,3,1,1,5,8,19,27,48.4,1,0,41.0,1,1,1,1,30,8,11,33,1,3,1,2,2,35,12,28,22,6,64,1,28,45,64,1,3,1,4,1,1,5,1,30:00,1,2022-23
2022-23,1627826,Ivica Zubac,Ivica,1610612746,LAC,LA Clippers,0022200829,2023-02-08T00:00:00,LAC vs. DAL,L,28.683333333333334,3,3,1.0,0,0,0.0,3,5,0.6,3,7,10,0,1,0,2,0,0,3,9,2,26.0,0,0,23.0,1,44,44,44,38,50,67,1,1,3,1,16,15,40,28,28,30,52,34,22,8,1,1,23,47,34,38,28,1,37,1,28:41,1,2022-23
2022-23,1627826,Ivica Zubac,Ivica,1610612746,LAC,LA Clippers,0022200845,2023-02-10T00:00:00,LAC vs. MIL,L,34.10333333333333,3,4,0.75,0,0,0.0,0,0,0.0,0,8,8,1,4,0,3,0,1,0,6,-18,22.1,0,0,21.0,1,44,44,44,19,50,61,20,1,3,1,58,61,58,68,22,41,21,5,22,5,1,3,72,58,69,48,28,1,42,1,34:06,1,2022-23
2022-23,1627826,Ivica Zubac,Ivica,1610612746,LAC,LA Clippers,0022200871,2023-02-14T00:00:00,LAC vs. GSW,W,28.166666666666668,5,9,0.556,0,0,0.0,0,0,0.0,0,2,2,3,1,0,1,0,3,2,10,8,18.9,0,0,17.0,1,1,1,1,40,26,11,56,1,3,1,58,61,58,68,73,75,2,34,22,28,1,33,46,38,21,57,28,1,56,1,28:10,1,2022-23
2022-23,1627826,Ivica Zubac,Ivica,1610612746,LAC,LA Clippers,0022200885,2023-02-16T00:00:00,LAC @ PHX,W,29.321666666666665,6,9,0.667,0,0,0.0,1,2,0.5,6,6,12,1,2,1,0,1,3,2,13,2,29.9,1,0,28.0,1,1,1,1,35,8,11,33,1,3,1,49,37,43,7,38,22,21,11,7,57,45,33,46,22,34,32,1,1,26,1,29:19,1,2022-23
2022-23,1627826,Ivica Zubac,Ivica,1610612746,LAC,LA Clippers,0022200932,2023-02-28T00:00:00,LAC vs. MIN,L,28.45,5,7,0.714,0,0,0.0,2,2,1.0,3,6,9,1,2,1,2,1,3,3,12,3,31.3,0,0,28.0,1,44,44,44,39,26,29,29,1,3,1,29,37,1,28,38,34,21,11,7,8,45,33,23,27,31,25,28,1,26,1,28:27,1,2022-23
2022-23,1627826,Ivica Zubac,Ivica,1610612746,LAC,LA Clippers,0022200970,2023-03-05T00:00:00,LAC vs. MEM,W,17.566666666666666,3,5,0.6,0,0,0.0,0,0,0.0,4,5,9,2,1,0,2,0,2,1,6,-14,24.8,0,0,21.0,1,1,1,1,71,50,49,47,1,3,1,58,61,58,21,47,34,6,34,22,8,1,16,58,58,63,41,28,1,42,1,17:34,1,2022-23
2022-23,1627826,Ivica Zubac,Ivica,1610612746,LAC,LA Clippers,0022200991,2023-03-08T00:00:00,LAC vs. TOR,W,27.345,7,8,0.875,0,0,0.0,3,4,0.75,1,7,8,1,1,0,2,0,3,3,17,-2,33.1,0,0,30.0,1,1,1,1,45,3,20,8,1,3,1,16,23,28,56,28,41,21,34,22,8,1,33,23,6,45,22,28,1,23,1,27:21,1,2022-23
2022-23,1627826,Ivica Zubac,Ivica,1610612746,LAC,LA Clippers,0022201004,2023-03-11T00:00:00,LAC vs. NYK,W,27.32,4,6,0.667,0,0,0.0,0,0,0.0,2,4,6,0,0,0,1,0,3,0,8,6,18.2,0,0,16.0,1,1,1,1,46,37,40,33,1,3,1,58,61,58,41,62,62,52,64,22,28,1,33,72,53,26,59,28,1,61,1,27:19,1,2022-23
2022-23,1627826,Ivica Zubac,Ivica,1610612746,LAC,LA Clippers,0022201041,2023-03-15T00:00:00,LAC vs. GSW,W,30.433333333333334,6,8,0.75,0,0,0.0,7,8,0.875,5,11,16,2,1,0,1,0,2,4,19,10,43.2,1,0,39.0,1,1,1,1,28,8,20,20,1,3,1,2,3,23,12,5,6,6,34,22,28,1,16,12,3,13,8,1,1,8,1,30:26,1,2022-23
2022-23,1627826,Ivica Zubac,Ivica,1610612746,LAC,LA Clippers,0022201056,2023-03-18T00:00:00,LAC vs. ORL,L,27.241666666666667,7,16,0.438,0,0,0.0,2,2,1.0,7,9,16,0,2,0,2,2,2,1,16,-2,39.2,1,0,36.0,1,44,44,44,47,3,2,63,1,3,1,29,37,1,5,16,6,52,11,22,8,65,16,58,10,45,12,1,1,11,1,27:15,1,2022-23
2022-23,1627826,Ivica Zubac,Ivica,1610612746,LAC,LA Clippers,0022201069,2023-03-19T00:00:00,LAC @ POR,W,33.88333333333333,7,11,0.636,0,0,0.0,0,2,0.0,3,7,10,2,0,1,0,2,1,1,14,26,32.0,1,0,28.0,1,1,1,1,20,3,6,45,1,3,1,58,37,58,28,28,30,6,64,7,57,65,3,58,17,2,24,1,1,26,1,33:53,1,2022-23
2022-23,1627826,Ivica Zubac,Ivica,1610612746,LAC,LA Clippers,0022201082,2023-03-21T00:00:00,LAC vs. OKC,L,19.3,5,5,1.0,0,0,0.0,3,4,0.75,0,3,3,1,0,0,0,0,4,4,13,4,18.1,0,0,17.0,1,44,44,44,70,26,49,1,1,3,1,16,23,28,68,70,73,21,64,22,57,1,53,12,22,29,60,28,1,56,1,19:18,1,2022-23
2022-23,1627826,Ivica Zubac,Ivica,1610612746,LAC,LA Clippers,0022201096,2023-03-23T00:00:00,LAC vs. OKC,W,23.75,2,3,0.667,0,0,0.0,2,2,1.0,1,9,10,1,1,0,2,0,1,2,6,-6,24.5,0,0,21.0,1,1,1,1,59,60,67,33,1,3,1,29,37,1,56,16,30,21,34,22,8,1,3,46,58,51,43,28,1,42,1,23:45,1,2022-23
2022-23,1627826,Ivica Zubac,Ivica,1610612746,LAC,LA Clippers,0022201112,2023-03-25T00:00:00,LAC vs. NOP,L,17.496666666666666,6,7,0.857,0,0,0.0,1,2,0.5,0,5,5,2,0,0,2,0,3,2,13,-14,28.0,0,0,24.0,1,44,44,44,72,8,29,9,1,3,1,49,37,43,68,47,67,6,64,22,8,1,33,46,22,63,35,28,1,36,1,17:30,1,2022-23
2022-23,1627826,Ivica Zubac,Ivica,1610612746,LAC,LA Clippers,0022201129,2023-03-27T00:00:00,LAC vs. CHI,W,24.45,5,6,0.833,0,0,0.0,1,5,0.2,1,6,7,1,2,0,0,1,3,3,11,16,18.9,0,0,19.0,1,1,1,1,56,26,40,11,1,3,1,49,15,57,56,38,52,21,11,22,57,45,33,23,36,3,57,28,1,50,1,24:27,1,2022-23
2022-23,1627826,Ivica Zubac,Ivica,1610612746,LAC,LA Clippers,0022201141,2023-03-29T00:00:00,LAC @ MEM,W,22.9,4,7,0.571,0,0,0.0,2,5,0.4,0,7,7,0,1,0,1,2,5,3,10,9,20.4,0,0,19.0,1,1,1,1,61,37,29,53,1,3,1,29,15,53,68,28,52,52,34,22,28,65,64,23,38,19,53,28,1,50,1,22:54,1,2022-23
2022-23,1627826,Ivica Zubac,Ivica,1610612746,LAC,LA Clippers,0022201156,2023-03-31T00:00:00,LAC @ MEM,L,25.633333333333333,6,10,0.6,0,0,0.0,3,5,0.6,5,10,15,0,2,2,1,1,2,3,15,0,40.0,1,0,36.0,1,44,44,44,53,8,7,47,1,3,1,16,15,40,12,9,10,52,11,3,28,45,16,23,14,38,11,1,1,11,1,25:38,1,2022-23
2022-23,1627826,Ivica Zubac,Ivica,1610612746,LAC,LA Clippers,0022201162,2023-04-01T00:00:00,LAC @ NOP,L,29.593333333333334,5,6,0.833,0,0,0.0,5,6,0.833,1,5,6,0,0,0,1,1,4,4,15,5,25.2,0,0,23.0,1,44,44,44,33,26,40,11,1,3,1,6,6,24,56,47,62,52,64,22,28,45,53,12,14,28,40,28,1,37,1,29:36,1,2022-23
2022-23,1627826,Ivica Zubac,Ivica,1610612746,LAC,LA Clippers,0022201196,2023-04-05T00:00:00,LAC vs. LAL,W,32.99333333333333,6,10,0.6,0,0,0.0,5,6,0.833,4,9,13,1,2,2,1,3,2,3,17,9,41.1,1,0,37.0,1,1,1,1,24,8,7,47,1,3,1,6,6,24,21,16,17,21,11,3,28,75,16,23,6,19,10,1,1,10,1,32:60,1,2022-23
2022-23,1627826,Ivica Zubac,Ivica,1610612746,LAC,LA Clippers,0022201215,2023-04-08T00:00:00,LAC vs. POR,W,22.566666666666666,6,8,0.75,0,0,0.0,2,2,1.0,1,9,10,1,0,0,1,0,2,3,14,7,30.5,1,0,27.0,1,1,1,1,64,8,20,20,1,3,1,29,37,1,56,16,30,21,64,22,28,1,16,23,17,23,28,1,1,32,1,22:34,1,2022-23
2022-23,1627826,Ivica Zubac,Ivica,1610612746,LAC,LA Clippers,0022201229,2023-04-09T00:00:00,LAC @ PHX,W,25.03,5,7,0.714,0,0,0.0,0,0,0.0,2,6,8,0,1,0,2,0,3,1,10,-6,24.6,0,0,22.0,1,1,1,1,54,26,29,29,1,3,1,58,61,58,41,38,41,52,34,22,8,1,33,58,38,51,42,28,1,41,1,25:02,1,2022-23
2023-24,1627826,Ivica Zubac,Ivica,1610612746,LAC,LA Clippers,0022300074,2023-10-25T00:00:00,LAC vs. POR,W,25.591666666666665,8,10,0.8,0,0,0.0,4,5,0.8,5,7,12,0,2,0,4,1,3,4,20,25,44.4,1,0,40.0,1,1,1,1,40,6,13,17,1,1,1,5,9,24,5,18,11,52,10,18,1,42,32,4,4,4,6,1,1,4,1,25:36,1,2023-24
2023-24,1627826,Ivica Zubac,Ivica,1610612746,LAC,LA Clippers,0022300085,2023-10-27T00:00:00,LAC @ UTA,L,19.433333333333334,3,6,0.5,0,0,0.0,0,2,0.0,0,2,2,0,1,0,2,2,2,1,6,1,13.4,0,0,12.0,1,43,43,43,62,48,44,52,1,1,1,46,24,46,63,61,66,52,21,18,9,61,16,40,53,33,66,24,1,65,1,19:26,1,2023-24
2023-24,1627826,Ivica Zubac,Ivica,1610612746,LAC,LA Clippers,0022300099,2023-10-29T00:00:00,LAC vs. SAS,W,22.483333333333334,6,7,0.857,0,0,0.0,4,6,0.667,2,6,8,0,1,0,1,1,4,3,16,23,27.6,0,0,26.0,1,1,1,1,55,21,36,10,1,1,1,5,4,32,36,36,40,52,21,18,25,42,49,10,13,5,36,24,1,30,1,22:29,1,2023-24
2023-24,1627826,Ivica Zubac,Ivica,1610612746,LAC,LA Clippers,0022300114,2023-10-31T00:00:00,LAC vs. ORL,W,22.683333333333334,4,8,0.5,0,0,0.0,1,2,0.5,2,7,9,1,1,0,1,0,1,1,9,19,23.3,0,0,21.0,1,1,1,1,52,43,27,52,1,1,1,36,24,35,36,18,32,30,21,18,25,1,8,40,46,8,44,24,1,43,1,22:41,1,2023-24
2023-24,1627826,Ivica Zubac,Ivica,1610612746,LAC,LA Clippers,0022300127,2023-11-01T00:00:00,LAC @ LAL,L,29.098333333333333,3,8,0.375,0,0,0.0,1,2,0.5,2,7,9,0,1,0,0,1,5,1,7,-6,16.8,0,0,16.0,1,43,43,43,21,48,27,64,1,1,1,36,24,35,36,18,32,52,21,18,50,42,61,40,52,51,57,24,1,56,1,29:06,1,2023-24
2023-24,1627826,Ivica Zubac,Ivica,1610612746,LAC,LA Clippers,0022300151,2023-11-06T00:00:00,LAC @ NYK,L,29.883333333333333,3,3,1.0,0,0,0.0,2,4,0.5,4,3,7,0,5,1,2,0,3,2,8,-18,20.4,0,0,21.0,1,43,43,43,17,48,63,1,1,1,1,19,13,35,12,55,51,52,1,4,9,1,32,23,50,62,52,24,1,43,1,29:53,1,2023-24
2023-24,1627826,Ivica Zubac,Ivica,1610612746,LAC,LA Clippers,0022300160,2023-11-08T00:00:00,LAC @ BKN,L,29.333333333333332,5,9,0.556,0,0,0.0,0,0,0.0,3,7,10,1,1,0,3,3,5,0,10,-11,31.5,1,0,27.0,1,43,43,43,19,26,18,48,1,1,1,46,50,46,26,18,26,30,21,18,3,65,61,61,39,57,25,1,1,27,1,29:20,1,2023-24
2023-24,1627826,Ivica Zubac,Ivica,1610612746,LAC,LA Clippers,0022300014,2023-11-10T00:00:00,LAC @ DAL,L,22.048333333333332,5,9,0.556,0,0,0.0,2,4,0.5,5,3,8,1,1,0,2,0,3,3,12,1,28.1,0,0,25.0,1,43,43,43,57,26,18,48,1,1,1,19,13,35,5,55,40,30,21,18,9,1,32,10,28,33,34,24,1,36,1,22:03,1,2023-24
2023-24,1627826,Ivica Zubac,Ivica,1610612746,LAC,LA Clippers,0022300179,2023-11-12T00:00:00,LAC vs. MEM,L,23.455,2,4,0.5,0,0,0.0,2,2,1.0,0,6,6,1,1,1,0,0,3,1,6,-5,16.7,0,0,15.0,1,43,43,43,47,57,56,52,1,1,1,19,24,1,63,36,54,30,21,4,50,1,32,40,53,49,58,24,1,59,1,23:27,1,2023-24
2023-24,1627826,Ivica Zubac,Ivica,1610612746,LAC,LA Clippers,0022300024,2023-11-14T00:00:00,LAC @ DEN,L,26.4,2,8,0.25,0,0,0.0,5,6,0.833,7,6,13,3,0,0,1,2,4,3,9,-3,32.1,0,0,27.0,1,43,43,43,36,57,27,67,1,1,1,3,4,23,3,36,8,3,47,18,25,61,49,10,46,43,22,24,1,27,1,26:24,1,2023-24
2023-24,1627826,Ivica Zubac,Ivica,1610612746,LAC,LA Clippers,0022300037,2023-11-17T00:00:00,LAC vs. HOU,W,34.85666666666667,6,8,0.75,0,0,0.0,0,2,0.0,3,4,7,2,1,0,2,0,2,6,12,12,28.4,0,0,25.0,1,1,1,1,3,21,27,21,1,1,1,46,24,46,26,54,51,12,21,18,9,1,16,2,28,20,32,24,1,36,1,34:51,1,2023-24
2023-24,1627826,Ivica Zubac,Ivica,1610612746,LAC,LA Clippers,0022300223,2023-11-20T00:00:00,LAC @ SAS,W,22.266666666666666,3,5,0.6,0,0,0.0,2,2,1.0,2,9,11,0,1,0,1,2,0,1,8,4,23.2,0,0,21.0,1,1,1,1,56,48,50,40,1,1,1,19,24,1,36,8,16,52,21,18,25,61,1,40,50,29,45,24,1,43,1,22:16,1,2023-24
2023-24,1627826,Ivica Zubac,Ivica,1610612746,LAC,LA Clippers,0022300235,2023-11-22T00:00:00,LAC @ SAS,W,25.9,5,7,0.714,0,0,0.0,2,2,1.0,2,6,8,1,0,0,0,1,2,2,12,-4,23.1,0,0,21.0,1,1,1,1,39,26,36,25,1,1,1,19,24,1,36,36,40,30,47,18,50,42,16,23,28,47,48,24,1,43,1,25:54,1,2023-24
2023-24,1627826,Ivica Zubac,Ivica,1610612746,LAC,LA Clippers,0022300052,2023-11-24T00:00:00,LAC vs. NOP,L,21.551666666666666,5,6,0.833,0,0,0.0,1,1,1.0,3,2,5,0,4,0,1,0,4,2,11,-18,16.0,0,0,18.0,1,43,43,43,59,26,44,12,1,1,1,36,45,1,26,61,59,52,2,18,25,1,49,23,36,62,61,24,1,54,1,21:33,1,2023-24
2023-24,1627826,Ivica Zubac,Ivica,1610612746,LAC,LA Clippers,0022300244,2023-11-25T00:00:00,LAC vs. DAL,W,23.128333333333334,5,8,0.625,0,0,0.0,1,5,0.2,4,10,14,1,1,0,0,1,1,4,11,18,28.3,1,0,26.0,1,1,1,1,50,26,27,38,1,1,1,36,9,45,12,6,5,30,21,18,50,42,8,4,36,9,33,1,1,30,1,23:08,1,2023-24
2023-24,1627826,Ivica Zubac,Ivica,1610612746,LAC,LA Clippers,0022300257,2023-11-27T00:00:00,LAC vs. DEN,L,32.166666666666664,9,15,0.6,0,0,0.0,5,8,0.625,8,6,14,1,1,0,1,1,2,4,23,-6,43.3,1,0,40.0,1,43,43,43,11,1,1,40,1,1,1,3,2,34,2,36,5,30,21,18,25,42,16,4,2,51,7,1,1,4,1,32:10,1,2023-24
2023-24,1627826,Ivica Zubac,Ivica,1610612746,LAC,LA Clippers,0022300264,2023-11-29T00:00:00,LAC @ SAC,W,30.433333333333334,7,12,0.583,0,0,0.0,0,0,0.0,3,5,8,3,0,0,3,0,1,0,14,23,37.1,0,0,31.0,1,1,1,1,15,10,7,45,1,1,1,46,50,46,26,46,40,3,47,18,3,1,8,61,19,5,16,24,1,18,1,30:26,1,2023-24
2023-24,1627826,Ivica Zubac,Ivica,1610612746,LAC,LA Clippers,0022300273,2023-11-30T00:00:00,LAC @ GSW,L,26.683333333333334,7,11,0.636,0,0,0.0,4,5,0.8,4,9,13,0,0,0,1,1,1,4,18,7,36.6,1,0,33.0,1,43,43,43,34,10,9,36,1,1,1,5,9,24,12,8,8,52,47,18,25,42,8,4,6,24,17,1,1,13,1,26:41,1,2023-24
2023-24,1627826,Ivica Zubac,Ivica,1610612746,LAC,LA Clippers,0022300280,2023-12-02T00:00:00,LAC vs. GSW,W,22.666666666666668,6,6,1.0,0,0,0.0,0,0,0.0,1,6,7,1,3,0,3,0,4,0,12,1,27.9,0,0,26.0,1,1,1,1,53,21,44,1,1,1,1,46,50,46,53,36,51,30,4,18,3,1,49,61,28,33,35,24,1,30,1,22:40,1,2023-24
2023-24,1627826,Ivica Zubac,Ivica,1610612746,LAC,LA Clippers,0022301215,2023-12-06T00:00:00,LAC vs. DEN,W,26.695,4,7,0.571,0,0,0.0,2,6,0.333,2,7,9,0,0,2,1,1,3,3,10,-6,29.8,0,0,25.0,1,1,1,1,33,43,36,46,1,1,1,19,4,44,36,18,32,52,47,2,25,42,32,10,39,51,29,24,1,36,1,26:42,1,2023-24
2023-24,1627826,Ivica Zubac,Ivica,1610612746,LAC,LA Clippers,0022301225,2023-12-08T00:00:00,LAC @ UTA,W,42.266666666666666,9,15,0.6,0,0,0.0,0,0,0.0,5,7,12,3,1,0,2,3,5,0,18,13,41.9,1,0,37.0,1,1,1,1,1,1,1,40,1,1,1,46,50,46,5,18,11,3,21,18,9,65,61,61,6,17,8,1,1,8,1,42:16,1,2023-24
2023-24,1627826,Ivica Zubac,Ivica,1610612746,LAC,LA Clippers,0022300304,2023-12-11T00:00:00,LAC vs. POR,W,33.446666666666665,9,13,0.692,0,0,0.0,0,0,0.0,3,3,6,2,0,0,2,0,2,1,18,2,34.2,0,0,30.0,1,1,1,1,6,1,4,32,1,1,1,46,50,46,26,55,54,12,47,18,9,1,16,40,6,32,19,24,1,19,1,33:27,1,2023-24
2023-24,1627826,Ivica Zubac,Ivica,1610612746,LAC,LA Clippers,0022300309,2023-12-12T00:00:00,LAC vs. SAC,W,22.783333333333335,3,5,0.6,0,0,0.0,0,1,0.0,0,9,9,0,1,0,0,0,4,1,6,17,15.8,0,0,15.0,1,1,1,1,51,48,50,40,1,1,1,46,45,46,63,8,32,52,21,18,50,1,49,40,53,12,62,24,1,59,1,22:47,1,2023-24
2023-24,1627826,Ivica Zubac,Ivica,1610612746,LAC,LA Clippers,0022300325,2023-12-14T00:00:00,LAC vs. GSW,W,30.311666666666667,5,10,0.5,0,0,0.0,0,0,0.0,3,5,8,2,3,0,2,0,5,1,10,-3,25.6,0,0,24.0,1,1,1,1,16,26,13,52,1,1,1,46,50,46,26,46,40,12,4,18,9,1,61,40,39,43,38,24,1,39,1,30:19,1,2023-24
2023-24,1627826,Ivica Zubac,Ivica,1610612746,LAC,LA Clippers,0022300343,2023-12-16T00:00:00,LAC vs. NYK,W,27.593333333333334,5,9,0.556,0,0,0.0,3,4,0.75,4,7,11,2,0,1,2,1,2,2,13,29,38.2,1,0,32.0,1,1,1,1,27,26,18,48,1,1,1,13,13,27,12,18,16,12,47,4,9,42,16,23,24,1,15,1,1,15,1,27:36,1,2023-24
2023-24,1627826,Ivica Zubac,Ivica,1610612746,LAC,LA Clippers,0022300350,2023-12-18T00:00:00,LAC @ IND,W,26.0,7,10,0.7,0,0,0.0,4,5,0.8,4,12,16,3,0,0,3,0,2,3,18,27,50.7,1,0,43.0,1,1,1,1,38,10,13,29,1,1,1,5,9,24,12,3,3,3,47,18,3,1,16,10,6,3,1,1,1,2,1,26:00,1,2023-24
2023-24,1627826,Ivica Zubac,Ivica,1610612746,LAC,LA Clippers,0022300372,2023-12-20T00:00:00,LAC @ DAL,W,24.933333333333334,5,6,0.833,0,0,0.0,2,2,1.0,2,7,9,0,1,1,0,0,2,2,12,0,24.8,0,0,23.0,1,1,1,1,41,26,44,12,1,1,1,19,24,1,36,18,32,52,21,4,50,1,16,23,28,39,43,24,1,40,1,24:56,1,2023-24
2023-24,1627826,Ivica Zubac,Ivica,1610612746,LAC,LA Clippers,0022300379,2023-12-21T00:00:00,LAC @ OKC,L,16.933333333333334,3,4,0.75,0,0,0.0,0,0,0.0,2,1,3,3,0,0,0,1,2,0,6,-3,14.1,0,0,12.0,1,43,43,43,66,48,56,21,1,1,1,46,50,46,36,67,63,3,47,18,50,42,16,61,53,43,65,24,1,65,1,16:56,1,2023-24
2023-24,1627826,Ivica Zubac,Ivica,1610612746,LAC,LA Clippers,0022300389,2023-12-23T00:00:00,LAC vs. BOS,L,26.833333333333332,7,9,0.778,0,0,0.0,2,2,1.0,5,5,10,0,2,0,1,1,3,3,16,-28,29.0,1,0,28.0,1,43,43,43,30,10,18,18,1,1,1,19,24,1,5,46,26,52,10,18,25,42,32,10,13,68,31,1,1,23,1,26:50,1,2023-24
2023-24,1627826,Ivica Zubac,Ivica,1610612746,LAC,LA Clippers,0022300414,2023-12-26T00:00:00,LAC vs. CHA,W,31.216666666666665,7,11,0.636,0,0,0.0,4,8,0.5,5,9,14,4,2,1,1,1,3,7,18,13,44.8,1,0,40.0,1,1,1,1,13,10,9,36,1,1,1,5,2,35,5,8,5,1,10,4,25,42,32,1,6,17,4,1,1,4,1,31:13,1,2023-24
2023-24,1627826,Ivica Zubac,Ivica,1610612746,LAC,LA Clippers,0022300438,2023-12-29T00:00:00,LAC vs. MEM,W,33.401666666666664,7,8,0.875,0,0,0.0,1,1,1.0,6,14,20,1,2,0,1,0,3,2,15,9,41.5,1,0,38.0,1,1,1,1,7,10,27,8,1,1,1,36,45,1,4,1,1,30,10,18,25,1,32,23,17,22,9,1,1,7,1,33:24,1,2023-24
2023-24,1627826,Ivica Zubac,Ivica,1610612746,LAC,LA Clippers,0022300458,2024-01-01T00:00:00,LAC vs. MIA,W,28.8,3,4,0.75,0,0,0.0,0,0,0.0,1,11,12,1,1,0,0,0,4,1,6,28,20.9,0,0,19.0,1,1,1,1,22,48,56,21,1,1,1,46,50,46,53,4,11,30,21,18,50,1,49,40,53,2,51,24,1,51,1,28:48,1,2023-24
2023-24,1627826,Ivica Zubac,Ivica,1610612746,LAC,LA Clippers,0022300473,2024-01-03T00:00:00,LAC @ PHX,W,26.613333333333333,2,4,0.5,0,0,0.0,2,2,1.0,1,2,3,2,0,0,2,1,5,3,6,0,18.6,0,0,15.0,1,1,1,1,35,57,56,52,1,1,1,19,24,1,53,61,63,12,47,18,9,42,61,10,53,39,55,24,1,59,1,26:37,1,2023-24
2023-24,1627826,Ivica Zubac,Ivica,1610612746,LAC,LA Clippers,0022300486,2024-01-05T00:00:00,LAC @ NOP,W,23.416666666666668,6,7,0.857,0,0,0.0,3,4,0.75,0,8,8,2,1,0,2,0,3,3,15,18,32.6,0,0,29.0,1,1,1,1,48,21,36,10,1,1,1,13,13,27,63,15,40,12,21,18,9,1,32,10,17,9,21,24,1,20,1,23:25,1,2023-24
2023-24,1627826,Ivica Zubac,Ivica,1610612746,LAC,LA Clippers,0022300505,2024-01-07T00:00:00,LAC @ LAL,L,37.473333333333336,9,13,0.692,0,0,0.0,4,4,1.0,10,9,19,1,2,0,1,0,4,2,22,1,47.3,1,0,44.0,1,43,43,43,2,1,4,32,1,1,1,5,13,1,1,8,2,30,10,18,25,1,49,23,3,33,2,1,1,1,1,37:28,1,2023-24
2023-24,1627826,Ivica Zubac,Ivica,1610612746,LAC,LA Clippers,0022300511,2024-01-08T00:00:00,LAC vs. PHX,W,27.663333333333334,8,9,0.889,0,0,0.0,3,6,0.5,2,6,8,3,0,1,1,0,3,3,19,14,39.1,0,0,34.0,1,1,1,1,26,6,18,6,1,1,1,13,4,35,36,36,40,3,47,4,25,1,32,10,5,15,11,24,1,11,1,27:40,1,2023-24
2023-24,1627826,Ivica Zubac,Ivica,1610612746,LAC,LA Clippers,0022300526,2024-01-10T00:00:00,LAC vs. TOR,W,31.153333333333332,6,8,0.75,0,0,0.0,0,0,0.0,5,6,11,3,2,0,1,1,2,1,12,1,30.7,1,0,28.0,1,1,1,1,14,21,27,21,1,1,1,46,50,46,5,36,16,3,10,18,25,42,16,40,28,33,27,1,1,23,1,31:09,1,2023-24
2023-24,1627826,Ivica Zubac,Ivica,1610612746,LAC,LA Clippers,0022300537,2024-01-12T00:00:00,LAC @ MEM,W,21.95,2,5,0.4,0,0,0.0,2,2,1.0,4,7,11,0,0,0,2,0,3,3,6,6,25.2,0,0,21.0,1,1,1,1,58,57,50,62,1,1,1,19,24,1,12,18,16,52,47,18,9,1,32,10,53,25,39,24,1,43,1,21:57,1,2023-24
2023-24,1627826,Ivica Zubac,Ivica,1610612746,LAC,LA Clippers,0022300708,2024-02-04T00:00:00,LAC @ MIA,W,18.333333333333332,2,4,0.5,0,0,0.0,0,0,0.0,1,2,3,0,1,0,0,0,2,0,4,0,6.6,0,0,7.0,1,1,1,1,64,57,56,52,1,1,1,46,50,46,53,61,63,52,21,18,50,1,16,61,66,39,67,24,1,67,1,18:20,1,2023-24
2023-24,1627826,Ivica Zubac,Ivica,1610612746,LAC,LA Clippers,0022300731,2024-02-07T00:00:00,LAC vs. NOP,L,21.15,5,5,1.0,0,0,0.0,2,3,0.667,1,7,8,1,0,0,0,0,0,2,12,6,23.1,0,0,21.0,1,43,43,43,60,26,50,1,1,1,1,19,23,32,53,18,40,30,47,18,50,1,1,23,28,25,48,24,1,43,1,21:09,1,2023-24
2023-24,1627826,Ivica Zubac,Ivica,1610612746,LAC,LA Clippers,0022300749,2024-02-10T00:00:00,LAC vs. DET,W,19.783333333333335,2,3,0.667,0,0,0.0,2,2,1.0,0,5,5,1,0,0,2,0,0,1,6,-11,19.5,0,0,16.0,1,1,1,1,61,57,63,34,1,1,1,19,24,1,63,46,59,30,47,18,9,1,1,40,53,57,53,24,1,56,1,19:47,1,2023-24
2023-24,1627826,Ivica Zubac,Ivica,1610612746,LAC,LA Clippers,0022300770,2024-02-12T00:00:00,LAC vs. MIN,L,22.6,2,5,0.4,0,0,0.0,2,2,1.0,5,6,11,2,2,0,1,2,4,2,6,-2,23.2,0,0,21.0,1,43,43,43,54,57,50,62,1,1,1,19,24,1,5,36,16,12,10,18,25,61,49,23,53,42,45,24,1,43,1,22:36,1,2023-24
2023-24,1627826,Ivica Zubac,Ivica,1610612746,LAC,LA Clippers,0022300789,2024-02-14T00:00:00,LAC @ GSW,W,27.766666666666666,5,7,0.714,0,0,0.0,3,4,0.75,1,9,10,3,3,2,2,0,1,2,13,13,38.5,1,0,34.0,1,1,1,1,25,26,36,25,1,1,1,13,13,27,53,8,26,3,4,2,9,1,8,23,24,17,14,1,1,11,1,27:46,1,2023-24
2023-24,1627826,Ivica Zubac,Ivica,1610612746,LAC,LA Clippers,0022300799,2024-02-22T00:00:00,LAC @ OKC,L,29.483333333333334,5,12,0.417,0,0,0.0,3,4,0.75,4,8,12,1,1,0,1,4,4,4,13,1,30.9,1,0,28.0,1,43,43,43,18,26,7,61,1,1,1,13,13,27,12,15,11,30,21,18,25,68,49,4,24,33,26,1,1,23,1,29:29,1,2023-24
2023-24,1627826,Ivica Zubac,Ivica,1610612746,LAC,LA Clippers,0022300807,2024-02-23T00:00:00,LAC @ MEM,W,26.773333333333333,5,7,0.714,0,0,0.0,0,0,0.0,3,7,10,2,0,0,0,0,6,2,10,6,25.0,1,0,22.0,1,1,1,1,31,26,36,25,1,1,1,46,50,46,26,18,26,12,47,18,50,1,68,23,39,25,42,1,1,41,1,26:46,1,2023-24
2023-24,1627826,Ivica Zubac,Ivica,1610612746,LAC,LA Clippers,0022300827,2024-02-25T00:00:00,LAC vs. SAC,L,33.00833333333333,8,9,0.889,0,0,0.0,0,0,0.0,1,5,6,2,4,1,0,0,3,1,16,-6,25.2,0,0,26.0,1,43,43,43,9,6,18,6,1,1,1,46,50,46,53,46,54,12,2,4,50,1,32,40,13,51,39,24,1,30,1,33:01,1,2023-24
2023-24,1627826,Ivica Zubac,Ivica,1610612746,LAC,LA Clippers,0022300873,2024-03-03T00:00:00,LAC @ MIN,W,18.8,1,2,0.5,0,0,0.0,0,0,0.0,0,2,2,1,1,0,0,0,0,1,2,-11,4.9,0,0,5.0,1,1,1,1,63,66,67,52,1,1,1,46,50,46,63,61,66,30,21,18,50,1,1,40,68,57,68,24,1,68,1,18:48,1,2023-24
2023-24,1627826,Ivica Zubac,Ivica,1610612746,LAC,LA Clippers,0022300880,2024-03-04T00:00:00,LAC @ MIL,L,23.68,2,4,0.5,0,0,0.0,2,2,1.0,4,7,11,4,2,0,0,0,3,3,6,3,23.2,0,0,21.0,1,43,43,43,46,57,56,52,1,1,1,19,24,1,12,18,16,1,10,18,50,1,32,10,53,30,45,24,1,43,1,23:41,1,2023-24
2023-24,1627826,Ivica Zubac,Ivica,1610612746,LAC,LA Clippers,0022300897,2024-03-06T00:00:00,LAC @ HOU,W,14.766666666666667,1,4,0.25,0,0,0.0,1,2,0.5,2,3,5,1,1,0,2,1,1,1,3,-13,15.5,0,0,13.0,1,1,1,1,67,66,56,67,1,1,1,36,24,35,36,55,59,30,21,18,9,42,8,40,67,61,63,24,1,64,1,14:46,1,2023-24
2023-24,1627826,Ivica Zubac,Ivica,1610612746,LAC,LA Clippers,0022300917,2024-03-09T00:00:00,LAC vs. CHI,W,24.916666666666668,7,9,0.778,0,0,0.0,2,2,1.0,2,7,9,2,1,0,1,0,3,4,16,18,31.8,0,0,29.0,1,1,1,1,42,10,18,18,1,1,1,19,24,1,36,18,32,12,21,18,25,1,32,4,13,9,23,24,1,20,1,24:55,1,2023-24
2023-24,1627826,Ivica Zubac,Ivica,1610612746,LAC,LA Clippers,0022300924,2024-03-10T00:00:00,LAC vs. MIL,L,26.188333333333333,9,11,0.818,0,0,0.0,0,0,0.0,3,3,6,1,1,1,1,0,5,3,18,-19,31.7,0,0,29.0,1,43,43,43,37,1,9,16,1,1,1,46,50,46,26,55,54,30,21,4,25,1,61,10,6,64,24,24,1,20,1,26:11,1,2023-24
2023-24,1627826,Ivica Zubac,Ivica,1610612746,LAC,LA Clippers,0022300944,2024-03-12T00:00:00,LAC vs. MIN,L,26.71,3,5,0.6,0,0,0.0,4,4,1.0,3,5,8,1,2,0,0,0,2,2,10,-19,19.1,0,0,19.0,1,43,43,43,32,48,50,40,1,1,1,5,13,1,26,46,40,30,10,18,50,1,16,23,39,64,54,24,1,51,1,26:43,1,2023-24
2023-24,1627826,Ivica Zubac,Ivica,1610612746,LAC,LA Clippers,0022300956,2024-03-14T00:00:00,LAC @ CHI,W,31.5,2,3,0.667,0,0,0.0,2,2,1.0,2,6,8,2,2,0,0,0,1,1,6,23,16.6,0,0,16.0,1,1,1,1,12,57,63,34,1,1,1,19,24,1,36,36,40,12,10,18,50,1,8,40,53,5,60,24,1,56,1,31:30,1,2023-24
2023-24,1627826,Ivica Zubac,Ivica,1610612746,LAC,LA Clippers,0022300964,2024-03-15T00:00:00,LAC @ NOP,L,32.733333333333334,4,7,0.571,0,0,0.0,1,2,0.5,2,9,11,2,1,1,1,0,3,2,9,-12,30.2,0,0,26.0,1,43,43,43,10,43,36,46,1,1,1,36,24,35,36,8,16,12,21,4,25,1,32,23,46,60,28,24,1,30,1,32:44,1,2023-24
2023-24,1627826,Ivica Zubac,Ivica,1610612746,LAC,LA Clippers,0022300982,2024-03-17T00:00:00,LAC vs. ATL,L,23.25,1,1,1.0,0,0,0.0,4,4,1.0,4,2,6,1,1,0,1,0,2,2,6,-20,16.7,0,0,15.0,1,43,43,43,49,66,68,1,1,1,1,5,13,1,12,61,54,30,21,18,25,1,16,23,53,66,58,24,1,59,1,23:15,1,2023-24
2023-24,1627826,Ivica Zubac,Ivica,1610612746,LAC,LA Clippers,0022301003,2024-03-20T00:00:00,LAC @ POR,W,23.95,7,9,0.778,0,0,0.0,0,0,0.0,4,5,9,2,1,4,2,1,2,1,14,12,44.8,0,0,37.0,1,1,1,1,44,10,18,18,1,1,1,46,50,46,12,46,32,12,21,1,9,42,16,40,19,20,4,24,1,8,1,23:57,1,2023-24
2023-24,1627826,Ivica Zubac,Ivica,1610612746,LAC,LA Clippers,0022301017,2024-03-22T00:00:00,LAC @ POR,W,17.933333333333334,3,3,1.0,0,0,0.0,0,0,0.0,1,7,8,0,3,1,1,0,5,1,6,14,18.6,0,0,18.0,1,1,1,1,65,48,63,1,1,1,1,46,50,46,53,18,40,52,4,4,25,1,61,40,53,15,55,24,1,54,1,17:56,1,2023-24
2023-24,1627826,Ivica Zubac,Ivica,1610612746,LAC,LA Clippers,0022301028,2024-03-24T00:00:00,LAC vs. PHI,L,29.196666666666665,5,9,0.556,0,0,0.0,3,4,0.75,3,7,10,2,0,0,4,1,0,2,13,5,40.0,1,0,33.0,1,43,43,43,20,26,18,48,1,1,1,13,13,27,26,18,26,12,47,18,1,42,1,23,24,28,10,1,1,13,1,29:12,1,2023-24
2023-24,1627826,Ivica Zubac,Ivica,1610612746,LAC,LA Clippers,0022301043,2024-03-25T00:00:00,LAC vs. IND,L,24.033333333333335,4,8,0.5,0,0,0.0,1,2,0.5,4,7,11,2,0,0,0,0,2,2,9,-20,25.2,0,0,22.0,1,43,43,43,43,43,27,52,1,1,1,36,24,35,12,18,16,12,47,18,50,1,16,23,46,66,39,24,1,41,1,24:02,1,2023-24
2023-24,1627826,Ivica Zubac,Ivica,1610612746,LAC,LA Clippers,0022301052,2024-03-27T00:00:00,LAC @ PHI,W,27.411666666666665,5,7,0.714,0,0,0.0,1,1,1.0,1,3,4,0,0,1,1,1,3,2,11,-4,21.8,0,0,19.0,1,1,1,1,28,26,36,25,1,1,1,36,45,1,53,55,62,52,47,4,25,42,32,23,36,47,50,24,1,51,1,27:25,1,2023-24
2023-24,1627826,Ivica Zubac,Ivica,1610612746,LAC,LA Clippers,0022301064,2024-03-29T00:00:00,LAC @ ORL,W,34.83166666666666,7,10,0.7,0,0,0.0,0,0,0.0,4,5,9,2,1,0,1,0,2,0,14,-3,29.8,0,0,27.0,1,1,1,1,4,10,13,29,1,1,1,46,50,46,12,46,32,12,21,18,25,1,16,61,19,43,29,24,1,27,1,34:50,1,2023-24
2023-24,1627826,Ivica Zubac,Ivica,1610612746,LAC,LA Clippers,0022301079,2024-03-31T00:00:00,LAC @ CHA,W,33.126666666666665,7,8,0.875,0,0,0.0,10,10,1.0,2,10,12,1,2,0,3,0,4,6,24,3,46.9,1,0,43.0,1,1,1,1,8,10,27,8,1,1,1,1,1,1,36,6,11,30,10,18,3,1,49,2,1,30,3,1,1,2,1,33:08,1,2023-24
2023-24,1627826,Ivica Zubac,Ivica,1610612746,LAC,LA Clippers,0022301101,2024-04-02T00:00:00,LAC @ SAC,L,28.55,5,14,0.357,0,0,0.0,0,2,0.0,4,7,11,3,0,1,1,1,3,1,10,-6,33.7,1,0,28.0,1,43,43,43,23,26,3,66,1,1,1,46,24,46,12,18,16,3,47,4,25,42,32,40,39,51,20,1,1,23,1,28:33,1,2023-24
2023-24,1627826,Ivica Zubac,Ivica,1610612746,LAC,LA Clippers,0022301114,2024-04-04T00:00:00,LAC vs. DEN,W,34.82833333333333,4,11,0.364,0,0,0.0,6,6,1.0,1,14,15,1,0,1,0,0,4,3,14,-5,36.5,1,0,32.0,1,1,1,1,5,43,9,65,1,1,1,2,4,1,53,1,4,30,47,4,50,1,49,10,19,49,18,1,1,15,1,34:50,1,2023-24
2023-24,1627826,Ivica Zubac,Ivica,1610612746,LAC,LA Clippers,0022301126,2024-04-05T00:00:00,LAC vs. UTA,W,23.95,5,6,0.833,0,0,0.0,2,2,1.0,2,8,10,2,0,1,3,0,4,1,12,15,39.0,1,0,32.0,1,1,1,1,44,26,44,12,1,1,1,19,24,1,36,15,26,12,47,4,3,1,49,40,28,14,12,1,1,15,1,23:57,1,2023-24
2023-24,1627826,Ivica Zubac,Ivica,1610612746,LAC,LA Clippers,0022301132,2024-04-07T00:00:00,LAC vs. CLE,W,27.395,7,10,0.7,0,0,0.0,0,0,0.0,4,7,11,1,3,0,0,0,1,1,14,-10,25.7,1,0,26.0,1,1,1,1,29,10,13,29,1,1,1,46,50,46,12,18,16,30,4,18,50,1,8,40,19,56,37,1,1,30,1,27:24,1,2023-24
2023-24,1627826,Ivica Zubac,Ivica,1610612746,LAC,LA Clippers,0022301156,2024-04-09T00:00:00,LAC @ PHX,W,27.933333333333334,8,13,0.615,0,0,0.0,1,1,1.0,2,11,13,2,3,0,2,3,0,1,17,17,38.6,1,0,36.0,1,1,1,1,24,6,4,39,1,1,1,36,45,1,36,4,8,12,4,18,9,65,1,40,12,12,13,1,1,10,1,27:56,1,2023-24
2023-24,1627826,Ivica Zubac,Ivica,1610612746,LAC,LA Clippers,0022301184,2024-04-12T00:00:00,LAC vs. UTA,L,10.316666666666666,5,6,0.833,0,0,0.0,0,0,0.0,2,0,2,0,0,0,1,0,0,0,10,8,15.4,0,0,14.0,1,43,43,43,68,26,44,12,1,1,1,46,50,46,36,68,66,52,47,18,25,1,1,61,39,23,64,24,1,63,1,10:19,1,2023-24
2024-25,1627826,Ivica Zubac,Ivica,1610612746,LAC,LA Clippers,0022400071,2024-10-23T00:00:00,LAC vs. PHX,L,33.80833333333333,8,13,0.615,0,0,0.0,5,8,0.625,1,8,9,3,3,0,0,0,6,6,21,1,33.3,0,0,33.0,1,51,51,51,38,29,26,44,1,1,1,4,1,39,67,45,67,24,8,42,52,1,79,1,19,50,57,60,2,49,1,33:49,1,2024-25
2024-25,1627826,Ivica Zubac,Ivica,1610612746,LAC,LA Clippers,0022400087,2024-10-26T00:00:00,LAC @ DEN,W,39.06,11,17,0.647,0,0,0.0,2,3,0.667,4,11,15,4,3,0,1,1,4,5,24,-6,48.0,1,0,45.0,1,1,1,1,6,7,7,36,1,1,1,26,30,34,23,16,17,13,8,42,24,41,72,3,8,62,20,1,2,14,1,39:04,1,2024-25
2024-25,1627826,Ivica Zubac,Ivica,1610612746,LAC,LA Clippers,0022400101,2024-10-27T00:00:00,LAC @ GSW,W,37.501666666666665,10,19,0.526,0,0,0.0,3,4,0.75,6,12,18,6,4,2,1,2,1,5,23,3,58.6,1,0,53.0,1,1,1,1,13,14,2,56,1,1,1,17,20,29,12,8,8,3,3,3,24,67,11,3,10,47,2,1,2,1,1,37:30,1,2024-25
2024-25,1627826,Ivica Zubac,Ivica,1610612746,LAC,LA Clippers,0022400127,2024-10-30T00:00:00,LAC vs. POR,L,31.233333333333334,2,7,0.286,0,0,0.0,2,6,0.333,4,8,12,1,0,1,2,0,4,3,6,-1,30.9,0,0,25.0,1,51,51,51,52,74,73,76,1,1,1,26,5,53,23,45,37,56,70,12,10,1,72,28,76,52,63,60,2,68,1,31:14,1,2024-25
2024-25,1627826,Ivica Zubac,Ivica,1610612746,LAC,LA Clippers,0022400131,2024-10-31T00:00:00,LAC vs. PHX,L,35.53333333333333,9,10,0.9,0,0,0.0,4,5,0.8,5,7,12,1,2,1,0,0,1,5,22,-11,38.9,1,0,37.0,1,51,51,51,25,18,47,3,1,1,1,9,11,26,19,56,37,56,14,12,52,1,11,3,12,73,43,1,2,33,1,35:32,1,2024-25
2024-25,1627826,Ivica Zubac,Ivica,1610612746,LAC,LA Clippers,0022400150,2024-11-02T00:00:00,LAC vs. OKC,L,28.4,4,10,0.4,0,0,0.0,1,5,0.2,3,9,12,0,1,1,1,1,2,5,9,-9,28.4,0,0,25.0,1,51,51,51,64,67,47,71,1,1,1,43,11,61,39,34,37,75,37,12,24,41,26,3,71,67,68,60,2,68,1,28:24,1,2024-25
2024-25,1627826,Ivica Zubac,Ivica,1610612746,LAC,LA Clippers,0022400168,2024-11-04T00:00:00,LAC vs. SAS,W,36.72,6,17,0.353,0,0,0.0,5,5,1.0,10,3,13,4,4,0,0,3,3,3,17,16,34.6,1,0,34.0,1,1,1,1,17,52,7,74,1,1,1,4,11,1,1,79,31,13,3,42,52,78,51,28,39,23,55,1,2,46,1,36:43,1,2024-25
2024-25,1627826,Ivica Zubac,Ivica,1610612746,LAC,LA Clippers,0022400179,2024-11-06T00:00:00,LAC vs. PHI,W,33.28333333333333,7,9,0.778,0,0,0.0,1,1,1.0,2,7,9,3,1,1,0,0,1,2,15,13,32.3,0,0,29.0,1,1,1,1,43,43,58,15,1,1,1,43,63,1,56,56,67,24,37,12,52,1,11,51,50,26,59,60,2,59,1,33:17,1,2024-25
2024-25,1627826,Ivica Zubac,Ivica,1610612746,LAC,LA Clippers,0022400196,2024-11-08T00:00:00,LAC @ SAC,W,36.59,6,9,0.667,0,0,0.0,1,2,0.5,7,8,15,5,1,0,2,0,3,5,13,-4,43.5,1,0,37.0,1,1,1,1,19,52,58,34,1,1,1,43,42,40,9,45,17,5,37,42,10,1,51,3,56,58,29,1,2,33,1,36:35,1,2024-25
2024-25,1627826,Ivica Zubac,Ivica,1610612746,LAC,LA Clippers,0022400200,2024-11-09T00:00:00,LAC vs. TOR,W,38.32833333333333,7,12,0.583,0,0,0.0,0,0,0.0,2,10,12,1,1,2,3,2,3,3,14,-6,43.9,1,0,37.0,1,1,1,1,9,43,32,48,1,1,1,62,69,62,56,24,37,56,37,3,5,67,51,28,52,62,27,1,2,33,1,38:20,1,2024-25
2024-25,1627826,Ivica Zubac,Ivica,1610612746,LAC,LA Clippers,0022400215,2024-11-11T00:00:00,LAC @ OKC,L,34.05833333333333,9,12,0.75,0,0,0.0,4,6,0.667,4,10,14,0,4,0,3,1,1,5,22,-9,43.8,1,0,42.0,1,51,51,51,36,18,32,18,1,1,1,9,5,34,23,24,26,75,3,42,5,41,11,3,12,67,28,1,2,21,1,34:04,1,2024-25
2024-25,1627826,Ivica Zubac,Ivica,1610612746,LAC,LA Clippers,0022400222,2024-11-13T00:00:00,LAC @ HOU,L,27.45,4,8,0.5,0,0,0.0,0,2,0.0,2,4,6,1,0,1,1,2,2,1,8,-1,22.7,0,0,19.0,1,51,51,51,70,67,67,57,1,1,1,62,42,62,56,76,78,56,70,12,24,67,26,71,72,52,76,60,2,76,1,27:27,1,2024-25
2024-25,1627826,Ivica Zubac,Ivica,1610612746,LAC,LA Clippers,0022400016,2024-11-15T00:00:00,LAC @ HOU,L,29.7,2,7,0.286,0,0,0.0,2,2,1.0,3,8,11,0,2,0,1,0,4,2,6,-15,20.2,0,0,19.0,1,51,51,51,58,74,73,76,1,1,1,26,42,1,39,45,46,75,14,42,24,1,72,51,76,75,77,60,2,76,1,29:42,1,2024-25
2024-25,1627826,Ivica Zubac,Ivica,1610612746,LAC,LA Clippers,0022400243,2024-11-17T00:00:00,LAC vs. UTA,W,32.78333333333333,11,17,0.647,0,0,0.0,0,2,0.0,6,5,11,2,5,0,2,0,3,2,22,10,39.2,1,0,39.0,1,1,1,1,46,7,7,36,1,1,1,62,42,62,12,71,46,41,1,42,10,1,51,51,12,30,42,1,2,29,1,32:47,1,2024-25
2024-25,1627826,Ivica Zubac,Ivica,1610612746,LAC,LA Clippers,0022400251,2024-11-18T00:00:00,LAC vs. GSW,W,36.45,3,8,0.375,0,0,0.0,2,2,1.0,1,16,17,4,1,2,1,1,1,2,8,21,42.4,0,0,35.0,1,1,1,1,21,73,67,73,1,1,1,26,42,1,67,1,10,13,37,3,24,41,11,51,72,12,33,60,2,42,1,36:27,1,2024-25
2024-25,1627826,Ivica Zubac,Ivica,1610612746,LAC,LA Clippers,0022400259,2024-11-20T00:00:00,LAC vs. ORL,W,30.733333333333334,8,11,0.727,0,0,0.0,1,4,0.25,8,4,12,3,4,1,0,1,1,3,17,10,34.9,1,0,34.0,1,1,1,1,54,29,37,22,1,1,1,43,20,59,5,76,37,24,3,12,52,41,11,28,39,30,54,1,2,46,1,30:44,1,2024-25
2024-25,1627826,Ivica Zubac,Ivica,1610612746,LAC,LA Clippers,0022400034,2024-11-22T00:00:00,LAC vs. SAC,W,30.816666666666666,5,8,0.625,0,0,0.0,0,0,0.0,4,11,15,4,4,0,1,0,4,1,10,8,33.0,1,0,31.0,1,1,1,1,53,59,67,42,1,1,1,62,69,62,23,16,17,13,3,42,24,1,72,71,66,39,58,1,2,57,1,30:49,1,2024-25
2024-25,1627826,Ivica Zubac,Ivica,1610612746,LAC,LA Clippers,0022400274,2024-11-24T00:00:00,LAC @ PHI,W,25.366666666666667,8,10,0.8,0,0,0.0,0,1,0.0,3,9,12,4,2,0,1,1,0,2,16,35,37.4,1,0,34.0,1,1,1,1,74,29,47,11,1,1,1,62,63,62,39,34,37,13,14,42,24,41,1,51,47,2,48,1,2,46,1,25:22,1,2024-25
2024-25,1627826,Ivica Zubac,Ivica,1610612746,LAC,LA Clippers,0022400281,2024-11-25T00:00:00,LAC @ BOS,L,28.916666666666668,11,14,0.786,0,0,0.0,1,4,0.25,3,7,10,1,1,0,1,0,0,3,23,-13,38.5,1,0,36.0,1,51,51,51,61,7,20,14,1,1,1,43,20,59,39,56,55,56,37,42,24,1,1,28,10,74,45,1,2,38,1,28:55,1,2024-25
2024-25,1627826,Ivica Zubac,Ivica,1610612746,LAC,LA Clippers,0022400291,2024-11-27T00:00:00,LAC @ WAS,W,23.733333333333334,9,11,0.818,0,0,0.0,0,0,0.0,4,12,16,1,1,0,1,1,0,1,18,30,40.7,1,0,37.0,1,1,1,1,77,18,37,8,1,1,1,62,69,62,23,8,12,56,37,42,24,41,1,71,32,4,37,1,2,33,1,23:44,1,2024-25
2024-25,1627826,Ivica Zubac,Ivica,1610612746,LAC,LA Clippers,0022400044,2024-11-29T00:00:00,LAC @ MIN,L,33.75,8,9,0.889,0,0,0.0,0,0,0.0,4,9,13,1,1,1,0,0,3,3,16,7,35.1,1,0,32.0,1,51,51,51,39,29,58,4,1,1,1,62,69,62,23,34,31,56,37,12,52,1,51,28,47,41,52,1,2,54,1,33:45,1,2024-25
2024-25,1627826,Ivica Zubac,Ivica,1610612746,LAC,LA Clippers,0022400314,2024-12-01T00:00:00,LAC vs. DEN,W,35.11,2,9,0.222,0,0,0.0,2,5,0.4,3,5,8,5,3,0,0,0,2,4,6,10,20.1,0,0,19.0,1,1,1,1,29,74,58,80,1,1,1,26,11,50,39,71,72,5,8,42,52,1,26,16,76,30,78,60,2,76,1,35:07,1,2024-25
2024-25,1627826,Ivica Zubac,Ivica,1610612746,LAC,LA Clippers,0022400060,2024-12-03T00:00:00,LAC vs. POR,W,28.37,4,8,0.5,0,0,0.0,0,2,0.0,4,6,10,2,1,0,2,2,1,5,8,15,28.0,0,0,24.0,1,1,1,1,66,67,67,57,1,1,1,62,42,62,23,65,55,41,37,42,10,67,11,3,72,24,69,60,2,70,1,28:22,1,2024-25
2024-25,1627826,Ivica Zubac,Ivica,1610612746,LAC,LA Clippers,0022400324,2024-12-04T00:00:00,LAC vs. MIN,L,26.483333333333334,2,4,0.5,0,0,0.0,0,0,0.0,3,7,10,1,1,0,0,0,0,5,4,-24,16.5,0,0,15.0,1,51,51,51,72,74,79,57,1,1,1,62,69,62,39,56,55,56,37,42,52,1,1,3,80,80,79,60,2,79,1,26:29,1,2024-25
2024-25,1627826,Ivica Zubac,Ivica,1610612746,LAC,LA Clippers,0022400356,2024-12-08T00:00:00,LAC vs. HOU,L,36.56666666666667,9,15,0.6,0,0,0.0,3,4,0.75,3,9,12,1,0,0,2,2,2,4,21,-9,42.9,1,0,38.0,1,51,51,51,20,18,17,46,1,1,1,17,20,29,39,34,37,56,70,42,10,67,26,16,19,67,32,1,2,31,1,36:34,1,2024-25
2024-25,1627826,Ivica Zubac,Ivica,1610612746,LAC,LA Clippers,0022401213,2024-12-13T00:00:00,LAC @ DEN,L,31.933333333333334,6,12,0.5,0,0,0.0,1,3,0.333,4,9,13,4,2,1,0,0,0,3,13,-8,35.6,1,0,32.0,1,51,51,51,50,52,32,57,1,1,1,43,30,53,23,34,31,13,14,12,52,1,1,28,56,65,51,1,2,54,1,31:56,1,2024-25
2024-25,1627826,Ivica Zubac,Ivica,1610612746,LAC,LA Clippers,0022401226,2024-12-16T00:00:00,LAC vs. UTA,W,25.566666666666666,8,11,0.727,0,0,0.0,3,4,0.75,2,10,12,4,1,1,2,1,3,3,19,29,47.4,1,0,41.0,1,1,1,1,73,29,37,22,1,1,1,17,20,29,56,24,37,13,37,12,10,41,51,28,30,5,24,1,2,25,1,25:34,1,2024-25
2024-25,1627826,Ivica Zubac,Ivica,1610612746,LAC,LA Clippers,0022400368,2024-12-19T00:00:00,LAC @ DAL,W,33.31666666666667,10,13,0.769,0,0,0.0,1,2,0.5,3,12,15,5,1,2,0,0,2,2,21,15,51.5,1,0,45.0,1,1,1,1,42,14,26,16,1,1,1,43,42,40,39,8,17,5,37,3,52,1,26,51,19,24,13,1,2,14,1,33:19,1,2024-25
2024-25,1627826,Ivica Zubac,Ivica,1610612746,LAC,LA Clippers,0022400385,2024-12-21T00:00:00,LAC @ DAL,L,33.86666666666667,6,10,0.6,0,0,0.0,1,2,0.5,4,11,15,3,2,1,1,0,2,5,13,-2,39.5,1,0,35.0,1,51,51,51,37,52,47,46,1,1,1,43,42,40,23,16,17,24,14,12,24,1,26,3,56,55,40,1,2,42,1,33:52,1,2024-25
2024-25,1627826,Ivica Zubac,Ivica,1610612746,LAC,LA Clippers,0022400399,2024-12-23T00:00:00,LAC @ MEM,W,39.64333333333333,10,18,0.556,0,0,0.0,0,1,0.0,9,10,19,1,1,4,1,2,3,2,20,17,58.3,1,0,50.0,1,1,1,1,4,14,4,51,1,1,1,62,63,62,2,24,6,56,37,1,24,67,51,51,26,21,3,1,2,7,1,39:39,1,2024-25
2024-25,1627826,Ivica Zubac,Ivica,1610612746,LAC,LA Clippers,0022400426,2024-12-27T00:00:00,LAC vs. GSW,W,35.95,8,9,0.889,0,0,0.0,1,3,0.333,1,10,11,2,2,0,5,0,2,3,17,5,46.2,1,0,40.0,1,1,1,1,23,29,58,4,1,1,1,43,30,53,67,24,46,41,14,42,2,1,26,28,39,44,25,1,2,28,1,35:57,1,2024-25
2024-25,1627826,Ivica Zubac,Ivica,1610612746,LAC,LA Clippers,0022400444,2024-12-30T00:00:00,LAC @ NOP,W,35.99166666666667,9,13,0.692,0,0,0.0,2,5,0.4,7,9,16,4,0,1,0,2,0,5,20,-4,48.2,1,0,42.0,1,1,1,1,22,18,26,31,1,1,1,26,11,50,9,34,12,13,70,12,52,67,1,3,26,58,19,1,2,21,1,35:60,1,2024-25
2024-25,1627826,Ivica Zubac,Ivica,1610612746,LAC,LA Clippers,0022400451,2024-12-31T00:00:00,LAC @ SAS,L,22.166666666666668,2,7,0.286,0,0,0.0,1,2,0.5,2,5,7,2,1,0,0,2,2,2,5,-19,15.4,0,0,14.0,1,51,51,51,79,74,73,76,1,1,1,43,42,40,56,71,77,41,37,42,52,67,26,51,79,77,80,60,2,80,1,22:10,1,2024-25
2024-25,1627826,Ivica Zubac,Ivica,1610612746,LAC,LA Clippers,0022400466,2025-01-02T00:00:00,LAC @ OKC,L,23.083333333333332,5,9,0.556,0,0,0.0,1,3,0.333,1,8,9,2,2,0,0,1,1,4,11,-23,22.8,0,0,22.0,1,51,51,51,78,59,58,51,1,1,1,43,30,53,67,45,67,41,14,42,52,41,11,16,63,79,75,60,2,74,1,23:05,1,2024-25
2024-25,1627826,Ivica Zubac,Ivica,1610612746,LAC,LA Clippers,0022400486,2025-01-04T00:00:00,LAC vs. ATL,W,31.85,9,11,0.818,0,0,0.0,0,1,0.0,4,14,18,4,1,0,1,0,3,1,18,25,47.6,1,0,42.0,1,1,1,1,51,18,37,8,1,1,1,62,63,62,23,3,8,13,37,42,24,1,51,71,32,8,22,1,2,21,1,31:51,1,2024-25
2024-25,1627826,Ivica Zubac,Ivica,1610612746,LAC,LA Clippers,0022400500,2025-01-06T00:00:00,LAC @ MIN,L,35.13,7,11,0.636,0,0,0.0,3,3,1.0,3,13,16,2,2,1,6,0,2,3,17,-2,58.2,1,0,49.0,1,51,51,51,28,43,37,40,1,1,1,17,30,1,39,4,12,41,14,12,1,1,26,28,39,55,5,1,2,8,1,35:08,1,2024-25
2024-25,1627826,Ivica Zubac,Ivica,1610612746,LAC,LA Clippers,0022400515,2025-01-08T00:00:00,LAC @ DEN,L,28.616666666666667,2,4,0.5,0,0,0.0,6,7,0.857,1,7,8,3,2,0,1,1,1,4,10,-21,25.1,0,0,23.0,1,51,51,51,62,74,79,57,1,1,1,2,4,23,67,56,72,24,14,42,24,41,11,16,66,78,73,60,2,72,1,28:37,1,2024-25
2024-25,1627826,Ivica Zubac,Ivica,1610612746,LAC,LA Clippers,0022400553,2025-01-13T00:00:00,LAC vs. MIA,W,32.1,10,13,0.769,0,0,0.0,1,3,0.333,4,16,20,1,1,0,2,1,0,3,21,3,51.5,1,0,46.0,1,1,1,1,48,14,26,16,1,1,1,43,30,53,23,1,2,56,37,42,10,41,1,28,19,47,13,1,2,11,1,32:06,1,2024-25
2024-25,1627826,Ivica Zubac,Ivica,1610612746,LAC,LA Clippers,0022400571,2025-01-15T00:00:00,LAC vs. BKN,W,22.05,4,6,0.667,0,0,0.0,3,3,1.0,3,6,9,4,2,1,1,0,2,2,11,48,31.8,0,0,28.0,1,1,1,1,80,67,78,34,1,1,1,17,30,1,39,65,67,13,14,12,24,1,26,51,63,1,61,60,2,61,1,22:03,1,2024-25
2024-25,1627826,Ivica Zubac,Ivica,1610612746,LAC,LA Clippers,0022400575,2025-01-16T00:00:00,LAC @ POR,W,28.1,5,10,0.5,0,0,0.0,0,0,0.0,1,7,8,3,1,2,2,0,3,1,10,28,35.1,0,0,29.0,1,1,1,1,67,59,47,57,1,1,1,62,69,62,67,56,72,24,37,3,10,1,51,71,66,7,52,60,2,59,1,28:06,1,2024-25
2024-25,1627826,Ivica Zubac,Ivica,1610612746,LAC,LA Clippers,0022400596,2025-01-19T00:00:00,LAC vs. LAL,W,35.483333333333334,9,16,0.563,0,0,0.0,3,3,1.0,8,11,19,3,2,1,3,3,1,3,21,18,58.3,1,0,51.0,1,1,1,1,26,18,12,50,1,1,1,17,30,1,5,16,6,24,14,12,5,78,11,28,19,16,3,1,2,4,1,35:29,1,2024-25
2024-25,1627826,Ivica Zubac,Ivica,1610612746,LAC,LA Clippers,0022400983,2025-01-23T00:00:00,LAC vs. WAS,W,29.39666666666667,5,10,0.5,0,0,0.0,1,2,0.5,3,6,9,2,1,0,0,0,2,2,11,12,23.8,0,0,22.0,1,1,1,1,60,59,47,57,1,1,1,43,42,40,39,65,67,41,37,42,52,1,26,51,63,28,74,60,2,74,1,29:24,1,2024-25
2024-25,1627826,Ivica Zubac,Ivica,1610612746,LAC,LA Clippers,0022400646,2025-01-25T00:00:00,LAC vs. MIL,W,28.491666666666667,5,10,0.5,0,0,0.0,2,2,1.0,3,7,10,1,1,2,0,1,2,2,12,5,30.5,1,0,27.0,1,1,1,1,63,59,47,57,1,1,1,26,42,1,39,56,55,56,37,3,52,41,26,51,60,44,65,1,2,64,1,28:30,1,2024-25
2024-25,1627826,Ivica Zubac,Ivica,1610612746,LAC,LA Clippers,0022400659,2025-01-27T00:00:00,LAC @ PHX,L,34.17333333333333,12,17,0.706,0,0,0.0,1,1,1.0,5,11,16,4,3,1,1,1,2,2,25,9,53.2,1,0,49.0,1,51,51,51,35,5,7,28,1,1,1,43,63,1,19,16,12,13,8,12,24,41,26,51,6,36,10,1,2,8,1,34:10,1,2024-25
2024-25,1627826,Ivica Zubac,Ivica,1610612746,LAC,LA Clippers,0022400671,2025-01-29T00:00:00,LAC @ SAS,W,33.663333333333334,8,16,0.5,0,0,0.0,5,5,1.0,9,13,22,3,1,1,0,4,3,4,21,20,53.9,1,0,48.0,1,1,1,1,40,29,12,57,1,1,1,4,11,1,2,4,1,24,37,12,52,80,51,16,19,13,9,1,2,10,1,33:40,1,2024-25
2024-25,1627826,Ivica Zubac,Ivica,1610612746,LAC,LA Clippers,0022400679,2025-01-31T00:00:00,LAC @ CHA,W,31.983333333333334,7,10,0.7,0,0,0.0,0,0,0.0,2,9,11,1,1,1,0,0,2,1,14,7,30.7,1,0,28.0,1,1,1,1,49,43,47,29,1,1,1,62,69,62,56,34,46,56,37,12,52,1,26,71,52,41,64,1,2,61,1,31:59,1,2024-25
2024-25,1627826,Ivica Zubac,Ivica,1610612746,LAC,LA Clippers,0022400697,2025-02-02T00:00:00,LAC @ TOR,L,40.04333333333334,7,11,0.636,0,0,0.0,4,4,1.0,0,8,8,1,0,1,3,1,0,3,18,10,41.1,0,0,35.0,1,51,51,51,3,43,37,40,1,1,1,9,20,1,78,45,72,56,70,12,5,41,1,28,32,30,36,60,2,42,1,40:03,1,2024-25
2024-25,1627826,Ivica Zubac,Ivica,1610612746,LAC,LA Clippers,0022400715,2025-02-04T00:00:00,LAC vs. LAL,L,27.923333333333332,2,7,0.286,0,0,0.0,4,4,1.0,4,6,10,3,2,1,0,0,3,3,8,-9,25.5,0,0,23.0,1,51,51,51,69,74,73,76,1,1,1,9,20,1,23,65,55,24,14,12,52,1,51,28,72,67,72,60,2,72,1,27:55,1,2024-25
2024-25,1627826,Ivica Zubac,Ivica,1610612746,LAC,LA Clippers,0022400733,2025-02-06T00:00:00,LAC vs. IND,L,34.81666666666667,8,11,0.727,0,0,0.0,2,2,1.0,4,11,15,2,2,1,0,1,3,2,18,-7,40.0,1,0,37.0,1,51,51,51,30,29,37,22,1,1,1,26,42,1,23,16,17,41,14,12,52,41,51,51,32,64,38,1,2,33,1,34:49,1,2024-25
2024-25,1627826,Ivica Zubac,Ivica,1610612746,LAC,LA Clippers,0022400751,2025-02-08T00:00:00,LAC vs. UTA,W,33.446666666666665,13,16,0.813,0,0,0.0,0,0,0.0,4,11,15,5,1,2,1,0,3,2,26,19,59.5,1,0,52.0,1,1,1,1,41,2,12,10,1,1,1,62,69,62,23,16,17,5,37,3,24,1,51,51,4,14,1,1,2,2,1,33:27,1,2024-25
2024-25,1627826,Ivica Zubac,Ivica,1610612746,LAC,LA Clippers,0022400783,2025-02-12T00:00:00,LAC vs. MEM,W,32.49166666666667,5,7,0.714,0,0,0.0,2,2,1.0,3,10,13,3,2,3,1,1,2,3,12,17,42.1,1,0,36.0,1,1,1,1,47,59,73,27,1,1,1,26,42,1,39,24,31,24,14,2,24,41,26,28,60,21,35,1,2,38,1,32:30,1,2024-25
2024-25,1627826,Ivica Zubac,Ivica,1610612746,LAC,LA Clippers,0022401004,2025-02-13T00:00:00,LAC @ UTA,W,25.185,4,12,0.333,0,0,0.0,2,2,1.0,6,2,8,0,1,2,1,0,2,2,10,-3,27.6,0,0,24.0,1,1,1,1,75,67,32,75,1,1,1,26,42,1,12,80,72,75,37,3,24,1,26,51,66,57,70,60,2,70,1,25:11,1,2024-25
2024-25,1627826,Ivica Zubac,Ivica,1610612746,LAC,LA Clippers,0022400793,2025-02-20T00:00:00,LAC @ MIL,L,36.84166666666667,8,13,0.615,0,0,0.0,4,5,0.8,3,12,15,1,2,1,4,1,2,5,20,-8,52.5,1,0,46.0,1,51,51,51,15,29,26,44,1,1,1,9,11,26,39,8,17,56,14,12,3,41,26,3,26,65,12,1,2,11,1,36:51,1,2024-25
2024-25,1627826,Ivica Zubac,Ivica,1610612746,LAC,LA Clippers,0022400813,2025-02-23T00:00:00,LAC @ IND,L,29.911666666666665,8,11,0.727,0,0,0.0,6,6,1.0,1,5,6,2,0,0,0,1,1,4,22,-9,32.2,0,0,30.0,1,51,51,51,57,29,37,22,1,1,1,2,5,1,67,71,78,41,70,42,52,41,11,16,12,67,60,60,2,58,1,29:55,1,2024-25
2024-25,1627826,Ivica Zubac,Ivica,1610612746,LAC,LA Clippers,0022400821,2025-02-24T00:00:00,LAC @ DET,L,36.9,6,11,0.545,0,0,0.0,1,3,0.333,6,9,15,5,3,1,3,1,3,2,13,8,47.5,1,0,41.0,1,51,51,51,14,52,37,55,1,1,1,43,30,53,12,34,17,5,8,12,5,41,51,51,56,39,23,1,2,25,1,36:54,1,2024-25
2024-25,1627826,Ivica Zubac,Ivica,1610612746,LAC,LA Clippers,0022400842,2025-02-26T00:00:00,LAC @ CHI,W,29.676666666666666,5,8,0.625,0,0,0.0,0,2,0.0,3,7,10,3,1,0,2,0,2,2,10,-10,31.5,1,0,27.0,1,1,1,1,59,59,67,42,1,1,1,62,42,62,39,56,55,24,37,42,10,1,26,51,66,72,62,1,2,64,1,29:41,1,2024-25
2024-25,1627826,Ivica Zubac,Ivica,1610612746,LAC,LA Clippers,0022400859,2025-02-28T00:00:00,LAC @ LAL,L,37.89,13,15,0.867,0,0,0.0,1,2,0.5,6,10,16,0,3,0,1,0,4,2,27,9,46.2,1,0,45.0,1,51,51,51,12,2,17,7,1,1,1,43,42,40,12,24,12,75,8,42,24,1,72,51,3,36,25,1,2,14,1,37:53,1,2024-25
2024-25,1627826,Ivica Zubac,Ivica,1610612746,LAC,LA Clippers,0022400874,2025-03-02T00:00:00,LAC @ LAL,L,34.473333333333336,5,9,0.556,0,0,0.0,2,2,1.0,2,8,10,3,2,1,0,1,6,2,12,-17,29.5,1,0,27.0,1,51,51,51,33,59,58,51,1,1,1,26,42,1,56,45,55,24,14,12,52,41,79,51,60,76,66,1,2,64,1,34:28,1,2024-25
2024-25,1627826,Ivica Zubac,Ivica,1610612746,LAC,LA Clippers,0022400889,2025-03-04T00:00:00,LAC @ PHX,L,36.733333333333334,15,19,0.789,0,0,0.0,5,6,0.833,1,9,10,3,0,1,1,2,4,4,35,22,57.5,1,0,52.0,1,51,51,51,16,1,2,13,1,1,1,4,5,24,67,34,55,24,70,12,24,67,72,16,1,11,6,1,2,2,1,36:44,1,2024-25
2024-25,1627826,Ivica Zubac,Ivica,1610612746,LAC,LA Clippers,0022400898,2025-03-05T00:00:00,LAC vs. DET,W,34.498333333333335,11,20,0.55,0,0,0.0,0,0,0.0,3,8,11,3,0,0,0,0,4,3,22,18,39.7,1,0,36.0,1,1,1,1,32,7,1,54,1,1,1,62,69,62,39,45,46,24,70,42,52,1,72,28,12,16,39,1,2,38,1,34:30,1,2024-25
2024-25,1627826,Ivica Zubac,Ivica,1610612746,LAC,LA Clippers,0022400911,2025-03-07T00:00:00,LAC vs. NYK,W,39.08166666666666,8,18,0.444,0,0,0.0,0,0,0.0,2,12,14,3,1,0,1,1,3,2,16,19,39.3,1,0,35.0,1,1,1,1,5,29,4,69,1,1,1,62,69,62,56,8,26,24,37,42,24,41,51,51,47,14,41,1,2,42,1,39:05,1,2024-25
2024-25,1627826,Ivica Zubac,Ivica,1610612746,LAC,LA Clippers,0022400927,2025-03-09T00:00:00,LAC vs. SAC,W,44.06666666666667,9,14,0.643,0,0,0.0,4,8,0.5,1,13,14,2,0,1,1,1,2,4,22,3,47.8,1,0,42.0,1,1,1,1,1,18,20,39,1,1,1,9,1,40,67,4,26,41,70,12,24,41,26,16,12,47,21,1,2,21,1,44:04,1,2024-25
2024-25,1627826,Ivica Zubac,Ivica,1610612746,LAC,LA Clippers,0022400943,2025-03-11T00:00:00,LAC @ NOP,L,38.416666666666664,9,12,0.75,0,0,0.0,1,2,0.5,5,6,11,5,1,0,4,0,3,4,19,7,50.7,1,0,43.0,1,51,51,51,8,18,32,18,1,1,1,43,42,40,19,65,46,5,37,42,3,1,51,16,30,41,15,1,2,18,1,38:25,1,2024-25
2024-25,1627826,Ivica Zubac,Ivica,1610612746,LAC,LA Clippers,0022400948,2025-03-12T00:00:00,LAC @ MIA,W,38.0,12,16,0.75,0,0,0.0,2,3,0.667,6,8,14,1,2,0,0,0,2,3,26,5,42.3,1,0,41.0,1,1,1,1,10,5,12,18,1,1,1,26,30,34,12,45,26,56,14,42,52,1,26,28,4,44,34,1,2,25,1,38:00,1,2024-25
2024-25,1627826,Ivica Zubac,Ivica,1610612746,LAC,LA Clippers,0022400960,2025-03-14T00:00:00,LAC @ ATL,W,30.105,8,9,0.889,0,0,0.0,2,3,0.667,1,5,6,2,2,0,0,1,2,4,18,18,26.2,0,0,26.0,1,1,1,1,56,29,58,4,1,1,1,26,30,34,67,71,78,41,14,42,52,41,26,16,32,16,71,60,2,67,1,30:06,1,2024-25
2024-25,1627826,Ivica Zubac,Ivica,1610612746,LAC,LA Clippers,0022400538,2025-03-16T00:00:00,LAC vs. CHA,W,27.95,7,14,0.5,0,0,0.0,3,4,0.75,5,9,14,8,5,1,2,0,1,5,17,29,49.8,1,0,45.0,1,1,1,1,68,43,20,57,1,1,1,17,20,29,19,34,26,2,1,12,10,1,11,3,39,5,16,1,2,14,1,27:57,1,2024-25
2024-25,1627826,Ivica Zubac,Ivica,1610612746,LAC,LA Clippers,0022400997,2025-03-18T00:00:00,LAC vs. CLE,W,35.3,13,18,0.722,0,0,0.0,2,5,0.4,8,12,20,1,1,0,1,0,3,3,28,-4,55.5,1,0,51.0,1,1,1,1,27,2,4,26,1,1,1,26,11,50,5,8,2,56,37,42,24,1,51,28,2,58,8,1,2,4,1,35:18,1,2024-25
2024-25,1627826,Ivica Zubac,Ivica,1610612746,LAC,LA Clippers,0022401023,2025-03-21T00:00:00,LAC vs. MEM,W,34.358333333333334,8,14,0.571,0,0,0.0,1,2,0.5,0,10,10,1,2,0,2,1,3,1,17,23,34.5,1,0,32.0,1,1,1,1,34,29,20,49,1,1,1,43,42,40,78,24,55,56,14,42,10,41,51,71,39,9,56,1,2,54,1,34:22,1,2024-25
2024-25,1627826,Ivica Zubac,Ivica,1610612746,LAC,LA Clippers,0022401036,2025-03-23T00:00:00,LAC vs. OKC,L,33.28333333333333,4,10,0.4,0,0,0.0,7,8,0.875,4,7,11,3,1,0,2,2,1,6,15,-1,37.7,1,0,33.0,1,51,51,51,43,67,47,71,1,1,1,1,1,22,23,56,46,24,37,42,10,67,11,1,50,52,46,1,2,49,1,33:17,1,2024-25
2024-25,1627826,Ivica Zubac,Ivica,1610612746,LAC,LA Clippers,0022401056,2025-03-26T00:00:00,LAC @ NYK,W,30.516666666666666,7,15,0.467,0,0,0.0,4,6,0.667,6,4,10,2,2,2,2,0,2,3,18,-4,43.0,1,0,38.0,1,1,1,1,55,43,17,68,1,1,1,9,5,34,12,76,55,41,14,3,10,1,26,28,32,58,30,1,2,31,1,30:31,1,2024-25
2024-25,1627826,Ivica Zubac,Ivica,1610612746,LAC,LA Clippers,0022401068,2025-03-28T00:00:00,LAC @ BKN,W,24.566666666666666,9,9,1.0,0,0,0.0,3,4,0.75,0,12,12,1,1,0,1,0,3,3,21,32,38.9,1,0,36.0,1,1,1,1,76,18,58,1,1,1,1,17,20,29,78,8,37,56,37,42,24,1,51,28,19,3,43,1,2,38,1,24:34,1,2024-25
2024-25,1627826,Ivica Zubac,Ivica,1610612746,LAC,LA Clippers,0022401081,2025-03-30T00:00:00,LAC @ CLE,L,36.598333333333336,7,14,0.5,0,0,0.0,0,0,0.0,3,10,13,2,1,0,2,1,3,0,14,1,37.6,1,0,33.0,1,51,51,51,18,43,20,57,1,1,1,62,69,62,39,24,31,41,37,42,10,41,51,79,52,50,47,1,2,49,1,36:36,1,2024-25
2024-25,1627826,Ivica Zubac,Ivica,1610612746,LAC,LA Clippers,0022401091,2025-03-31T00:00:00,LAC @ ORL,W,37.905,7,10,0.7,0,0,0.0,4,5,0.8,9,11,20,5,1,0,0,0,2,4,18,10,48.5,1,0,43.0,1,1,1,1,11,43,47,29,1,1,1,9,11,26,2,16,2,5,37,42,52,1,26,16,32,30,18,1,2,18,1,37:54,1,2024-25
2024-25,1627826,Ivica Zubac,Ivica,1610612746,LAC,LA Clippers,0022401111,2025-04-02T00:00:00,LAC vs. NOP,W,33.11666666666667,6,8,0.75,0,0,0.0,5,6,0.833,2,8,10,6,1,0,0,0,1,5,17,18,37.0,1,0,33.0,1,1,1,1,45,52,67,18,1,1,1,4,5,24,56,45,55,3,37,42,52,1,11,3,39,16,49,1,2,49,1,33:07,1,2024-25
2024-25,1627826,Ivica Zubac,Ivica,1610612746,LAC,LA Clippers,0022401127,2025-04-04T00:00:00,LAC vs. DAL,W,26.983333333333334,6,14,0.429,0,0,0.0,2,4,0.5,7,6,13,2,2,1,1,0,2,4,14,9,36.6,1,0,33.0,1,1,1,1,71,52,20,70,1,1,1,26,20,40,9,65,31,41,14,12,24,1,26,16,52,36,50,1,2,49,1,26:59,1,2024-25
2024-25,1627826,Ivica Zubac,Ivica,1610612746,LAC,LA Clippers,0022401132,2025-04-05T00:00:00,LAC vs. DAL,W,28.383333333333333,11,11,1.0,0,0,0.0,3,3,1.0,2,8,10,2,0,0,1,0,3,3,25,23,43.0,1,0,39.0,1,1,1,1,65,7,37,1,1,1,1,17,30,1,56,45,55,41,70,42,24,1,51,28,6,9,30,1,2,29,1,28:23,1,2024-25
2024-25,1627826,Ivica Zubac,Ivica,1610612746,LAC,LA Clippers,0022401155,2025-04-08T00:00:00,LAC vs. SAS,W,38.69166666666667,11,17,0.647,0,0,0.0,2,2,1.0,8,12,20,5,2,1,0,0,2,3,24,12,56.5,1,0,51.0,1,1,1,1,7,7,7,36,1,1,1,26,42,1,5,8,2,5,14,12,52,1,26,28,8,28,7,1,2,4,1,38:42,1,2024-25
2024-25,1627826,Ivica Zubac,Ivica,1610612746,LAC,LA Clippers,0022401166,2025-04-09T00:00:00,LAC vs. HOU,W,34.68,9,13,0.692,0,0,0.0,2,2,1.0,1,10,11,10,2,1,0,1,0,3,20,18,49.2,1,1,43.0,1,1,1,1,31,18,26,31,1,1,1,26,42,1,67,24,46,1,14,12,52,41,1,28,26,16,17,1,1,18,1,34:41,1,2024-25
2024-25,1627826,Ivica Zubac,Ivica,1610612746,LAC,LA Clippers,0022401184,2025-04-11T00:00:00,LAC @ SAC,W,35.78333333333333,8,10,0.8,0,0,0.0,1,1,1.0,2,9,11,0,1,0,0,0,1,1,17,10,29.2,1,0,28.0,1,1,1,1,24,29,47,11,1,1,1,43,63,1,56,34,46,75,37,42,52,1,11,71,39,30,67,1,2,61,1,35:47,1,2024-25
2024-25,1627826,Ivica Zubac,Ivica,1610612746,LAC,LA Clippers,0022401198,2025-04-13T00:00:00,LAC @ GSW,W,42.255,11,16,0.688,0,0,0.0,0,0,0.0,4,13,17,3,0,1,1,2,0,0,22,13,52.9,1,0,46.0,1,1,1,1,2,7,12,33,1,1,1,62,69,62,23,4,10,24,70,12,24,67,1,79,12,26,11,1,2,11,1,42:15,1,2024-25
2025-26,1627826,Ivica Zubac,Ivica,1610612746,LAC,LA Clippers,0022500087,2025-10-22T00:00:00,LAC @ UTA,L,27.183333333333334,9,13,0.692,0,0,0.0,1,1,1.0,3,4,7,3,2,0,1,2,0,3,19,-21,32.9,0,0,31.0,1,8,8,8,23,5,9,7,1,1,1,14,20,1,13,23,23,9,9,11,9,25,1,12,7,28,20,17,1,17,1,27:11,1,2025-26
2025-26,1627826,Ivica Zubac,Ivica,1610612746,LAC,LA Clippers,0022500099,2025-10-24T00:00:00,LAC vs. PHX,W,24.666666666666668,3,5,0.6,0,0,0.0,2,3,0.667,0,5,5,4,3,0,0,0,2,3,8,15,17.0,0,0,17.0,1,1,1,1,26,24,27,14,1,1,1,10,9,13,28,21,27,4,3,11,19,1,9,12,25,4,27,17,1,27,1,24:40,1,2025-26
2025-26,1627826,Ivica Zubac,Ivica,1610612746,LAC,LA Clippers,0022500112,2025-10-26T00:00:00,LAC vs. POR,W,34.593333333333334,9,14,0.643,0,0,0.0,3,3,1.0,2,6,8,3,1,0,2,1,3,3,21,8,40.1,0,0,36.0,1,1,1,1,8,5,4,12,1,1,1,7,9,1,20,19,22,9,19,11,2,12,15,12,5,7,7,17,1,7,1,34:36,1,2025-26
2025-26,1627826,Ivica Zubac,Ivica,1610612746,LAC,LA Clippers,0022500127,2025-10-28T00:00:00,LAC @ GSW,L,24.133333333333333,7,12,0.583,0,0,0.0,0,0,0.0,5,7,12,1,3,0,1,1,0,1,14,-14,29.9,1,0,29.0,1,8,8,8,27,11,12,17,1,1,1,22,23,22,5,15,10,20,3,11,9,12,1,24,14,25,23,1,1,22,1,24:08,1,2025-26
2025-26,1627826,Ivica Zubac,Ivica,1610612746,LAC,LA Clippers,0022500027,2025-10-31T00:00:00,LAC vs. NOP,W,33.61,5,7,0.714,0,0,0.0,4,4,1.0,1,10,11,1,0,0,3,0,5,3,14,2,37.7,1,0,32.0,1,1,1,1,12,19,23,6,1,1,1,5,6,1,25,6,14,20,27,11,1,1,25,12,14,13,12,1,1,14,1,33:37,1,2025-26
2025-26,1627826,Ivica Zubac,Ivica,1610612746,LAC,LA Clippers,0022500164,2025-11-03T00:00:00,LAC vs. MIA,L,33.43333333333333,4,9,0.444,0,0,0.0,1,2,0.5,5,13,18,3,3,1,1,1,5,4,9,-6,38.1,0,0,34.0,1,8,8,8,13,21,20,23,1,1,1,14,15,17,5,3,2,9,3,3,9,12,25,5,23,15,11,17,1,10,1,33:26,1,2025-26
2025-26,1627826,Ivica Zubac,Ivica,1610612746,LAC,LA Clippers,0022500170,2025-11-04T00:00:00,LAC vs. OKC,L,25.616666666666667,3,8,0.375,0,0,0.0,1,2,0.5,4,3,7,2,2,2,0,3,2,4,7,7,22.4,0,0,20.0,1,8,8,8,25,24,21,27,1,1,1,14,15,17,10,25,23,13,9,1,19,28,9,5,26,8,25,17,1,25,1,25:37,1,2025-26
2025-26,1627826,Ivica Zubac,Ivica,1610612746,LAC,LA Clippers,0022500182,2025-11-06T00:00:00,LAC @ PHX,L,27.151666666666667,8,14,0.571,0,0,0.0,7,8,0.875,5,6,11,2,2,2,0,0,2,6,23,-11,43.2,1,0,40.0,1,8,8,8,24,9,4,18,1,1,1,1,2,10,5,19,14,13,9,1,19,1,9,3,4,21,4,1,1,4,1,27:09,1,2025-26
2025-26,1627826,Ivica Zubac,Ivica,1610612746,LAC,LA Clippers,0022500190,2025-11-08T00:00:00,LAC vs. PHX,L,35.11666666666667,10,12,0.833,0,0,0.0,1,2,0.5,2,13,15,4,3,0,0,1,3,1,21,-10,42.0,1,0,40.0,1,8,8,8,6,4,12,2,1,1,1,14,15,17,20,3,5,4,3,11,19,12,15,24,5,19,6,1,1,4,1,35:07,1,2025-26
2025-26,1627826,Ivica Zubac,Ivica,1610612746,LAC,LA Clippers,0022500206,2025-11-10T00:00:00,LAC vs. ATL,L,30.12,6,10,0.6,0,0,0.0,1,4,0.25,3,9,12,1,2,0,2,1,3,3,13,1,32.9,1,0,30.0,1,8,8,8,21,16,18,14,1,1,1,14,6,20,13,10,10,20,9,11,2,12,15,12,19,14,20,1,1,18,1,30:07,1,2025-26
2025-26,1627826,Ivica Zubac,Ivica,1610612746,LAC,LA Clippers,0022500224,2025-11-12T00:00:00,LAC vs. DEN,L,31.57,9,14,0.643,0,0,0.0,0,0,0.0,6,3,9,1,2,0,2,1,2,1,18,-10,34.3,0,0,32.0,1,8,8,8,18,5,4,12,1,1,1,22,23,22,2,25,20,20,9,11,2,12,9,24,9,19,17,17,1,14,1,31:34,1,2025-26
2025-26,1627826,Ivica Zubac,Ivica,1610612746,LAC,LA Clippers,0022500046,2025-11-14T00:00:00,LAC @ DAL,W,46.18333333333333,11,15,0.733,0,0,0.0,5,7,0.714,4,7,11,2,5,1,1,1,4,5,27,25,44.2,1,0,44.0,1,1,1,1,1,3,3,5,1,1,1,3,3,12,10,15,14,13,1,3,9,12,22,4,3,1,3,1,1,3,1,46:11,1,2025-26
2025-26,1627826,Ivica Zubac,Ivica,1610612746,LAC,LA Clippers,0022500233,2025-11-16T00:00:00,LAC @ BOS,L,33.62833333333333,6,10,0.6,0,0,0.0,4,4,1.0,2,10,12,2,1,1,1,0,4,4,16,-15,38.4,1,0,34.0,1,8,8,8,11,16,18,14,1,1,1,5,6,1,20,6,10,13,19,3,9,1,22,5,11,27,10,1,1,10,1,33:38,1,2025-26
2025-26,1627826,Ivica Zubac,Ivica,1610612746,LAC,LA Clippers,0022500243,2025-11-17T00:00:00,LAC @ PHI,L,33.93,7,13,0.538,0,0,0.0,0,0,0.0,5,8,13,1,0,1,0,0,1,0,14,-7,34.1,1,0,30.0,1,8,8,8,10,11,9,19,1,1,1,22,23,22,5,13,6,20,27,3,19,1,4,28,14,16,18,1,1,18,1,33:56,1,2025-26
2025-26,1627826,Ivica Zubac,Ivica,1610612746,LAC,LA Clippers,0022500264,2025-11-20T00:00:00,LAC @ ORL,L,31.566666666666666,7,16,0.438,0,0,0.0,0,0,0.0,5,14,19,0,1,0,0,1,2,2,14,-8,35.8,1,0,33.0,1,8,8,8,19,11,2,24,1,1,1,22,23,22,5,1,1,28,19,11,19,12,9,21,14,17,15,1,1,12,1,31:34,1,2025-26
2025-26,1627826,Ivica Zubac,Ivica,1610612746,LAC,LA Clippers,0022500268,2025-11-22T00:00:00,LAC @ CHA,W,29.856666666666666,9,12,0.75,0,0,0.0,0,0,0.0,2,7,9,6,1,0,1,0,1,2,18,17,39.8,0,0,35.0,1,1,1,1,22,5,12,3,1,1,1,22,23,22,20,15,20,1,19,11,9,1,4,21,9,3,8,17,1,9,1,29:51,1,2025-26
2025-26,1627826,Ivica Zubac,Ivica,1610612746,LAC,LA Clippers,0022500278,2025-11-23T00:00:00,LAC @ CLE,L,32.91,15,22,0.682,0,0,0.0,3,3,1.0,7,11,18,4,2,0,0,1,3,4,33,6,58.6,1,0,55.0,1,8,8,8,16,1,1,8,1,1,1,7,9,1,1,5,2,4,9,11,19,12,15,5,1,9,1,1,1,1,1,32:55,1,2025-26
2025-26,1627826,Ivica Zubac,Ivica,1610612746,LAC,LA Clippers,0022500059,2025-11-25T00:00:00,LAC @ LAL,L,36.916666666666664,5,12,0.417,0,0,0.0,0,2,0.0,6,4,10,4,1,1,2,1,5,3,10,-11,36.0,1,0,30.0,1,8,8,8,5,19,12,26,1,1,1,22,15,22,2,23,19,4,19,3,2,12,25,12,21,21,14,1,1,18,1,36:55,1,2025-26
2025-26,1627826,Ivica Zubac,Ivica,1610612746,LAC,LA Clippers,0022500079,2025-11-28T00:00:00,LAC vs. MEM,L,39.14333333333333,4,11,0.364,0,0,0.0,1,1,1.0,3,9,12,5,2,0,2,1,3,4,9,-8,34.9,0,0,30.0,1,8,8,8,2,21,17,28,1,1,1,14,20,1,13,10,10,2,9,11,2,12,15,5,23,17,16,17,1,18,1,39:09,1,2025-26
2025-26,1627826,Ivica Zubac,Ivica,1610612746,LAC,LA Clippers,0022500300,2025-11-29T00:00:00,LAC vs. DAL,L,37.89,8,12,0.667,0,0,0.0,3,3,1.0,2,9,11,4,2,1,1,0,5,4,19,4,42.2,1,0,38.0,1,8,8,8,4,9,12,9,1,1,1,7,9,1,20,10,14,4,9,3,9,1,25,5,7,10,5,1,1,6,1,37:53,1,2025-26
2025-26,1627826,Ivica Zubac,Ivica,1610612746,LAC,LA Clippers,0022500313,2025-12-01T00:00:00,LAC @ MIA,L,30.545,7,13,0.538,0,0,0.0,2,3,0.667,3,10,13,2,1,0,1,1,1,3,16,4,36.6,1,0,33.0,1,8,8,8,20,11,9,19,1,1,1,10,9,13,13,6,6,13,19,11,9,12,4,12,11,10,13,1,1,12,1,30:33,1,2025-26
2025-26,1627826,Ivica Zubac,Ivica,1610612746,LAC,LA Clippers,0022500327,2025-12-03T00:00:00,LAC @ ATL,W,33.016666666666666,6,8,0.75,0,0,0.0,2,3,0.667,3,14,17,5,3,0,0,0,1,3,14,18,38.9,1,0,36.0,1,1,1,1,15,16,21,3,1,1,1,10,9,13,13,1,4,2,3,11,19,1,4,12,14,2,9,1,1,7,1,33:01,1,2025-26
2025-26,1627826,Ivica Zubac,Ivica,1610612746,LAC,LA Clippers,0022500347,2025-12-05T00:00:00,LAC @ MEM,L,34.78333333333333,4,6,0.667,0,0,0.0,2,2,1.0,1,5,6,1,2,1,0,0,3,3,10,-12,19.7,0,0,19.0,1,8,8,8,7,21,25,9,1,1,1,10,15,1,25,21,26,20,9,3,19,1,15,12,21,23,26,17,1,26,1,34:47,1,2025-26
2025-26,1627826,Ivica Zubac,Ivica,1610612746,LAC,LA Clippers,0022500355,2025-12-06T00:00:00,LAC @ MIN,L,38.42333333333333,7,14,0.5,0,0,0.0,1,5,0.2,6,7,13,2,3,0,1,2,4,8,15,4,33.6,1,0,32.0,1,8,8,8,3,11,4,21,1,1,1,14,5,21,2,15,6,13,3,11,9,25,22,1,13,10,19,1,1,14,1,38:25,1,2025-26
2025-26,1627826,Ivica Zubac,Ivica,1610612746,LAC,LA Clippers,0022501205,2025-12-11T00:00:00,LAC @ HOU,L,34.53333333333333,13,14,0.929,0,0,0.0,7,11,0.636,4,3,7,1,1,1,2,0,2,7,33,9,50.9,0,0,47.0,1,8,8,8,9,2,4,1,1,1,1,1,1,16,10,25,23,20,19,3,2,1,9,2,1,6,2,17,1,2,1,34:32,1,2025-26
2025-26,1627826,Ivica Zubac,Ivica,1610612746,LAC,LA Clippers,0022501226,2025-12-15T00:00:00,LAC vs. MEM,L,33.126666666666665,3,6,0.5,0,0,0.0,0,0,0.0,3,10,13,2,4,0,1,1,3,2,6,-12,23.6,0,0,23.0,1,8,8,8,14,24,25,21,1,1,1,22,23,22,13,6,6,13,2,11,9,12,15,21,27,23,24,17,1,24,1,33:08,1,2025-26
2025-26,1627826,Ivica Zubac,Ivica,1610612746,LAC,LA Clippers,0022500369,2025-12-18T00:00:00,LAC @ OKC,L,31.683333333333334,3,7,0.429,0,0,0.0,5,6,0.833,3,8,11,3,2,0,2,2,1,4,11,-14,32.7,1,0,29.0,1,8,8,8,17,24,23,25,1,1,1,3,4,11,13,13,14,9,9,11,2,25,4,5,20,25,22,1,1,22,1,31:41,1,2025-26
2025-26,1627826,Ivica Zubac,Ivica,1610612746,LAC,LA Clippers,0022500395,2025-12-20T00:00:00,LAC vs. LAL,W,10.783333333333333,2,3,0.667,0,0,0.0,1,1,1.0,1,1,2,1,1,0,0,0,0,1,5,13,7.9,0,0,8.0,1,1,1,1,28,28,28,9,1,1,1,14,20,1,25,28,28,20,19,11,19,1,1,24,28,5,28,17,1,28,1,10:47,1,2025-26
