SEASON_YEAR,PLAYER_ID,PLAYER_NAME,NICKNAME,TEAM_ID,TEAM_ABBREVIATION,TEAM_NAME,GAME_ID,GAME_DATE,MATCHUP,WL,MIN,FGM,FGA,FG_PCT,FG3M,FG3A,FG3_PCT,FTM,FTA,FT_PCT,OREB,DREB,REB,AST,TOV,STL,BLK,BLKA,PF,PFD,PTS,PLUS_MINUS,NBA_FANTASY_PTS,DD2,TD3,WNBA_FANTASY_PTS,GP_RANK,W_RANK,L_RANK,W_PCT_RANK,MIN_RANK,FGM_RANK,FGA_RANK,FG_PCT_RANK,FG3M_RANK,FG3A_RANK,FG3_PCT_RANK,FTM_RANK,FTA_RANK,FT_PCT_RANK,OREB_RANK,DREB_RANK,REB_RANK,AST_RANK,TOV_RANK,STL_RANK,BLK_RANK,BLKA_RANK,PF_RANK,PFD_RANK,PTS_RANK,PLUS_MINUS_RANK,NBA_FANTASY_PTS_RANK,DD2_RANK,TD3_RANK,WNBA_FANTASY_PTS_RANK,AVAILABLE_FLAG,MIN_SEC,TEAM_COUNT,SEASON
2017-18,1628404,Josh Hart,Josh,1610612747,LAL,Los Angeles Lakers,0021700026,2017-10-20T00:00:00,LAL @ PHX,W,2.3333333333333335,0,0,0.0,0,0,0.0,0,0,0.0,0,0,0,0,0,0,0,0,0,0,0,-4,0.0,0,0,0.0,1,1,1,1,63,52,62,52,41,59,41,31,33,31,29,59,59,41,35,37,16,1,1,42,53,39,61,9,1,61,2,2:20,1,2017-18
2017-18,1628404,Josh Hart,Josh,1610612747,LAL,Los Angeles Lakers,0021700040,2017-10-22T00:00:00,LAL vs. NOP,L,14.633333333333333,2,3,0.667,1,2,0.5,0,0,0.0,2,2,4,1,0,0,0,0,1,0,5,21,11.3,0,0,11.0,1,28,28,28,46,31,41,11,23,32,16,31,33,31,4,33,21,23,35,37,16,1,15,42,36,2,36,9,1,33,1,14:38,1,2017-18
2017-18,1628404,Josh Hart,Josh,1610612747,LAL,Los Angeles Lakers,0021700064,2017-10-25T00:00:00,LAL vs. WAS,W,15.533333333333333,1,3,0.333,0,2,0.0,0,0,0.0,0,5,5,0,0,1,0,0,1,0,2,-12,11.0,0,0,9.0,1,1,1,1,44,42,41,42,41,32,41,31,33,31,29,13,17,41,35,11,16,1,15,42,49,54,39,9,1,42,1,15:32,1,2017-18
2017-18,1628404,Josh Hart,Josh,1610612747,LAL,Los Angeles Lakers,0021700076,2017-10-27T00:00:00,LAL vs. TOR,L,20.1,4,4,1.0,0,0,0.0,1,2,0.5,0,4,4,0,0,2,1,0,3,2,9,8,22.8,0,0,19.0,1,28,28,28,36,16,33,1,41,59,41,23,12,20,29,18,21,41,35,2,2,1,48,10,23,8,23,9,1,25,1,20:06,1,2017-18
2017-18,1628404,Josh Hart,Josh,1610612747,LAL,Los Angeles Lakers,0021700082,2017-10-28T00:00:00,LAL @ UTA,L,16.35,2,4,0.5,0,1,0.0,2,2,1.0,0,2,2,0,0,1,0,0,0,1,6,7,11.4,0,0,10.0,1,28,28,28,42,31,33,23,41,43,41,8,12,1,29,33,40,41,35,11,16,1,1,19,32,12,35,9,1,36,1,16:21,1,2017-18
2017-18,1628404,Josh Hart,Josh,1610612747,LAL,Los Angeles Lakers,0021700104,2017-10-31T00:00:00,LAL vs. DET,W,17.0,1,3,0.333,1,1,1.0,0,0,0.0,0,2,2,1,1,0,0,0,1,0,3,8,5.9,0,0,7.0,1,1,1,1,41,42,41,42,23,43,1,31,33,31,29,33,40,23,11,37,16,1,15,42,45,8,54,9,1,49,2,17:00,1,2017-18
2017-18,1628404,Josh Hart,Josh,1610612747,LAL,Los Angeles Lakers,0021700118,2017-11-02T00:00:00,LAL @ POR,L,13.6,0,4,0.0,0,2,0.0,2,2,1.0,0,1,1,0,0,2,1,0,0,1,2,-7,12.2,0,0,9.0,1,28,28,28,50,52,33,52,41,32,41,8,12,1,29,47,54,41,35,2,2,1,1,19,49,45,32,9,1,42,2,13:36,1,2017-18
2017-18,1628404,Josh Hart,Josh,1610612747,LAL,Los Angeles Lakers,0021700130,2017-11-03T00:00:00,LAL vs. BKN,W,11.785,0,1,0.0,0,1,0.0,0,0,0.0,0,1,1,0,2,1,1,0,2,0,0,-2,5.2,0,0,5.0,1,1,1,1,59,52,55,52,41,43,41,31,33,31,29,47,54,41,4,11,2,1,32,42,53,32,55,9,1,55,1,11:47,1,2017-18
2017-18,1628404,Josh Hart,Josh,1610612747,LAL,Los Angeles Lakers,0021700145,2017-11-05T00:00:00,LAL vs. MEM,W,12.1,0,2,0.0,0,0,0.0,0,0,0.0,0,0,0,0,0,0,0,1,2,0,0,-6,0.0,0,0,0.0,1,1,1,1,57,52,49,52,41,59,41,31,33,31,29,59,59,41,35,37,16,48,32,42,53,42,61,9,1,61,1,12:06,1,2017-18
2017-18,1628404,Josh Hart,Josh,1610612747,LAL,Los Angeles Lakers,0021700161,2017-11-08T00:00:00,LAL @ BOS,L,11.883333333333333,0,1,0.0,0,1,0.0,0,0,0.0,0,0,0,0,2,0,0,0,1,0,0,-8,-2.0,0,0,0.0,1,28,28,28,58,52,55,52,41,43,41,31,33,31,29,59,59,41,4,37,16,1,15,42,53,46,63,9,1,61,1,11:53,1,2017-18
2017-18,1628404,Josh Hart,Josh,1610612747,LAL,Los Angeles Lakers,0021700164,2017-11-09T00:00:00,LAL @ WAS,L,14.45,0,4,0.0,0,2,0.0,0,0,0.0,0,2,2,1,0,0,0,0,2,1,0,-6,3.9,0,0,3.0,1,28,28,28,48,52,33,52,41,32,41,31,33,31,29,33,40,23,35,37,16,1,32,19,53,42,56,9,1,56,1,14:27,1,2017-18
2017-18,1628404,Josh Hart,Josh,1610612747,LAL,Los Angeles Lakers,0021700240,2017-11-19T00:00:00,LAL vs. DEN,W,12.166666666666666,1,2,0.5,0,1,0.0,1,2,0.5,1,1,2,0,0,1,0,0,0,1,3,4,8.4,0,0,7.0,1,1,1,1,55,42,49,23,41,43,41,23,12,20,11,47,40,41,35,11,16,1,1,19,45,21,46,9,1,49,1,12:10,1,2017-18
2017-18,1628404,Josh Hart,Josh,1610612747,LAL,Los Angeles Lakers,0021700252,2017-11-21T00:00:00,LAL vs. CHI,W,14.633333333333333,2,6,0.333,0,2,0.0,1,2,0.5,2,1,3,1,1,1,0,0,0,1,5,-2,12.1,0,0,11.0,1,1,1,1,46,31,27,42,41,32,41,23,12,20,4,47,27,23,11,11,16,1,1,19,36,32,33,9,1,33,1,14:38,1,2017-18
2017-18,1628404,Josh Hart,Josh,1610612747,LAL,Los Angeles Lakers,0021700266,2017-11-22T00:00:00,LAL @ SAC,L,10.166666666666666,1,1,1.0,1,1,1.0,0,0,0.0,0,3,3,1,0,1,0,0,0,0,3,-1,11.1,0,0,10.0,1,28,28,28,61,42,55,1,23,43,1,31,33,31,29,23,27,23,35,11,16,1,1,42,45,31,37,9,1,36,2,10:10,1,2017-18
2017-18,1628404,Josh Hart,Josh,1610612747,LAL,Los Angeles Lakers,0021700297,2017-11-27T00:00:00,LAL @ LAC,L,21.9,2,3,0.667,1,1,1.0,0,0,0.0,1,2,3,1,0,0,0,0,2,0,5,17,10.1,0,0,10.0,1,28,28,28,33,31,41,11,23,43,1,31,33,31,11,33,27,23,35,37,16,1,32,42,36,4,42,9,1,36,1,21:54,1,2017-18
2017-18,1628404,Josh Hart,Josh,1610612747,LAL,Los Angeles Lakers,0021700312,2017-11-29T00:00:00,LAL vs. GSW,L,12.713333333333333,2,3,0.667,0,0,0.0,2,2,1.0,0,3,3,0,1,0,0,0,2,1,6,-4,8.6,0,0,9.0,1,28,28,28,54,31,41,11,41,59,41,8,12,1,29,23,27,41,11,37,16,1,32,19,32,39,45,9,1,42,1,12:43,1,2017-18
2017-18,1628404,Josh Hart,Josh,1610612747,LAL,Los Angeles Lakers,0021700332,2017-12-02T00:00:00,LAL @ DEN,L,22.495,3,4,0.75,3,4,0.75,0,0,0.0,1,2,3,2,0,2,1,0,1,1,9,6,24.6,0,0,23.0,1,28,28,28,31,23,33,7,3,18,9,31,33,31,11,33,27,11,35,2,2,1,15,19,23,17,19,9,1,21,1,22:30,1,2017-18
2017-18,1628404,Josh Hart,Josh,1610612747,LAL,Los Angeles Lakers,0021700338,2017-12-03T00:00:00,LAL vs. HOU,L,15.078333333333333,0,3,0.0,0,2,0.0,0,0,0.0,0,0,0,1,1,0,0,0,0,0,0,-14,0.5,0,0,1.0,1,28,28,28,45,52,41,52,41,32,41,31,33,31,29,59,59,23,11,37,16,1,1,42,53,55,60,9,1,60,1,15:05,1,2017-18
2017-18,1628404,Josh Hart,Josh,1610612747,LAL,Los Angeles Lakers,0021700363,2017-12-07T00:00:00,LAL @ PHI,W,9.175,1,1,1.0,1,1,1.0,1,2,0.5,0,3,3,0,0,0,0,0,0,2,4,-2,7.6,0,0,8.0,1,1,1,1,62,42,55,1,23,43,1,23,12,20,29,23,27,41,35,37,16,1,1,10,42,32,49,9,1,45,1,9:11,1,2017-18
2017-18,1628404,Josh Hart,Josh,1610612747,LAL,Los Angeles Lakers,0021700377,2017-12-09T00:00:00,LAL @ CHA,W,13.466666666666667,2,2,1.0,1,1,1.0,0,0,0.0,0,2,2,0,1,0,0,0,0,0,5,0,6.4,0,0,8.0,1,1,1,1,52,31,49,1,23,43,1,31,33,31,29,33,40,41,11,37,16,1,1,42,36,28,52,9,1,45,1,13:28,1,2017-18
2017-18,1628404,Josh Hart,Josh,1610612747,LAL,Los Angeles Lakers,0021700399,2017-12-12T00:00:00,LAL @ NYK,L,10.466666666666667,0,0,0.0,0,0,0.0,0,0,0.0,0,3,3,0,0,0,0,0,0,0,0,3,3.6,0,0,3.0,1,28,28,28,60,52,62,52,41,59,41,31,33,31,29,23,27,41,35,37,16,1,1,42,53,24,57,9,1,56,1,10:28,1,2017-18
2017-18,1628404,Josh Hart,Josh,1610612747,LAL,Los Angeles Lakers,0021700415,2017-12-14T00:00:00,LAL @ CLE,L,32.745,4,11,0.364,1,4,0.25,2,2,1.0,1,9,10,2,1,1,1,1,2,2,11,-3,31.0,1,0,28.0,1,28,28,28,15,16,8,41,23,18,31,8,12,1,11,5,6,11,11,11,2,48,32,10,16,37,9,1,1,12,1,32:45,1,2017-18
2017-18,1628404,Josh Hart,Josh,1610612747,LAL,Los Angeles Lakers,0021700450,2017-12-18T00:00:00,LAL vs. GSW,L,19.116666666666667,3,5,0.6,1,1,1.0,0,0,0.0,1,1,2,0,0,0,0,0,4,0,7,0,9.4,0,0,10.0,1,28,28,28,39,23,31,16,23,43,1,31,33,31,11,47,40,41,35,37,16,1,57,42,31,28,44,9,1,36,1,19:07,1,2017-18
2017-18,1628404,Josh Hart,Josh,1610612747,LAL,Los Angeles Lakers,0021700459,2017-12-20T00:00:00,LAL @ HOU,W,27.735,3,11,0.273,3,8,0.375,2,4,0.5,0,4,4,4,0,1,1,1,3,3,11,-24,27.8,0,0,26.0,1,1,1,1,24,23,8,48,3,2,28,8,5,20,29,18,21,4,35,11,2,48,48,5,16,63,16,9,1,15,2,27:44,1,2017-18
2017-18,1628404,Josh Hart,Josh,1610612747,LAL,Los Angeles Lakers,0021700479,2017-12-22T00:00:00,LAL @ GSW,L,16.35,0,3,0.0,0,1,0.0,0,0,0.0,0,1,1,1,1,3,0,1,1,0,0,1,10.7,0,0,8.0,1,28,28,28,42,52,41,52,41,43,41,31,33,31,29,47,54,23,11,1,16,48,15,42,53,25,40,9,1,45,1,16:21,1,2017-18
2017-18,1628404,Josh Hart,Josh,1610612747,LAL,Los Angeles Lakers,0021700491,2017-12-23T00:00:00,LAL vs. POR,L,34.46333333333333,5,11,0.455,1,3,0.333,0,0,0.0,1,9,10,3,1,1,0,2,1,1,11,8,29.5,1,0,27.0,1,28,28,28,10,6,8,34,23,25,29,31,33,31,11,5,6,6,11,11,16,59,15,19,16,8,13,1,1,13,1,34:28,1,2017-18
2017-18,1628404,Josh Hart,Josh,1610612747,LAL,Los Angeles Lakers,0021700497,2017-12-25T00:00:00,LAL vs. MIN,L,38.86666666666667,5,13,0.385,2,8,0.25,0,0,0.0,0,6,6,2,1,1,0,1,2,0,12,-8,24.2,0,0,24.0,1,28,28,28,4,6,4,38,12,2,31,31,33,31,29,12,13,11,11,11,16,48,32,42,13,46,21,9,1,19,1,38:52,1,2017-18
2017-18,1628404,Josh Hart,Josh,1610612747,LAL,Los Angeles Lakers,0021700515,2017-12-27T00:00:00,LAL vs. MEM,L,29.966666666666665,3,5,0.6,1,2,0.5,2,2,1.0,4,4,8,2,0,0,0,0,4,1,9,-3,21.6,0,0,20.0,1,28,28,28,22,23,31,16,23,32,16,8,12,1,1,18,10,11,35,37,16,1,57,19,23,37,24,9,1,24,1,29:58,1,2017-18
2017-18,1628404,Josh Hart,Josh,1610612747,LAL,Los Angeles Lakers,0021700529,2017-12-29T00:00:00,LAL vs. LAC,L,22.0,1,4,0.25,0,1,0.0,0,0,0.0,0,2,2,2,0,1,0,0,2,2,2,-15,10.4,0,0,8.0,1,28,28,28,32,42,33,49,41,43,41,31,33,31,29,33,40,11,35,11,16,1,32,10,49,57,41,9,1,45,1,22:00,1,2017-18
2017-18,1628404,Josh Hart,Josh,1610612747,LAL,Los Angeles Lakers,0021700540,2017-12-31T00:00:00,LAL @ HOU,L,36.88166666666667,9,13,0.692,4,7,0.571,4,8,0.5,1,5,6,1,0,1,0,0,6,6,26,6,37.7,0,0,39.0,1,28,28,28,5,2,4,10,2,6,15,3,1,20,11,13,13,23,35,11,16,1,63,1,2,17,4,9,1,3,1,36:53,1,2017-18
2017-18,1628404,Josh Hart,Josh,1610612747,LAL,Los Angeles Lakers,0021700548,2018-01-01T00:00:00,LAL @ MIN,L,21.073333333333334,4,7,0.571,2,4,0.5,0,0,0.0,0,1,1,1,1,1,0,0,5,0,10,-17,14.7,0,0,16.0,1,28,28,28,34,16,21,19,12,18,16,31,33,31,29,47,54,23,11,11,16,1,62,42,20,58,29,9,1,27,1,21:04,1,2017-18
2017-18,1628404,Josh Hart,Josh,1610612747,LAL,Los Angeles Lakers,0021700565,2018-01-03T00:00:00,LAL vs. OKC,L,19.35,2,7,0.286,1,6,0.167,1,1,1.0,1,1,2,1,1,1,1,0,0,1,6,-19,14.9,0,0,14.0,1,28,28,28,38,31,21,46,23,7,40,23,32,1,11,47,40,23,11,11,2,1,1,19,32,60,28,9,1,30,1,19:21,1,2017-18
2017-18,1628404,Josh Hart,Josh,1610612747,LAL,Los Angeles Lakers,0021700577,2018-01-05T00:00:00,LAL vs. CHA,L,23.133333333333333,1,6,0.167,1,4,0.25,1,2,0.5,1,2,3,1,1,1,0,0,2,1,4,-11,11.1,0,0,11.0,1,28,28,28,28,42,27,51,23,18,31,23,12,20,11,33,27,23,11,11,16,1,32,19,42,53,37,9,1,33,1,23:08,1,2017-18
2017-18,1628404,Josh Hart,Josh,1610612747,LAL,Los Angeles Lakers,0021700590,2018-01-07T00:00:00,LAL vs. ATL,W,19.52166666666667,4,7,0.571,2,3,0.667,2,2,1.0,0,5,5,3,1,1,0,1,3,1,12,17,24.5,0,0,24.0,1,1,1,1,37,16,21,19,12,25,11,8,12,1,29,13,17,6,11,11,16,48,48,19,13,4,20,9,1,19,1,19:31,1,2017-18
2017-18,1628404,Josh Hart,Josh,1610612747,LAL,Los Angeles Lakers,0021700602,2018-01-09T00:00:00,LAL vs. SAC,W,21.05,0,1,0.0,0,1,0.0,0,0,0.0,0,3,3,3,1,0,0,0,1,0,0,7,7.1,0,0,6.0,1,1,1,1,35,52,55,52,41,43,41,31,33,31,29,23,27,6,11,37,16,1,15,42,53,12,51,9,1,53,1,21:03,1,2017-18
2017-18,1628404,Josh Hart,Josh,1610612747,LAL,Los Angeles Lakers,0021700617,2018-01-11T00:00:00,LAL vs. SAS,W,12.725,2,3,0.667,2,3,0.667,0,0,0.0,0,2,2,0,0,0,0,0,1,1,6,7,8.4,0,0,10.0,1,1,1,1,53,31,41,11,12,25,11,31,33,31,29,33,40,41,35,37,16,1,15,19,32,12,46,9,1,36,1,12:44,1,2017-18
2017-18,1628404,Josh Hart,Josh,1610612747,LAL,Los Angeles Lakers,0021700627,2018-01-13T00:00:00,LAL @ DAL,W,12.103333333333333,1,2,0.5,0,1,0.0,0,0,0.0,0,2,2,0,1,1,0,0,4,1,2,-2,6.4,0,0,6.0,1,1,1,1,56,42,49,23,41,43,41,31,33,31,29,33,40,41,11,11,16,1,57,19,49,32,52,9,1,53,1,12:06,1,2017-18
2017-18,1628404,Josh Hart,Josh,1610612747,LAL,Los Angeles Lakers,0021700645,2018-01-15T00:00:00,LAL @ MEM,L,31.75,5,10,0.5,2,6,0.333,4,4,1.0,0,3,3,1,0,1,1,0,1,2,16,1,27.1,0,0,26.0,1,28,28,28,17,6,11,23,12,7,29,3,5,1,29,23,27,23,35,11,2,1,15,10,6,25,17,9,1,15,1,31:45,1,2017-18
2017-18,1628404,Josh Hart,Josh,1610612747,LAL,Los Angeles Lakers,0021700660,2018-01-17T00:00:00,LAL @ OKC,L,26.45,3,8,0.375,3,6,0.5,0,0,0.0,0,3,3,2,0,2,0,2,1,2,9,-19,21.6,0,0,21.0,1,28,28,28,26,23,17,40,3,7,16,31,33,31,29,23,27,11,35,2,16,59,15,10,23,60,24,9,1,23,1,26:27,1,2017-18
2017-18,1628404,Josh Hart,Josh,1610612747,LAL,Los Angeles Lakers,0021700673,2018-01-19T00:00:00,LAL vs. IND,W,32.9,4,8,0.5,1,4,0.25,0,0,0.0,0,5,5,1,3,0,0,1,2,0,9,5,13.5,0,0,16.0,1,1,1,1,13,16,17,23,23,18,31,31,33,31,29,13,17,23,1,37,16,48,32,42,23,19,31,9,1,27,1,32:54,1,2017-18
2017-18,1628404,Josh Hart,Josh,1610612747,LAL,Los Angeles Lakers,0021700684,2018-01-21T00:00:00,LAL vs. NYK,W,17.033333333333335,0,1,0.0,0,1,0.0,0,0,0.0,0,0,0,0,0,0,1,0,3,0,0,-2,3.0,0,0,2.0,1,1,1,1,40,52,55,52,41,43,41,31,33,31,29,59,59,41,35,37,2,1,48,42,53,32,58,9,1,58,2,17:02,1,2017-18
2017-18,1628404,Josh Hart,Josh,1610612747,LAL,Los Angeles Lakers,0021700700,2018-01-23T00:00:00,LAL vs. BOS,W,23.106666666666666,2,4,0.5,0,2,0.0,0,2,0.0,1,1,2,1,0,0,0,0,1,1,4,7,7.9,0,0,7.0,1,1,1,1,29,31,33,23,41,32,41,31,12,31,11,47,40,23,35,37,16,1,15,19,42,12,48,9,1,49,1,23:06,1,2017-18
2017-18,1628404,Josh Hart,Josh,1610612747,LAL,Los Angeles Lakers,0021700717,2018-01-26T00:00:00,LAL @ CHI,W,22.83,1,2,0.5,1,2,0.5,2,4,0.5,0,3,3,1,0,0,0,0,0,2,5,-17,10.1,0,0,10.0,1,1,1,1,30,42,49,23,23,32,16,8,5,20,29,23,27,23,35,37,16,1,1,10,36,58,42,9,1,36,1,22:50,1,2017-18
2017-18,1628404,Josh Hart,Josh,1610612747,LAL,Los Angeles Lakers,0021700735,2018-01-28T00:00:00,LAL @ TOR,L,13.526666666666667,0,1,0.0,0,1,0.0,0,2,0.0,1,1,2,0,1,0,0,0,0,1,0,-14,1.4,0,0,2.0,1,28,28,28,51,52,55,52,41,43,41,31,12,31,11,47,40,41,11,37,16,1,1,19,53,55,59,9,1,58,1,13:32,1,2017-18
2017-18,1628404,Josh Hart,Josh,1610612747,LAL,Los Angeles Lakers,0021700754,2018-01-31T00:00:00,LAL @ ORL,L,13.883333333333333,1,2,0.5,1,2,0.5,0,0,0.0,0,1,1,2,0,0,0,0,0,1,3,-6,7.2,0,0,7.0,1,28,28,28,49,42,49,23,23,32,16,31,33,31,29,47,54,11,35,37,16,1,1,19,45,42,50,9,1,49,1,13:53,1,2017-18
2017-18,1628404,Josh Hart,Josh,1610612747,LAL,Los Angeles Lakers,0021700768,2018-02-02T00:00:00,LAL @ BKN,W,34.8,5,8,0.625,3,6,0.5,2,4,0.5,3,11,14,2,0,1,0,0,2,3,15,0,37.8,1,0,36.0,1,1,1,1,9,6,17,15,3,7,16,8,5,20,2,1,1,11,35,11,16,1,32,5,7,28,3,1,1,4,1,34:48,1,2017-18
2017-18,1628404,Josh Hart,Josh,1610612747,LAL,Los Angeles Lakers,0021700788,2018-02-04T00:00:00,LAL @ OKC,W,39.17333333333333,5,6,0.833,2,3,0.667,2,2,1.0,1,10,11,2,2,2,0,0,1,1,14,7,34.2,1,0,33.0,1,1,1,1,3,6,27,5,12,25,11,8,12,1,11,3,3,11,4,2,16,1,15,19,10,12,6,1,1,7,1,39:10,1,2017-18
2017-18,1628404,Josh Hart,Josh,1610612747,LAL,Los Angeles Lakers,0021700804,2018-02-06T00:00:00,LAL vs. PHX,W,31.033333333333335,5,7,0.714,3,4,0.75,2,2,1.0,2,9,11,3,1,1,1,0,4,1,15,15,37.7,1,0,36.0,1,1,1,1,20,6,21,9,3,18,9,8,12,1,4,5,3,6,11,11,2,1,57,19,7,6,4,1,1,4,1,31:02,1,2017-18
2017-18,1628404,Josh Hart,Josh,1610612747,LAL,Los Angeles Lakers,0021700816,2018-02-08T00:00:00,LAL vs. OKC,W,32.86666666666667,4,9,0.444,2,5,0.4,0,0,0.0,1,7,8,5,3,1,1,0,2,0,10,8,30.1,0,0,29.0,1,1,1,1,14,16,15,35,12,14,27,31,33,31,11,10,10,1,1,11,2,1,32,42,20,8,12,9,1,10,1,32:52,1,2017-18
2017-18,1628404,Josh Hart,Josh,1610612747,LAL,Los Angeles Lakers,0021700830,2018-02-10T00:00:00,LAL @ DAL,L,29.105,3,7,0.429,3,6,0.5,0,0,0.0,0,2,2,1,1,0,0,0,2,1,9,-8,11.9,0,0,15.0,1,28,28,28,23,23,21,36,3,7,16,31,33,31,29,33,40,23,11,37,16,1,32,19,23,46,34,9,1,29,1,29:06,1,2017-18
2017-18,1628404,Josh Hart,Josh,1610612747,LAL,Los Angeles Lakers,0021700862,2018-02-14T00:00:00,LAL @ NOP,L,31.25,5,6,0.833,3,3,1.0,2,3,0.667,1,5,6,2,2,2,1,0,1,3,15,-22,32.2,0,0,32.0,1,28,28,28,19,6,27,5,3,25,1,8,11,18,11,13,13,11,4,2,2,1,15,5,7,62,8,9,1,9,1,31:15,1,2017-18
2017-18,1628404,Josh Hart,Josh,1610612747,LAL,Los Angeles Lakers,0021700866,2018-02-15T00:00:00,LAL @ MIN,L,31.30666666666667,4,10,0.4,0,3,0.0,0,0,0.0,1,3,4,0,0,1,0,2,3,0,8,-10,15.8,0,0,14.0,1,28,28,28,18,16,11,37,41,25,41,31,33,31,11,23,21,41,35,11,16,59,48,42,29,51,26,9,1,30,1,31:18,1,2017-18
2017-18,1628404,Josh Hart,Josh,1610612747,LAL,Los Angeles Lakers,0021700883,2018-02-23T00:00:00,LAL vs. DAL,W,33.666666666666664,5,13,0.385,1,5,0.2,1,2,0.5,2,8,10,2,1,1,0,1,1,1,12,24,29.0,1,0,27.0,1,1,1,1,11,6,4,38,23,14,37,23,12,20,4,9,6,11,11,11,16,48,15,19,13,1,14,1,1,13,1,33:40,1,2017-18
2017-18,1628404,Josh Hart,Josh,1610612747,LAL,Los Angeles Lakers,0021700891,2018-02-24T00:00:00,LAL @ SAC,W,30.97,3,10,0.3,2,4,0.5,2,2,1.0,3,3,6,5,1,1,0,2,1,1,10,4,26.7,0,0,25.0,1,1,1,1,21,23,11,45,12,18,16,8,12,1,2,23,13,1,11,11,16,59,15,19,20,21,18,9,1,18,1,30:58,1,2017-18
2017-18,1628404,Josh Hart,Josh,1610612747,LAL,Los Angeles Lakers,0021700897,2018-02-26T00:00:00,LAL @ ATL,W,27.15,5,9,0.556,3,6,0.5,1,2,0.5,0,2,2,0,1,0,0,0,4,2,14,1,15.4,0,0,19.0,1,1,1,1,25,6,15,21,3,7,16,23,12,20,29,33,40,41,11,37,16,1,57,10,10,25,27,9,1,25,1,27:09,1,2017-18
2017-18,1628404,Josh Hart,Josh,1610612747,LAL,Los Angeles Lakers,0021701136,2018-03-30T00:00:00,LAL vs. MIL,L,34.916666666666664,5,10,0.5,1,5,0.2,2,2,1.0,2,11,13,0,1,0,1,0,3,1,13,-5,30.6,1,0,29.0,1,28,28,28,8,6,11,23,23,14,37,8,12,1,4,1,2,41,11,37,2,1,48,19,12,41,10,1,1,10,1,34:55,1,2017-18
2017-18,1628404,Josh Hart,Josh,1610612747,LAL,Los Angeles Lakers,0021701155,2018-04-01T00:00:00,LAL vs. SAC,L,26.111666666666668,2,8,0.25,1,5,0.2,0,0,0.0,2,1,3,4,0,0,0,1,3,0,5,4,14.6,0,0,13.0,1,28,28,28,27,31,17,49,23,14,37,31,33,31,4,47,27,4,35,37,16,48,48,42,36,21,30,9,1,32,1,26:07,1,2017-18
2017-18,1628404,Josh Hart,Josh,1610612747,LAL,Los Angeles Lakers,0021701166,2018-04-03T00:00:00,LAL @ UTA,L,35.3,3,4,0.75,2,3,0.667,3,4,0.75,0,4,4,3,1,2,1,0,3,3,11,5,28.3,0,0,26.0,1,28,28,28,7,23,33,7,12,25,11,6,5,15,29,18,21,6,11,2,2,1,48,5,16,19,15,9,1,15,1,35:18,1,2017-18
2017-18,1628404,Josh Hart,Josh,1610612747,LAL,Los Angeles Lakers,0021701174,2018-04-04T00:00:00,LAL vs. SAS,W,33.56666666666667,2,7,0.286,0,2,0.0,4,6,0.667,1,9,10,2,2,1,0,1,3,5,8,19,24.0,0,0,22.0,1,1,1,1,12,31,21,46,41,32,41,3,3,18,11,5,6,11,4,11,16,48,48,2,29,3,22,9,1,22,1,33:34,1,2017-18
2017-18,1628404,Josh Hart,Josh,1610612747,LAL,Los Angeles Lakers,0021701190,2018-04-06T00:00:00,LAL vs. MIN,L,32.15,6,12,0.5,3,6,0.5,5,7,0.714,1,10,11,0,3,0,0,2,1,5,20,-10,30.2,1,0,34.0,1,28,28,28,16,5,7,23,3,7,16,1,2,17,11,3,3,41,1,37,16,59,15,2,4,51,11,1,1,6,1,32:09,1,2017-18
2017-18,1628404,Josh Hart,Josh,1610612747,LAL,Los Angeles Lakers,0021701201,2018-04-08T00:00:00,LAL vs. UTA,L,41.03333333333333,10,18,0.556,2,8,0.25,3,4,0.75,2,2,4,1,2,2,2,0,2,4,25,-9,41.3,0,0,40.0,1,28,28,28,1,1,1,21,12,2,31,6,5,15,4,33,21,23,4,2,1,1,32,4,3,49,2,9,1,2,1,41:02,1,2017-18
2017-18,1628404,Josh Hart,Josh,1610612747,LAL,Los Angeles Lakers,0021701218,2018-04-10T00:00:00,LAL vs. HOU,L,39.65,8,17,0.471,2,8,0.25,2,2,1.0,0,7,7,0,1,2,0,1,2,3,20,-9,33.4,0,0,33.0,1,28,28,28,2,4,2,33,12,2,31,8,12,1,29,10,12,41,11,2,16,48,32,5,4,49,7,9,1,7,1,39:39,1,2017-18
2017-18,1628404,Josh Hart,Josh,1610612747,LAL,Los Angeles Lakers,0021701228,2018-04-11T00:00:00,LAL @ LAC,W,35.88,9,15,0.6,7,9,0.778,5,5,1.0,1,4,5,5,2,1,0,0,2,2,30,9,44.5,0,0,49.0,1,1,1,1,6,2,3,16,1,1,8,1,4,1,11,18,17,1,4,11,16,1,32,10,1,7,1,9,1,1,1,35:53,1,2017-18
2018-19,1628404,Josh Hart,Josh,1610612747,LAL,Los Angeles Lakers,0021800016,2018-10-18T00:00:00,LAL @ POR,L,27.461666666666666,8,12,0.667,3,5,0.6,1,3,0.333,0,4,4,1,2,3,2,1,5,2,20,-13,39.3,0,0,38.0,1,32,32,32,28,1,6,8,5,18,10,16,7,25,29,16,26,28,2,2,2,46,61,11,3,56,3,5,1,4,1,27:28,1,2018-19
2018-19,1628404,Josh Hart,Josh,1610612747,LAL,Los Angeles Lakers,0021800035,2018-10-20T00:00:00,LAL vs. HOU,L,30.35,5,13,0.385,1,5,0.2,0,2,0.0,0,5,5,2,2,2,1,3,3,3,11,-15,27.0,0,0,25.0,1,32,32,32,18,7,4,32,29,18,41,27,13,27,29,9,12,9,2,9,11,66,46,5,17,60,11,5,1,12,1,30:21,1,2018-19
2018-19,1628404,Josh Hart,Josh,1610612747,LAL,Los Angeles Lakers,0021800048,2018-10-22T00:00:00,LAL vs. SAS,L,38.653333333333336,8,14,0.571,4,7,0.571,0,0,0.0,0,10,10,1,1,2,0,1,2,2,20,5,38.5,1,0,39.0,1,32,32,32,4,1,2,13,2,5,11,27,32,27,29,3,3,28,17,9,30,46,25,11,3,22,7,1,1,2,1,38:39,1,2018-19
2018-19,1628404,Josh Hart,Josh,1610612747,LAL,Los Angeles Lakers,0021800060,2018-10-24T00:00:00,LAL @ PHX,W,26.36,5,8,0.625,4,6,0.667,1,2,0.5,1,1,2,2,1,2,0,0,4,4,15,21,25.4,0,0,27.0,1,1,1,1,30,7,24,12,2,10,5,16,13,18,7,47,40,9,17,9,30,1,53,1,7,6,14,5,1,10,1,26:22,1,2018-19
2018-19,1628404,Josh Hart,Josh,1610612747,LAL,Los Angeles Lakers,0021800066,2018-10-25T00:00:00,LAL vs. DEN,W,31.916666666666668,3,10,0.3,1,6,0.167,5,6,0.833,0,5,5,1,2,2,0,1,2,3,12,15,23.5,0,0,23.0,1,1,1,1,17,19,11,44,29,10,46,2,1,13,29,9,12,28,2,9,30,46,25,5,13,12,18,5,1,16,1,31:55,1,2018-19
2018-19,1628404,Josh Hart,Josh,1610612747,LAL,Los Angeles Lakers,0021800082,2018-10-27T00:00:00,LAL @ SAS,L,36.266666666666666,3,10,0.3,2,6,0.333,1,2,0.5,0,2,2,1,2,1,0,1,1,2,9,-3,13.9,0,0,16.0,1,32,32,32,6,19,11,44,10,10,27,16,13,18,29,36,40,28,2,19,30,46,9,11,23,35,41,5,1,28,1,36:16,1,2018-19
2018-19,1628404,Josh Hart,Josh,1610612747,LAL,Los Angeles Lakers,0021800093,2018-10-29T00:00:00,LAL @ MIN,L,24.466666666666665,2,8,0.25,1,4,0.25,0,0,0.0,2,4,6,1,0,1,0,1,3,1,5,-3,16.7,0,0,15.0,1,32,32,32,38,33,24,50,29,29,34,27,32,27,2,16,8,28,42,19,30,46,46,31,44,35,29,5,1,32,1,24:28,1,2018-19
2018-19,1628404,Josh Hart,Josh,1610612747,LAL,Los Angeles Lakers,0021800109,2018-10-31T00:00:00,LAL vs. DAL,W,16.161666666666665,1,3,0.333,1,3,0.333,0,0,0.0,0,0,0,2,1,1,0,0,4,0,3,-13,8.0,0,0,8.0,1,1,1,1,60,54,53,35,29,43,27,27,32,27,29,62,64,9,17,19,30,1,53,44,55,56,57,5,1,58,1,16:10,1,2018-19
2018-19,1628404,Josh Hart,Josh,1610612747,LAL,Los Angeles Lakers,0021800132,2018-11-03T00:00:00,LAL @ POR,W,25.3,3,3,1.0,2,2,1.0,3,4,0.75,0,0,0,1,0,1,2,0,2,2,11,17,21.5,0,0,20.0,1,1,1,1,36,19,53,1,10,51,1,4,5,15,29,62,64,28,42,19,2,1,25,11,17,9,23,5,1,22,1,25:18,1,2018-19
2018-19,1628404,Josh Hart,Josh,1610612747,LAL,Los Angeles Lakers,0021800139,2018-11-04T00:00:00,LAL vs. TOR,L,29.883333333333333,1,5,0.2,1,4,0.25,3,3,1.0,0,5,5,1,0,3,0,1,0,2,6,11,22.5,0,0,19.0,1,32,32,32,20,54,43,56,29,29,34,4,7,1,29,9,12,28,42,2,30,46,1,11,34,14,21,5,1,25,1,29:53,1,2018-19
2018-19,1628404,Josh Hart,Josh,1610612747,LAL,Los Angeles Lakers,0021800162,2018-11-07T00:00:00,LAL vs. MIN,W,21.453333333333333,5,7,0.714,5,7,0.714,6,6,1.0,1,3,4,0,1,1,0,0,2,4,21,11,27.8,0,0,32.0,1,1,1,1,44,7,30,6,1,5,4,1,1,1,7,27,26,53,17,19,30,1,25,1,2,14,10,5,1,8,1,21:27,1,2018-19
2018-19,1628404,Josh Hart,Josh,1610612747,LAL,Los Angeles Lakers,0021800183,2018-11-10T00:00:00,LAL @ SAC,W,17.8,4,9,0.444,3,7,0.429,0,0,0.0,1,4,5,2,0,2,0,0,2,0,11,16,26.0,0,0,25.0,1,1,1,1,57,15,20,23,5,5,22,27,32,27,7,16,12,9,42,9,30,1,25,44,17,10,13,5,1,12,1,17:48,1,2018-19
2018-19,1628404,Josh Hart,Josh,1610612747,LAL,Los Angeles Lakers,0021800189,2018-11-11T00:00:00,LAL vs. ATL,W,22.7,3,9,0.333,2,7,0.286,1,2,0.5,0,1,1,2,2,1,0,0,2,2,9,1,14.2,0,0,16.0,1,1,1,1,42,19,20,35,10,5,33,16,13,18,29,47,53,9,2,19,30,1,25,11,23,29,40,5,1,28,1,22:42,1,2018-19
2018-19,1628404,Josh Hart,Josh,1610612747,LAL,Los Angeles Lakers,0021800212,2018-11-14T00:00:00,LAL vs. POR,W,23.85333333333333,2,7,0.286,2,6,0.333,0,0,0.0,0,5,5,1,2,0,1,0,2,1,6,5,14.5,0,0,16.0,1,1,1,1,40,33,30,48,10,10,27,27,32,27,29,9,12,28,2,37,11,1,25,31,34,22,39,5,1,28,1,23:51,1,2018-19
2018-19,1628404,Josh Hart,Josh,1610612747,LAL,Los Angeles Lakers,0021800227,2018-11-17T00:00:00,LAL @ ORL,L,20.183333333333334,5,7,0.714,3,4,0.75,0,0,0.0,0,2,2,1,0,0,2,0,2,0,13,-17,22.9,0,0,23.0,1,32,32,32,51,7,30,6,5,29,3,27,32,27,29,36,40,28,42,37,2,1,25,44,10,62,20,5,1,16,1,20:11,1,2018-19
2018-19,1628404,Josh Hart,Josh,1610612747,LAL,Los Angeles Lakers,0021800235,2018-11-18T00:00:00,LAL @ MIA,W,29.045,2,7,0.286,1,4,0.25,0,0,0.0,3,3,6,1,1,0,1,0,3,1,5,22,15.7,0,0,15.0,1,1,1,1,23,33,30,48,29,29,34,27,32,27,1,27,8,28,17,37,11,1,46,31,44,4,33,5,1,32,1,29:03,1,2018-19
2018-19,1628404,Josh Hart,Josh,1610612747,LAL,Los Angeles Lakers,0021800256,2018-11-21T00:00:00,LAL @ CLE,W,21.383333333333333,2,5,0.4,0,3,0.0,0,0,0.0,0,4,4,0,1,0,3,0,1,1,4,-9,16.8,0,0,14.0,1,1,1,1,45,33,43,26,51,43,51,27,32,27,29,16,26,53,17,37,1,1,9,31,51,47,28,5,1,40,1,21:23,1,2018-19
2018-19,1628404,Josh Hart,Josh,1610612747,LAL,Los Angeles Lakers,0021800278,2018-11-23T00:00:00,LAL vs. UTA,W,14.483333333333333,0,2,0.0,0,2,0.0,0,0,0.0,0,2,2,0,1,0,0,0,0,0,0,-3,1.4,0,0,2.0,1,1,1,1,63,61,59,61,51,51,51,27,32,27,29,36,40,53,17,37,30,1,1,44,61,35,66,5,1,65,1,14:29,1,2018-19
2018-19,1628404,Josh Hart,Josh,1610612747,LAL,Los Angeles Lakers,0021800286,2018-11-25T00:00:00,LAL vs. ORL,L,15.15,0,0,0.0,0,0,0.0,0,0,0.0,0,3,3,2,0,0,0,0,1,0,0,-3,6.6,0,0,5.0,1,32,32,32,61,61,67,61,51,66,51,27,32,27,29,27,33,9,42,37,30,1,9,44,61,35,61,5,1,63,1,15:09,1,2018-19
2018-19,1628404,Josh Hart,Josh,1610612747,LAL,Los Angeles Lakers,0021800304,2018-11-27T00:00:00,LAL @ DEN,L,20.9,2,6,0.333,0,4,0.0,0,0,0.0,1,1,2,3,0,1,0,0,2,0,4,-10,13.9,0,0,11.0,1,32,32,32,48,33,36,35,51,29,51,27,32,27,7,47,40,4,42,19,30,1,25,44,51,48,41,5,1,46,1,20:54,1,2018-19
2018-19,1628404,Josh Hart,Josh,1610612747,LAL,Los Angeles Lakers,0021800317,2018-11-29T00:00:00,LAL vs. IND,W,25.091666666666665,6,7,0.857,1,2,0.5,0,1,0.0,1,0,1,2,1,3,0,0,2,4,13,8,25.2,0,0,23.0,1,1,1,1,37,4,30,4,29,51,13,27,26,27,7,62,53,9,17,2,30,1,25,1,10,18,15,5,1,16,1,25:06,1,2018-19
2018-19,1628404,Josh Hart,Josh,1610612747,LAL,Los Angeles Lakers,0021800328,2018-11-30T00:00:00,LAL vs. DAL,W,23.096666666666668,2,5,0.4,1,4,0.25,0,0,0.0,0,1,1,1,0,0,1,0,1,0,5,10,10.7,0,0,10.0,1,1,1,1,41,33,43,26,29,29,34,27,32,27,29,47,53,28,42,37,11,1,9,44,44,16,53,5,1,52,1,23:06,1,2018-19
2018-19,1628404,Josh Hart,Josh,1610612747,LAL,Los Angeles Lakers,0021800337,2018-12-02T00:00:00,LAL vs. PHX,W,17.916666666666668,2,5,0.4,2,3,0.667,0,0,0.0,0,0,0,2,0,1,1,1,2,1,6,32,15.0,0,0,14.0,1,1,1,1,56,33,43,26,10,43,5,27,32,27,29,62,64,9,42,19,11,46,25,31,34,1,35,5,1,40,1,17:55,1,2018-19
2018-19,1628404,Josh Hart,Josh,1610612747,LAL,Los Angeles Lakers,0021800364,2018-12-05T00:00:00,LAL vs. SAS,W,13.35,2,5,0.4,2,5,0.4,0,0,0.0,0,1,1,0,1,0,0,0,5,0,6,7,6.2,0,0,9.0,1,1,1,1,64,33,43,26,10,18,23,27,32,27,29,47,53,53,17,37,30,1,61,44,34,21,62,5,1,56,1,13:21,1,2018-19
2018-19,1628404,Josh Hart,Josh,1610612747,LAL,Los Angeles Lakers,0021800375,2018-12-07T00:00:00,LAL @ SAS,L,36.166666666666664,3,8,0.375,0,5,0.0,1,1,1.0,0,5,5,0,0,0,0,0,3,2,7,-11,13.0,0,0,12.0,1,32,32,32,7,19,24,34,51,18,51,16,26,1,29,9,12,53,42,37,30,1,46,11,31,51,44,5,1,43,1,36:10,1,2018-19
2018-19,1628404,Josh Hart,Josh,1610612747,LAL,Los Angeles Lakers,0021800384,2018-12-08T00:00:00,LAL @ MEM,W,35.72833333333333,5,10,0.5,4,7,0.571,2,2,1.0,2,2,4,2,0,3,2,1,4,3,16,2,38.8,0,0,36.0,1,1,1,1,8,7,11,16,2,5,11,9,13,1,2,36,26,9,42,2,2,46,53,5,6,27,6,5,1,6,1,35:44,1,2018-19
2018-19,1628404,Josh Hart,Josh,1610612747,LAL,Los Angeles Lakers,0021800401,2018-12-10T00:00:00,LAL vs. MIA,W,34.93833333333333,3,9,0.333,2,5,0.4,1,2,0.5,1,4,5,0,1,0,1,1,2,2,9,8,17.0,0,0,18.0,1,1,1,1,9,19,20,35,10,18,23,16,13,18,7,16,12,53,17,37,11,46,25,11,23,18,27,5,1,27,1,34:56,1,2018-19
2018-19,1628404,Josh Hart,Josh,1610612747,LAL,Los Angeles Lakers,0021800416,2018-12-13T00:00:00,LAL @ HOU,L,28.7,6,8,0.75,2,3,0.667,1,3,0.333,1,1,2,1,1,0,2,1,5,3,15,-7,23.9,0,0,24.0,1,32,32,32,25,4,24,5,10,43,5,16,7,25,7,47,40,28,17,37,2,46,61,5,7,41,17,5,1,15,1,28:42,1,2018-19
2018-19,1628404,Josh Hart,Josh,1610612747,LAL,Los Angeles Lakers,0021800430,2018-12-15T00:00:00,LAL @ CHA,W,26.101666666666667,2,8,0.25,1,4,0.25,0,1,0.0,1,2,3,1,2,1,0,2,2,2,5,30,11.1,0,0,12.0,1,1,1,1,32,33,24,50,29,29,34,27,26,27,7,36,33,28,2,19,30,62,25,11,44,2,52,5,1,43,1,26:06,1,2018-19
2018-19,1628404,Josh Hart,Josh,1610612747,LAL,Los Angeles Lakers,0021800439,2018-12-16T00:00:00,LAL @ WAS,L,20.5,2,10,0.2,0,5,0.0,0,0,0.0,0,0,0,0,0,0,1,2,2,0,4,-26,7.0,0,0,6.0,1,32,32,32,50,33,11,56,51,18,51,27,32,27,29,62,64,53,42,37,11,62,25,44,51,67,59,5,1,62,1,20:30,1,2018-19
2018-19,1628404,Josh Hart,Josh,1610612747,LAL,Los Angeles Lakers,0021800453,2018-12-18T00:00:00,LAL @ BKN,L,34.35666666666667,2,10,0.2,1,5,0.2,1,2,0.5,2,3,5,1,0,1,0,1,0,1,6,-5,16.5,0,0,15.0,1,32,32,32,12,33,11,56,29,18,41,16,13,18,2,27,12,28,42,19,30,46,1,31,34,40,30,5,1,32,1,34:21,1,2018-19
2018-19,1628404,Josh Hart,Josh,1610612747,LAL,Los Angeles Lakers,0021800478,2018-12-21T00:00:00,LAL vs. NOP,W,19.881666666666668,2,5,0.4,2,4,0.5,0,0,0.0,0,1,1,0,1,0,0,0,0,0,6,-11,6.2,0,0,9.0,1,1,1,1,53,33,43,26,10,29,13,27,32,27,29,47,53,53,17,37,30,1,1,44,34,51,62,5,1,56,1,19:53,1,2018-19
2018-19,1628404,Josh Hart,Josh,1610612747,LAL,Los Angeles Lakers,0021800496,2018-12-23T00:00:00,LAL vs. MEM,L,26.683333333333334,3,7,0.429,3,6,0.5,2,2,1.0,1,2,3,3,0,0,1,1,1,2,11,-8,22.1,0,0,22.0,1,32,32,32,29,19,30,25,5,10,13,9,13,1,7,36,33,4,42,37,11,46,9,11,17,44,22,5,1,19,1,26:41,1,2018-19
2018-19,1628404,Josh Hart,Josh,1610612747,LAL,Los Angeles Lakers,0021800500,2018-12-25T00:00:00,LAL @ GSW,W,28.966666666666665,4,9,0.444,2,6,0.333,2,2,1.0,0,1,1,0,3,1,1,0,0,1,12,20,16.2,0,0,19.0,1,1,1,1,24,15,20,23,10,10,27,9,13,1,29,47,53,53,1,19,11,1,1,31,13,7,31,5,1,25,1,28:58,1,2018-19
2018-19,1628404,Josh Hart,Josh,1610612747,LAL,Los Angeles Lakers,0021800514,2018-12-27T00:00:00,LAL @ SAC,L,32.89333333333333,4,8,0.5,2,3,0.667,0,0,0.0,0,4,4,2,0,3,1,0,4,0,10,-13,29.8,0,0,26.0,1,32,32,32,15,15,24,16,10,43,5,27,32,27,29,16,26,9,42,2,11,1,53,44,21,56,9,5,1,11,1,32:54,1,2018-19
2018-19,1628404,Josh Hart,Josh,1610612747,LAL,Los Angeles Lakers,0021800526,2018-12-28T00:00:00,LAL vs. LAC,L,34.8,5,10,0.5,2,4,0.5,0,0,0.0,0,6,6,3,1,3,0,0,1,3,12,-7,31.7,0,0,29.0,1,32,32,32,10,7,11,16,10,29,13,27,32,27,29,7,8,4,17,2,30,1,9,5,13,41,8,5,1,9,1,34:48,1,2018-19
2018-19,1628404,Josh Hart,Josh,1610612747,LAL,Los Angeles Lakers,0021800541,2018-12-30T00:00:00,LAL vs. SAC,W,39.575,8,14,0.571,3,8,0.375,3,5,0.6,0,7,7,3,2,2,0,0,3,4,22,18,38.9,0,0,39.0,1,1,1,1,2,1,2,13,5,2,26,4,3,17,29,5,5,4,2,9,30,1,46,1,1,8,5,5,1,2,1,39:35,1,2018-19
2018-19,1628404,Josh Hart,Josh,1610612747,LAL,Los Angeles Lakers,0021800562,2019-01-02T00:00:00,LAL vs. OKC,L,37.71666666666667,5,16,0.313,1,8,0.125,2,4,0.5,1,14,15,2,1,1,1,2,5,2,13,-1,39.0,1,0,35.0,1,32,32,32,5,7,1,43,29,2,48,9,5,18,7,1,1,9,17,19,11,62,61,11,10,30,4,1,1,7,1,37:43,1,2018-19
2018-19,1628404,Josh Hart,Josh,1610612747,LAL,Los Angeles Lakers,0021800574,2019-01-04T00:00:00,LAL vs. NYK,L,33.18333333333333,2,11,0.182,1,9,0.111,1,1,1.0,1,6,7,4,0,0,2,0,5,1,6,-7,26.4,0,0,22.0,1,32,32,32,13,33,9,60,29,1,50,16,26,1,7,7,5,3,42,37,2,1,61,31,34,41,12,5,1,19,1,33:11,1,2018-19
2018-19,1628404,Josh Hart,Josh,1610612747,LAL,Los Angeles Lakers,0021800585,2019-01-06T00:00:00,LAL @ MIN,L,25.866666666666667,3,12,0.25,2,5,0.4,2,2,1.0,0,2,2,2,1,2,0,4,0,2,10,-17,20.4,0,0,20.0,1,32,32,32,34,19,6,50,10,18,23,9,13,1,29,36,40,9,17,9,30,67,1,11,21,62,25,5,1,22,1,25:52,1,2018-19
2018-19,1628404,Josh Hart,Josh,1610612747,LAL,Los Angeles Lakers,0021800596,2019-01-07T00:00:00,LAL @ DAL,W,43.7,5,13,0.385,1,5,0.2,3,3,1.0,1,11,12,6,2,5,0,1,4,2,14,16,50.4,1,0,43.0,1,1,1,1,1,7,4,32,29,18,41,4,7,1,7,2,2,1,2,1,30,46,53,11,9,10,1,1,1,1,1,43:42,1,2018-19
2018-19,1628404,Josh Hart,Josh,1610612747,LAL,Los Angeles Lakers,0021800616,2019-01-09T00:00:00,LAL vs. DET,W,26.3,1,3,0.333,0,1,0.0,0,0,0.0,0,7,7,1,2,0,1,0,2,0,2,5,12.9,0,0,12.0,1,1,1,1,31,54,53,35,51,59,51,27,32,27,29,5,5,28,2,37,11,1,25,44,56,22,45,5,1,43,1,26:18,1,2018-19
2018-19,1628404,Josh Hart,Josh,1610612747,LAL,Los Angeles Lakers,0021800627,2019-01-11T00:00:00,LAL @ UTA,L,29.516666666666666,2,6,0.333,1,4,0.25,1,2,0.5,1,4,5,1,2,0,0,0,6,2,6,-22,11.5,0,0,13.0,1,32,32,32,21,33,36,35,29,29,34,16,13,18,7,16,12,28,2,37,30,1,67,11,34,66,49,5,1,42,1,29:31,1,2018-19
2018-19,1628404,Josh Hart,Josh,1610612747,LAL,Los Angeles Lakers,0021800644,2019-01-13T00:00:00,LAL vs. CLE,L,32.21666666666667,3,12,0.25,1,8,0.125,2,2,1.0,0,5,5,1,2,1,2,0,2,2,9,-11,23.5,0,0,22.0,1,32,32,32,16,19,6,50,29,2,48,9,13,1,29,9,12,28,2,19,2,1,25,11,23,51,18,5,1,19,1,32:13,1,2018-19
2018-19,1628404,Josh Hart,Josh,1610612747,LAL,Los Angeles Lakers,0021800656,2019-01-15T00:00:00,LAL vs. CHI,W,22.1,1,1,1.0,0,0,0.0,0,0,0.0,0,4,4,0,1,2,0,0,1,0,2,-2,11.8,0,0,10.0,1,1,1,1,43,54,64,1,51,66,51,27,32,27,29,16,26,53,17,9,30,1,9,44,56,33,48,5,1,52,1,22:06,1,2018-19
2018-19,1628404,Josh Hart,Josh,1610612747,LAL,Los Angeles Lakers,0021800670,2019-01-17T00:00:00,LAL @ OKC,W,33.15,3,6,0.5,2,4,0.5,4,5,0.8,1,9,10,5,1,3,1,0,2,3,12,23,42.5,1,0,37.0,1,1,1,1,14,19,36,16,10,29,13,3,3,14,7,4,3,2,17,2,11,1,25,5,13,3,2,1,1,5,1,33:09,1,2018-19
2018-19,1628404,Josh Hart,Josh,1610612747,LAL,Los Angeles Lakers,0021800686,2019-01-19T00:00:00,LAL @ HOU,L,26.035,3,10,0.3,1,6,0.167,0,0,0.0,1,4,5,2,1,0,0,0,3,0,7,-8,15.0,0,0,15.0,1,32,32,32,33,19,11,44,29,10,46,27,32,27,7,16,12,9,17,37,30,1,46,44,31,44,35,5,1,32,1,26:02,1,2018-19
2018-19,1628404,Josh Hart,Josh,1610612747,LAL,Los Angeles Lakers,0021800701,2019-01-21T00:00:00,LAL vs. GSW,L,19.883333333333333,2,2,1.0,2,2,1.0,0,0,0.0,1,1,2,1,1,0,0,0,4,0,6,-12,8.9,0,0,11.0,1,32,32,32,52,33,59,1,10,51,1,27,32,27,7,47,40,28,17,37,30,1,53,44,34,54,56,5,1,46,1,19:53,1,2018-19
2018-19,1628404,Josh Hart,Josh,1610612747,LAL,Los Angeles Lakers,0021800719,2019-01-24T00:00:00,LAL vs. MIN,L,21.37,2,6,0.333,1,5,0.2,0,0,0.0,0,2,2,3,2,0,0,0,1,2,5,-17,9.9,0,0,11.0,1,32,32,32,46,33,36,35,29,18,41,27,32,27,29,36,40,4,2,37,30,1,9,11,44,62,55,5,1,46,1,21:22,1,2018-19
2018-19,1628404,Josh Hart,Josh,1610612747,LAL,Los Angeles Lakers,0021800743,2019-01-27T00:00:00,LAL vs. PHX,W,17.45,2,4,0.5,1,3,0.333,0,0,0.0,0,1,1,2,1,0,1,0,1,1,5,2,11.2,0,0,11.0,1,1,1,1,58,33,50,16,29,43,27,27,32,27,29,47,53,9,17,37,11,1,9,31,44,27,50,5,1,46,1,17:27,1,2018-19
2018-19,1628404,Josh Hart,Josh,1610612747,LAL,Los Angeles Lakers,0021800755,2019-01-29T00:00:00,LAL vs. PHI,L,34.778333333333336,4,10,0.4,1,5,0.2,0,2,0.0,2,3,5,1,2,0,2,0,4,2,9,4,20.5,0,0,20.0,1,32,32,32,11,15,11,26,29,18,41,27,13,27,2,27,12,28,2,37,2,1,53,11,23,25,24,5,1,22,1,34:47,1,2018-19
2018-19,1628404,Josh Hart,Josh,1610612747,LAL,Los Angeles Lakers,0021800769,2019-01-31T00:00:00,LAL @ LAC,W,20.963333333333335,1,4,0.25,0,1,0.0,0,0,0.0,0,3,3,2,1,0,0,1,1,0,2,4,7.6,0,0,7.0,1,1,1,1,47,54,50,50,51,59,51,27,32,27,29,27,33,9,17,37,30,46,9,44,56,25,58,5,1,60,1,20:58,1,2018-19
2018-19,1628404,Josh Hart,Josh,1610612747,LAL,Los Angeles Lakers,0021800782,2019-02-02T00:00:00,LAL @ GSW,L,20.616666666666667,0,2,0.0,0,1,0.0,0,0,0.0,2,3,5,1,1,1,1,0,1,1,0,-4,12.5,0,0,10.0,1,32,32,32,49,61,59,61,51,59,51,27,32,27,2,27,12,28,17,19,11,1,9,31,61,39,46,5,1,52,1,20:37,1,2018-19
2018-19,1628404,Josh Hart,Josh,1610612747,LAL,Los Angeles Lakers,0021800814,2019-02-07T00:00:00,LAL @ BOS,W,7.948333333333333,0,1,0.0,0,1,0.0,0,0,0.0,0,1,1,1,0,0,1,0,2,0,0,-10,5.7,0,0,4.0,1,1,1,1,66,61,64,61,51,59,51,27,32,27,29,47,53,28,42,37,11,1,25,44,61,48,64,5,1,64,1,7:57,1,2018-19
2018-19,1628404,Josh Hart,Josh,1610612747,LAL,Los Angeles Lakers,0021800872,2019-02-21T00:00:00,LAL vs. HOU,W,18.55,2,3,0.667,0,1,0.0,0,0,0.0,1,1,2,1,1,0,0,0,0,0,4,22,6.9,0,0,7.0,1,1,1,1,55,33,53,8,51,59,51,27,32,27,7,47,40,28,17,37,30,1,1,44,51,4,60,5,1,60,1,18:33,1,2018-19
2018-19,1628404,Josh Hart,Josh,1610612747,LAL,Los Angeles Lakers,0021800887,2019-02-23T00:00:00,LAL @ NOP,L,29.2,1,4,0.25,0,2,0.0,0,0,0.0,1,5,6,0,1,1,0,0,4,0,2,-12,11.2,0,0,10.0,1,32,32,32,22,54,50,50,51,51,51,27,32,27,7,9,8,53,17,19,30,1,53,44,56,54,50,5,1,52,1,29:12,1,2018-19
2018-19,1628404,Josh Hart,Josh,1610612747,LAL,Los Angeles Lakers,0021800904,2019-02-25T00:00:00,LAL @ MEM,L,5.583333333333333,0,2,0.0,0,1,0.0,0,0,0.0,1,0,1,0,0,0,0,0,2,0,0,-15,1.2,0,0,1.0,1,32,32,32,67,61,59,61,51,59,51,27,32,27,7,62,53,53,42,37,30,1,25,44,61,60,67,5,1,67,1,5:35,1,2018-19
2018-19,1628404,Josh Hart,Josh,1610612747,LAL,Los Angeles Lakers,0021800921,2019-02-27T00:00:00,LAL vs. NOP,W,9.583333333333334,0,1,0.0,0,1,0.0,0,0,0.0,0,1,1,1,0,0,0,0,1,0,0,-1,2.7,0,0,2.0,1,1,1,1,65,61,64,61,51,59,51,27,32,27,29,47,53,28,42,37,30,1,9,44,61,30,65,5,1,65,1,9:35,1,2018-19
2018-19,1628404,Josh Hart,Josh,1610612747,LAL,Los Angeles Lakers,0021800934,2019-03-01T00:00:00,LAL vs. MIL,L,14.933333333333334,2,3,0.667,1,2,0.5,0,0,0.0,0,2,2,1,0,0,1,0,3,0,5,-1,11.9,0,0,11.0,1,32,32,32,62,33,53,8,29,51,13,27,32,27,29,36,40,28,42,37,11,1,46,44,44,30,47,5,1,46,1,14:56,1,2018-19
2018-19,1628404,Josh Hart,Josh,1610612747,LAL,Los Angeles Lakers,0021800942,2019-03-02T00:00:00,LAL @ PHX,L,25.598333333333333,3,6,0.5,1,4,0.25,1,1,1.0,1,2,3,0,0,1,1,0,5,1,8,-2,17.6,0,0,16.0,1,32,32,32,35,19,36,16,29,29,34,16,26,1,7,36,33,53,42,19,11,1,61,31,28,33,26,5,1,28,1,25:36,1,2018-19
2018-19,1628404,Josh Hart,Josh,1610612747,LAL,Los Angeles Lakers,0021800958,2019-03-04T00:00:00,LAL vs. LAC,L,30.166666666666668,6,11,0.545,2,4,0.5,3,3,1.0,0,4,4,0,0,0,1,1,1,2,17,-8,24.8,0,0,25.0,1,32,32,32,19,4,9,15,10,29,13,4,7,1,29,16,26,53,42,37,11,46,9,11,5,44,16,5,1,12,1,30:10,1,2018-19
2018-19,1628404,Josh Hart,Josh,1610612747,LAL,Los Angeles Lakers,0021800974,2019-03-06T00:00:00,LAL vs. DEN,L,38.68333333333333,2,6,0.333,1,2,0.5,2,3,0.667,1,4,5,2,0,0,0,2,2,2,7,-10,16.0,0,0,15.0,1,32,32,32,3,33,36,35,29,51,13,9,7,16,7,16,12,9,42,37,30,62,25,11,31,48,32,5,1,32,1,38:41,1,2018-19
2018-19,1628404,Josh Hart,Josh,1610612747,LAL,Los Angeles Lakers,0021800989,2019-03-09T00:00:00,LAL vs. BOS,L,28.383333333333333,3,10,0.3,2,6,0.333,0,0,0.0,1,1,2,1,0,1,0,1,2,1,8,-13,14.9,0,0,15.0,1,32,32,32,26,19,11,44,10,10,27,27,32,27,7,47,40,28,42,19,30,46,25,31,28,56,37,5,1,32,1,28:23,1,2018-19
2018-19,1628404,Josh Hart,Josh,1610612747,LAL,Los Angeles Lakers,0021801009,2019-03-12T00:00:00,LAL @ CHI,W,24.183333333333334,0,2,0.0,0,2,0.0,0,0,0.0,0,2,2,2,1,0,2,0,1,0,0,15,10.4,0,0,8.0,1,1,1,1,39,61,59,61,51,51,51,27,32,27,29,36,40,9,17,37,2,1,9,44,61,12,54,5,1,58,1,24:11,1,2018-19
2018-19,1628404,Josh Hart,Josh,1610612747,LAL,Los Angeles Lakers,0021801023,2019-03-14T00:00:00,LAL @ TOR,L,28.32,3,6,0.5,2,4,0.5,0,1,0.0,0,1,1,0,0,2,0,0,1,2,8,-17,15.2,0,0,15.0,1,32,32,32,27,19,36,16,10,29,13,27,26,27,29,47,53,53,42,9,30,1,9,11,28,62,34,5,1,32,1,28:19,1,2018-19
2018-19,1628404,Josh Hart,Josh,1610612747,LAL,Los Angeles Lakers,0021801042,2019-03-17T00:00:00,LAL @ NYK,L,19.066666666666666,1,5,0.2,0,3,0.0,0,0,0.0,0,3,3,2,0,2,0,0,0,1,2,9,14.6,0,0,11.0,1,32,32,32,54,54,43,56,51,43,51,27,32,27,29,27,33,9,42,9,30,1,1,31,56,17,38,5,1,46,2,19:04,1,2018-19
2018-19,1628404,Josh Hart,Josh,1610612747,LAL,Los Angeles Lakers,0021801061,2019-03-19T00:00:00,LAL @ MIL,L,17.25,2,3,0.667,2,3,0.667,0,0,0.0,0,3,3,2,2,1,0,0,1,0,6,8,13.6,0,0,15.0,1,32,32,32,59,33,53,8,10,43,5,27,32,27,29,27,33,9,2,19,30,1,9,44,34,18,43,5,1,32,1,17:15,1,2018-19
2019-20,1628404,Josh Hart,Josh,1610612740,NOP,New Orleans Pelicans,0021900001,2019-10-22T00:00:00,NOP @ TOR,L,28.166666666666668,4,9,0.444,3,5,0.6,4,4,1.0,4,6,10,1,1,0,1,1,4,4,15,-1,30.5,1,0,31.0,1,27,27,27,26,19,20,32,6,30,9,5,8,1,1,20,8,29,22,37,3,48,52,2,11,31,18,1,1,13,1,28:10,1,2019-20
2019-20,1628404,Josh Hart,Josh,1610612740,NOP,New Orleans Pelicans,0021900021,2019-10-25T00:00:00,NOP vs. DAL,L,26.416666666666668,5,9,0.556,1,5,0.2,5,6,0.833,2,7,9,0,2,2,0,0,5,3,16,-5,30.8,0,0,30.0,1,27,27,27,39,8,20,16,41,30,51,2,4,18,7,13,14,54,8,7,22,1,60,8,7,40,17,11,1,14,1,26:25,1,2019-20
2019-20,1628404,Josh Hart,Josh,1610612740,NOP,New Orleans Pelicans,0021900032,2019-10-26T00:00:00,NOP @ HOU,L,33.68333333333333,8,17,0.471,5,12,0.417,2,2,1.0,0,3,3,1,1,2,1,0,1,2,23,-1,36.1,0,0,38.0,1,27,27,27,7,1,1,27,1,1,24,15,17,1,40,52,56,29,22,7,3,1,5,14,1,31,6,11,1,3,1,33:41,1,2019-20
2019-20,1628404,Josh Hart,Josh,1610612740,NOP,New Orleans Pelicans,0021900047,2019-10-28T00:00:00,NOP vs. GSW,L,31.216666666666665,4,9,0.444,2,5,0.4,2,2,1.0,1,3,4,1,2,1,1,0,3,1,12,-19,22.3,0,0,23.0,1,27,27,27,11,19,20,32,19,30,25,15,17,1,15,52,47,29,8,21,3,1,39,26,19,60,32,11,1,32,1,31:13,1,2019-20
2019-20,1628404,Josh Hart,Josh,1610612740,NOP,New Orleans Pelicans,0021900067,2019-10-31T00:00:00,NOP vs. DEN,W,26.866666666666667,1,3,0.333,1,3,0.333,0,0,0.0,1,4,5,1,1,0,0,0,2,1,3,2,9.5,0,0,10.0,1,1,1,1,35,54,63,43,41,53,35,34,38,34,15,39,36,29,22,37,22,1,16,26,55,26,61,11,1,59,1,26:52,1,2019-20
2019-20,1628404,Josh Hart,Josh,1610612740,NOP,New Orleans Pelicans,0021900077,2019-11-02T00:00:00,NOP @ OKC,L,30.05,5,11,0.455,2,5,0.4,0,0,0.0,3,12,15,3,1,1,1,3,2,1,12,0,39.5,1,0,36.0,1,27,27,27,17,8,10,30,19,30,25,34,38,34,3,2,1,8,22,21,3,64,16,26,19,29,3,1,1,5,1,30:03,1,2019-20
2019-20,1628404,Josh Hart,Josh,1610612740,NOP,New Orleans Pelicans,0021900092,2019-11-04T00:00:00,NOP @ BKN,L,30.816666666666666,6,13,0.462,2,7,0.286,0,0,0.0,1,6,7,1,3,4,0,0,3,1,14,-1,32.9,0,0,32.0,1,27,27,27,12,5,6,29,19,10,42,34,38,34,15,20,21,29,1,1,22,1,39,26,14,31,9,11,1,10,1,30:49,1,2019-20
2019-20,1628404,Josh Hart,Josh,1610612740,NOP,New Orleans Pelicans,0021900121,2019-11-08T00:00:00,NOP vs. TOR,L,16.833333333333332,1,9,0.111,0,6,0.0,0,0,0.0,0,2,2,0,0,0,0,0,2,1,2,-11,4.4,0,0,4.0,1,27,27,27,63,54,20,62,58,19,58,34,38,34,40,60,64,54,48,37,22,1,16,26,60,51,65,11,1,65,1,16:50,1,2019-20
2019-20,1628404,Josh Hart,Josh,1610612740,NOP,New Orleans Pelicans,0021900128,2019-11-09T00:00:00,NOP @ CHA,W,23.221666666666668,4,5,0.8,2,3,0.667,0,0,0.0,1,6,7,2,0,2,0,0,3,1,10,3,27.4,0,0,25.0,1,1,1,1,51,19,51,2,19,53,5,34,38,34,15,20,21,15,48,7,22,1,39,26,31,25,23,11,1,25,1,23:13,1,2019-20
2019-20,1628404,Josh Hart,Josh,1610612740,NOP,New Orleans Pelicans,0021900142,2019-11-11T00:00:00,NOP vs. HOU,L,29.95,5,8,0.625,4,6,0.667,5,8,0.625,0,4,4,4,3,2,0,0,4,4,19,10,32.8,0,0,35.0,1,27,27,27,18,8,27,10,2,19,5,2,1,25,40,39,47,5,1,7,22,1,52,2,4,11,10,11,1,6,1,29:57,1,2019-20
2019-20,1628404,Josh Hart,Josh,1610612740,NOP,New Orleans Pelicans,0021900264,2019-11-27T00:00:00,NOP vs. LAL,L,25.45,2,6,0.333,2,6,0.333,3,4,0.75,3,2,5,1,1,0,0,0,2,2,9,-24,15.5,0,0,17.0,1,27,27,27,46,48,46,43,19,19,35,10,8,19,3,60,36,29,22,37,22,1,16,14,38,63,52,11,1,48,1,25:27,1,2019-20
2019-20,1628404,Josh Hart,Josh,1610612740,NOP,New Orleans Pelicans,0021900275,2019-11-29T00:00:00,NOP @ OKC,L,30.666666666666668,2,8,0.25,2,7,0.286,4,6,0.667,0,4,4,2,3,1,0,1,2,4,10,5,17.8,0,0,20.0,1,27,27,27,13,48,27,53,19,10,42,5,4,23,40,39,47,15,1,21,22,48,16,2,31,21,46,11,1,36,1,30:40,1,2019-20
2019-20,1628404,Josh Hart,Josh,1610612740,NOP,New Orleans Pelicans,0021900289,2019-12-01T00:00:00,NOP vs. OKC,L,33.13166666666667,4,8,0.5,3,7,0.429,0,0,0.0,1,10,11,2,1,2,2,0,2,0,11,7,38.2,1,0,35.0,1,27,27,27,10,19,27,18,6,10,19,34,38,34,15,5,6,15,22,7,1,1,16,55,23,17,5,1,1,6,1,33:08,1,2019-20
2019-20,1628404,Josh Hart,Josh,1610612740,NOP,New Orleans Pelicans,0021900302,2019-12-03T00:00:00,NOP vs. DAL,L,26.516666666666666,4,8,0.5,3,6,0.5,0,0,0.0,0,6,6,0,1,0,0,0,4,0,11,-9,17.2,0,0,20.0,1,27,27,27,37,19,27,18,6,19,12,34,38,34,40,20,28,54,22,37,22,1,52,55,23,50,48,11,1,36,1,26:31,1,2019-20
2019-20,1628404,Josh Hart,Josh,1610612740,NOP,New Orleans Pelicans,0021900319,2019-12-05T00:00:00,NOP vs. PHX,L,21.463333333333335,3,11,0.273,2,9,0.222,1,2,0.5,0,4,4,1,0,0,0,1,3,1,9,-16,15.3,0,0,16.0,1,27,27,27,56,34,10,51,19,5,50,25,17,27,40,39,47,29,48,37,22,48,39,26,38,56,53,11,1,50,1,21:28,1,2019-20
2019-20,1628404,Josh Hart,Josh,1610612740,NOP,New Orleans Pelicans,0021900330,2019-12-07T00:00:00,NOP @ DAL,L,18.933333333333334,1,5,0.2,1,4,0.25,0,0,0.0,0,3,3,0,0,0,0,0,2,0,3,-22,6.6,0,0,7.0,1,27,27,27,60,54,51,57,41,44,45,34,38,34,40,52,56,54,48,37,22,1,16,55,55,62,63,11,1,63,1,18:56,1,2019-20
2019-20,1628404,Josh Hart,Josh,1610612740,NOP,New Orleans Pelicans,0021900348,2019-12-09T00:00:00,NOP vs. DET,L,30.416666666666668,5,14,0.357,2,10,0.2,0,0,0.0,1,5,6,5,1,0,0,0,2,1,12,6,25.7,0,0,25.0,1,27,27,27,16,8,3,41,19,3,51,34,38,34,15,29,28,3,22,37,22,1,16,26,19,19,27,11,1,25,1,30:25,1,2019-20
2019-20,1628404,Josh Hart,Josh,1610612740,NOP,New Orleans Pelicans,0021900364,2019-12-11T00:00:00,NOP @ MIL,L,26.018333333333334,3,10,0.3,3,7,0.429,0,0,0.0,0,3,3,1,1,2,0,1,4,1,9,-3,19.1,0,0,20.0,1,27,27,27,43,34,15,48,6,10,19,34,38,34,40,52,56,29,22,7,22,48,52,26,38,38,42,11,1,36,1,26:01,1,2019-20
2019-20,1628404,Josh Hart,Josh,1610612740,NOP,New Orleans Pelicans,0021900372,2019-12-13T00:00:00,NOP @ PHI,L,30.513333333333332,3,4,0.75,2,2,1.0,2,2,1.0,1,4,5,3,2,1,1,0,6,1,10,6,24.5,0,0,24.0,1,27,27,27,15,34,60,6,19,61,1,15,17,1,15,39,36,8,8,21,3,1,64,26,31,19,29,11,1,29,1,30:31,1,2019-20
2019-20,1628404,Josh Hart,Josh,1610612740,NOP,New Orleans Pelicans,0021900388,2019-12-15T00:00:00,NOP vs. ORL,L,30.516666666666666,7,15,0.467,4,11,0.364,2,2,1.0,0,5,5,1,2,2,0,0,2,1,20,-8,31.5,0,0,34.0,1,27,27,27,14,2,2,28,2,2,34,15,17,1,40,29,36,29,8,7,22,1,16,26,3,46,14,11,1,8,1,30:31,1,2019-20
2019-20,1628404,Josh Hart,Josh,1610612740,NOP,New Orleans Pelicans,0021900404,2019-12-17T00:00:00,NOP vs. BKN,L,40.38333333333333,5,14,0.357,4,10,0.4,0,0,0.0,1,8,9,0,1,1,0,1,2,1,14,-13,26.8,0,0,29.0,1,27,27,27,1,8,3,41,2,3,25,34,38,34,15,11,14,54,22,21,22,48,16,26,14,53,24,11,1,17,1,40:23,1,2019-20
2019-20,1628404,Josh Hart,Josh,1610612740,NOP,New Orleans Pelicans,0021900411,2019-12-18T00:00:00,NOP @ MIN,W,29.95,4,5,0.8,3,4,0.75,0,0,0.0,1,5,6,2,1,0,0,0,2,0,11,8,20.2,0,0,22.0,1,1,1,1,18,19,51,2,6,44,4,34,38,34,15,29,28,15,22,37,22,1,16,55,23,16,36,11,1,33,1,29:57,1,2019-20
2019-20,1628404,Josh Hart,Josh,1610612740,NOP,New Orleans Pelicans,0021900429,2019-12-20T00:00:00,NOP @ GSW,L,26.516666666666666,3,11,0.273,0,8,0.0,3,3,1.0,1,4,5,2,2,1,0,0,2,3,9,-1,19.0,0,0,18.0,1,27,27,27,37,34,10,51,58,8,58,10,14,1,15,39,36,15,8,21,22,1,16,8,38,31,44,11,1,46,1,26:31,1,2019-20
2019-20,1628404,Josh Hart,Josh,1610612740,NOP,New Orleans Pelicans,0021900452,2019-12-23T00:00:00,NOP @ POR,W,17.283333333333335,1,5,0.2,1,4,0.25,0,0,0.0,0,3,3,1,2,0,0,0,2,0,3,-1,6.1,0,0,8.0,1,1,1,1,62,54,51,57,41,44,45,34,38,34,40,52,56,29,8,37,22,1,16,55,55,31,64,11,1,61,1,17:17,1,2019-20
2019-20,1628404,Josh Hart,Josh,1610612740,NOP,New Orleans Pelicans,0021900459,2019-12-25T00:00:00,NOP @ DEN,W,29.566666666666666,5,10,0.5,4,5,0.8,2,2,1.0,1,8,9,0,1,0,0,3,1,3,16,5,25.8,0,0,29.0,1,1,1,1,23,8,15,18,2,30,3,15,17,1,15,11,14,54,22,37,22,64,5,8,7,21,26,11,1,17,1,29:34,1,2019-20
2019-20,1628404,Josh Hart,Josh,1610612740,NOP,New Orleans Pelicans,0021900474,2019-12-28T00:00:00,NOP vs. IND,W,26.183333333333334,4,8,0.5,2,6,0.333,1,2,0.5,0,4,4,1,0,1,0,0,2,1,11,12,20.3,0,0,20.0,1,1,1,1,40,19,27,18,19,19,35,25,17,27,40,39,47,29,48,21,22,1,16,26,23,9,35,11,1,36,1,26:11,1,2019-20
2019-20,1628404,Josh Hart,Josh,1610612740,NOP,New Orleans Pelicans,0021900488,2019-12-29T00:00:00,NOP vs. HOU,W,25.816666666666666,0,8,0.0,0,7,0.0,0,2,0.0,0,4,4,4,1,2,0,1,4,2,0,15,15.8,0,0,12.0,1,1,1,1,45,63,27,63,58,10,58,34,17,34,40,39,47,5,22,7,22,48,52,14,64,2,51,11,1,56,1,25:49,1,2019-20
2019-20,1628404,Josh Hart,Josh,1610612740,NOP,New Orleans Pelicans,0021900522,2020-01-03T00:00:00,NOP @ LAL,L,24.47,2,7,0.286,1,6,0.167,0,0,0.0,0,4,4,1,1,1,1,0,3,1,5,15,16.3,0,0,15.0,1,27,27,27,49,48,40,49,41,19,53,34,38,34,40,39,47,29,22,21,3,1,39,26,52,2,50,11,1,52,1,24:28,1,2019-20
2019-20,1628404,Josh Hart,Josh,1610612740,NOP,New Orleans Pelicans,0021900533,2020-01-04T00:00:00,NOP @ SAC,W,27.126666666666665,5,8,0.625,2,5,0.4,4,7,0.571,1,4,5,1,0,2,1,0,3,4,16,-7,32.5,0,0,30.0,1,1,1,1,33,8,27,10,19,30,25,5,3,26,15,39,36,29,48,7,3,1,39,2,7,42,12,11,1,14,1,27:08,1,2019-20
2019-20,1628404,Josh Hart,Josh,1610612740,NOP,New Orleans Pelicans,0021900544,2020-01-06T00:00:00,NOP vs. UTA,L,26.878333333333334,3,7,0.429,2,6,0.333,0,0,0.0,1,2,3,1,0,0,0,0,5,1,8,-14,13.1,0,0,14.0,1,27,27,27,34,34,40,34,19,19,35,34,38,34,15,60,56,29,48,37,22,1,60,26,45,54,56,11,1,53,1,26:53,1,2019-20
2019-20,1628404,Josh Hart,Josh,1610612740,NOP,New Orleans Pelicans,0021900560,2020-01-08T00:00:00,NOP vs. CHI,W,33.18333333333333,4,8,0.5,2,5,0.4,3,4,0.75,2,4,6,1,1,3,0,0,2,2,13,5,29.7,0,0,28.0,1,1,1,1,9,19,27,18,19,30,25,10,8,19,7,39,28,29,22,2,22,1,16,14,16,21,19,11,1,21,1,33:11,1,2019-20
2019-20,1628404,Josh Hart,Josh,1610612740,NOP,New Orleans Pelicans,0021900569,2020-01-10T00:00:00,NOP @ NYK,W,36.71666666666667,5,10,0.5,3,7,0.429,0,0,0.0,0,10,10,3,1,0,0,0,3,0,13,-4,28.5,1,0,29.0,1,1,1,1,2,8,15,18,6,10,19,34,38,34,40,5,8,8,22,37,22,1,39,55,16,39,20,1,1,17,1,36:43,1,2019-20
2019-20,1628404,Josh Hart,Josh,1610612740,NOP,New Orleans Pelicans,0021900578,2020-01-11T00:00:00,NOP @ BOS,L,33.38333333333333,3,12,0.25,1,8,0.125,0,0,0.0,3,6,9,2,1,0,0,0,1,1,7,-29,19.8,0,0,19.0,1,27,27,27,8,34,8,53,41,8,56,34,38,34,3,20,14,15,22,37,22,1,5,26,49,65,40,11,1,44,1,33:23,1,2019-20
2019-20,1628404,Josh Hart,Josh,1610612740,NOP,New Orleans Pelicans,0021900591,2020-01-13T00:00:00,NOP @ DET,W,35.85,3,8,0.375,3,5,0.6,2,2,1.0,1,5,6,2,3,0,1,0,3,1,11,14,21.2,0,0,24.0,1,1,1,1,5,34,27,38,6,30,9,15,17,1,15,29,28,15,1,37,3,1,39,26,23,6,33,11,1,29,1,35:51,1,2019-20
2019-20,1628404,Josh Hart,Josh,1610612740,NOP,New Orleans Pelicans,0021900616,2020-01-16T00:00:00,NOP vs. UTA,W,36.583333333333336,3,8,0.375,2,5,0.4,1,2,0.5,1,6,7,0,1,3,1,0,6,3,9,4,28.4,0,0,26.0,1,1,1,1,3,34,27,38,19,30,25,25,17,27,15,20,21,54,22,2,3,1,64,8,38,24,21,11,1,23,1,36:35,1,2019-20
2019-20,1628404,Josh Hart,Josh,1610612740,NOP,New Orleans Pelicans,0021900626,2020-01-18T00:00:00,NOP vs. LAC,L,34.55,4,10,0.4,1,6,0.167,0,0,0.0,4,6,10,1,3,3,1,0,4,2,9,9,31.5,0,0,29.0,1,27,27,27,6,19,15,35,41,19,53,34,38,34,1,20,8,29,1,2,3,1,52,14,38,13,14,11,1,17,1,34:33,1,2019-20
2019-20,1628404,Josh Hart,Josh,1610612740,NOP,New Orleans Pelicans,0021900646,2020-01-20T00:00:00,NOP @ MEM,W,17.365,4,6,0.667,2,4,0.5,0,0,0.0,0,5,5,2,2,1,0,0,0,0,10,13,20.0,0,0,21.0,1,1,1,1,61,19,46,8,19,44,12,34,38,34,40,29,36,15,8,21,22,1,1,55,31,7,38,11,1,34,1,17:22,1,2019-20
2019-20,1628404,Josh Hart,Josh,1610612740,NOP,New Orleans Pelicans,0021900663,2020-01-22T00:00:00,NOP vs. SAS,L,25.266666666666666,3,6,0.5,2,5,0.4,2,2,1.0,0,5,5,1,1,0,1,0,4,2,10,-1,19.5,0,0,20.0,1,27,27,27,47,34,46,18,19,30,25,15,17,1,40,29,36,29,22,37,3,1,52,14,31,31,41,11,1,36,1,25:16,1,2019-20
2019-20,1628404,Josh Hart,Josh,1610612740,NOP,New Orleans Pelicans,0021900676,2020-01-24T00:00:00,NOP vs. DEN,L,27.538333333333334,6,11,0.545,1,2,0.5,2,2,1.0,2,11,13,2,1,2,1,2,0,2,15,7,41.6,1,0,37.0,1,27,27,27,30,5,10,17,41,61,12,15,17,1,7,4,3,15,22,7,3,61,1,14,11,17,2,1,1,4,1,27:32,1,2019-20
2019-20,1628404,Josh Hart,Josh,1610612740,NOP,New Orleans Pelicans,0021900691,2020-01-26T00:00:00,NOP vs. BOS,W,28.475,3,8,0.375,2,5,0.4,0,0,0.0,2,6,8,1,0,2,1,1,3,2,8,15,28.1,0,0,25.0,1,1,1,1,25,34,27,38,19,30,25,34,38,34,7,20,18,29,48,7,3,48,39,14,45,2,22,11,1,25,1,28:29,1,2019-20
2019-20,1628404,Josh Hart,Josh,1610612740,NOP,New Orleans Pelicans,0021900700,2020-01-28T00:00:00,NOP @ CLE,W,21.845,1,5,0.2,0,4,0.0,0,0,0.0,0,2,2,1,0,1,2,0,3,0,2,-7,14.9,0,0,11.0,1,1,1,1,54,54,51,57,58,44,58,34,38,34,40,60,64,29,48,21,1,1,39,55,60,42,54,11,1,58,1,21:51,1,2019-20
2019-20,1628404,Josh Hart,Josh,1610612740,NOP,New Orleans Pelicans,0021900723,2020-01-31T00:00:00,NOP vs. MEM,W,27.811666666666667,4,7,0.571,2,4,0.5,1,1,1.0,2,9,11,0,2,0,1,1,5,2,11,13,25.2,1,0,26.0,1,1,1,1,27,19,40,13,19,44,12,25,33,1,7,10,6,54,8,37,3,48,60,14,23,7,28,1,1,23,1,27:49,1,2019-20
2019-20,1628404,Josh Hart,Josh,1610612740,NOP,New Orleans Pelicans,0021900738,2020-02-02T00:00:00,NOP @ HOU,L,29.6,5,11,0.455,3,5,0.6,3,4,0.75,3,7,10,1,1,1,0,1,2,2,16,-20,31.5,1,0,32.0,1,27,27,27,22,8,10,30,6,30,9,10,8,19,3,13,8,29,22,21,22,48,16,14,7,61,14,1,1,10,1,29:36,1,2019-20
2019-20,1628404,Josh Hart,Josh,1610612740,NOP,New Orleans Pelicans,0021900751,2020-02-04T00:00:00,NOP vs. MIL,L,29.216666666666665,3,9,0.333,1,6,0.167,1,1,1.0,0,7,7,4,0,3,1,0,1,1,8,10,34.4,0,0,28.0,1,27,27,27,24,34,20,43,41,19,53,25,33,1,40,13,21,5,48,2,3,1,5,26,45,11,7,11,1,21,1,29:13,1,2019-20
2019-20,1628404,Josh Hart,Josh,1610612740,NOP,New Orleans Pelicans,0021900765,2020-02-06T00:00:00,NOP @ CHI,W,26.0,4,7,0.571,3,6,0.5,1,2,0.5,0,7,7,6,2,2,0,0,1,1,12,17,33.4,0,0,32.0,1,1,1,1,44,19,40,13,6,19,12,25,17,27,40,13,21,1,8,7,22,1,5,26,19,1,8,11,1,10,1,26:00,1,2019-20
2019-20,1628404,Josh Hart,Josh,1610612740,NOP,New Orleans Pelicans,0021900780,2020-02-08T00:00:00,NOP @ IND,W,29.733333333333334,3,9,0.333,3,7,0.429,0,0,0.0,0,7,7,1,0,0,0,2,1,1,9,-7,18.9,0,0,20.0,1,1,1,1,20,34,20,43,6,10,19,34,38,34,40,13,21,29,48,37,22,61,5,26,38,42,45,11,1,36,1,29:44,1,2019-20
2019-20,1628404,Josh Hart,Josh,1610612740,NOP,New Orleans Pelicans,0021900804,2020-02-11T00:00:00,NOP vs. POR,W,26.083333333333332,7,10,0.7,2,5,0.4,1,1,1.0,1,5,6,3,0,1,0,0,1,1,17,9,31.7,0,0,30.0,1,1,1,1,42,2,15,7,19,30,25,25,33,1,15,29,28,8,48,21,22,1,5,26,6,13,13,11,1,14,1,26:05,1,2019-20
2019-20,1628404,Josh Hart,Josh,1610612740,NOP,New Orleans Pelicans,0021900819,2020-02-13T00:00:00,NOP vs. OKC,L,27.22833333333333,1,4,0.25,1,4,0.25,4,4,1.0,1,7,8,3,1,0,0,0,2,3,7,-7,20.1,0,0,19.0,1,27,27,27,32,54,60,53,41,44,45,5,8,1,15,13,18,8,22,37,22,1,16,8,49,42,37,11,1,44,1,27:14,1,2019-20
2019-20,1628404,Josh Hart,Josh,1610612740,NOP,New Orleans Pelicans,0021900834,2020-02-21T00:00:00,NOP @ POR,W,27.593333333333334,4,5,0.8,3,3,1.0,2,5,0.4,1,12,13,2,2,0,1,0,2,3,13,15,32.6,1,0,33.0,1,1,1,1,29,19,51,2,6,53,1,15,6,33,15,2,3,15,8,37,3,1,16,8,16,2,11,1,1,9,1,27:36,1,2019-20
2019-20,1628404,Josh Hart,Josh,1610612740,NOP,New Orleans Pelicans,0021900847,2020-02-23T00:00:00,NOP @ GSW,W,27.466666666666665,3,9,0.333,2,7,0.286,0,1,0.0,0,10,10,0,0,0,0,0,5,1,8,0,20.0,0,0,20.0,1,1,1,1,31,34,20,43,19,10,42,34,33,34,40,5,8,54,48,37,22,1,60,26,45,29,38,11,1,36,1,27:28,1,2019-20
2019-20,1628404,Josh Hart,Josh,1610612740,NOP,New Orleans Pelicans,0021900861,2020-02-25T00:00:00,NOP @ LAL,L,21.653333333333332,1,4,0.25,1,4,0.25,0,0,0.0,0,3,3,1,0,3,0,0,2,0,3,-16,17.1,0,0,14.0,1,27,27,27,55,54,60,53,41,44,45,34,38,34,40,52,56,29,48,2,22,1,16,55,55,56,49,11,1,53,1,21:39,1,2019-20
2019-20,1628404,Josh Hart,Josh,1610612740,NOP,New Orleans Pelicans,0021900883,2020-02-28T00:00:00,NOP vs. CLE,W,19.383333333333333,2,5,0.4,1,3,0.333,0,0,0.0,1,3,4,2,0,0,0,0,1,1,5,-8,12.8,0,0,12.0,1,1,1,1,58,48,51,35,41,53,35,34,38,34,15,52,47,15,48,37,22,1,5,26,52,46,58,11,1,56,1,19:23,1,2019-20
2019-20,1628404,Josh Hart,Josh,1610612740,NOP,New Orleans Pelicans,0021900900,2020-03-01T00:00:00,NOP vs. LAL,L,21.933333333333334,3,5,0.6,1,3,0.333,0,0,0.0,2,4,6,3,1,0,0,0,1,0,7,-6,17.7,0,0,17.0,1,27,27,27,53,34,51,12,41,53,35,34,38,34,7,39,28,8,22,37,22,1,5,55,49,41,47,11,1,48,1,21:56,1,2019-20
2019-20,1628404,Josh Hart,Josh,1610612740,NOP,New Orleans Pelicans,0021900911,2020-03-03T00:00:00,NOP vs. MIN,L,26.183333333333334,5,13,0.385,1,9,0.111,0,0,0.0,1,5,6,5,2,1,0,0,2,1,11,-12,26.7,0,0,25.0,1,27,27,27,40,8,6,37,41,5,57,34,38,34,15,29,28,3,8,21,22,1,16,26,23,52,25,11,1,25,1,26:11,1,2019-20
2019-20,1628404,Josh Hart,Josh,1610612740,NOP,New Orleans Pelicans,0021900923,2020-03-04T00:00:00,NOP @ DAL,L,13.231666666666667,1,6,0.167,0,3,0.0,0,0,0.0,0,4,4,2,0,0,0,1,0,0,2,-16,9.8,0,0,8.0,1,27,27,27,65,54,46,60,58,53,58,34,38,34,40,39,47,15,48,37,22,48,1,55,60,56,60,11,1,61,1,13:14,1,2019-20
2019-20,1628404,Josh Hart,Josh,1610612740,NOP,New Orleans Pelicans,0021900936,2020-03-06T00:00:00,NOP vs. MIA,W,27.703333333333333,6,12,0.5,3,7,0.429,4,4,1.0,2,10,12,2,3,1,1,2,2,2,19,-2,39.4,1,0,40.0,1,1,1,1,28,5,8,18,6,10,19,5,8,1,7,5,5,15,1,21,3,61,16,14,4,37,4,1,1,2,1,27:42,1,2019-20
2019-20,1628404,Josh Hart,Josh,1610612740,NOP,New Orleans Pelicans,0021900947,2020-03-08T00:00:00,NOP @ MIN,W,26.583333333333332,0,8,0.0,0,6,0.0,1,2,0.5,0,5,5,0,2,2,0,0,3,1,1,-16,11.0,0,0,10.0,1,1,1,1,36,63,27,63,58,19,58,25,17,27,40,29,36,54,8,7,22,1,39,26,63,56,59,11,1,59,1,26:35,1,2019-20
2019-20,1628404,Josh Hart,Josh,1610612740,NOP,New Orleans Pelicans,0021901231,2020-07-30T00:00:00,NOP vs. UTA,L,22.013333333333332,4,7,0.571,2,3,0.667,0,1,0.0,1,2,3,1,1,0,0,1,3,2,10,9,14.1,0,0,16.0,1,27,27,27,52,19,40,13,19,53,5,34,33,34,15,60,56,29,22,37,22,48,39,14,31,13,55,11,1,50,1,22:01,1,2019-20
2019-20,1628404,Josh Hart,Josh,1610612740,NOP,New Orleans Pelicans,0021901241,2020-08-01T00:00:00,NOP @ LAC,L,19.25,2,3,0.667,1,2,0.5,0,0,0.0,0,5,5,0,1,0,1,0,2,1,5,-14,13.0,0,0,13.0,1,27,27,27,59,48,63,8,41,61,12,34,38,34,40,29,36,54,22,37,3,1,16,26,52,54,57,11,1,55,1,19:15,1,2019-20
2019-20,1628404,Josh Hart,Josh,1610612740,NOP,New Orleans Pelicans,0021901253,2020-08-03T00:00:00,NOP vs. MEM,W,24.8,5,6,0.833,2,3,0.667,3,3,1.0,1,6,7,0,1,0,0,0,2,4,15,1,22.4,0,0,24.0,1,1,1,1,48,8,46,1,19,53,5,10,14,1,15,20,21,54,22,37,22,1,16,2,11,27,31,11,1,29,1,24:48,1,2019-20
2019-20,1628404,Josh Hart,Josh,1610612740,NOP,New Orleans Pelicans,0021901268,2020-08-06T00:00:00,NOP @ SAC,L,23.4,4,5,0.8,1,2,0.5,2,3,0.667,1,2,3,3,3,1,0,0,4,1,11,-8,19.1,0,0,20.0,1,27,27,27,50,19,51,2,41,61,12,15,14,23,15,60,56,8,1,21,22,1,52,26,23,46,42,11,1,36,1,23:24,1,2019-20
2019-20,1628404,Josh Hart,Josh,1610612740,NOP,New Orleans Pelicans,0021901278,2020-08-07T00:00:00,NOP vs. WAS,W,21.016666666666666,2,7,0.286,1,4,0.25,5,5,1.0,1,7,8,2,0,0,0,1,1,7,10,11,22.6,0,0,21.0,1,1,1,1,57,48,40,49,41,44,45,2,6,1,15,13,18,15,48,37,22,48,5,1,31,10,30,11,1,34,1,21:01,1,2019-20
2019-20,1628404,Josh Hart,Josh,1610612740,NOP,New Orleans Pelicans,0021901287,2020-08-09T00:00:00,NOP vs. SAS,L,15.916666666666666,0,1,0.0,0,1,0.0,0,2,0.0,2,3,5,1,0,0,0,0,3,1,0,-24,7.5,0,0,6.0,1,27,27,27,64,63,65,63,58,65,58,34,17,34,7,52,36,29,48,37,22,1,39,26,64,63,62,11,1,64,1,15:55,1,2019-20
2019-20,1628404,Josh Hart,Josh,1610612740,NOP,New Orleans Pelicans,0021901302,2020-08-11T00:00:00,NOP @ SAC,L,29.683333333333334,1,8,0.125,0,5,0.0,1,2,0.5,0,10,10,1,2,2,0,1,1,1,3,1,20.5,0,0,18.0,1,27,27,27,21,54,27,61,58,30,58,25,17,27,40,5,8,29,8,7,22,48,5,26,55,27,34,11,1,46,1,29:41,1,2019-20
2019-20,1628404,Josh Hart,Josh,1610612740,NOP,New Orleans Pelicans,0021901312,2020-08-13T00:00:00,NOP @ ORL,L,35.95,7,14,0.5,3,9,0.333,6,8,0.75,1,13,14,6,2,1,1,0,0,4,23,-8,52.8,1,0,50.0,1,27,27,27,4,2,3,18,6,5,35,1,1,19,15,1,2,1,8,21,3,1,1,2,1,46,1,1,1,1,1,35:57,1,2019-20
2020-21,1628404,Josh Hart,Josh,1610612740,NOP,New Orleans Pelicans,0022000014,2020-12-23T00:00:00,NOP @ TOR,W,26.683333333333334,2,5,0.4,1,4,0.25,1,3,0.333,1,4,5,1,2,2,0,0,2,3,6,8,17.5,0,0,17.0,1,1,1,1,31,30,34,29,19,20,27,20,10,30,14,38,35,32,5,3,10,1,14,3,30,12,35,8,1,30,1,26:41,1,2020-21
2020-21,1628404,Josh Hart,Josh,1610612740,NOP,New Orleans Pelicans,0022000005,2020-12-25T00:00:00,NOP @ MIA,L,28.666666666666668,5,10,0.5,2,6,0.333,0,0,0.0,2,7,9,0,0,1,0,0,3,0,12,-10,25.8,0,0,25.0,1,22,22,22,20,7,6,15,8,6,21,31,33,31,7,16,13,40,28,8,10,1,28,37,13,39,19,8,1,16,1,28:40,1,2020-21
2020-21,1628404,Josh Hart,Josh,1610612740,NOP,New Orleans Pelicans,0022000034,2020-12-27T00:00:00,NOP vs. SAS,W,32.983333333333334,3,6,0.5,1,2,0.5,5,5,1.0,1,9,10,0,0,0,0,1,3,3,12,10,24.0,1,0,23.0,1,1,1,1,8,17,27,15,19,38,11,1,3,1,14,7,8,40,28,28,10,26,28,3,13,9,22,1,1,22,1,32:59,1,2020-21
2020-21,1628404,Josh Hart,Josh,1610612740,NOP,New Orleans Pelicans,0022000053,2020-12-29T00:00:00,NOP @ PHX,L,21.933333333333334,1,2,0.5,0,1,0.0,1,2,0.5,0,6,6,0,0,0,0,0,1,1,3,-20,10.2,0,0,9.0,1,22,22,22,46,39,46,15,35,45,35,20,12,23,31,26,31,40,28,28,10,1,5,23,40,45,46,8,1,47,1,21:56,1,2020-21
2020-21,1628404,Josh Hart,Josh,1610612740,NOP,New Orleans Pelicans,0022000067,2020-12-31T00:00:00,NOP @ OKC,W,34.333333333333336,3,9,0.333,3,7,0.429,3,4,0.75,1,10,11,2,1,1,0,0,2,2,12,28,30.2,1,0,30.0,1,1,1,1,6,17,10,33,3,3,16,7,6,18,14,6,7,22,14,8,10,1,14,8,13,2,12,1,1,11,1,34:20,1,2020-21
2020-21,1628404,Josh Hart,Josh,1610612740,NOP,New Orleans Pelicans,0022000084,2021-01-02T00:00:00,NOP vs. TOR,W,25.843333333333334,3,8,0.375,2,7,0.286,1,2,0.5,1,6,7,2,2,1,1,0,2,2,9,-9,24.4,0,0,24.0,1,1,1,1,34,17,15,31,8,3,26,20,12,23,14,26,27,22,5,8,3,1,14,8,22,36,21,8,1,19,1,25:51,1,2020-21
2020-21,1628404,Josh Hart,Josh,1610612740,NOP,New Orleans Pelicans,0022000100,2021-01-04T00:00:00,NOP vs. IND,L,28.516666666666666,1,5,0.2,0,2,0.0,1,1,1.0,1,9,10,3,0,0,0,0,0,1,3,-9,19.5,0,0,16.0,1,22,22,22,22,39,34,42,35,38,35,20,30,1,14,7,8,11,28,28,10,1,1,23,40,36,28,8,1,33,1,28:31,1,2020-21
2020-21,1628404,Josh Hart,Josh,1610612740,NOP,New Orleans Pelicans,0022000114,2021-01-06T00:00:00,NOP vs. OKC,L,27.75,0,4,0.0,0,2,0.0,0,0,0.0,2,8,10,1,2,3,0,0,2,0,0,2,20.5,0,0,17.0,1,22,22,22,24,44,41,44,35,38,35,31,33,31,7,13,8,32,5,2,10,1,14,37,47,19,26,8,1,30,1,27:45,1,2020-21
2020-21,1628404,Josh Hart,Josh,1610612740,NOP,New Orleans Pelicans,0022000126,2021-01-08T00:00:00,NOP vs. CHA,L,26.711666666666666,6,8,0.75,4,5,0.8,3,4,0.75,0,8,8,2,1,1,0,0,4,2,19,-11,33.6,0,0,35.0,1,22,22,22,30,4,15,4,2,9,2,7,6,18,31,13,19,22,14,8,10,1,39,8,3,41,9,8,1,7,1,26:43,1,2020-21
2020-21,1628404,Josh Hart,Josh,1610612740,NOP,New Orleans Pelicans,0022000172,2021-01-13T00:00:00,NOP @ LAC,L,38.28333333333333,3,9,0.333,0,4,0.0,0,2,0.0,1,6,7,3,1,0,0,1,2,2,6,-10,17.9,0,0,16.0,1,22,22,22,4,17,10,33,35,20,35,31,12,31,14,26,27,11,14,28,10,26,14,8,30,39,33,8,1,33,1,38:17,1,2020-21
2020-21,1628404,Josh Hart,Josh,1610612740,NOP,New Orleans Pelicans,0022000187,2021-01-15T00:00:00,NOP @ LAL,L,28.833333333333332,3,6,0.5,1,4,0.25,0,0,0.0,0,6,6,4,0,0,0,0,3,1,7,-2,20.2,0,0,18.0,1,22,22,22,19,17,27,15,19,20,27,31,33,31,31,26,31,7,28,28,10,1,28,23,28,25,27,8,1,27,1,28:50,1,2020-21
2020-21,1628404,Josh Hart,Josh,1610612740,NOP,New Orleans Pelicans,0022000201,2021-01-17T00:00:00,NOP @ SAC,W,24.776666666666667,2,5,0.4,1,3,0.333,0,0,0.0,2,3,5,3,1,1,0,1,1,2,5,2,17.5,0,0,16.0,1,1,1,1,36,30,34,29,19,29,21,31,33,31,7,44,35,11,14,8,10,26,5,8,36,19,35,8,1,33,1,24:47,1,2020-21
2020-21,1628404,Josh Hart,Josh,1610612740,NOP,New Orleans Pelicans,0022000214,2021-01-19T00:00:00,NOP @ UTA,L,25.1,3,5,0.6,2,3,0.667,0,0,0.0,0,5,5,1,0,1,0,0,2,0,8,-7,18.5,0,0,18.0,1,22,22,22,35,17,34,9,8,29,4,31,33,31,31,32,35,32,28,8,10,1,14,37,24,32,30,8,1,27,1,25:06,1,2020-21
2020-21,1628404,Josh Hart,Josh,1610612740,NOP,New Orleans Pelicans,0022000227,2021-01-21T00:00:00,NOP @ UTA,L,24.516666666666666,2,4,0.5,1,2,0.5,2,2,1.0,1,7,8,3,0,2,1,1,3,2,7,2,30.1,0,0,25.0,1,22,22,22,38,30,41,15,19,38,11,10,12,1,14,16,19,11,28,3,3,26,28,8,28,19,13,8,1,16,1,24:31,1,2020-21
2020-21,1628404,Josh Hart,Josh,1610612740,NOP,New Orleans Pelicans,0022000246,2021-01-23T00:00:00,NOP @ MIN,L,28.546666666666667,2,2,1.0,1,1,1.0,0,0,0.0,1,7,8,0,1,0,0,0,5,0,5,0,13.6,0,0,14.0,1,22,22,22,21,30,46,1,19,45,1,31,33,31,14,16,19,40,14,28,10,1,43,37,36,23,43,8,1,41,1,28:33,1,2020-21
2020-21,1628404,Josh Hart,Josh,1610612740,NOP,New Orleans Pelicans,0022000279,2021-01-27T00:00:00,NOP vs. WAS,W,29.466666666666665,1,4,0.25,1,4,0.25,3,4,0.75,3,5,8,1,1,0,0,0,1,2,6,3,16.1,0,0,16.0,1,1,1,1,15,39,41,38,19,20,27,7,6,18,3,32,19,32,14,28,10,1,5,8,30,16,39,8,1,33,1,29:28,1,2020-21
2020-21,1628404,Josh Hart,Josh,1610612740,NOP,New Orleans Pelicans,0022000293,2021-01-29T00:00:00,NOP vs. MIL,W,24.691666666666666,5,8,0.625,3,5,0.6,2,3,0.667,0,5,5,5,0,1,0,0,3,2,15,9,31.5,0,0,30.0,1,1,1,1,37,7,15,6,3,9,8,10,10,22,31,32,35,3,28,8,10,1,28,8,6,10,11,8,1,11,1,24:42,1,2020-21
2020-21,1628404,Josh Hart,Josh,1610612740,NOP,New Orleans Pelicans,0022000300,2021-01-30T00:00:00,NOP vs. HOU,L,18.916666666666668,1,3,0.333,1,2,0.5,0,0,0.0,0,4,4,2,2,1,0,0,2,0,3,-18,11.8,0,0,12.0,1,22,22,22,47,39,44,33,19,38,11,31,33,31,31,38,43,22,5,8,10,1,14,37,40,44,45,8,1,44,1,18:55,1,2020-21
2020-21,1628404,Josh Hart,Josh,1610612740,NOP,New Orleans Pelicans,0022000317,2021-02-01T00:00:00,NOP vs. SAC,L,31.57,6,13,0.462,1,5,0.2,2,2,1.0,6,7,13,4,0,2,0,2,4,1,15,-11,42.6,1,0,37.0,1,22,22,22,11,4,3,26,19,9,31,10,12,1,1,16,5,7,28,3,10,45,39,23,6,41,2,1,1,4,1,31:34,1,2020-21
2020-21,1628404,Josh Hart,Josh,1610612740,NOP,New Orleans Pelicans,0022000335,2021-02-03T00:00:00,NOP vs. PHX,W,22.5,4,7,0.571,2,3,0.667,0,0,0.0,0,3,3,2,0,0,0,1,0,0,10,2,16.6,0,0,17.0,1,1,1,1,44,13,22,12,8,29,4,31,33,31,31,44,45,22,28,28,10,26,1,37,20,19,38,8,1,30,1,22:30,1,2020-21
2020-21,1628404,Josh Hart,Josh,1610612740,NOP,New Orleans Pelicans,0022000343,2021-02-05T00:00:00,NOP @ IND,W,23.76,3,5,0.6,1,2,0.5,4,4,1.0,0,7,7,2,0,1,0,0,1,2,11,-8,25.4,0,0,23.0,1,1,1,1,41,17,34,9,19,38,11,6,6,1,31,16,27,22,28,8,10,1,5,8,18,35,20,8,1,22,1,23:46,1,2020-21
2020-21,1628404,Josh Hart,Josh,1610612740,NOP,New Orleans Pelicans,0022000355,2021-02-06T00:00:00,NOP vs. MEM,W,27.7,0,5,0.0,0,5,0.0,1,2,0.5,1,7,8,1,0,0,0,0,2,1,1,-16,12.1,0,0,10.0,1,1,1,1,25,44,34,44,35,9,35,20,12,23,14,16,19,32,28,28,10,1,14,23,46,43,44,8,1,45,1,27:42,1,2020-21
2020-21,1628404,Josh Hart,Josh,1610612740,NOP,New Orleans Pelicans,0022000377,2021-02-09T00:00:00,NOP vs. HOU,W,40.21666666666667,8,16,0.5,3,9,0.333,1,2,0.5,3,14,17,3,2,1,2,1,2,3,20,19,51.9,1,0,49.0,1,1,1,1,3,2,1,15,3,2,21,20,12,23,3,2,1,11,5,8,2,26,14,3,2,3,1,1,1,1,1,40:13,1,2020-21
2020-21,1628404,Josh Hart,Josh,1610612740,NOP,New Orleans Pelicans,0022000385,2021-02-10T00:00:00,NOP @ CHI,L,27.1,3,6,0.5,2,5,0.4,0,0,0.0,0,6,6,3,2,2,0,0,2,2,8,-7,23.7,0,0,23.0,1,22,22,22,28,17,27,15,8,9,17,31,33,31,31,26,31,11,5,3,10,1,14,8,24,32,23,8,1,22,1,27:06,1,2020-21
2020-21,1628404,Josh Hart,Josh,1610612740,NOP,New Orleans Pelicans,0022000399,2021-02-12T00:00:00,NOP @ DAL,L,30.333333333333332,2,8,0.25,1,5,0.2,1,2,0.5,0,5,5,5,0,1,0,1,3,1,6,-3,22.5,0,0,19.0,1,22,22,22,14,30,15,38,19,9,31,20,12,23,31,32,35,3,28,8,10,26,28,23,30,28,25,8,1,26,1,30:20,1,2020-21
2020-21,1628404,Josh Hart,Josh,1610612740,NOP,New Orleans Pelicans,0022000561,2021-02-14T00:00:00,NOP @ DET,L,23.433333333333334,4,7,0.571,0,2,0.0,0,0,0.0,0,3,3,4,2,0,0,1,5,0,8,-4,15.6,0,0,15.0,1,22,22,22,42,13,22,12,35,38,35,31,33,31,31,44,45,7,5,28,10,26,43,37,24,30,40,8,1,39,1,23:26,1,2020-21
2020-21,1628404,Josh Hart,Josh,1610612740,NOP,New Orleans Pelicans,0022000429,2021-02-16T00:00:00,NOP @ MEM,W,31.7,10,16,0.625,6,11,0.545,1,1,1.0,0,9,9,2,2,0,0,0,0,1,27,30,38.8,0,0,44.0,1,1,1,1,9,1,1,6,1,1,10,20,30,1,31,7,13,22,5,28,10,1,1,23,1,1,5,8,1,2,1,31:42,1,2020-21
2020-21,1628404,Josh Hart,Josh,1610612740,NOP,New Orleans Pelicans,0022000441,2021-02-17T00:00:00,NOP vs. POR,L,30.356666666666666,2,9,0.222,0,4,0.0,0,0,0.0,2,4,6,1,1,0,1,1,1,0,4,9,14.7,0,0,13.0,1,22,22,22,13,30,10,41,35,20,35,31,33,31,7,38,31,32,14,28,3,26,5,37,39,10,42,8,1,43,1,30:21,1,2020-21
2020-21,1628404,Josh Hart,Josh,1610612740,NOP,New Orleans Pelicans,0022000455,2021-02-19T00:00:00,NOP vs. PHX,L,28.9,2,3,0.667,2,3,0.667,2,2,1.0,0,9,9,3,0,1,0,0,2,1,8,-25,26.3,0,0,24.0,1,22,22,22,18,30,44,5,8,29,4,10,12,1,31,7,13,11,28,8,10,1,14,23,24,47,18,8,1,19,1,28:54,1,2020-21
2020-21,1628404,Josh Hart,Josh,1610612740,NOP,New Orleans Pelicans,0022000465,2021-02-21T00:00:00,NOP vs. BOS,W,36.7,5,10,0.5,2,5,0.4,5,7,0.714,1,9,10,0,0,1,3,2,4,4,17,18,41.0,1,0,37.0,1,1,1,1,5,7,6,15,8,9,17,1,1,21,14,7,8,40,28,8,1,45,39,1,4,5,4,1,1,4,1,36:42,1,2020-21
2020-21,1628404,Josh Hart,Josh,1610612740,NOP,New Orleans Pelicans,0022000494,2021-02-24T00:00:00,NOP vs. DET,W,29.125,5,10,0.5,1,4,0.25,0,0,0.0,0,2,2,0,1,1,0,1,1,1,11,3,15.4,0,0,16.0,1,1,1,1,17,7,6,15,19,20,27,31,33,31,31,47,47,40,14,8,10,26,5,23,18,16,41,8,1,33,1,29:08,1,2020-21
2020-21,1628404,Josh Hart,Josh,1610612740,NOP,New Orleans Pelicans,0022000503,2021-02-25T00:00:00,NOP @ MIL,L,22.211666666666666,2,6,0.333,1,3,0.333,1,2,0.5,1,4,5,4,0,0,0,1,3,2,6,-3,18.0,0,0,16.0,1,22,22,22,45,30,27,33,19,29,21,20,12,23,14,38,35,7,28,28,10,26,28,8,30,28,32,8,1,33,1,22:13,1,2020-21
2020-21,1628404,Josh Hart,Josh,1610612740,NOP,New Orleans Pelicans,0022000514,2021-02-27T00:00:00,NOP @ SAS,L,31.136666666666667,0,8,0.0,0,6,0.0,2,2,1.0,3,6,9,1,0,1,0,1,3,1,2,-2,17.3,0,0,14.0,1,22,22,22,12,44,15,44,35,6,35,10,12,1,3,26,13,32,28,8,10,26,28,23,43,25,37,8,1,41,1,31:08,1,2020-21
2020-21,1628404,Josh Hart,Josh,1610612740,NOP,New Orleans Pelicans,0022000533,2021-03-01T00:00:00,NOP vs. UTA,W,24.308333333333334,6,7,0.857,0,0,0.0,1,2,0.5,0,7,7,1,0,1,1,0,3,2,13,4,28.9,0,0,25.0,1,1,1,1,39,4,22,2,35,47,35,20,12,23,31,16,27,32,28,8,3,1,28,8,10,15,15,8,1,16,1,24:19,1,2020-21
2020-21,1628404,Josh Hart,Josh,1610612740,NOP,New Orleans Pelicans,0022000548,2021-03-03T00:00:00,NOP vs. CHI,L,33.74,3,6,0.5,2,4,0.5,5,5,1.0,1,4,5,2,1,2,0,1,5,3,13,6,27.0,0,0,26.0,1,22,22,22,7,17,27,15,8,20,11,1,3,1,14,38,35,22,14,3,10,26,43,3,10,14,17,8,1,14,1,33:44,1,2020-21
2020-21,1628404,Josh Hart,Josh,1610612740,NOP,New Orleans Pelicans,0022000557,2021-03-04T00:00:00,NOP vs. MIA,L,41.001666666666665,3,10,0.3,1,7,0.143,5,5,1.0,3,5,8,3,3,0,0,1,5,3,12,-9,23.1,0,0,24.0,1,22,22,22,2,17,6,37,19,3,34,1,3,1,3,32,19,11,4,28,10,26,43,3,13,36,24,8,1,19,1,41:00,1,2020-21
2020-21,1628404,Josh Hart,Josh,1610612740,NOP,New Orleans Pelicans,0022000574,2021-03-11T00:00:00,NOP vs. MIN,L,25.866666666666667,2,8,0.25,0,3,0.0,1,1,1.0,2,11,13,3,6,0,0,1,2,2,5,-22,19.1,0,0,21.0,1,22,22,22,33,30,15,38,35,29,35,20,30,1,7,4,5,11,1,28,10,26,14,8,36,46,29,8,1,25,1,25:52,1,2020-21
2020-21,1628404,Josh Hart,Josh,1610612740,NOP,New Orleans Pelicans,0022000581,2021-03-12T00:00:00,NOP vs. CLE,W,22.533333333333335,3,7,0.429,0,3,0.0,0,0,0.0,0,4,4,0,1,0,0,1,2,0,6,19,9.8,0,0,10.0,1,1,1,1,43,17,22,28,35,29,35,31,33,31,31,38,43,40,14,28,10,26,14,37,30,3,47,8,1,45,1,22:32,1,2020-21
2020-21,1628404,Josh Hart,Josh,1610612740,NOP,New Orleans Pelicans,0022000601,2021-03-14T00:00:00,NOP vs. LAC,W,26.95,5,6,0.833,3,4,0.75,0,2,0.0,0,5,5,6,1,1,0,0,3,2,13,11,30.0,0,0,29.0,1,1,1,1,29,7,27,3,3,20,3,31,12,31,31,32,35,1,14,8,10,1,28,8,10,8,14,8,1,13,1,26:57,1,2020-21
2020-21,1628404,Josh Hart,Josh,1610612740,NOP,New Orleans Pelicans,0022000614,2021-03-16T00:00:00,NOP @ POR,L,28.45,7,13,0.538,2,5,0.4,0,0,0.0,1,8,9,2,1,1,1,2,1,0,16,-2,34.8,0,0,33.0,1,22,22,22,23,3,3,14,8,9,17,31,33,31,14,13,13,22,14,8,3,45,5,37,5,25,8,8,1,8,1,28:27,1,2020-21
2020-21,1628404,Josh Hart,Josh,1610612740,NOP,New Orleans Pelicans,0022000629,2021-03-18T00:00:00,NOP @ POR,L,24.266666666666666,3,5,0.6,1,3,0.333,2,2,1.0,1,7,8,0,1,0,0,0,2,2,9,-7,17.6,0,0,18.0,1,22,22,22,40,17,34,9,19,29,21,10,12,1,14,16,19,40,14,28,10,1,14,8,22,32,34,8,1,27,1,24:16,1,2020-21
2020-21,1628404,Josh Hart,Josh,1610612740,NOP,New Orleans Pelicans,0022000646,2021-03-21T00:00:00,NOP @ DEN,W,29.35,4,9,0.444,2,5,0.4,2,2,1.0,2,7,9,6,2,1,0,1,0,1,12,12,32.8,0,0,31.0,1,1,1,1,16,13,10,27,8,9,17,10,12,1,7,16,13,1,5,8,10,26,1,23,13,6,10,8,1,10,1,29:21,1,2020-21
2020-21,1628404,Josh Hart,Josh,1610612740,NOP,New Orleans Pelicans,0022000663,2021-03-23T00:00:00,NOP vs. LAL,W,26.65,1,9,0.111,0,4,0.0,0,0,0.0,4,11,15,5,0,5,0,0,1,0,2,12,42.5,0,0,32.0,1,1,1,1,32,39,10,43,35,20,35,31,33,31,2,4,3,3,28,1,10,1,5,37,43,6,3,8,1,9,1,26:39,1,2020-21
2020-21,1628404,Josh Hart,Josh,1610612740,NOP,New Orleans Pelicans,0022000689,2021-03-26T00:00:00,NOP vs. DEN,L,27.133333333333333,3,6,0.5,2,3,0.667,2,2,1.0,1,7,8,2,1,1,1,1,1,1,10,-5,27.6,0,0,26.0,1,22,22,22,27,17,27,15,8,29,4,10,12,1,14,16,19,22,14,8,3,26,5,23,20,31,16,8,1,14,1,27:08,1,2020-21
2020-21,1628404,Josh Hart,Josh,1610612740,NOP,New Orleans Pelicans,0022000698,2021-03-27T00:00:00,NOP vs. DAL,W,27.633333333333333,0,7,0.0,0,5,0.0,2,2,1.0,1,9,10,3,0,0,0,1,3,1,2,0,18.5,0,0,15.0,1,1,1,1,26,44,22,44,35,9,35,10,12,1,14,7,8,11,28,28,10,26,28,23,43,23,30,8,1,39,1,27:38,1,2020-21
2020-21,1628404,Josh Hart,Josh,1610612740,NOP,New Orleans Pelicans,0022000708,2021-03-29T00:00:00,NOP @ BOS,W,31.6,5,8,0.625,3,5,0.6,2,2,1.0,2,13,15,3,4,0,1,0,5,1,15,8,36.5,1,0,38.0,1,1,1,1,10,7,15,6,3,9,8,10,12,1,7,3,3,11,2,28,3,1,43,23,6,12,7,1,1,3,1,31:36,1,2020-21
2020-21,1628404,Josh Hart,Josh,1610612740,NOP,New Orleans Pelicans,0022000734,2021-04-01T00:00:00,NOP vs. ORL,L,46.75,4,11,0.364,1,6,0.167,5,6,0.833,1,16,17,5,4,0,0,0,4,4,14,3,37.9,1,0,37.0,1,22,22,22,1,13,5,32,19,6,33,1,2,17,14,1,1,3,2,28,10,1,39,1,9,16,6,1,1,4,1,46:45,1,2020-21
2021-22,1628404,Josh Hart,Josh,1610612740,NOP,New Orleans Pelicans,0022100009,2021-10-20T00:00:00,NOP vs. PHI,L,10.166666666666666,2,2,1.0,0,0,0.0,1,2,0.5,0,2,2,1,0,0,0,0,1,1,5,-2,8.9,0,0,8.0,1,21,21,21,54,46,54,1,42,52,42,36,35,37,38,52,52,52,49,39,11,1,3,47,50,23,54,13,1,54,1,10:10,1,2021-22
2021-22,1628404,Josh Hart,Josh,1610612740,NOP,New Orleans Pelicans,0022100074,2021-10-29T00:00:00,NOP vs. SAC,L,22.25,3,6,0.5,0,2,0.0,0,2,0.0,2,3,5,3,1,1,1,0,0,2,6,0,21.5,0,0,18.0,1,21,21,21,52,40,47,26,42,40,42,46,35,46,10,45,37,36,37,16,3,1,1,36,47,17,45,13,1,46,1,22:15,1,2021-22
2021-22,1628404,Josh Hart,Josh,1610612740,NOP,New Orleans Pelicans,0022100080,2021-10-30T00:00:00,NOP vs. NYK,L,30.3,6,8,0.75,2,3,0.667,2,2,1.0,1,7,8,2,1,0,0,0,5,1,16,-8,27.6,0,0,28.0,1,21,21,21,42,14,40,4,10,31,3,30,35,1,15,19,19,42,37,39,11,1,51,47,18,32,35,13,1,32,1,30:18,1,2021-22
2021-22,1628404,Josh Hart,Josh,1610612740,NOP,New Orleans Pelicans,0022100106,2021-11-02T00:00:00,NOP @ PHX,L,30.1,6,11,0.545,2,5,0.4,2,2,1.0,3,6,9,3,1,0,1,1,4,3,16,-7,33.3,0,0,32.0,1,21,21,21,43,14,20,22,10,12,19,30,35,1,3,22,14,36,37,39,3,24,35,21,18,30,27,13,1,21,1,30:06,1,2021-22
2021-22,1628404,Josh Hart,Josh,1610612740,NOP,New Orleans Pelicans,0022100118,2021-11-03T00:00:00,NOP @ SAC,L,31.866666666666667,4,11,0.364,1,4,0.25,0,0,0.0,0,3,3,2,1,0,0,1,2,1,9,-6,14.6,0,0,15.0,1,21,21,21,38,34,20,46,17,24,31,46,48,46,38,45,48,42,37,39,11,24,12,47,44,28,51,13,1,50,1,31:52,1,2021-22
2021-22,1628404,Josh Hart,Josh,1610612740,NOP,New Orleans Pelicans,0022100130,2021-11-05T00:00:00,NOP @ GSW,L,30.433333333333334,3,5,0.6,1,2,0.5,3,4,0.75,1,8,9,2,1,1,0,1,3,3,10,-22,25.8,0,0,24.0,1,21,21,21,41,40,50,13,17,40,8,24,22,25,15,10,14,42,37,16,11,24,25,21,40,51,38,13,1,39,1,30:26,1,2021-22
2021-22,1628404,Josh Hart,Josh,1610612740,NOP,New Orleans Pelicans,0022100150,2021-11-08T00:00:00,NOP @ DAL,L,37.48833333333334,8,13,0.615,1,2,0.5,5,6,0.833,1,5,6,5,3,1,0,0,3,4,22,5,36.7,0,0,36.0,1,21,21,21,12,8,9,12,17,40,8,8,10,21,15,32,32,9,5,16,11,1,25,10,8,15,15,13,1,14,1,37:29,1,2021-22
2021-22,1628404,Josh Hart,Josh,1610612740,NOP,New Orleans Pelicans,0022100165,2021-11-10T00:00:00,NOP vs. OKC,L,14.916666666666666,2,5,0.4,0,1,0.0,0,0,0.0,0,3,3,1,1,1,0,0,3,0,4,-1,11.1,0,0,10.0,1,21,21,21,53,46,50,41,42,50,42,46,48,46,38,45,48,52,37,16,11,1,25,54,53,20,53,13,1,53,1,14:55,1,2021-22
2021-22,1628404,Josh Hart,Josh,1610612740,NOP,New Orleans Pelicans,0022100179,2021-11-12T00:00:00,NOP vs. BKN,L,38.38333333333333,6,13,0.462,1,3,0.333,0,0,0.0,1,6,7,5,1,0,1,0,3,5,13,-19,30.9,0,0,28.0,1,21,21,21,7,14,9,32,17,31,23,46,48,46,15,22,23,9,37,39,3,1,25,7,28,45,29,13,1,32,1,38:23,1,2021-22
2021-22,1628404,Josh Hart,Josh,1610612740,NOP,New Orleans Pelicans,0022100188,2021-11-13T00:00:00,NOP vs. MEM,W,32.63333333333333,2,5,0.4,1,1,1.0,0,0,0.0,0,3,3,11,0,1,0,1,4,1,5,11,28.1,0,0,22.0,1,1,1,1,35,46,50,41,17,50,1,46,48,46,38,45,48,1,49,16,11,24,35,47,50,12,34,13,1,45,1,32:38,1,2021-22
2021-22,1628404,Josh Hart,Josh,1610612740,NOP,New Orleans Pelicans,0022100201,2021-11-15T00:00:00,NOP @ WAS,L,37.55,3,13,0.231,1,3,0.333,6,6,1.0,4,8,12,5,3,1,0,2,3,3,13,0,34.9,1,0,33.0,1,21,21,21,11,40,9,49,17,31,23,3,10,1,1,10,4,9,5,16,11,48,25,21,28,17,22,1,1,20,1,37:33,1,2021-22
2021-22,1628404,Josh Hart,Josh,1610612740,NOP,New Orleans Pelicans,0022100217,2021-11-17T00:00:00,NOP @ MIA,L,38.45,5,8,0.625,2,4,0.5,6,8,0.75,1,6,7,4,2,2,0,0,1,8,18,-8,36.4,0,0,35.0,1,21,21,21,6,23,40,9,10,24,8,3,4,25,15,22,23,21,25,8,11,1,3,1,15,32,17,13,1,16,1,38:27,1,2021-22
2021-22,1628404,Josh Hart,Josh,1610612740,NOP,New Orleans Pelicans,0022100235,2021-11-19T00:00:00,NOP vs. LAC,W,35.13333333333333,9,15,0.6,1,2,0.5,0,0,0.0,1,9,10,4,1,2,0,1,4,3,19,11,42.0,1,0,38.0,1,1,1,1,27,6,6,13,17,40,8,46,48,46,15,4,9,21,37,8,11,24,35,21,14,12,9,1,1,10,1,35:08,1,2021-22
2021-22,1628404,Josh Hart,Josh,1610612740,NOP,New Orleans Pelicans,0022100240,2021-11-20T00:00:00,NOP @ IND,L,23.968333333333334,3,7,0.429,1,2,0.5,0,0,0.0,0,2,2,0,3,1,1,1,2,1,7,-34,12.4,0,0,14.0,1,21,21,21,50,40,45,38,17,40,8,46,48,46,38,52,52,54,5,16,3,24,12,47,46,53,52,13,1,51,1,23:58,1,2021-22
2021-22,1628404,Josh Hart,Josh,1610612740,NOP,New Orleans Pelicans,0022100259,2021-11-22T00:00:00,NOP vs. MIN,L,32.25,5,9,0.556,0,3,0.0,3,3,1.0,2,3,5,5,2,3,3,0,2,3,13,-15,42.5,0,0,35.0,1,21,21,21,36,23,33,20,42,31,42,24,30,1,10,45,37,9,25,2,1,1,12,21,28,42,6,13,1,16,1,32:15,1,2021-22
2021-22,1628404,Josh Hart,Josh,1610612740,NOP,New Orleans Pelicans,0022100275,2021-11-24T00:00:00,NOP vs. WAS,W,32.05,5,8,0.625,1,2,0.5,5,5,1.0,0,7,7,4,0,2,0,0,4,4,16,23,36.4,0,0,32.0,1,1,1,1,37,23,40,9,17,40,8,8,19,1,38,19,23,21,49,8,11,1,35,10,18,2,17,13,1,21,1,32:03,1,2021-22
2021-22,1628404,Josh Hart,Josh,1610612740,NOP,New Orleans Pelicans,0022100289,2021-11-26T00:00:00,NOP @ UTA,W,36.61666666666667,2,6,0.333,0,0,0.0,4,4,1.0,0,4,4,5,2,0,0,2,2,3,8,0,18.3,0,0,17.0,1,1,1,1,17,46,47,47,42,52,42,17,22,1,38,38,46,9,25,39,11,48,12,21,45,17,49,13,1,48,1,36:37,1,2021-22
2021-22,1628404,Josh Hart,Josh,1610612740,NOP,New Orleans Pelicans,0022100299,2021-11-27T00:00:00,NOP @ UTA,L,24.416666666666668,3,6,0.5,0,2,0.0,0,0,0.0,1,4,5,2,0,0,0,1,4,2,6,-29,15.0,0,0,13.0,1,21,21,21,49,40,47,26,42,40,42,46,48,46,15,38,37,42,49,39,11,24,35,36,47,52,50,13,1,52,1,24:25,1,2021-22
2021-22,1628404,Josh Hart,Josh,1610612740,NOP,New Orleans Pelicans,0022100313,2021-11-29T00:00:00,NOP @ LAC,W,33.13333333333333,1,9,0.111,0,5,0.0,2,2,1.0,1,11,12,9,3,2,0,1,3,2,4,28,34.9,0,0,29.0,1,1,1,1,34,54,33,54,42,12,42,30,35,1,15,3,4,2,5,8,11,24,25,36,53,1,22,13,1,28,1,33:08,1,2021-22
2021-22,1628404,Josh Hart,Josh,1610612740,NOP,New Orleans Pelicans,0022100375,2021-12-08T00:00:00,NOP vs. DEN,L,42.445,5,11,0.455,1,3,0.333,1,1,1.0,2,6,8,8,6,0,0,1,6,2,12,-7,27.6,0,0,29.0,1,21,21,21,1,23,20,34,17,31,23,36,45,1,10,22,19,4,1,39,11,24,54,36,34,30,35,13,1,28,1,42:27,1,2021-22
2021-22,1628404,Josh Hart,Josh,1610612740,NOP,New Orleans Pelicans,0022100388,2021-12-10T00:00:00,NOP vs. DET,W,31.55,5,5,1.0,0,0,0.0,4,4,1.0,4,9,13,5,4,1,0,0,4,2,14,12,36.1,1,0,34.0,1,1,1,1,39,23,50,1,42,52,42,17,22,1,1,4,2,9,2,16,11,1,35,36,24,10,21,1,1,18,1,31:33,1,2021-22
2021-22,1628404,Josh Hart,Josh,1610612740,NOP,New Orleans Pelicans,0022100401,2021-12-12T00:00:00,NOP @ SAS,L,33.3,6,8,0.75,1,2,0.5,0,1,0.0,1,9,10,4,1,0,0,0,1,1,13,-21,30.0,1,0,28.0,1,21,21,21,33,14,40,4,17,40,8,46,45,46,15,4,9,21,37,39,11,1,3,47,28,48,32,1,1,32,1,33:18,1,2021-22
2021-22,1628404,Josh Hart,Josh,1610612740,NOP,New Orleans Pelicans,0022100422,2021-12-15T00:00:00,NOP @ OKC,W,34.81666666666667,3,7,0.429,1,3,0.333,4,6,0.667,0,7,7,5,3,0,0,0,2,4,11,19,23.9,0,0,24.0,1,1,1,1,29,40,45,38,17,31,23,17,10,33,38,19,23,9,5,39,11,1,12,10,37,6,42,13,1,39,1,34:49,1,2021-22
2021-22,1628404,Josh Hart,Josh,1610612740,NOP,New Orleans Pelicans,0022100438,2021-12-17T00:00:00,NOP vs. MIL,W,41.61666666666667,5,10,0.5,0,2,0.0,1,6,0.167,3,12,15,8,3,1,0,1,1,4,11,20,41.0,1,0,36.0,1,1,1,1,2,23,27,26,42,40,42,36,10,45,3,1,1,4,5,16,11,24,3,10,37,5,10,1,1,14,1,41:37,1,2021-22
2021-22,1628404,Josh Hart,Josh,1610612740,NOP,New Orleans Pelicans,0022100467,2021-12-21T00:00:00,NOP vs. POR,W,40.833333333333336,7,10,0.7,1,4,0.25,5,5,1.0,1,4,5,5,3,3,1,0,4,3,20,18,42.5,0,0,39.0,1,1,1,1,3,10,27,7,17,24,31,8,19,1,15,38,37,9,5,2,3,1,35,21,13,8,6,13,1,8,1,40:50,1,2021-22
2021-22,1628404,Josh Hart,Josh,1610612740,NOP,New Orleans Pelicans,0022100477,2021-12-23T00:00:00,NOP @ ORL,W,37.666666666666664,7,10,0.7,4,5,0.8,4,4,1.0,0,5,5,5,2,1,0,1,1,5,22,-1,36.5,0,0,38.0,1,1,1,1,10,10,27,7,3,12,2,17,22,1,38,32,37,9,25,16,11,24,3,7,8,20,16,13,1,10,1,37:40,1,2021-22
2021-22,1628404,Josh Hart,Josh,1610612740,NOP,New Orleans Pelicans,0022100497,2021-12-26T00:00:00,NOP @ OKC,L,38.18333333333333,10,17,0.588,3,7,0.429,6,6,1.0,1,9,10,4,3,3,1,0,3,4,29,-5,56.0,1,0,54.0,1,21,21,21,8,4,4,16,5,4,18,3,10,1,15,4,9,21,5,2,3,1,25,10,3,27,2,1,1,2,1,38:11,1,2021-22
2021-22,1628404,Josh Hart,Josh,1610612740,NOP,New Orleans Pelicans,0022100539,2022-01-01T00:00:00,NOP @ MIL,L,35.7,5,13,0.385,1,6,0.167,3,9,0.333,3,8,11,9,3,1,1,2,4,6,14,-20,43.7,1,0,39.0,1,21,21,21,23,23,9,45,17,6,40,24,1,41,3,10,6,2,5,16,3,48,35,4,24,46,5,1,1,8,1,35:42,1,2021-22
2021-22,1628404,Josh Hart,Josh,1610612740,NOP,New Orleans Pelicans,0022100557,2022-01-03T00:00:00,NOP vs. UTA,L,37.45,6,11,0.545,2,5,0.4,1,4,0.25,1,8,9,4,2,0,1,1,3,4,15,-16,32.8,0,0,32.0,1,21,21,21,13,14,20,22,10,12,19,36,22,44,15,10,14,21,25,39,3,24,25,10,22,43,28,13,1,21,1,37:27,1,2021-22
2021-22,1628404,Josh Hart,Josh,1610612740,NOP,New Orleans Pelicans,0022100565,2022-01-04T00:00:00,NOP vs. PHX,L,37.166666666666664,4,9,0.444,1,3,0.333,6,6,1.0,3,8,11,5,2,0,0,2,4,4,15,-9,33.7,1,0,32.0,1,21,21,21,14,34,33,36,17,31,23,3,10,1,3,10,6,9,25,39,11,48,35,10,22,35,26,1,1,21,1,37:10,1,2021-22
2021-22,1628404,Josh Hart,Josh,1610612740,NOP,New Orleans Pelicans,0022100580,2022-01-06T00:00:00,NOP vs. GSW,W,34.083333333333336,4,10,0.4,1,5,0.2,5,6,0.833,2,4,6,2,3,0,0,1,5,3,14,-2,21.2,0,0,23.0,1,1,1,1,31,34,27,41,17,12,36,8,10,21,10,38,32,42,5,39,11,24,51,21,24,23,46,13,1,43,1,34:05,1,2021-22
2021-22,1628404,Josh Hart,Josh,1610612740,NOP,New Orleans Pelicans,0022100615,2022-01-11T00:00:00,NOP vs. MIN,W,35.96666666666667,8,14,0.571,1,4,0.25,4,6,0.667,3,6,9,5,3,1,0,0,4,3,21,-1,39.3,0,0,38.0,1,1,1,1,20,8,8,19,17,24,31,17,10,33,3,22,14,9,5,16,11,1,35,21,12,20,12,13,1,10,1,35:58,1,2021-22
2021-22,1628404,Josh Hart,Josh,1610612740,NOP,New Orleans Pelicans,0022100629,2022-01-13T00:00:00,NOP vs. LAC,W,34.15,4,12,0.333,2,5,0.4,2,3,0.667,1,4,5,3,1,1,0,2,4,2,12,21,24.5,0,0,24.0,1,1,1,1,30,34,15,47,10,12,19,30,30,33,15,38,37,36,37,16,11,48,35,36,34,4,41,13,1,39,1,34:09,1,2021-22
2021-22,1628404,Josh Hart,Josh,1610612740,NOP,New Orleans Pelicans,0022100644,2022-01-15T00:00:00,NOP @ BKN,L,33.45,5,9,0.556,1,3,0.333,3,3,1.0,3,8,11,2,3,3,0,0,1,5,14,-11,36.2,1,0,34.0,1,21,21,21,32,23,33,20,17,31,23,24,30,1,3,10,6,42,5,2,11,1,3,7,24,37,20,1,1,18,1,33:27,1,2021-22
2021-22,1628404,Josh Hart,Josh,1610612740,NOP,New Orleans Pelicans,0022100654,2022-01-17T00:00:00,NOP @ BOS,L,38.766666666666666,6,10,0.6,0,2,0.0,1,3,0.333,1,8,9,4,2,1,0,0,2,3,13,-20,30.8,0,0,28.0,1,21,21,21,5,14,27,13,42,40,42,36,30,41,15,10,14,21,25,16,11,1,12,21,28,46,30,13,1,32,1,38:46,1,2021-22
2021-22,1628404,Josh Hart,Josh,1610612740,NOP,New Orleans Pelicans,0022100681,2022-01-20T00:00:00,NOP @ NYK,W,35.28333333333333,5,10,0.5,2,4,0.5,5,9,0.556,1,6,7,4,0,1,0,1,4,4,17,15,34.4,0,0,32.0,1,1,1,1,26,23,27,26,10,24,8,8,1,36,15,22,23,21,49,16,11,24,35,10,16,9,25,13,1,21,1,35:17,1,2021-22
2021-22,1628404,Josh Hart,Josh,1610612740,NOP,New Orleans Pelicans,0022100712,2022-01-24T00:00:00,NOP vs. IND,W,35.61666666666667,6,11,0.545,1,5,0.2,9,9,1.0,1,9,10,2,3,1,0,1,5,7,22,-2,37.0,1,0,37.0,1,1,1,1,24,14,20,22,17,12,36,1,1,1,15,4,9,42,5,16,11,24,51,3,8,23,14,1,1,13,1,35:37,1,2021-22
2021-22,1628404,Josh Hart,Josh,1610612740,NOP,New Orleans Pelicans,0022100729,2022-01-28T00:00:00,NOP vs. DEN,L,36.61666666666667,6,13,0.462,1,4,0.25,3,4,0.75,0,8,8,2,3,1,0,1,2,3,16,-11,28.6,0,0,29.0,1,21,21,21,17,14,9,32,17,24,31,24,22,25,38,10,19,42,5,16,11,24,12,21,18,37,33,13,1,28,1,36:37,1,2021-22
2021-22,1628404,Josh Hart,Josh,1610612740,NOP,New Orleans Pelicans,0022100745,2022-01-29T00:00:00,NOP vs. BOS,L,34.88666666666666,4,9,0.444,1,4,0.25,1,3,0.333,1,12,13,2,3,3,0,1,0,3,10,-16,34.6,1,0,32.0,1,21,21,21,28,34,33,36,17,24,31,36,30,41,15,1,2,42,5,2,11,24,1,21,40,43,24,1,1,21,1,34:53,1,2021-22
2021-22,1628404,Josh Hart,Josh,1610612740,NOP,New Orleans Pelicans,0022100759,2022-01-31T00:00:00,NOP @ CLE,L,36.81666666666667,2,9,0.222,1,5,0.2,5,6,0.833,1,9,10,3,2,2,0,0,3,4,10,-8,30.5,1,0,28.0,1,21,21,21,16,46,33,50,17,12,36,8,10,21,15,4,9,36,25,8,11,1,25,10,40,32,31,1,1,32,1,36:49,1,2021-22
2021-22,1628404,Josh Hart,Josh,1610612740,NOP,New Orleans Pelicans,0022100808,2022-02-06T00:00:00,NOP @ HOU,W,35.583333333333336,4,8,0.5,1,3,0.333,4,4,1.0,1,6,7,4,0,3,0,1,2,2,13,5,36.4,0,0,31.0,1,1,1,1,25,34,40,26,17,31,23,17,22,1,15,22,23,21,49,2,11,24,12,36,28,15,17,13,1,27,1,35:35,1,2021-22
2021-22,1628404,Josh Hart,Josh,1610612757,POR,Portland Trail Blazers,0022100845,2022-02-12T00:00:00,POR vs. NYK,W,36.53333333333333,7,12,0.583,3,6,0.5,6,8,0.75,0,1,1,2,4,0,0,0,4,8,23,12,23.2,0,0,29.0,1,1,1,1,19,10,15,17,5,6,8,3,4,25,38,54,54,42,2,39,11,1,35,1,7,10,44,13,1,28,1,36:32,1,2021-22
2021-22,1628404,Josh Hart,Josh,1610612757,POR,Portland Trail Blazers,0022100862,2022-02-14T00:00:00,POR @ MIL,W,35.93333333333333,10,16,0.625,5,9,0.556,2,2,1.0,1,6,7,5,3,1,2,1,2,2,27,11,48.9,0,0,50.0,1,1,1,1,21,4,5,9,2,1,7,30,35,1,15,22,23,9,5,16,2,24,12,36,4,12,3,13,1,3,1,35:56,1,2021-22
2021-22,1628404,Josh Hart,Josh,1610612757,POR,Portland Trail Blazers,0022100879,2022-02-16T00:00:00,POR @ MEM,W,36.96666666666667,7,12,0.583,3,6,0.5,5,7,0.714,2,5,7,6,4,1,0,2,3,6,22,19,38.4,0,0,40.0,1,1,1,1,15,10,15,17,5,6,8,8,7,30,10,32,23,7,2,16,11,48,25,4,8,6,13,13,1,6,1,36:58,1,2021-22
2021-22,1628404,Josh Hart,Josh,1610612757,POR,Portland Trail Blazers,0022100894,2022-02-24T00:00:00,POR vs. GSW,L,26.851666666666667,5,11,0.455,0,5,0.0,2,2,1.0,0,6,6,4,3,1,0,0,4,1,12,-11,25.2,0,0,24.0,1,21,21,21,47,23,20,34,42,12,42,30,35,1,38,22,32,21,5,16,11,1,35,47,34,37,40,13,1,39,1,26:51,1,2021-22
2021-22,1628404,Josh Hart,Josh,1610612757,POR,Portland Trail Blazers,0022100918,2022-02-27T00:00:00,POR vs. DEN,L,31.233333333333334,5,12,0.417,0,5,0.0,1,2,0.5,1,5,6,4,3,2,0,1,2,2,11,-21,27.2,0,0,25.0,1,21,21,21,40,23,15,40,42,12,42,36,35,37,15,32,32,21,5,8,11,24,12,36,37,48,37,13,1,38,1,31:14,1,2021-22
2021-22,1628404,Josh Hart,Josh,1610612757,POR,Portland Trail Blazers,0022100939,2022-03-02T00:00:00,POR @ PHX,L,23.266666666666666,2,9,0.222,1,5,0.2,5,7,0.714,0,4,4,4,3,2,0,1,2,3,10,-12,23.8,0,0,23.0,1,21,21,21,51,46,33,50,17,12,36,8,7,30,38,38,46,21,5,8,11,24,12,21,40,40,43,13,1,43,1,23:16,1,2021-22
2021-22,1628404,Josh Hart,Josh,1610612757,POR,Portland Trail Blazers,0022100971,2022-03-07T00:00:00,POR @ MIN,L,28.15,2,12,0.167,1,6,0.167,1,2,0.5,0,5,5,4,2,1,0,1,1,2,6,-21,19.0,0,0,18.0,1,21,21,21,45,46,15,53,17,6,40,36,35,37,38,32,37,21,25,16,11,24,3,36,47,48,47,13,1,46,1,28:09,1,2021-22
2021-22,1628404,Josh Hart,Josh,1610612757,POR,Portland Trail Blazers,0022100990,2022-03-09T00:00:00,POR @ UTA,L,26.2,2,11,0.182,0,6,0.0,1,2,0.5,3,3,6,3,1,1,0,0,1,3,5,-51,18.7,0,0,16.0,1,21,21,21,48,46,20,52,42,6,42,36,35,37,3,45,32,36,37,16,11,1,3,21,50,54,48,13,1,49,1,26:12,1,2021-22
2021-22,1628404,Josh Hart,Josh,1610612757,POR,Portland Trail Blazers,0022101011,2022-03-12T00:00:00,POR vs. WAS,W,35.81666666666667,15,21,0.714,6,9,0.667,8,8,1.0,0,8,8,6,3,4,0,1,4,6,44,22,71.6,0,0,72.0,1,1,1,1,22,1,1,6,1,1,3,2,4,1,38,10,19,7,5,1,11,24,35,4,1,3,1,13,1,1,1,35:49,1,2021-22
2021-22,1628404,Josh Hart,Josh,1610612757,POR,Portland Trail Blazers,0022101021,2022-03-14T00:00:00,POR @ ATL,L,38.18333333333333,11,21,0.524,4,7,0.571,5,7,0.714,1,6,7,4,1,0,0,3,1,4,31,-10,44.4,0,0,46.0,1,21,21,21,8,2,1,25,3,4,6,8,7,30,15,22,23,21,37,39,11,54,3,10,2,36,4,13,1,4,1,38:11,1,2021-22
2021-22,1628404,Josh Hart,Josh,1610612757,POR,Portland Trail Blazers,0022101037,2022-03-16T00:00:00,POR @ NYK,L,27.983333333333334,6,15,0.4,2,6,0.333,3,4,0.75,0,5,5,3,2,0,0,1,2,4,17,-13,25.5,0,0,27.0,1,21,21,21,46,14,6,41,10,6,23,24,22,25,38,32,37,36,25,39,11,24,12,10,16,41,39,13,1,37,1,27:59,1,2021-22
2021-22,1628404,Josh Hart,Josh,1610612757,POR,Portland Trail Blazers,0022101048,2022-03-18T00:00:00,POR @ BKN,L,39.75,9,18,0.5,3,8,0.375,4,5,0.8,1,4,5,7,2,1,0,0,4,3,25,-4,42.5,0,0,42.0,1,21,21,21,4,6,3,26,5,3,22,17,19,24,15,38,37,6,25,16,11,1,35,21,6,26,6,13,1,5,1,39:45,1,2021-22
2021-22,1628404,Josh Hart,Josh,1610612757,POR,Portland Trail Blazers,0022101062,2022-03-20T00:00:00,POR @ IND,L,30.066666666666666,11,13,0.846,3,5,0.6,1,1,1.0,0,3,3,4,2,2,0,0,2,2,26,-6,39.6,0,0,40.0,1,21,21,21,44,2,9,3,5,12,5,36,45,1,38,45,48,21,25,8,11,1,12,36,5,28,11,13,1,6,1,30:04,1,2021-22
2022-23,1628404,Josh Hart,Josh,1610612757,POR,Portland Trail Blazers,0022200014,2022-10-19T00:00:00,POR @ SAC,W,38.30833333333333,8,11,0.727,0,0,0.0,3,3,1.0,0,7,7,5,2,1,0,1,3,4,19,-1,35.9,0,0,33.0,1,1,1,1,9,3,7,15,45,70,45,9,22,1,58,16,38,17,16,27,18,46,38,4,3,45,17,11,1,13,1,38:19,1,2022-23
2022-23,1628404,Josh Hart,Josh,1610612757,POR,Portland Trail Blazers,0022200027,2022-10-21T00:00:00,POR vs. PHX,W,40.97666666666667,3,9,0.333,1,2,0.5,3,4,0.75,3,4,7,3,1,2,0,0,3,3,10,-3,27.9,0,0,25.0,1,1,1,1,3,36,11,62,14,28,20,9,10,30,11,53,38,39,34,10,18,1,38,12,32,50,40,11,1,37,1,40:59,1,2022-23
2022-23,1628404,Josh Hart,Josh,1610612757,POR,Portland Trail Blazers,0022200037,2022-10-23T00:00:00,POR @ LAL,W,36.43833333333333,3,5,0.6,1,1,1.0,2,2,1.0,2,14,16,5,3,2,0,0,2,1,9,-4,38.7,0,0,35.0,1,1,1,1,18,36,49,27,14,50,1,25,31,1,25,1,2,17,4,10,18,1,17,48,40,55,7,11,1,7,1,36:26,1,2022-23
2022-23,1628404,Josh Hart,Josh,1610612757,POR,Portland Trail Blazers,0022200051,2022-10-24T00:00:00,POR vs. DEN,W,34.5,3,7,0.429,0,2,0.0,0,1,0.0,4,7,11,1,1,0,0,0,1,4,6,20,19.7,0,0,18.0,1,1,1,1,26,36,30,53,45,28,45,55,51,55,7,16,11,70,34,52,18,1,9,4,58,10,64,11,1,63,1,34:30,1,2022-23
2022-23,1628404,Josh Hart,Josh,1610612757,POR,Portland Trail Blazers,0022200065,2022-10-26T00:00:00,POR vs. MIA,L,31.483333333333334,3,4,0.75,1,1,1.0,3,3,1.0,2,4,6,6,2,3,1,0,2,4,10,-15,36.2,0,0,31.0,1,43,43,43,49,36,62,11,14,50,1,9,22,1,25,53,50,11,16,3,5,1,17,4,32,72,15,11,1,20,1,31:29,1,2022-23
2022-23,1628404,Josh Hart,Josh,1610612757,POR,Portland Trail Blazers,0022200080,2022-10-28T00:00:00,POR vs. HOU,W,33.79,3,8,0.375,0,2,0.0,3,3,1.0,2,6,8,4,1,0,0,2,1,3,9,10,23.6,0,0,21.0,1,1,1,1,29,36,17,61,45,28,45,9,22,1,25,26,26,26,34,52,18,70,9,12,40,24,52,11,1,51,1,33:47,1,2022-23
2022-23,1628404,Josh Hart,Josh,1610612757,POR,Portland Trail Blazers,0022200116,2022-11-02T00:00:00,POR vs. MEM,L,39.61666666666667,1,4,0.25,0,1,0.0,3,5,0.6,2,4,6,4,3,1,1,1,4,3,5,-8,21.2,0,0,19.0,1,43,43,43,6,68,62,67,45,50,45,9,7,40,25,53,50,26,4,27,5,46,59,12,63,64,59,11,1,59,1,39:37,1,2022-23
2022-23,1628404,Josh Hart,Josh,1610612757,POR,Portland Trail Blazers,0022200130,2022-11-04T00:00:00,POR @ PHX,W,38.28333333333333,3,7,0.429,1,2,0.5,0,0,0.0,1,8,9,6,3,0,0,0,3,2,7,0,23.8,0,0,23.0,1,1,1,1,10,36,30,53,14,28,20,55,58,55,40,10,20,11,4,52,18,1,38,32,54,42,50,11,1,43,1,38:17,1,2022-23
2022-23,1628404,Josh Hart,Josh,1610612757,POR,Portland Trail Blazers,0022200139,2022-11-05T00:00:00,POR @ PHX,L,32.11666666666667,1,6,0.167,1,1,1.0,1,2,0.5,1,6,7,8,0,1,0,4,3,2,4,-18,27.4,0,0,22.0,1,43,43,43,44,68,39,71,14,50,1,42,31,42,40,26,38,2,65,27,18,76,38,32,69,74,41,11,1,45,1,32:07,1,2022-23
2022-23,1628404,Josh Hart,Josh,1610612757,POR,Portland Trail Blazers,0022200150,2022-11-07T00:00:00,POR @ MIA,W,36.85,3,5,0.6,1,3,0.333,5,7,0.714,0,9,9,8,5,2,0,0,3,3,12,13,35.8,0,0,34.0,1,1,1,1,17,36,49,27,14,11,33,3,1,37,58,6,20,2,1,10,18,1,38,12,19,19,18,11,1,9,1,36:51,1,2022-23
2022-23,1628404,Josh Hart,Josh,1610612757,POR,Portland Trail Blazers,0022200159,2022-11-09T00:00:00,POR @ CHA,W,35.24333333333333,2,9,0.222,0,3,0.0,1,3,0.333,0,11,11,2,0,1,0,1,3,3,5,3,24.2,0,0,20.0,1,1,1,1,22,58,11,69,45,11,45,42,22,52,58,4,11,52,65,27,18,46,38,12,63,38,46,11,1,56,1,35:15,1,2022-23
2022-23,1628404,Josh Hart,Josh,1610612757,POR,Portland Trail Blazers,0022200175,2022-11-10T00:00:00,POR @ NOP,W,38.21666666666667,7,13,0.538,1,3,0.333,2,2,1.0,1,6,7,2,1,1,0,1,1,1,17,10,30.4,0,0,29.0,1,1,1,1,11,4,2,39,14,11,33,25,31,1,40,26,38,52,34,27,18,46,9,48,6,24,30,11,1,23,1,38:13,1,2022-23
2022-23,1628404,Josh Hart,Josh,1610612757,POR,Portland Trail Blazers,0022200190,2022-11-12T00:00:00,POR @ DAL,L,36.28333333333333,0,9,0.0,0,2,0.0,2,6,0.333,4,5,9,3,1,1,0,1,3,5,2,0,19.3,0,0,16.0,1,43,43,43,19,73,11,73,45,28,45,25,4,52,7,46,20,39,34,27,18,46,38,3,72,42,65,11,1,68,1,36:17,1,2022-23
2022-23,1628404,Josh Hart,Josh,1610612757,POR,Portland Trail Blazers,0022200209,2022-11-15T00:00:00,POR vs. SAS,W,34.25,3,4,0.75,0,0,0.0,0,0,0.0,1,6,7,5,2,3,0,0,2,1,6,17,28.9,0,0,24.0,1,1,1,1,28,36,62,11,45,70,45,55,58,55,40,26,38,17,16,3,18,1,17,48,58,14,35,11,1,42,1,34:15,1,2022-23
2022-23,1628404,Josh Hart,Josh,1610612757,POR,Portland Trail Blazers,0022200221,2022-11-17T00:00:00,POR vs. BKN,L,30.108333333333334,3,6,0.5,1,2,0.5,0,0,0.0,1,5,6,2,0,2,1,0,3,1,7,1,26.2,0,0,22.0,1,43,43,43,52,36,39,40,14,28,20,55,58,55,40,46,50,52,65,10,5,1,38,48,54,40,42,11,1,45,1,30:07,1,2022-23
2022-23,1628404,Josh Hart,Josh,1610612757,POR,Portland Trail Blazers,0022200238,2022-11-19T00:00:00,POR vs. UTA,L,30.083333333333332,6,10,0.6,1,3,0.333,6,6,1.0,3,5,8,2,0,2,0,0,5,3,19,-7,37.6,0,0,34.0,1,43,43,43,53,7,9,27,14,11,33,1,4,1,11,46,26,52,65,10,18,1,68,12,3,62,9,11,1,9,1,30:05,1,2022-23
2022-23,1628404,Josh Hart,Josh,1610612757,POR,Portland Trail Blazers,0022200251,2022-11-21T00:00:00,POR @ MIL,L,39.95,7,9,0.778,2,2,1.0,1,1,1.0,3,6,9,2,4,2,0,1,2,1,17,-12,32.8,0,0,34.0,1,43,43,43,4,4,11,10,4,28,1,42,51,1,11,26,20,52,3,10,18,46,17,48,6,70,24,11,1,9,1,39:57,1,2022-23
2022-23,1628404,Josh Hart,Josh,1610612757,POR,Portland Trail Blazers,0022200261,2022-11-23T00:00:00,POR @ CLE,L,32.56666666666667,3,5,0.6,0,1,0.0,2,2,1.0,0,3,3,9,3,1,0,0,5,2,8,6,25.1,0,0,22.0,1,43,43,43,40,36,49,27,45,50,45,25,31,1,58,67,73,1,4,27,18,1,68,32,48,32,44,11,1,45,1,32:34,1,2022-23
2022-23,1628404,Josh Hart,Josh,1610612757,POR,Portland Trail Blazers,0022200274,2022-11-25T00:00:00,POR @ NYK,W,41.55,4,8,0.5,0,2,0.0,2,4,0.5,6,13,19,4,3,2,0,1,6,4,10,13,41.8,1,0,37.0,1,1,1,1,1,23,17,40,45,28,45,25,10,42,2,2,1,26,4,10,18,46,76,4,32,19,4,1,1,4,1,41:33,1,2022-23
2022-23,1628404,Josh Hart,Josh,1610612757,POR,Portland Trail Blazers,0022200290,2022-11-27T00:00:00,POR @ BKN,L,35.81666666666667,4,8,0.5,1,4,0.25,0,0,0.0,1,3,4,3,0,1,0,0,3,0,9,-15,21.3,0,0,19.0,1,43,43,43,20,23,17,40,14,8,42,55,58,55,40,67,67,39,65,27,18,1,38,69,40,72,58,11,1,59,1,35:49,1,2022-23
2022-23,1628404,Josh Hart,Josh,1610612757,POR,Portland Trail Blazers,0022200311,2022-11-29T00:00:00,POR vs. LAC,L,33.016666666666666,3,6,0.5,1,3,0.333,2,2,1.0,1,6,7,6,1,1,0,0,2,3,9,-4,28.4,0,0,25.0,1,43,43,43,33,36,39,40,14,11,33,25,31,1,40,26,38,11,34,27,18,1,17,12,40,55,37,11,1,37,1,33:01,1,2022-23
2022-23,1628404,Josh Hart,Josh,1610612757,POR,Portland Trail Blazers,0022200351,2022-12-04T00:00:00,POR vs. IND,W,32.666666666666664,5,8,0.625,1,3,0.333,0,0,0.0,4,6,10,3,2,3,0,1,1,0,11,27,34.5,1,0,31.0,1,1,1,1,36,11,17,23,14,11,33,55,58,55,7,26,16,39,16,3,18,46,9,69,26,3,20,1,1,20,1,32:40,1,2022-23
2022-23,1628404,Josh Hart,Josh,1610612757,POR,Portland Trail Blazers,0022200376,2022-12-08T00:00:00,POR vs. DEN,L,37.068333333333335,5,10,0.5,0,1,0.0,2,2,1.0,3,3,6,3,2,3,0,1,2,1,12,10,30.7,0,0,27.0,1,43,43,43,15,11,9,40,45,50,45,25,31,1,11,67,50,39,16,3,18,46,17,48,19,24,27,11,1,31,1,37:04,1,2022-23
2022-23,1628404,Josh Hart,Josh,1610612757,POR,Portland Trail Blazers,0022200394,2022-12-10T00:00:00,POR vs. MIN,W,32.61666666666667,4,8,0.5,3,3,1.0,0,0,0.0,2,6,8,4,2,2,0,0,5,1,11,8,30.6,0,0,30.0,1,1,1,1,39,23,17,40,2,11,1,55,58,55,25,26,26,26,16,10,18,1,68,48,26,29,28,11,1,22,1,32:37,1,2022-23
2022-23,1628404,Josh Hart,Josh,1610612757,POR,Portland Trail Blazers,0022200407,2022-12-12T00:00:00,POR vs. MIN,W,27.966666666666665,3,7,0.429,2,3,0.667,0,0,0.0,1,6,7,2,1,1,0,0,2,1,8,19,21.4,0,0,21.0,1,1,1,1,61,36,30,53,4,11,14,55,58,55,40,26,38,52,34,27,18,1,17,48,48,11,57,11,1,51,1,27:58,1,2022-23
2022-23,1628404,Josh Hart,Josh,1610612757,POR,Portland Trail Blazers,0022200420,2022-12-14T00:00:00,POR @ SAS,W,32.516666666666666,2,7,0.286,0,3,0.0,1,2,0.5,3,7,10,3,0,0,0,2,1,3,5,8,21.5,0,0,18.0,1,1,1,1,41,58,30,65,45,11,45,42,31,42,11,16,16,39,65,52,18,70,9,12,63,29,56,11,1,63,1,32:31,1,2022-23
2022-23,1628404,Josh Hart,Josh,1610612757,POR,Portland Trail Blazers,0022200436,2022-12-16T00:00:00,POR @ DAL,L,21.9,3,3,1.0,0,0,0.0,0,1,0.0,2,2,4,1,1,0,0,0,3,2,6,-9,11.3,0,0,11.0,1,43,43,43,75,36,73,1,45,70,45,55,51,55,25,72,67,70,34,52,18,1,38,32,58,65,74,11,1,74,1,21:54,1,2022-23
2022-23,1628404,Josh Hart,Josh,1610612757,POR,Portland Trail Blazers,0022200441,2022-12-17T00:00:00,POR @ HOU,W,30.65,5,6,0.833,1,1,1.0,1,1,1.0,6,7,13,1,1,0,0,0,0,1,12,25,28.1,1,0,27.0,1,1,1,1,51,11,39,6,14,50,1,42,51,1,2,16,4,70,34,52,18,1,1,48,19,6,38,1,1,31,1,30:39,1,2022-23
2022-23,1628404,Josh Hart,Josh,1610612757,POR,Portland Trail Blazers,0022200458,2022-12-19T00:00:00,POR @ OKC,L,32.095,4,8,0.5,1,2,0.5,4,4,1.0,2,6,8,6,0,0,0,1,2,3,13,6,31.6,0,0,28.0,1,43,43,43,46,23,17,40,14,28,20,4,10,1,25,26,26,11,65,52,18,46,17,12,12,32,26,11,1,28,1,32:06,1,2022-23
2022-23,1628404,Josh Hart,Josh,1610612757,POR,Portland Trail Blazers,0022200474,2022-12-21T00:00:00,POR @ OKC,L,34.971666666666664,5,7,0.714,1,3,0.333,2,2,1.0,1,4,5,2,5,1,0,0,5,2,13,-3,20.0,0,0,23.0,1,43,43,43,23,11,30,16,14,11,33,25,31,1,40,53,59,52,1,27,18,1,68,32,12,50,63,11,1,43,1,34:58,1,2022-23
2022-23,1628404,Josh Hart,Josh,1610612757,POR,Portland Trail Blazers,0022200489,2022-12-23T00:00:00,POR @ DEN,L,37.083333333333336,6,8,0.75,0,2,0.0,2,2,1.0,2,9,11,6,3,1,0,0,2,1,14,-3,36.2,1,0,33.0,1,43,43,43,14,7,17,11,45,28,45,25,31,1,25,6,11,11,4,27,18,1,17,48,10,50,15,1,1,13,1,37:05,1,2022-23
2022-23,1628404,Josh Hart,Josh,1610612757,POR,Portland Trail Blazers,0022200504,2022-12-26T00:00:00,POR vs. CHA,W,37.968333333333334,4,8,0.5,0,2,0.0,3,3,1.0,0,13,13,3,1,1,0,1,3,3,11,18,33.1,1,0,29.0,1,1,1,1,12,23,17,40,45,28,45,9,22,1,58,2,4,39,34,27,18,46,38,12,26,12,23,1,1,23,1,37:58,1,2022-23
2022-23,1628404,Josh Hart,Josh,1610612757,POR,Portland Trail Blazers,0022200536,2022-12-30T00:00:00,POR @ GSW,L,41.05,4,7,0.571,1,2,0.5,3,7,0.429,5,6,11,7,2,0,1,0,5,4,12,-10,36.7,1,0,33.0,1,43,43,43,2,23,30,36,14,28,20,9,1,51,5,26,11,6,16,52,5,1,68,4,19,66,13,1,1,13,1,41:03,1,2022-23
2022-23,1628404,Josh Hart,Josh,1610612757,POR,Portland Trail Blazers,0022200559,2023-01-02T00:00:00,POR vs. DET,W,28.0,2,5,0.4,0,0,0.0,2,2,1.0,0,6,6,7,2,0,0,2,2,1,6,27,21.7,0,0,19.0,1,1,1,1,60,58,49,57,45,70,45,25,31,1,58,26,50,6,16,52,18,70,17,48,58,3,54,11,1,59,1,28:00,1,2022-23
2022-23,1628404,Josh Hart,Josh,1610612757,POR,Portland Trail Blazers,0022200571,2023-01-04T00:00:00,POR @ MIN,L,33.06666666666667,0,4,0.0,0,2,0.0,1,2,0.5,0,2,2,4,2,1,2,0,0,1,1,-5,16.4,0,0,13.0,1,43,43,43,32,73,62,73,45,28,45,42,31,42,58,72,74,26,16,27,1,1,1,48,74,58,70,11,1,72,1,33:04,1,2022-23
2022-23,1628404,Josh Hart,Josh,1610612757,POR,Portland Trail Blazers,0022200580,2023-01-06T00:00:00,POR @ IND,L,35.71666666666667,4,4,1.0,2,2,1.0,2,2,1.0,2,8,10,8,2,1,0,0,2,2,12,-3,37.0,1,0,34.0,1,43,43,43,21,23,62,1,4,28,1,25,31,1,25,10,16,2,16,27,18,1,17,32,19,50,10,1,1,9,1,35:43,1,2022-23
2022-23,1628404,Josh Hart,Josh,1610612757,POR,Portland Trail Blazers,0022200597,2023-01-08T00:00:00,POR @ TOR,L,39.016666666666666,7,12,0.583,1,3,0.333,3,3,1.0,1,7,8,3,3,1,0,1,4,3,18,6,32.1,0,0,32.0,1,43,43,43,8,4,6,35,14,11,33,9,22,1,40,16,26,39,4,27,18,46,59,12,5,32,25,11,1,17,1,39:01,1,2022-23
2022-23,1628404,Josh Hart,Josh,1610612757,POR,Portland Trail Blazers,0022200616,2023-01-10T00:00:00,POR vs. ORL,L,32.63666666666666,3,5,0.6,0,2,0.0,1,1,1.0,6,7,13,5,1,2,0,0,5,2,7,-1,35.1,0,0,29.0,1,43,43,43,38,36,49,27,45,28,45,42,51,1,2,16,4,17,34,10,18,1,68,32,54,45,19,11,1,23,1,32:38,1,2022-23
2022-23,1628404,Josh Hart,Josh,1610612757,POR,Portland Trail Blazers,0022200631,2023-01-12T00:00:00,POR vs. CLE,L,34.28333333333333,1,5,0.2,0,1,0.0,3,4,0.75,0,7,7,3,2,1,0,0,3,2,5,-11,18.9,0,0,17.0,1,43,43,43,27,68,49,70,45,50,45,9,10,30,58,16,38,39,16,27,18,1,38,32,63,69,66,11,1,66,1,34:17,1,2022-23
2022-23,1628404,Josh Hart,Josh,1610612757,POR,Portland Trail Blazers,0022200647,2023-01-14T00:00:00,POR vs. DAL,W,27.2,5,8,0.625,1,3,0.333,0,1,0.0,0,4,4,6,1,0,0,1,0,1,11,15,23.8,0,0,22.0,1,1,1,1,64,11,17,23,14,11,33,55,51,55,58,53,67,11,34,52,18,46,1,48,26,16,50,11,1,45,1,27:12,1,2022-23
2022-23,1628404,Josh Hart,Josh,1610612757,POR,Portland Trail Blazers,0022200654,2023-01-15T00:00:00,POR vs. DAL,W,29.033333333333335,3,11,0.273,1,6,0.167,1,2,0.5,3,9,12,1,1,0,2,0,3,2,8,22,28.9,0,0,26.0,1,1,1,1,58,36,7,66,14,1,44,42,31,42,11,6,7,70,34,52,1,1,38,32,48,9,35,11,1,35,1,29:02,1,2022-23
2022-23,1628404,Josh Hart,Josh,1610612757,POR,Portland Trail Blazers,0022200667,2023-01-17T00:00:00,POR @ DEN,L,29.316666666666666,2,5,0.4,0,2,0.0,0,0,0.0,0,6,6,4,1,0,0,0,2,0,4,-22,16.2,0,0,14.0,1,43,43,43,56,58,49,57,45,28,45,55,58,55,58,26,50,26,34,52,18,1,17,69,69,75,71,11,1,71,1,29:19,1,2022-23
2022-23,1628404,Josh Hart,Josh,1610612757,POR,Portland Trail Blazers,0022200682,2023-01-19T00:00:00,POR vs. PHI,L,34.745,2,6,0.333,1,2,0.5,3,6,0.5,3,4,7,2,1,0,0,1,4,4,8,-13,18.4,0,0,18.0,1,43,43,43,25,58,39,62,14,28,20,9,4,42,11,53,38,52,34,52,18,46,59,4,48,71,67,11,1,63,1,34:45,1,2022-23
2022-23,1628404,Josh Hart,Josh,1610612757,POR,Portland Trail Blazers,0022200705,2023-01-22T00:00:00,POR vs. LAL,L,32.916666666666664,4,8,0.5,2,5,0.4,3,4,0.75,3,7,10,7,2,2,0,1,3,3,13,-4,39.5,1,0,36.0,1,43,43,43,34,23,17,40,4,3,31,9,10,30,11,16,16,6,16,10,18,46,38,12,12,55,5,1,1,5,1,32:55,1,2022-23
2022-23,1628404,Josh Hart,Josh,1610612757,POR,Portland Trail Blazers,0022200711,2023-01-23T00:00:00,POR vs. SAS,W,26.066666666666666,4,5,0.8,0,1,0.0,1,1,1.0,0,5,5,4,0,1,0,0,3,1,9,8,24.0,0,0,20.0,1,1,1,1,66,23,49,8,45,50,45,42,51,1,58,46,59,26,65,27,18,1,38,48,40,29,47,11,1,56,1,26:04,1,2022-23
2022-23,1628404,Josh Hart,Josh,1610612757,POR,Portland Trail Blazers,0022200727,2023-01-25T00:00:00,POR vs. UTA,W,9.25,0,1,0.0,0,0,0.0,0,0,0.0,0,2,2,1,1,1,0,0,0,0,0,-6,5.9,0,0,5.0,1,1,1,1,76,73,76,73,45,70,45,55,58,55,58,72,74,70,34,27,18,1,1,69,75,61,75,11,1,75,1,9:15,1,2022-23
2022-23,1628404,Josh Hart,Josh,1610612757,POR,Portland Trail Blazers,0022200763,2023-01-30T00:00:00,POR vs. ATL,W,34.82833333333333,4,6,0.667,0,2,0.0,1,2,0.5,2,10,12,5,0,0,1,0,4,1,9,-5,33.9,0,0,28.0,1,1,1,1,24,23,39,20,45,28,45,42,31,42,25,5,7,17,65,52,5,1,59,48,40,58,21,11,1,28,1,34:50,1,2022-23
2022-23,1628404,Josh Hart,Josh,1610612757,POR,Portland Trail Blazers,0022200771,2023-02-01T00:00:00,POR @ MEM,W,31.833333333333332,0,4,0.0,0,2,0.0,0,0,0.0,0,2,2,2,1,0,0,0,2,1,0,1,4.4,0,0,4.0,1,1,1,1,48,73,62,73,45,28,45,55,58,55,58,72,74,52,34,52,18,1,17,48,75,40,76,11,1,76,1,31:50,1,2022-23
2022-23,1628404,Josh Hart,Josh,1610612757,POR,Portland Trail Blazers,0022200787,2023-02-03T00:00:00,POR @ WAS,W,39.1,9,13,0.692,1,5,0.2,2,2,1.0,3,6,9,2,1,1,0,0,3,3,21,15,36.8,0,0,35.0,1,1,1,1,7,2,2,19,14,3,43,25,31,1,11,26,20,52,34,27,18,1,38,12,2,16,12,11,1,7,1,39:06,1,2022-23
2022-23,1628404,Josh Hart,Josh,1610612757,POR,Portland Trail Blazers,0022200796,2023-02-04T00:00:00,POR @ CHI,L,33.5,5,13,0.385,0,5,0.0,3,4,0.75,3,9,12,5,1,1,0,1,0,3,13,5,36.9,1,0,32.0,1,43,43,43,30,11,2,60,45,3,45,9,10,30,11,6,7,17,34,27,18,46,1,12,12,35,11,1,1,17,1,33:30,1,2022-23
2022-23,1628404,Josh Hart,Josh,1610612757,POR,Portland Trail Blazers,0022200815,2023-02-06T00:00:00,POR vs. MIL,L,25.883333333333333,5,8,0.625,2,4,0.5,2,3,0.667,0,8,8,0,1,1,0,0,2,2,14,-7,25.6,0,0,26.0,1,43,43,43,68,11,17,23,4,8,20,25,22,38,58,10,26,76,34,27,18,1,17,32,10,62,43,11,1,35,1,25:53,1,2022-23
2022-23,1628404,Josh Hart,Josh,1610612752,NYK,New York Knicks,0022200851,2023-02-11T00:00:00,NYK vs. UTA,W,25.65,3,6,0.5,2,3,0.667,3,4,0.75,4,3,7,4,1,4,0,0,4,3,11,5,36.4,0,0,32.0,1,1,1,1,70,36,39,40,4,11,14,9,10,30,7,67,38,26,34,1,18,1,59,12,26,35,14,11,1,17,1,25:39,1,2022-23
2022-23,1628404,Josh Hart,Josh,1610612752,NYK,New York Knicks,0022200862,2023-02-13T00:00:00,NYK vs. BKN,W,27.9,10,14,0.714,4,6,0.667,3,4,0.75,0,4,4,2,0,1,0,0,4,3,27,25,37.8,0,0,39.0,1,1,1,1,62,1,1,16,1,1,14,9,10,30,58,53,67,52,65,27,18,1,59,12,1,6,8,11,1,2,1,27:54,1,2022-23
2022-23,1628404,Josh Hart,Josh,1610612752,NYK,New York Knicks,0022200876,2023-02-15T00:00:00,NYK @ ATL,W,24.483333333333334,5,9,0.556,3,5,0.6,0,0,0.0,1,4,5,2,1,0,1,1,2,0,13,11,24.0,0,0,25.0,1,1,1,1,74,11,11,37,2,3,19,55,58,55,40,53,59,52,34,52,5,46,17,69,12,23,47,11,1,37,1,24:29,1,2022-23
2022-23,1628404,Josh Hart,Josh,1610612752,NYK,New York Knicks,0022200895,2023-02-24T00:00:00,NYK @ WAS,W,27.416666666666668,2,6,0.333,0,1,0.0,1,2,0.5,2,4,6,4,2,0,0,2,2,2,5,0,16.2,0,0,15.0,1,1,1,1,63,58,39,62,45,50,45,42,31,42,25,53,50,26,16,52,18,70,17,32,63,42,71,11,1,70,1,27:25,1,2022-23
2022-23,1628404,Josh Hart,Josh,1610612752,NYK,New York Knicks,0022200906,2023-02-25T00:00:00,NYK vs. NOP,W,25.516666666666666,5,6,0.833,1,1,1.0,4,5,0.8,1,4,5,2,2,0,2,0,1,3,15,10,28.0,0,0,27.0,1,1,1,1,71,11,39,6,14,50,1,4,7,29,40,53,59,52,16,52,1,1,9,12,9,24,39,11,1,31,1,25:31,1,2022-23
2022-23,1628404,Josh Hart,Josh,1610612752,NYK,New York Knicks,0022200921,2023-02-27T00:00:00,NYK vs. BOS,W,26.765,5,8,0.625,2,3,0.667,0,0,0.0,1,4,5,5,1,2,0,1,0,2,12,15,30.5,0,0,28.0,1,1,1,1,65,11,17,23,4,11,14,55,58,55,40,53,59,17,34,10,18,46,1,32,19,16,29,11,1,28,1,26:46,1,2022-23
2022-23,1628404,Josh Hart,Josh,1610612752,NYK,New York Knicks,0022200937,2023-03-01T00:00:00,NYK vs. BKN,W,25.948333333333334,2,3,0.667,0,1,0.0,0,0,0.0,0,4,4,5,1,2,1,0,4,1,4,30,24.3,0,0,19.0,1,1,1,1,67,58,73,20,45,50,45,55,58,55,58,53,67,17,34,10,5,1,59,48,69,2,45,11,1,59,1,25:57,1,2022-23
2022-23,1628404,Josh Hart,Josh,1610612752,NYK,New York Knicks,0022200949,2023-03-03T00:00:00,NYK @ MIA,W,32.65,2,3,0.667,0,0,0.0,1,3,0.333,1,6,7,3,3,2,1,1,5,3,5,16,23.9,0,0,21.0,1,1,1,1,37,58,73,20,45,70,45,42,22,52,40,26,38,39,4,10,5,46,68,12,63,15,49,11,1,51,1,32:39,1,2022-23
2022-23,1628404,Josh Hart,Josh,1610612752,NYK,New York Knicks,0022200969,2023-03-05T00:00:00,NYK @ BOS,W,39.766666666666666,3,5,0.6,1,2,0.5,3,5,0.6,0,8,8,2,2,0,0,0,5,6,10,-2,20.6,0,0,21.0,1,1,1,1,5,36,49,27,14,28,20,9,7,40,58,10,26,52,16,52,18,1,68,2,32,49,61,11,1,51,1,39:46,1,2022-23
2022-23,1628404,Josh Hart,Josh,1610612752,NYK,New York Knicks,0022200979,2023-03-07T00:00:00,NYK vs. CHA,L,32.85,3,5,0.6,1,1,1.0,3,4,0.75,2,6,8,2,1,0,0,1,3,3,10,-1,21.6,0,0,21.0,1,43,43,43,35,36,49,27,14,50,1,9,10,30,25,26,26,52,34,52,18,46,38,12,32,45,55,11,1,51,1,32:51,1,2022-23
2022-23,1628404,Josh Hart,Josh,1610612752,NYK,New York Knicks,0022200997,2023-03-09T00:00:00,NYK @ SAC,L,32.1,3,4,0.75,1,1,1.0,2,2,1.0,8,7,15,7,3,3,0,0,1,2,9,2,43.5,0,0,38.0,1,43,43,43,45,36,62,11,14,50,1,25,31,1,1,16,3,6,4,3,18,1,9,32,40,39,2,11,1,3,1,32:06,1,2022-23
2022-23,1628404,Josh Hart,Josh,1610612752,NYK,New York Knicks,0022201004,2023-03-11T00:00:00,NYK @ LAC,L,32.266666666666666,3,6,0.5,0,1,0.0,4,4,1.0,3,5,8,4,2,0,0,0,3,3,10,-1,23.6,0,0,22.0,1,43,43,43,43,36,39,40,45,50,45,4,10,1,11,46,26,26,16,52,18,1,38,12,32,45,52,11,1,45,1,32:16,1,2022-23
2022-23,1628404,Josh Hart,Josh,1610612752,NYK,New York Knicks,0022201019,2023-03-12T00:00:00,NYK @ LAL,W,32.416666666666664,2,4,0.5,2,4,0.5,2,2,1.0,2,6,8,4,3,0,0,0,3,1,8,13,20.6,0,0,22.0,1,1,1,1,42,58,62,40,4,8,20,25,31,1,25,26,26,26,4,52,18,1,38,48,48,19,61,11,1,45,1,32:25,1,2022-23
2022-23,1628404,Josh Hart,Josh,1610612752,NYK,New York Knicks,0022201034,2023-03-14T00:00:00,NYK @ POR,W,37.38333333333333,6,13,0.462,2,5,0.4,2,2,1.0,1,8,9,8,2,3,0,1,0,1,16,26,45.8,0,0,41.0,1,1,1,1,13,7,2,52,4,3,31,25,31,1,40,10,20,2,16,3,18,46,1,48,8,5,1,11,1,1,1,37:23,1,2022-23
2022-23,1628404,Josh Hart,Josh,1610612752,NYK,New York Knicks,0022201055,2023-03-18T00:00:00,NYK vs. DEN,W,31.983333333333334,4,5,0.8,1,2,0.5,4,4,1.0,3,5,8,5,0,3,0,0,4,4,13,-5,39.1,0,0,33.0,1,1,1,1,47,23,49,8,14,28,20,4,10,1,11,46,26,17,65,3,18,1,59,4,12,58,6,11,1,13,1,31:59,1,2022-23
2022-23,1628404,Josh Hart,Josh,1610612752,NYK,New York Knicks,0022201073,2023-03-20T00:00:00,NYK vs. MIN,L,31.4,5,7,0.714,0,0,0.0,0,0,0.0,3,2,5,4,1,2,1,1,2,0,10,-3,30.0,0,0,25.0,1,43,43,43,50,11,30,16,45,70,45,55,58,55,11,72,59,26,34,10,5,46,17,69,32,50,32,11,1,37,1,31:24,1,2022-23
2022-23,1628404,Josh Hart,Josh,1610612752,NYK,New York Knicks,0022201084,2023-03-22T00:00:00,NYK @ MIA,L,29.55,3,5,0.6,2,3,0.667,4,4,1.0,0,4,4,3,1,2,1,0,0,2,12,-10,29.3,0,0,27.0,1,43,43,43,54,36,49,27,4,11,14,4,10,1,58,53,67,39,34,10,5,1,1,32,19,66,33,11,1,31,1,29:33,1,2022-23
2022-23,1628404,Josh Hart,Josh,1610612752,NYK,New York Knicks,0022201093,2023-03-23T00:00:00,NYK @ ORL,L,29.266666666666666,3,7,0.429,1,3,0.333,0,0,0.0,1,4,5,2,1,1,0,1,4,2,7,-10,18.0,0,0,17.0,1,43,43,43,57,36,30,53,14,11,33,55,58,55,40,53,59,52,34,27,18,46,59,32,54,66,68,11,1,66,1,29:16,1,2022-23
2022-23,1628404,Josh Hart,Josh,1610612752,NYK,New York Knicks,0022201124,2023-03-27T00:00:00,NYK vs. HOU,W,24.683333333333334,4,4,1.0,1,1,1.0,0,0,0.0,2,3,5,2,1,2,2,0,3,0,9,25,29.0,0,0,25.0,1,1,1,1,73,23,62,1,14,50,1,55,58,55,25,67,59,52,34,10,1,1,38,69,40,6,34,11,1,37,1,24:41,1,2022-23
2022-23,1628404,Josh Hart,Josh,1610612752,NYK,New York Knicks,0022201138,2023-03-29T00:00:00,NYK vs. MIA,W,28.6,6,7,0.857,1,1,1.0,0,0,0.0,2,6,8,3,3,2,0,0,2,1,13,12,30.1,0,0,29.0,1,1,1,1,59,7,30,5,14,50,1,55,58,55,25,26,26,39,4,10,18,1,17,48,12,22,31,11,1,23,1,28:36,1,2022-23
2022-23,1628404,Josh Hart,Josh,1610612752,NYK,New York Knicks,0022201154,2023-03-31T00:00:00,NYK @ CLE,W,29.416666666666668,4,4,1.0,1,1,1.0,2,3,0.667,1,6,7,1,0,0,0,0,2,4,11,18,20.9,0,0,20.0,1,1,1,1,55,23,62,1,14,50,1,25,22,38,40,26,38,70,65,52,18,1,17,4,26,12,60,11,1,56,1,29:25,1,2022-23
2022-23,1628404,Josh Hart,Josh,1610612752,NYK,New York Knicks,0022201168,2023-04-02T00:00:00,NYK vs. WAS,W,25.766666666666666,1,4,0.25,0,1,0.0,0,0,0.0,1,5,6,3,1,0,1,1,1,0,2,4,15.7,0,0,13.0,1,1,1,1,69,68,62,67,45,50,45,55,58,55,40,46,50,39,34,52,5,46,9,69,72,37,73,11,1,72,1,25:46,1,2022-23
2022-23,1628404,Josh Hart,Josh,1610612752,NYK,New York Knicks,0022201190,2023-04-05T00:00:00,NYK @ IND,W,37.03333333333333,2,5,0.4,1,2,0.5,1,2,0.5,5,7,12,7,3,4,1,0,2,1,6,31,42.9,0,0,36.0,1,1,1,1,16,58,49,57,14,28,20,42,31,42,5,16,7,6,4,1,5,1,17,48,58,1,3,11,1,5,1,37:02,1,2022-23
2022-23,1628404,Josh Hart,Josh,1610612752,NYK,New York Knicks,0022201209,2023-04-07T00:00:00,NYK @ NOP,L,33.31666666666667,1,8,0.125,0,3,0.0,6,7,0.857,0,6,6,2,1,0,0,2,3,7,8,9,17.2,0,0,16.0,1,43,43,43,31,68,17,72,45,11,45,1,1,28,58,26,50,52,34,52,18,70,38,1,48,28,69,11,1,68,1,33:19,1,2022-23
2022-23,1628404,Josh Hart,Josh,1610612752,NYK,New York Knicks,0022201220,2023-04-09T00:00:00,NYK vs. IND,L,25.5,5,9,0.556,0,1,0.0,0,0,0.0,3,8,11,4,2,1,1,2,2,2,10,-29,33.2,1,0,29.0,1,43,43,43,72,11,11,37,45,50,45,55,58,55,11,10,11,26,16,27,5,70,17,32,32,76,22,1,1,23,1,25:30,1,2022-23
2023-24,1628404,Josh Hart,Josh,1610612752,NYK,New York Knicks,0022300065,2023-10-25T00:00:00,NYK vs. BOS,L,22.496666666666666,2,4,0.5,2,4,0.5,1,2,0.5,1,5,6,0,1,0,0,0,1,1,7,-1,13.2,0,0,15.0,1,50,50,50,76,51,69,22,11,17,15,31,16,34,39,49,54,78,38,50,20,1,9,32,47,53,68,22,7,61,1,22:30,1,2023-24
2023-24,1628404,Josh Hart,Josh,1610612752,NYK,New York Knicks,0022300079,2023-10-27T00:00:00,NYK @ ATL,W,21.683333333333334,2,4,0.5,0,1,0.0,0,0,0.0,0,3,3,0,0,1,0,0,3,0,4,-2,10.6,0,0,9.0,1,1,1,1,78,51,69,22,48,74,48,41,42,41,64,66,71,78,63,22,20,1,53,58,62,55,75,22,7,75,1,21:41,1,2023-24
2023-24,1628404,Josh Hart,Josh,1610612752,NYK,New York Knicks,0022300090,2023-10-28T00:00:00,NYK @ NOP,L,21.45,1,5,0.2,1,3,0.333,0,0,0.0,2,8,10,2,2,1,0,0,2,1,3,-10,19.0,0,0,18.0,1,50,50,50,79,67,60,73,24,28,33,41,42,41,21,25,23,51,14,22,20,1,27,32,71,65,59,22,7,57,1,21:27,1,2023-24
2023-24,1628404,Josh Hart,Josh,1610612752,NYK,New York Knicks,0022300112,2023-10-31T00:00:00,NYK @ CLE,W,27.983333333333334,2,6,0.333,1,3,0.333,0,0,0.0,0,7,7,3,1,0,0,0,2,0,5,2,16.9,0,0,16.0,1,1,1,1,61,51,53,53,24,28,33,41,42,41,64,32,45,40,38,50,20,1,27,58,59,41,61,22,7,60,1,27:59,1,2023-24
2023-24,1628404,Josh Hart,Josh,1610612752,NYK,New York Knicks,0022300120,2023-11-01T00:00:00,NYK vs. CLE,L,29.283333333333335,5,14,0.357,1,5,0.2,0,0,0.0,3,5,8,3,2,0,0,1,1,0,11,-5,23.1,0,0,23.0,1,50,50,50,54,18,10,52,24,10,45,41,42,41,6,49,38,40,14,50,20,46,9,58,25,61,53,22,7,48,1,29:17,1,2023-24
2023-24,1628404,Josh Hart,Josh,1610612752,NYK,New York Knicks,0022300002,2023-11-03T00:00:00,NYK @ MIL,L,35.975,2,9,0.222,0,4,0.0,2,2,1.0,2,8,10,5,0,3,1,2,4,2,6,1,37.5,0,0,29.0,1,50,50,50,33,51,26,71,48,17,48,12,16,1,21,25,23,24,63,1,5,70,69,19,53,45,19,22,7,31,1,35:59,1,2023-24
2023-24,1628404,Josh Hart,Josh,1610612752,NYK,New York Knicks,0022300151,2023-11-06T00:00:00,NYK vs. LAC,W,32.2,4,9,0.444,1,4,0.25,1,1,1.0,0,3,3,7,2,2,0,0,2,2,10,13,28.1,0,0,25.0,1,1,1,1,40,27,26,32,24,17,40,31,36,1,64,66,71,12,14,6,20,1,27,19,28,21,40,22,7,39,1,32:12,1,2023-24
2023-24,1628404,Josh Hart,Josh,1610612752,NYK,New York Knicks,0022300161,2023-11-08T00:00:00,NYK vs. SAS,W,24.1,1,3,0.333,1,2,0.5,0,0,0.0,0,5,5,0,0,1,0,1,0,1,3,-3,12.0,0,0,11.0,1,1,1,1,72,67,76,53,24,50,15,41,42,41,64,49,61,78,63,22,20,46,1,32,71,57,69,22,7,69,1,24:06,1,2023-24
2023-24,1628404,Josh Hart,Josh,1610612752,NYK,New York Knicks,0022300177,2023-11-12T00:00:00,NYK vs. CHA,W,26.583333333333332,3,6,0.5,0,2,0.0,0,0,0.0,1,3,4,2,0,0,0,0,1,0,6,16,13.8,0,0,12.0,1,1,1,1,63,39,53,22,48,50,48,41,42,41,39,66,66,51,63,50,20,1,9,58,53,17,65,22,7,67,1,26:35,1,2023-24
2023-24,1628404,Josh Hart,Josh,1610612752,NYK,New York Knicks,0022300188,2023-11-13T00:00:00,NYK @ BOS,L,43.11666666666667,6,12,0.5,3,6,0.5,1,2,0.5,2,7,9,3,2,1,0,0,4,5,16,-10,32.3,0,0,33.0,1,50,50,50,11,11,14,22,1,5,15,31,16,34,21,32,32,40,14,22,20,1,69,2,11,65,25,22,7,19,1,43:07,1,2023-24
2023-24,1628404,Josh Hart,Josh,1610612752,NYK,New York Knicks,0022300193,2023-11-15T00:00:00,NYK @ ATL,W,33.05,4,9,0.444,1,4,0.25,0,0,0.0,2,6,8,5,2,0,1,2,4,0,9,7,27.1,0,0,25.0,1,1,1,1,38,27,26,32,24,17,40,41,42,41,21,44,38,24,14,50,5,70,69,58,39,29,42,22,7,39,1,33:03,1,2023-24
2023-24,1628404,Josh Hart,Josh,1610612752,NYK,New York Knicks,0022300028,2023-11-17T00:00:00,NYK @ WAS,W,31.683333333333334,4,7,0.571,1,2,0.5,0,0,0.0,1,4,5,2,1,0,2,1,1,0,9,27,23.0,0,0,21.0,1,1,1,1,44,27,40,18,24,50,15,41,42,41,39,61,61,51,38,50,1,46,9,58,39,6,54,22,7,52,1,31:41,1,2023-24
2023-24,1628404,Josh Hart,Josh,1610612752,NYK,New York Knicks,0022300202,2023-11-18T00:00:00,NYK @ CHA,W,28.65,3,5,0.6,1,2,0.5,0,0,0.0,0,6,6,4,0,3,0,0,0,2,7,7,29.2,0,0,24.0,1,1,1,1,59,39,60,13,24,50,15,41,42,41,64,44,54,32,63,1,20,1,1,19,47,29,38,22,7,44,1,28:39,1,2023-24
2023-24,1628404,Josh Hart,Josh,1610612752,NYK,New York Knicks,0022300221,2023-11-20T00:00:00,NYK @ MIN,L,24.15,2,6,0.333,0,2,0.0,0,0,0.0,1,1,2,1,0,2,0,0,0,0,4,-5,13.9,0,0,11.0,1,50,50,50,71,51,53,53,48,50,48,41,42,41,39,77,76,66,63,6,20,1,1,58,62,61,64,22,7,69,1,24:09,1,2023-24
2023-24,1628404,Josh Hart,Josh,1610612752,NYK,New York Knicks,0022300045,2023-11-24T00:00:00,NYK vs. MIA,W,25.933333333333334,4,7,0.571,1,3,0.333,1,1,1.0,1,7,8,4,1,1,0,0,1,1,10,5,27.6,0,0,25.0,1,1,1,1,67,27,40,18,24,28,33,31,36,1,39,32,38,32,38,22,20,1,9,32,28,38,41,22,7,39,1,25:56,1,2023-24
2023-24,1628404,Josh Hart,Josh,1610612752,NYK,New York Knicks,0022300247,2023-11-26T00:00:00,NYK vs. PHX,L,24.07,1,3,0.333,0,2,0.0,2,2,1.0,0,3,3,2,0,0,0,0,0,1,4,1,10.6,0,0,9.0,1,50,50,50,73,67,76,53,48,50,48,12,16,1,64,66,71,51,63,50,20,1,1,32,62,45,75,22,7,75,1,24:04,1,2023-24
2023-24,1628404,Josh Hart,Josh,1610612752,NYK,New York Knicks,0022300057,2023-11-28T00:00:00,NYK vs. CHA,W,29.85,7,10,0.7,2,3,0.667,1,1,1.0,1,5,6,2,1,1,1,0,2,1,17,25,32.2,0,0,31.0,1,1,1,1,50,6,21,6,11,28,5,31,36,1,39,49,54,51,38,22,5,1,27,32,7,8,26,22,7,25,1,29:51,1,2023-24
2023-24,1628404,Josh Hart,Josh,1610612752,NYK,New York Knicks,0022300268,2023-11-30T00:00:00,NYK vs. DET,W,32.1,2,3,0.667,1,2,0.5,2,4,0.5,0,7,7,2,1,2,0,0,2,3,7,6,23.4,0,0,21.0,1,1,1,1,41,51,76,7,24,50,15,12,6,34,64,32,45,51,38,6,20,1,27,11,47,34,51,22,7,52,1,32:06,1,2023-24
2023-24,1628404,Josh Hart,Josh,1610612752,NYK,New York Knicks,0022300276,2023-12-01T00:00:00,NYK @ TOR,W,30.55,7,11,0.636,3,4,0.75,0,0,0.0,3,5,8,2,3,0,1,0,3,1,17,11,29.6,0,0,32.0,1,1,1,1,49,6,18,10,1,17,4,41,42,41,6,49,38,51,5,50,5,1,53,32,7,24,37,22,7,22,1,30:33,1,2023-24
2023-24,1628404,Josh Hart,Josh,1610612752,NYK,New York Knicks,0022301201,2023-12-05T00:00:00,NYK @ MIL,L,25.683333333333334,5,8,0.625,1,1,1.0,0,0,0.0,1,3,4,1,0,3,0,1,3,0,11,-14,26.3,0,0,23.0,1,50,50,50,69,18,33,12,24,74,1,41,42,41,39,66,66,66,63,1,20,46,53,58,25,75,45,22,7,48,1,25:41,1,2023-24
2023-24,1628404,Josh Hart,Josh,1610612752,NYK,New York Knicks,0022301227,2023-12-08T00:00:00,NYK @ BOS,L,26.983333333333334,2,4,0.5,2,3,0.667,0,0,0.0,1,5,6,7,1,0,0,0,4,1,6,5,22.7,0,0,21.0,1,50,50,50,62,51,69,22,11,28,5,41,42,41,39,49,54,12,38,50,20,1,69,32,53,38,56,22,7,52,1,26:59,1,2023-24
2023-24,1628404,Josh Hart,Josh,1610612752,NYK,New York Knicks,0022300297,2023-12-11T00:00:00,NYK vs. TOR,W,31.416666666666668,6,8,0.75,3,3,1.0,1,2,0.5,3,4,7,8,1,1,0,0,4,2,16,8,38.4,0,0,36.0,1,1,1,1,45,11,33,2,1,28,1,31,16,34,6,61,45,9,38,22,20,1,69,19,11,27,17,22,7,14,1,31:25,1,2023-24
2023-24,1628404,Josh Hart,Josh,1610612752,NYK,New York Knicks,0022300318,2023-12-13T00:00:00,NYK @ UTA,L,28.9,0,5,0.0,0,4,0.0,0,0,0.0,0,2,2,2,0,1,0,0,2,0,0,-7,8.4,0,0,6.0,1,50,50,50,55,78,60,78,48,17,48,41,42,41,64,73,76,51,63,22,20,1,27,58,79,63,77,22,7,78,1,28:54,1,2023-24
2023-24,1628404,Josh Hart,Josh,1610612752,NYK,New York Knicks,0022300333,2023-12-15T00:00:00,NYK @ PHX,W,28.766666666666666,3,8,0.375,0,3,0.0,0,0,0.0,2,0,2,2,0,0,0,0,0,0,6,34,11.4,0,0,10.0,1,1,1,1,57,39,33,47,48,28,48,41,42,41,21,81,76,51,63,50,20,1,1,58,53,2,72,22,7,72,1,28:46,1,2023-24
2023-24,1628404,Josh Hart,Josh,1610612752,NYK,New York Knicks,0022300343,2023-12-16T00:00:00,NYK @ LAC,L,8.283333333333333,0,1,0.0,0,0,0.0,0,0,0.0,0,1,1,1,1,1,0,0,2,0,0,1,4.7,0,0,4.0,1,50,50,50,81,78,81,78,48,78,48,41,42,41,64,77,80,66,38,22,20,1,27,58,79,45,80,22,7,80,1,8:17,1,2023-24
2023-24,1628404,Josh Hart,Josh,1610612752,NYK,New York Knicks,0022300359,2023-12-18T00:00:00,NYK @ LAL,W,22.391666666666666,2,6,0.333,0,3,0.0,2,2,1.0,0,5,5,2,4,0,1,0,1,2,6,0,14.0,0,0,15.0,1,1,1,1,77,51,53,53,48,28,48,12,16,1,64,49,61,51,2,50,5,1,9,19,53,51,63,22,7,61,1,22:24,1,2023-24
2023-24,1628404,Josh Hart,Josh,1610612752,NYK,New York Knicks,0022300368,2023-12-20T00:00:00,NYK @ BKN,W,30.95,2,5,0.4,2,3,0.667,4,4,1.0,2,11,13,3,2,1,0,0,2,3,10,6,31.1,1,0,30.0,1,1,1,1,46,51,60,42,11,28,5,4,6,1,21,8,10,40,14,22,20,1,27,11,28,34,34,1,7,27,1,30:57,1,2023-24
2023-24,1628404,Josh Hart,Josh,1610612752,NYK,New York Knicks,0022300388,2023-12-23T00:00:00,NYK vs. MIL,L,26.033333333333335,1,6,0.167,0,3,0.0,0,0,0.0,0,2,2,3,1,1,0,0,3,0,2,-19,10.9,0,0,9.0,1,50,50,50,66,67,53,76,48,28,48,41,42,41,64,73,76,40,38,22,20,1,53,58,74,76,73,22,7,75,1,26:02,1,2023-24
2023-24,1628404,Josh Hart,Josh,1610612752,NYK,New York Knicks,0022300401,2023-12-25T00:00:00,NYK vs. MIL,W,30.933333333333334,5,7,0.714,0,2,0.0,0,0,0.0,0,9,9,4,2,2,0,0,1,0,10,7,30.8,0,0,27.0,1,1,1,1,47,18,40,4,48,50,48,41,42,41,64,15,32,32,14,6,20,1,9,58,28,29,35,22,7,33,1,30:56,1,2023-24
2023-24,1628404,Josh Hart,Josh,1610612752,NYK,New York Knicks,0022300419,2023-12-27T00:00:00,NYK @ OKC,L,33.90833333333333,1,4,0.25,0,2,0.0,2,2,1.0,2,5,7,6,1,0,0,1,1,1,4,-4,20.4,0,0,17.0,1,50,50,50,37,67,69,66,48,50,48,12,16,1,21,49,45,18,38,50,20,46,9,32,62,58,58,22,7,59,1,33:55,1,2023-24
2023-24,1628404,Josh Hart,Josh,1610612752,NYK,New York Knicks,0022300429,2023-12-29T00:00:00,NYK @ ORL,L,30.65,2,4,0.5,1,2,0.5,0,0,0.0,0,4,4,0,2,0,0,0,2,0,5,6,7.8,0,0,10.0,1,50,50,50,48,51,69,22,24,50,15,41,42,41,64,61,66,78,14,50,20,1,27,58,59,34,78,22,7,72,1,30:39,1,2023-24
2023-24,1628404,Josh Hart,Josh,1610612752,NYK,New York Knicks,0022300441,2023-12-30T00:00:00,NYK @ IND,L,37.63166666666667,4,9,0.444,1,2,0.5,1,2,0.5,3,7,10,1,0,1,0,0,3,1,10,-19,26.5,1,0,24.0,1,50,50,50,30,27,26,32,24,50,15,31,16,34,6,32,23,66,63,22,20,1,53,32,28,76,44,1,7,44,1,37:38,1,2023-24
2023-24,1628404,Josh Hart,Josh,1610612752,NYK,New York Knicks,0022300451,2024-01-01T00:00:00,NYK vs. MIN,W,28.815,3,7,0.429,2,3,0.667,0,0,0.0,2,9,11,2,1,0,0,2,2,2,8,-12,23.2,0,0,23.0,1,1,1,1,56,39,40,36,11,28,5,41,42,41,21,15,18,51,38,50,20,70,27,19,44,69,52,22,7,48,1,28:49,1,2023-24
2023-24,1628404,Josh Hart,Josh,1610612752,NYK,New York Knicks,0022300468,2024-01-03T00:00:00,NYK vs. CHI,W,25.4,1,5,0.2,1,2,0.5,0,0,0.0,1,4,5,3,2,0,0,1,2,0,3,2,11.5,0,0,12.0,1,1,1,1,70,67,60,73,24,50,15,41,42,41,39,61,61,40,14,50,20,46,27,58,71,41,71,22,7,67,1,25:24,1,2023-24
2023-24,1628404,Josh Hart,Josh,1610612752,NYK,New York Knicks,0022300483,2024-01-05T00:00:00,NYK @ PHI,W,29.583333333333332,4,7,0.571,0,2,0.0,2,2,1.0,3,12,15,6,2,0,1,1,2,1,10,46,38.0,1,0,33.0,1,1,1,1,53,27,40,18,48,50,48,12,16,1,6,5,5,18,14,50,5,46,27,32,28,1,18,1,7,19,1,29:35,1,2023-24
2023-24,1628404,Josh Hart,Josh,1610612752,NYK,New York Knicks,0022300494,2024-01-06T00:00:00,NYK @ WAS,W,32.295,3,8,0.375,1,4,0.25,2,2,1.0,2,2,4,1,2,0,0,0,1,2,9,24,13.3,0,0,15.0,1,1,1,1,39,39,33,47,24,17,40,12,16,1,21,73,66,66,14,50,20,1,9,19,39,9,67,22,7,61,1,32:18,1,2023-24
2023-24,1628404,Josh Hart,Josh,1610612752,NYK,New York Knicks,0022300514,2024-01-09T00:00:00,NYK vs. POR,W,25.7,1,4,0.25,0,2,0.0,0,0,0.0,1,6,7,4,3,0,0,0,3,0,2,12,13.4,0,0,13.0,1,1,1,1,68,67,69,66,48,50,48,41,42,41,39,44,45,32,5,50,20,1,53,58,74,23,66,22,7,65,1,25:42,1,2023-24
2023-24,1628404,Josh Hart,Josh,1610612752,NYK,New York Knicks,0022300530,2024-01-11T00:00:00,NYK @ DAL,L,23.4,1,4,0.25,0,3,0.0,2,3,0.667,3,1,4,2,1,0,0,0,3,2,4,-11,10.8,0,0,10.0,1,50,50,50,75,67,69,66,48,28,48,12,14,31,6,77,66,51,38,50,20,1,53,19,62,67,74,22,7,72,1,23:24,1,2023-24
2023-24,1628404,Josh Hart,Josh,1610612752,NYK,New York Knicks,0022300544,2024-01-13T00:00:00,NYK @ MEM,W,28.716666666666665,3,7,0.429,2,4,0.5,0,0,0.0,0,7,7,3,2,2,0,1,2,0,8,7,24.9,0,0,24.0,1,1,1,1,58,39,40,36,11,17,15,41,42,41,64,32,45,40,14,6,20,46,27,58,44,29,48,22,7,44,1,28:43,1,2023-24
2023-24,1628404,Josh Hart,Josh,1610612752,NYK,New York Knicks,0022300557,2024-01-15T00:00:00,NYK vs. ORL,L,23.716666666666665,2,7,0.286,0,2,0.0,0,0,0.0,1,5,6,1,1,0,0,0,2,1,4,-13,11.7,0,0,11.0,1,50,50,50,74,51,40,63,48,50,48,41,42,41,39,49,54,66,38,50,20,1,27,32,62,73,70,22,7,69,1,23:43,1,2023-24
2023-24,1628404,Josh Hart,Josh,1610612752,NYK,New York Knicks,0022300573,2024-01-17T00:00:00,NYK vs. HOU,W,29.675,5,11,0.455,0,2,0.0,0,0,0.0,5,9,14,1,0,0,0,3,2,1,10,10,28.3,1,0,25.0,1,1,1,1,52,18,18,31,48,50,48,41,42,41,1,15,8,66,63,50,20,77,27,32,28,25,39,1,7,39,1,29:41,1,2023-24
2023-24,1628404,Josh Hart,Josh,1610612752,NYK,New York Knicks,0022300596,2024-01-20T00:00:00,NYK vs. TOR,W,26.466666666666665,3,5,0.6,2,3,0.667,2,2,1.0,1,8,9,1,3,0,1,0,1,1,10,20,22.3,0,0,24.0,1,1,1,1,64,39,60,13,11,28,5,12,16,1,39,25,32,66,5,50,5,1,9,32,28,12,57,22,7,44,1,26:28,1,2023-24
2023-24,1628404,Josh Hart,Josh,1610612752,NYK,New York Knicks,0022300615,2024-01-23T00:00:00,NYK @ BKN,W,28.233333333333334,1,7,0.143,0,3,0.0,0,0,0.0,1,4,5,1,1,2,1,1,1,0,2,9,17.5,0,0,14.0,1,1,1,1,60,67,40,77,48,28,48,41,42,41,39,61,61,66,38,6,5,46,9,58,74,26,60,22,7,64,1,28:14,1,2023-24
2023-24,1628404,Josh Hart,Josh,1610612752,NYK,New York Knicks,0022300631,2024-01-25T00:00:00,NYK vs. DEN,W,26.116666666666667,2,5,0.4,0,2,0.0,0,0,0.0,0,7,7,3,0,1,1,0,0,3,4,6,22.9,0,0,18.0,1,1,1,1,65,51,60,42,48,50,48,41,42,41,64,32,45,40,63,22,5,1,1,11,62,34,55,22,7,57,1,26:07,1,2023-24
2023-24,1628404,Josh Hart,Josh,1610612752,NYK,New York Knicks,0022300643,2024-01-27T00:00:00,NYK vs. MIA,W,32.03333333333333,5,7,0.714,2,3,0.667,2,2,1.0,1,8,9,5,1,0,0,0,1,3,14,30,31.3,0,0,30.0,1,1,1,1,42,18,40,4,11,28,5,12,16,1,39,25,32,24,38,50,20,1,9,11,17,5,32,22,7,27,1,32:02,1,2023-24
2023-24,1628404,Josh Hart,Josh,1610612752,NYK,New York Knicks,0022300657,2024-01-29T00:00:00,NYK @ CHA,W,39.22666666666667,3,7,0.429,0,3,0.0,2,2,1.0,2,10,12,7,1,0,0,0,0,1,8,15,31.9,0,0,27.0,1,1,1,1,25,39,40,36,48,28,48,12,16,1,21,12,14,12,38,50,20,1,1,32,44,19,29,22,7,33,1,39:14,1,2023-24
2023-24,1628404,Josh Hart,Josh,1610612752,NYK,New York Knicks,0022300671,2024-01-30T00:00:00,NYK vs. UTA,W,42.50333333333333,4,10,0.4,0,3,0.0,2,2,1.0,1,9,10,10,3,2,2,0,2,1,10,2,46.0,1,1,38.0,1,1,1,1,13,27,21,42,48,28,48,12,16,1,39,15,23,3,5,6,1,1,27,32,28,41,7,1,1,10,1,42:30,1,2023-24
2023-24,1628404,Josh Hart,Josh,1610612752,NYK,New York Knicks,0022300685,2024-02-01T00:00:00,NYK vs. IND,W,37.96666666666667,0,6,0.0,0,3,0.0,5,6,0.833,3,9,12,3,2,0,1,1,3,3,5,0,24.9,0,0,22.0,1,1,1,1,29,78,53,78,48,28,48,1,2,24,6,15,14,40,14,50,5,46,53,11,59,51,48,22,7,51,1,37:58,1,2023-24
2023-24,1628404,Josh Hart,Josh,1610612752,NYK,New York Knicks,0022300701,2024-02-03T00:00:00,NYK vs. LAL,L,41.568333333333335,5,16,0.313,2,6,0.333,0,0,0.0,4,7,11,4,2,1,0,2,3,1,12,-12,32.2,1,0,31.0,1,50,50,50,20,18,6,60,11,5,33,41,42,41,3,32,18,32,14,22,20,70,53,32,22,69,26,1,7,25,1,41:34,1,2023-24
2023-24,1628404,Josh Hart,Josh,1610612752,NYK,New York Knicks,0022300722,2024-02-06T00:00:00,NYK vs. MEM,W,37.266666666666666,3,7,0.429,1,2,0.5,3,4,0.75,1,9,10,4,1,0,0,1,1,2,10,20,27.0,1,0,25.0,1,1,1,1,32,39,40,36,24,50,15,8,6,27,39,15,23,32,38,50,20,46,9,19,28,12,43,1,7,39,1,37:16,1,2023-24
2023-24,1628404,Josh Hart,Josh,1610612752,NYK,New York Knicks,0022300736,2024-02-08T00:00:00,NYK vs. DAL,L,38.85,8,22,0.364,3,8,0.375,4,4,1.0,1,9,10,12,2,1,0,4,3,4,23,-12,54.0,1,1,50.0,1,50,50,50,28,2,1,51,1,2,32,4,6,1,39,15,23,1,14,22,20,80,53,5,2,69,4,1,1,4,1,38:51,1,2023-24
2023-24,1628404,Josh Hart,Josh,1610612752,NYK,New York Knicks,0022300755,2024-02-10T00:00:00,NYK vs. IND,L,35.89333333333333,2,6,0.333,0,2,0.0,0,0,0.0,1,9,10,5,1,1,0,0,4,0,4,-20,25.5,0,0,21.0,1,50,50,50,34,51,53,53,48,50,48,41,42,41,39,15,23,24,38,22,20,1,69,58,62,78,46,22,7,52,1,35:54,1,2023-24
2023-24,1628404,Josh Hart,Josh,1610612752,NYK,New York Knicks,0022300765,2024-02-12T00:00:00,NYK @ HOU,L,42.2,7,11,0.636,3,5,0.6,0,0,0.0,2,9,11,5,2,2,0,1,3,0,17,2,41.7,1,0,40.0,1,50,50,50,15,6,18,10,1,10,12,41,42,41,21,15,18,24,14,6,20,46,53,58,7,41,11,1,7,7,1,42:12,1,2023-24
2023-24,1628404,Josh Hart,Josh,1610612752,NYK,New York Knicks,0022300778,2024-02-14T00:00:00,NYK @ ORL,L,29.718333333333334,2,8,0.25,0,4,0.0,0,0,0.0,0,3,3,2,2,2,0,1,1,1,4,-13,14.6,0,0,13.0,1,50,50,50,51,51,33,66,48,17,48,41,42,41,64,66,71,51,14,6,20,46,9,32,62,73,62,22,7,65,1,29:43,1,2023-24
2023-24,1628404,Josh Hart,Josh,1610612752,NYK,New York Knicks,0022300794,2024-02-22T00:00:00,NYK @ PHI,W,44.215,7,13,0.538,2,5,0.4,2,2,1.0,1,11,12,3,3,0,1,2,2,3,18,13,36.9,1,0,37.0,1,1,1,1,7,6,11,21,11,10,29,12,16,1,39,8,14,40,5,50,5,70,27,11,6,21,21,1,7,12,1,44:13,1,2023-24
2023-24,1628404,Josh Hart,Josh,1610612752,NYK,New York Knicks,0022300816,2024-02-24T00:00:00,NYK vs. BOS,L,41.7,6,10,0.6,2,5,0.4,2,3,0.667,2,6,8,6,3,0,0,0,1,2,16,-8,31.6,0,0,32.0,1,50,50,50,18,11,21,13,11,10,29,12,14,31,21,44,38,18,5,50,20,1,9,19,11,64,30,22,7,22,1,41:42,1,2023-24
2023-24,1628404,Josh Hart,Josh,1610612752,NYK,New York Knicks,0022300828,2024-02-26T00:00:00,NYK vs. DET,W,41.95,8,17,0.471,3,5,0.6,4,7,0.571,2,6,8,6,1,2,1,1,2,5,23,-1,49.6,0,0,46.0,1,1,1,1,16,2,4,29,1,10,12,4,1,33,21,44,38,18,38,6,5,46,27,2,2,53,6,22,7,5,1,41:57,1,2023-24
2023-24,1628404,Josh Hart,Josh,1610612752,NYK,New York Knicks,0022300837,2024-02-27T00:00:00,NYK vs. NOP,L,40.166666666666664,6,15,0.4,1,4,0.25,2,6,0.333,3,7,10,5,1,2,0,2,4,6,15,-22,39.5,1,0,35.0,1,50,50,50,22,11,8,42,24,17,40,12,2,40,6,32,23,24,38,6,20,70,69,1,16,80,13,1,7,17,1,40:10,1,2023-24
2023-24,1628404,Josh Hart,Josh,1610612752,NYK,New York Knicks,0022300852,2024-02-29T00:00:00,NYK vs. GSW,L,47.166666666666664,4,17,0.235,3,9,0.333,3,4,0.75,4,14,18,7,0,2,0,1,2,4,14,-11,52.1,1,0,46.0,1,50,50,50,2,27,4,70,1,1,33,8,6,27,3,3,3,12,63,6,20,46,27,5,17,67,5,1,7,5,1,47:10,1,2023-24
2023-24,1628404,Josh Hart,Josh,1610612752,NYK,New York Knicks,0022300876,2024-03-03T00:00:00,NYK @ CLE,W,45.36666666666667,5,12,0.417,3,6,0.5,0,0,0.0,1,18,19,10,2,2,2,0,2,4,13,16,60.8,1,1,53.0,1,1,1,1,5,18,14,40,1,5,15,41,42,41,39,1,1,3,14,6,1,1,27,5,20,17,2,1,1,2,1,45:22,1,2023-24
2023-24,1628404,Josh Hart,Josh,1610612752,NYK,New York Knicks,0022300889,2024-03-05T00:00:00,NYK vs. ATL,L,43.18333333333333,5,12,0.417,3,7,0.429,1,2,0.5,3,5,8,6,3,1,2,0,2,1,14,-26,38.6,0,0,37.0,1,50,50,50,10,18,14,40,1,3,28,31,16,34,6,49,38,18,5,22,1,1,27,32,17,81,16,22,7,12,1,43:11,1,2023-24
2023-24,1628404,Josh Hart,Josh,1610612752,NYK,New York Knicks,0022300912,2024-03-08T00:00:00,NYK vs. ORL,W,42.25,8,12,0.667,3,5,0.6,0,0,0.0,2,5,7,4,2,0,0,2,2,1,19,23,31.4,0,0,33.0,1,1,1,1,14,2,14,7,1,10,12,41,42,41,21,49,45,32,14,50,20,70,27,32,5,10,31,22,7,19,1,42:15,1,2023-24
2023-24,1628404,Josh Hart,Josh,1610612752,NYK,New York Knicks,0022300927,2024-03-10T00:00:00,NYK vs. PHI,L,43.016666666666666,4,13,0.308,1,7,0.143,0,0,0.0,3,8,11,2,6,2,0,0,2,1,9,-2,25.2,0,0,27.0,1,50,50,50,12,27,11,61,24,3,47,41,42,41,6,25,18,51,1,6,20,1,27,32,39,55,47,22,7,33,1,43:01,1,2023-24
2023-24,1628404,Josh Hart,Josh,1610612752,NYK,New York Knicks,0022300939,2024-03-12T00:00:00,NYK vs. PHI,W,39.06666666666667,8,16,0.5,1,6,0.167,3,4,0.75,1,18,19,10,1,1,1,1,1,3,20,32,62.8,1,1,54.0,1,1,1,1,26,2,6,22,24,5,46,8,6,27,39,1,1,3,38,22,5,46,9,11,4,3,1,1,1,1,1,39:04,1,2023-24
2023-24,1628404,Josh Hart,Josh,1610612752,NYK,New York Knicks,0022300960,2024-03-14T00:00:00,NYK @ POR,W,41.7,3,8,0.375,0,2,0.0,1,1,1.0,5,10,15,2,0,3,0,1,4,1,7,1,37.0,0,0,30.0,1,1,1,1,18,39,33,47,48,50,48,31,36,1,1,12,5,51,63,1,20,46,69,32,47,45,20,22,7,27,1,41:42,1,2023-24
2023-24,1628404,Josh Hart,Josh,1610612752,NYK,New York Knicks,0022300975,2024-03-16T00:00:00,NYK @ SAC,W,38.9,2,7,0.286,0,2,0.0,5,6,0.833,1,12,13,3,0,1,0,0,4,5,9,1,32.1,0,0,27.0,1,1,1,1,27,51,40,63,48,50,48,1,2,24,39,5,10,40,63,22,20,1,69,2,39,45,28,22,7,33,1,38:54,1,2023-24
2023-24,1628404,Josh Hart,Josh,1610612752,NYK,New York Knicks,0022300988,2024-03-18T00:00:00,NYK @ GSW,W,48.0,5,18,0.278,0,6,0.0,0,0,0.0,2,9,11,11,2,1,0,4,3,3,10,7,40.7,1,1,34.0,1,1,1,1,1,18,3,65,48,5,48,41,42,41,21,15,18,2,14,22,20,80,53,11,28,29,12,1,1,18,1,48:00,1,2023-24
2023-24,1628404,Josh Hart,Josh,1610612752,NYK,New York Knicks,0022301009,2024-03-21T00:00:00,NYK @ DEN,L,35.623333333333335,1,5,0.2,0,2,0.0,0,0,0.0,1,2,3,1,1,0,0,1,4,0,2,-21,6.1,0,0,6.0,1,50,50,50,35,67,60,73,48,50,48,41,42,41,39,73,71,66,38,50,20,46,69,58,74,79,79,22,7,78,1,35:37,1,2023-24
2023-24,1628404,Josh Hart,Josh,1610612752,NYK,New York Knicks,0022301019,2024-03-23T00:00:00,NYK vs. BKN,W,44.1,3,8,0.375,0,3,0.0,0,1,0.0,3,10,13,5,0,1,1,0,2,2,6,15,35.1,0,0,28.0,1,1,1,1,8,39,33,47,48,28,48,41,36,41,6,12,10,24,63,22,5,1,27,19,53,19,22,22,7,32,1,44:06,1,2023-24
2023-24,1628404,Josh Hart,Josh,1610612752,NYK,New York Knicks,0022301035,2024-03-25T00:00:00,NYK vs. DET,W,39.8,4,10,0.4,1,3,0.333,2,2,1.0,3,11,14,10,3,1,0,3,0,1,11,26,42.8,1,1,38.0,1,1,1,1,24,27,21,42,24,28,33,12,16,1,6,8,8,3,5,22,20,77,1,32,25,7,10,1,1,10,1,39:48,1,2023-24
2023-24,1628404,Josh Hart,Josh,1610612752,NYK,New York Knicks,0022301053,2024-03-27T00:00:00,NYK @ TOR,W,34.38333333333333,3,5,0.6,1,3,0.333,0,0,0.0,3,3,6,10,2,1,0,0,1,1,7,32,30.2,0,0,26.0,1,1,1,1,36,39,60,13,24,28,33,41,42,41,6,66,54,3,14,22,20,1,9,32,47,3,36,22,7,37,1,34:23,1,2023-24
2023-24,1628404,Josh Hart,Josh,1610612752,NYK,New York Knicks,0022301070,2024-03-29T00:00:00,NYK @ SAS,L,41.85,4,13,0.308,2,5,0.4,2,2,1.0,4,8,12,8,2,1,0,1,3,1,12,20,39.4,1,0,36.0,1,50,50,50,17,27,11,61,11,10,29,12,16,1,3,25,14,9,14,22,20,46,53,32,22,12,14,1,7,14,1,41:51,1,2023-24
2023-24,1628404,Josh Hart,Josh,1610612752,NYK,New York Knicks,0022301082,2024-03-31T00:00:00,NYK vs. OKC,L,45.233333333333334,4,9,0.444,0,1,0.0,5,6,0.833,3,12,15,6,4,1,0,1,4,4,13,4,39.0,1,0,36.0,1,50,50,50,6,27,26,32,48,74,48,1,2,24,6,5,5,18,2,22,20,46,69,5,20,40,15,1,7,14,1,45:14,1,2023-24
2023-24,1628404,Josh Hart,Josh,1610612752,NYK,New York Knicks,0022301096,2024-04-02T00:00:00,NYK @ MIA,L,45.583333333333336,1,3,0.333,0,0,0.0,0,0,0.0,1,5,6,7,2,2,0,0,3,0,2,-4,23.7,0,0,19.0,1,50,50,50,4,67,76,53,48,78,48,41,42,41,39,49,54,12,14,6,20,1,53,58,74,58,50,22,7,56,1,45:35,1,2023-24
2023-24,1628404,Josh Hart,Josh,1610612752,NYK,New York Knicks,0022301112,2024-04-04T00:00:00,NYK vs. SAC,W,43.266666666666666,14,19,0.737,0,0,0.0,3,4,0.75,1,8,9,8,4,2,0,1,3,4,31,22,55.8,0,0,52.0,1,1,1,1,9,1,2,3,48,78,48,8,6,27,39,25,32,9,2,6,20,46,53,5,1,11,3,22,7,3,1,43:16,1,2023-24
2023-24,1628404,Josh Hart,Josh,1610612752,NYK,New York Knicks,0022301119,2024-04-05T00:00:00,NYK @ CHI,L,11.431666666666667,0,2,0.0,0,0,0.0,0,0,0.0,0,1,1,1,0,0,0,1,1,0,0,-12,2.7,0,0,2.0,1,50,50,50,80,78,80,78,48,78,48,41,42,41,64,77,80,66,63,50,20,46,9,58,79,69,81,22,7,81,1,11:26,1,2023-24
2023-24,1628404,Josh Hart,Josh,1610612752,NYK,New York Knicks,0022301139,2024-04-07T00:00:00,NYK @ MIL,W,37.4,2,9,0.222,1,2,0.5,2,2,1.0,2,7,9,9,0,0,0,1,2,1,7,8,31.3,0,0,26.0,1,1,1,1,31,51,26,71,24,50,15,12,16,1,21,32,32,8,63,50,20,46,27,32,47,27,32,22,7,37,1,37:24,1,2023-24
2023-24,1628404,Josh Hart,Josh,1610612752,NYK,New York Knicks,0022301149,2024-04-09T00:00:00,NYK @ CHI,W,46.1,6,7,0.857,1,1,1.0,4,4,1.0,2,11,13,7,1,1,0,0,3,4,17,17,45.1,1,0,40.0,1,1,1,1,3,11,40,1,24,74,1,4,6,1,21,8,10,12,38,22,20,1,53,5,7,16,8,1,7,7,1,46:06,1,2023-24
2023-24,1628404,Josh Hart,Josh,1610612752,NYK,New York Knicks,0022301167,2024-04-11T00:00:00,NYK @ BOS,W,31.966666666666665,7,15,0.467,1,4,0.25,1,1,1.0,2,14,16,5,1,1,0,3,2,2,16,18,44.7,1,0,40.0,1,1,1,1,43,6,8,30,24,17,40,31,36,1,21,3,4,24,38,22,20,77,27,19,11,15,9,1,7,7,1,31:58,1,2023-24
2023-24,1628404,Josh Hart,Josh,1610612752,NYK,New York Knicks,0022301175,2024-04-12T00:00:00,NYK vs. BKN,W,40.43333333333333,6,9,0.667,2,3,0.667,2,2,1.0,0,7,7,1,2,3,0,0,4,2,16,1,32.9,0,0,32.0,1,1,1,1,21,11,26,7,11,28,5,12,16,1,64,32,45,66,14,1,20,1,69,19,11,45,24,22,7,22,1,40:26,1,2023-24
2023-24,1628404,Josh Hart,Josh,1610612752,NYK,New York Knicks,0022301190,2024-04-14T00:00:00,NYK vs. CHI,W,40.13333333333333,6,10,0.6,0,2,0.0,0,0,0.0,3,7,10,4,3,1,1,1,5,0,12,-4,33.0,1,0,30.0,1,1,1,1,23,11,21,13,48,50,48,41,42,41,6,32,23,32,5,22,5,46,81,58,22,58,23,1,7,27,1,40:08,1,2023-24
2024-25,1628404,Josh Hart,Josh,1610612752,NYK,New York Knicks,0022400061,2024-10-22T00:00:00,NYK @ BOS,L,24.5,4,6,0.667,0,2,0.0,4,6,0.667,1,3,4,3,1,0,0,0,0,4,12,-23,20.3,0,0,19.0,1,49,49,49,77,50,62,8,52,51,52,10,7,37,45,72,70,59,46,65,23,1,1,8,45,72,75,35,10,73,1,24:30,1,2024-25
2024-25,1628404,Josh Hart,Josh,1610612752,NYK,New York Knicks,0022400081,2024-10-25T00:00:00,NYK vs. IND,W,36.665,8,15,0.533,1,6,0.167,3,4,0.75,3,7,10,3,3,1,0,1,1,2,20,35,36.5,1,0,36.0,1,1,1,1,53,4,6,41,24,5,51,18,14,29,16,35,32,59,10,35,23,37,5,35,7,1,42,1,10,29,1,36:40,1,2024-25
2024-25,1628404,Josh Hart,Josh,1610612752,NYK,New York Knicks,0022400106,2024-10-28T00:00:00,NYK vs. CLE,L,37.833333333333336,4,10,0.4,2,5,0.4,6,6,1.0,4,9,13,2,5,3,0,1,1,4,16,-4,38.6,1,0,39.0,1,49,49,49,44,50,34,64,8,10,24,4,7,1,7,19,12,70,3,7,23,37,5,8,22,52,34,1,10,22,1,37:50,1,2024-25
2024-25,1628404,Josh Hart,Josh,1610612752,NYK,New York Knicks,0022400122,2024-10-30T00:00:00,NYK @ MIA,W,42.23833333333334,4,7,0.571,2,5,0.4,0,0,0.0,1,13,14,6,0,1,0,0,3,2,10,9,38.8,1,0,34.0,1,1,1,1,11,50,58,31,8,10,24,57,58,57,45,3,7,27,69,35,23,1,39,35,61,29,33,1,10,37,1,42:14,1,2024-25
2024-25,1628404,Josh Hart,Josh,1610612752,NYK,New York Knicks,0022400134,2024-11-01T00:00:00,NYK @ DET,W,37.095,6,9,0.667,1,3,0.333,0,0,0.0,3,6,9,4,3,2,0,1,2,0,13,24,32.8,0,0,31.0,1,1,1,1,50,22,39,8,24,30,30,57,58,57,16,49,40,54,10,16,23,37,18,67,40,6,51,35,10,48,1,37:06,1,2024-25
2024-25,1628404,Josh Hart,Josh,1610612752,NYK,New York Knicks,0022400161,2024-11-04T00:00:00,NYK @ HOU,L,37.833333333333336,4,9,0.444,0,2,0.0,4,4,1.0,0,4,4,7,1,1,0,0,3,3,12,-20,29.3,0,0,25.0,1,49,49,49,44,50,39,57,52,51,52,10,14,1,65,64,70,20,46,35,23,1,39,15,45,69,60,35,10,65,1,37:50,1,2024-25
2024-25,1628404,Josh Hart,Josh,1610612752,NYK,New York Knicks,0022400171,2024-11-06T00:00:00,NYK @ ATL,L,38.071666666666665,6,9,0.667,2,4,0.5,0,0,0.0,1,7,8,8,3,1,1,0,6,0,14,-14,38.6,0,0,36.0,1,49,49,49,42,22,39,8,8,19,13,57,58,57,45,35,46,17,10,35,5,1,76,67,31,63,34,35,10,29,1,38:04,1,2024-25
2024-25,1628404,Josh Hart,Josh,1610612752,NYK,New York Knicks,0022400189,2024-11-08T00:00:00,NYK vs. MIL,W,33.1,4,5,0.8,1,1,1.0,2,2,1.0,2,7,9,7,0,0,0,0,3,1,11,19,32.3,0,0,28.0,1,1,1,1,62,50,70,3,24,67,1,29,37,1,29,35,40,20,69,65,23,1,39,55,56,12,54,35,10,56,1,33:06,1,2024-25
2024-25,1628404,Josh Hart,Josh,1610612752,NYK,New York Knicks,0022400203,2024-11-10T00:00:00,NYK @ IND,L,42.67666666666667,7,12,0.583,0,3,0.0,2,3,0.667,2,8,10,6,1,1,1,0,1,3,16,-16,42.0,1,0,36.0,1,49,49,49,10,13,20,27,52,30,52,29,27,37,29,28,32,27,46,35,5,1,5,15,22,66,23,1,10,29,1,42:41,1,2024-25
2024-25,1628404,Josh Hart,Josh,1610612752,NYK,New York Knicks,0022400004,2024-11-12T00:00:00,NYK @ PHI,W,37.39833333333333,6,8,0.75,1,3,0.333,1,1,1.0,1,11,12,10,4,1,1,0,3,3,14,16,45.4,1,1,41.0,1,1,1,1,48,22,52,4,24,30,30,40,52,1,45,8,18,8,5,35,5,1,39,15,31,18,15,1,1,13,1,37:24,1,2024-25
2024-25,1628404,Josh Hart,Josh,1610612752,NYK,New York Knicks,0022400219,2024-11-13T00:00:00,NYK vs. CHI,L,33.7,3,6,0.5,0,0,0.0,0,0,0.0,4,4,8,6,2,0,0,2,3,2,6,9,22.6,0,0,20.0,1,49,49,49,59,62,62,43,52,74,52,57,58,57,7,64,46,27,29,65,23,66,39,35,72,29,72,35,10,71,1,33:42,1,2024-25
2024-25,1628404,Josh Hart,Josh,1610612752,NYK,New York Knicks,0022400014,2024-11-15T00:00:00,NYK vs. BKN,W,40.25,3,7,0.429,2,5,0.4,6,6,1.0,0,9,9,9,2,2,0,0,3,4,14,2,42.3,0,0,38.0,1,1,1,1,21,62,58,61,8,10,24,4,7,1,65,19,40,12,29,16,23,1,39,8,31,42,22,35,10,24,1,40:15,1,2024-25
2024-25,1628404,Josh Hart,Josh,1610612752,NYK,New York Knicks,0022400240,2024-11-17T00:00:00,NYK vs. BKN,W,46.085,8,13,0.615,3,7,0.429,1,1,1.0,0,8,8,8,1,0,0,1,1,1,20,8,40.6,0,0,39.0,1,1,1,1,3,4,14,23,4,3,23,40,52,1,65,28,46,17,46,65,23,37,5,55,7,32,29,35,10,22,1,46:05,1,2024-25
2024-25,1628404,Josh Hart,Josh,1610612752,NYK,New York Knicks,0022400246,2024-11-18T00:00:00,NYK vs. WAS,W,32.0,6,9,0.667,2,5,0.4,0,0,0.0,0,6,6,3,1,0,0,0,1,2,14,26,24.7,0,0,25.0,1,1,1,1,66,22,39,8,8,10,24,57,58,57,65,49,60,59,46,65,23,1,5,35,31,4,70,35,10,65,1,32:00,1,2024-25
2024-25,1628404,Josh Hart,Josh,1610612752,NYK,New York Knicks,0022400257,2024-11-20T00:00:00,NYK @ PHX,W,39.08833333333333,8,11,0.727,2,3,0.667,1,2,0.5,4,7,11,6,1,3,0,0,2,2,19,22,49.2,1,0,44.0,1,1,1,1,27,4,29,6,8,30,7,40,37,44,7,35,24,27,46,7,23,1,18,35,11,10,10,1,10,11,1,39:05,1,2024-25
2024-25,1628404,Josh Hart,Josh,1610612752,NYK,New York Knicks,0022400264,2024-11-23T00:00:00,NYK @ UTA,L,40.95,6,11,0.545,2,4,0.5,3,4,0.75,1,5,6,6,3,2,3,0,2,3,17,-37,45.2,0,0,41.0,1,49,49,49,19,22,29,39,8,19,13,18,14,29,45,56,60,27,10,16,1,1,18,15,19,77,16,35,10,13,1,40:57,1,2024-25
2024-25,1628404,Josh Hart,Josh,1610612752,NYK,New York Knicks,0022400283,2024-11-25T00:00:00,NYK @ DEN,W,27.753333333333334,5,5,1.0,1,1,1.0,1,1,1.0,2,4,6,5,1,1,1,0,5,2,12,13,31.7,0,0,28.0,1,1,1,1,75,36,70,1,24,67,1,40,52,1,29,64,60,42,46,35,5,1,72,35,45,22,55,35,10,56,1,27:45,1,2024-25
2024-25,1628404,Josh Hart,Josh,1610612752,NYK,New York Knicks,0022400292,2024-11-27T00:00:00,NYK @ DAL,L,41.55,5,10,0.5,1,2,0.5,1,1,1.0,1,1,2,3,1,4,0,0,3,1,12,-8,29.9,0,0,26.0,1,49,49,49,16,36,34,43,24,51,13,40,52,1,45,77,77,59,46,1,23,1,39,55,45,59,58,35,10,62,1,41:33,1,2024-25
2024-25,1628404,Josh Hart,Josh,1610612752,NYK,New York Knicks,0022400040,2024-11-29T00:00:00,NYK @ CHA,W,41.483333333333334,6,12,0.5,1,4,0.25,0,0,0.0,4,8,12,5,3,2,0,2,3,1,13,1,37.9,1,0,35.0,1,1,1,1,17,22,20,43,24,19,43,57,58,57,7,28,18,42,10,16,23,66,39,55,40,43,37,1,10,33,1,41:29,1,2024-25
2024-25,1628404,Josh Hart,Josh,1610612752,NYK,New York Knicks,0022400308,2024-12-01T00:00:00,NYK vs. NOP,W,30.991666666666667,5,9,0.556,2,3,0.667,0,0,0.0,1,5,6,3,0,2,1,1,2,0,12,23,32.7,0,0,29.0,1,1,1,1,70,36,39,35,8,30,7,57,58,57,45,56,60,59,69,16,5,37,18,67,45,8,52,35,10,53,1,30:60,1,2024-25
2024-25,1628404,Josh Hart,Josh,1610612752,NYK,New York Knicks,0022400053,2024-12-03T00:00:00,NYK vs. ORL,W,38.81666666666667,4,6,0.667,0,1,0.0,3,3,1.0,1,12,13,10,4,3,0,0,2,3,11,18,46.6,1,1,40.0,1,1,1,1,30,50,62,8,52,67,52,18,27,1,45,5,12,8,5,7,23,1,18,15,56,14,14,1,1,17,1,38:49,1,2024-25
2024-25,1628404,Josh Hart,Josh,1610612752,NYK,New York Knicks,0022400327,2024-12-05T00:00:00,NYK vs. CHA,W,38.38333333333333,6,9,0.667,4,6,0.667,2,2,1.0,0,10,10,6,1,1,0,0,2,1,18,17,41.0,1,0,40.0,1,1,1,1,36,22,39,8,1,5,7,29,37,1,65,16,32,27,46,35,23,1,18,55,15,16,28,1,10,17,1,38:23,1,2024-25
2024-25,1628404,Josh Hart,Josh,1610612752,NYK,New York Knicks,0022400343,2024-12-07T00:00:00,NYK vs. DET,L,38.968333333333334,7,11,0.636,1,4,0.25,2,3,0.667,1,5,6,3,0,1,0,0,3,3,17,-3,31.7,0,0,29.0,1,49,49,49,28,13,29,18,24,19,43,29,27,37,45,56,60,59,69,35,23,1,39,15,19,49,55,35,10,53,1,38:58,1,2024-25
2024-25,1628404,Josh Hart,Josh,1610612752,NYK,New York Knicks,0022400359,2024-12-09T00:00:00,NYK @ TOR,W,31.85,4,9,0.444,1,2,0.5,1,2,0.5,1,3,4,3,0,1,0,0,1,1,10,-2,22.3,0,0,20.0,1,1,1,1,68,50,39,57,24,51,13,40,37,44,45,72,70,59,69,35,23,1,5,55,61,46,73,35,10,71,1,31:51,1,2024-25
2024-25,1628404,Josh Hart,Josh,1610612752,NYK,New York Knicks,0022401202,2024-12-11T00:00:00,NYK vs. ATL,L,34.46666666666667,8,12,0.667,3,5,0.6,2,2,1.0,2,6,8,6,1,1,0,0,4,2,21,-2,41.6,0,0,40.0,1,49,49,49,57,4,20,8,4,10,12,29,37,1,29,49,46,27,46,35,23,1,57,35,5,46,27,35,10,17,1,34:28,1,2024-25
2024-25,1628404,Josh Hart,Josh,1610612752,NYK,New York Knicks,0022401227,2024-12-15T00:00:00,NYK @ ORL,W,33.035,5,9,0.556,1,3,0.333,1,3,0.333,0,5,5,5,5,4,1,1,1,3,12,9,35.5,0,0,33.0,1,1,1,1,64,36,39,35,24,30,30,40,27,54,65,56,66,42,3,1,5,37,5,15,45,29,44,35,10,41,1,33:02,1,2024-25
2024-25,1628404,Josh Hart,Josh,1610612752,NYK,New York Knicks,0022400384,2024-12-21T00:00:00,NYK @ NOP,W,41.95,6,13,0.462,1,4,0.25,1,2,0.5,1,7,8,5,1,2,1,0,3,1,14,12,39.1,0,0,34.0,1,1,1,1,13,22,14,53,24,19,43,40,37,44,45,35,46,42,46,16,5,1,39,55,31,24,31,35,10,37,1,41:57,1,2024-25
2024-25,1628404,Josh Hart,Josh,1610612752,NYK,New York Knicks,0022400397,2024-12-23T00:00:00,NYK vs. TOR,W,30.916666666666668,3,6,0.5,1,2,0.5,4,4,1.0,0,3,3,4,3,0,0,1,2,2,11,16,17.6,0,0,19.0,1,1,1,1,71,62,62,43,24,51,13,10,14,1,65,72,76,54,10,65,23,37,18,35,56,18,76,35,10,73,1,30:55,1,2024-25
2024-25,1628404,Josh Hart,Josh,1610612752,NYK,New York Knicks,0022400405,2024-12-25T00:00:00,NYK vs. SAS,W,38.45666666666666,4,8,0.5,1,3,0.333,3,4,0.75,5,7,12,6,1,2,0,1,4,3,12,-1,40.4,1,0,35.0,1,1,1,1,34,50,52,43,24,30,30,18,14,29,4,35,18,27,46,16,23,37,57,15,45,45,30,1,10,33,1,38:27,1,2024-25
2024-25,1628404,Josh Hart,Josh,1610612752,NYK,New York Knicks,0022400419,2024-12-27T00:00:00,NYK @ ORL,W,38.43333333333333,7,11,0.636,1,3,0.333,8,10,0.8,3,10,13,1,3,2,2,0,3,7,23,23,49.1,1,0,46.0,1,1,1,1,35,13,29,18,24,30,30,1,1,27,16,16,12,76,10,16,2,1,39,1,3,8,11,1,10,7,1,38:26,1,2024-25
2024-25,1628404,Josh Hart,Josh,1610612752,NYK,New York Knicks,0022400429,2024-12-28T00:00:00,NYK @ WAS,W,38.6,5,10,0.5,0,3,0.0,3,3,1.0,3,8,11,7,2,1,0,2,1,3,13,6,37.7,1,0,33.0,1,1,1,1,31,36,34,43,52,30,52,18,27,1,16,28,24,20,29,35,23,66,5,15,40,34,38,1,10,41,1,38:36,1,2024-25
2024-25,1628404,Josh Hart,Josh,1610612752,NYK,New York Knicks,0022400443,2024-12-30T00:00:00,NYK @ WAS,W,41.28,7,15,0.467,4,8,0.5,5,7,0.714,4,11,15,10,1,2,0,1,4,7,23,25,61.0,1,1,56.0,1,1,1,1,18,13,6,52,1,2,13,6,4,35,7,8,6,8,46,16,23,37,57,1,3,5,3,1,1,1,1,41:17,1,2024-25
2024-25,1628404,Josh Hart,Josh,1610612752,NYK,New York Knicks,0022400458,2025-01-01T00:00:00,NYK vs. UTA,W,45.13333333333333,6,12,0.5,1,4,0.25,2,3,0.667,2,12,14,12,7,1,1,2,4,3,15,15,48.8,1,1,46.0,1,1,1,1,6,22,20,43,24,19,43,29,27,37,29,5,7,1,1,35,5,66,57,15,27,20,12,1,1,7,1,45:08,1,2024-25
2024-25,1628404,Josh Hart,Josh,1610612752,NYK,New York Knicks,0022400473,2025-01-03T00:00:00,NYK @ OKC,L,44.248333333333335,8,15,0.533,2,7,0.286,1,2,0.5,3,4,7,2,2,1,1,1,4,3,19,-12,34.4,0,0,34.0,1,49,49,49,7,4,6,41,8,3,42,40,37,44,16,64,55,70,29,35,5,37,57,15,11,61,47,35,10,37,1,44:15,1,2024-25
2024-25,1628404,Josh Hart,Josh,1610612752,NYK,New York Knicks,0022400482,2025-01-04T00:00:00,NYK @ CHI,L,40.38333333333333,0,5,0.0,0,3,0.0,2,2,1.0,3,13,16,10,2,1,0,1,3,2,2,-14,37.2,1,0,30.0,1,49,49,49,20,76,70,76,52,30,52,29,37,1,16,3,5,8,29,35,23,37,39,35,74,63,41,1,10,52,1,40:23,1,2024-25
2024-25,1628404,Josh Hart,Josh,1610612752,NYK,New York Knicks,0022400496,2025-01-06T00:00:00,NYK vs. ORL,L,41.71666666666667,5,9,0.556,1,3,0.333,4,4,1.0,3,11,14,2,1,2,1,1,2,2,15,-8,42.8,1,0,38.0,1,49,49,49,15,36,39,35,24,30,30,10,14,1,16,8,7,70,46,16,5,37,18,35,27,59,20,1,10,24,1,41:43,1,2024-25
2024-25,1628404,Josh Hart,Josh,1610612752,NYK,New York Knicks,0022400511,2025-01-08T00:00:00,NYK vs. TOR,W,38.36666666666667,9,14,0.643,2,5,0.4,1,2,0.5,6,5,11,7,1,1,0,2,4,2,21,19,46.7,1,0,43.0,1,1,1,1,37,3,9,17,8,10,24,40,37,44,2,56,24,20,46,35,23,66,57,35,5,12,13,1,10,12,1,38:22,1,2024-25
2024-25,1628404,Josh Hart,Josh,1610612752,NYK,New York Knicks,0022400529,2025-01-10T00:00:00,NYK vs. OKC,L,30.466666666666665,6,13,0.462,0,1,0.0,4,4,1.0,6,7,13,2,1,3,0,5,2,2,16,-23,42.6,1,0,37.0,1,49,49,49,72,22,14,53,52,67,52,10,14,1,2,35,12,70,46,7,23,76,18,35,22,72,21,1,10,28,1,30:28,1,2024-25
2024-25,1628404,Josh Hart,Josh,1610612752,NYK,New York Knicks,0022400539,2025-01-12T00:00:00,NYK vs. MIL,W,35.35,5,5,1.0,1,1,1.0,0,0,0.0,2,9,11,4,3,1,0,0,4,0,11,24,30.2,1,0,29.0,1,1,1,1,54,36,70,1,24,67,1,57,58,57,29,19,24,54,10,35,23,1,57,67,56,6,57,1,10,53,1,35:21,1,2024-25
2024-25,1628404,Josh Hart,Josh,1610612752,NYK,New York Knicks,0022400549,2025-01-13T00:00:00,NYK vs. DET,L,37.86666666666667,3,5,0.6,1,2,0.5,5,6,0.833,3,11,14,5,1,0,0,0,4,3,12,6,35.3,1,0,32.0,1,49,49,49,43,62,70,24,24,51,13,6,7,25,16,8,7,42,46,65,23,1,57,15,45,34,46,1,10,45,1,37:52,1,2024-25
2024-25,1628404,Josh Hart,Josh,1610612752,NYK,New York Knicks,0022400561,2025-01-15T00:00:00,NYK @ PHI,W,49.416666666666664,4,9,0.444,0,3,0.0,2,3,0.667,5,12,17,12,3,4,0,0,3,2,10,10,57.4,1,1,47.0,1,1,1,1,1,50,39,57,52,30,52,29,27,37,4,5,3,1,10,1,23,1,39,35,61,27,4,1,1,6,1,49:25,1,2024-25
2024-25,1628404,Josh Hart,Josh,1610612752,NYK,New York Knicks,0022400578,2025-01-17T00:00:00,NYK vs. MIN,L,38.11666666666667,3,12,0.25,1,5,0.2,5,6,0.833,2,7,9,0,3,3,0,1,4,6,12,-24,28.8,0,0,28.0,1,49,49,49,41,62,20,73,24,10,49,6,7,25,29,35,40,77,10,7,23,37,57,4,45,74,62,35,10,56,1,38:07,1,2024-25
2024-25,1628404,Josh Hart,Josh,1610612752,NYK,New York Knicks,0022400602,2025-01-20T00:00:00,NYK vs. ATL,W,37.21666666666667,7,12,0.583,0,1,0.0,0,0,0.0,4,5,9,5,2,2,0,0,4,0,14,-3,36.3,0,0,32.0,1,1,1,1,49,13,20,27,52,67,52,57,58,57,7,56,40,42,29,16,23,1,57,67,31,49,43,35,10,45,1,37:13,1,2024-25
2024-25,1628404,Josh Hart,Josh,1610612752,NYK,New York Knicks,0022400606,2025-01-21T00:00:00,NYK @ BKN,W,38.9,3,5,0.6,1,2,0.5,0,0,0.0,1,11,12,9,2,2,0,0,2,3,7,-3,38.9,0,0,33.0,1,1,1,1,29,62,70,24,24,51,13,57,58,57,45,8,18,12,29,16,23,1,18,15,68,49,32,35,10,41,1,38:54,1,2024-25
2024-25,1628404,Josh Hart,Josh,1610612752,NYK,New York Knicks,0022400641,2025-01-25T00:00:00,NYK vs. SAC,W,39.71666666666667,8,14,0.571,1,2,0.5,3,3,1.0,7,11,18,11,3,1,2,1,3,3,20,17,64.1,1,1,56.0,1,1,1,1,25,4,9,31,24,51,13,18,27,1,1,8,2,3,10,35,2,37,39,15,7,16,1,1,1,1,1,39:43,1,2024-25
2024-25,1628404,Josh Hart,Josh,1610612752,NYK,New York Knicks,0022400653,2025-01-27T00:00:00,NYK vs. MEM,W,26.5,2,6,0.333,0,3,0.0,0,0,0.0,2,8,10,5,0,1,0,0,2,2,4,18,26.5,0,0,21.0,1,1,1,1,76,71,62,68,52,30,52,57,58,57,29,28,32,42,69,35,23,1,18,35,73,14,68,35,10,70,1,26:30,1,2024-25
2024-25,1628404,Josh Hart,Josh,1610612752,NYK,New York Knicks,0022400668,2025-01-29T00:00:00,NYK vs. DEN,W,34.0,7,12,0.583,0,2,0.0,1,2,0.5,0,5,5,5,0,3,0,1,1,1,15,11,37.5,0,0,31.0,1,1,1,1,58,13,20,27,52,51,52,40,37,44,65,56,66,42,69,7,23,37,5,55,27,25,40,35,10,48,1,34:00,1,2024-25
2024-25,1628404,Josh Hart,Josh,1610612752,NYK,New York Knicks,0022400692,2025-02-01T00:00:00,NYK vs. LAL,L,38.2,11,16,0.688,1,5,0.2,3,4,0.75,4,9,13,11,2,2,0,0,1,4,26,-20,62.1,1,1,55.0,1,49,49,49,38,2,3,7,24,10,49,18,14,29,7,19,12,3,29,16,23,1,5,8,2,69,2,1,1,3,1,38:12,1,2024-25
2024-25,1628404,Josh Hart,Josh,1610612752,NYK,New York Knicks,0022400702,2025-02-03T00:00:00,NYK vs. HOU,W,40.06666666666667,8,12,0.667,0,1,0.0,3,3,1.0,2,6,8,5,4,1,1,1,2,4,19,-2,38.1,0,0,36.0,1,1,1,1,23,4,20,8,52,67,52,18,27,1,29,49,46,42,5,35,5,37,18,8,11,46,36,35,10,29,1,40:04,1,2024-25
2024-25,1628404,Josh Hart,Josh,1610612752,NYK,New York Knicks,0022400713,2025-02-04T00:00:00,NYK @ TOR,W,36.666666666666664,7,17,0.412,1,4,0.25,0,0,0.0,1,6,7,6,0,1,0,2,2,0,15,3,35.4,0,0,31.0,1,1,1,1,52,13,2,63,24,19,43,57,58,57,45,49,55,27,69,35,23,66,18,67,27,37,45,35,10,48,1,36:40,1,2024-25
2024-25,1628404,Josh Hart,Josh,1610612752,NYK,New York Knicks,0022400748,2025-02-08T00:00:00,NYK vs. BOS,L,38.19,7,16,0.438,1,3,0.333,2,4,0.5,1,7,8,3,3,2,0,5,3,2,17,-31,34.1,0,0,33.0,1,49,49,49,39,13,3,60,24,30,30,29,14,44,45,35,46,59,10,16,23,76,39,35,19,76,48,35,10,41,1,38:11,1,2024-25
2024-25,1628404,Josh Hart,Josh,1610612752,NYK,New York Knicks,0022400765,2025-02-11T00:00:00,NYK @ IND,W,39.983333333333334,12,16,0.75,1,3,0.333,5,7,0.714,2,8,10,5,3,2,0,0,4,5,30,15,52.5,1,0,50.0,1,1,1,1,24,1,3,4,24,30,30,6,4,35,29,28,32,42,10,16,23,1,57,5,1,20,6,1,10,4,1,39:59,1,2024-25
2024-25,1628404,Josh Hart,Josh,1610612752,NYK,New York Knicks,0022400773,2025-02-12T00:00:00,NYK vs. ATL,W,45.78333333333333,5,13,0.385,0,3,0.0,8,8,1.0,3,7,10,6,3,1,1,2,5,5,18,-6,42.0,1,0,38.0,1,1,1,1,5,36,14,66,52,30,52,1,2,1,16,35,32,27,10,35,5,66,72,5,15,56,23,1,10,24,1,45:47,1,2024-25
2024-25,1628404,Josh Hart,Josh,1610612752,NYK,New York Knicks,0022400811,2025-02-23T00:00:00,NYK @ BOS,L,40.15,8,14,0.571,0,0,0.0,4,4,1.0,2,9,11,9,2,0,0,1,2,4,20,-12,44.7,1,0,40.0,1,49,49,49,22,4,9,31,52,74,52,10,14,1,29,19,24,12,29,65,23,37,18,8,7,61,19,1,10,17,1,40:09,1,2024-25
2024-25,1628404,Josh Hart,Josh,1610612752,NYK,New York Knicks,0022400838,2025-02-26T00:00:00,NYK vs. PHI,W,38.6,3,5,0.6,0,0,0.0,1,4,0.25,3,14,17,4,7,1,1,1,2,2,7,11,32.4,0,0,32.0,1,1,1,1,31,62,70,24,52,74,52,40,14,56,16,2,3,54,1,35,5,37,18,35,68,25,53,35,10,45,1,38:36,1,2024-25
2024-25,1628404,Josh Hart,Josh,1610612752,NYK,New York Knicks,0022400856,2025-02-28T00:00:00,NYK @ MEM,W,28.641666666666666,2,6,0.333,1,2,0.5,7,8,0.875,0,4,4,6,3,1,1,1,5,5,12,-4,28.8,0,0,27.0,1,1,1,1,74,71,62,68,24,51,13,3,2,24,65,64,70,27,10,35,5,37,72,5,45,52,62,35,10,61,1,28:39,1,2024-25
2024-25,1628404,Josh Hart,Josh,1610612752,NYK,New York Knicks,0022400869,2025-03-02T00:00:00,NYK @ MIA,W,43.09166666666667,7,12,0.583,0,2,0.0,0,0,0.0,0,7,7,3,1,0,1,2,0,0,14,1,28.9,0,0,26.0,1,1,1,1,9,13,20,27,52,51,52,57,58,57,65,35,55,59,46,65,5,66,1,67,31,43,61,35,10,62,1,43:06,1,2024-25
2024-25,1628404,Josh Hart,Josh,1610612752,NYK,New York Knicks,0022400885,2025-03-04T00:00:00,NYK vs. GSW,L,33.083333333333336,1,8,0.125,0,4,0.0,0,0,0.0,1,7,8,3,2,0,0,1,1,1,2,-22,14.1,0,0,13.0,1,49,49,49,63,74,52,75,52,19,52,57,58,57,45,35,46,59,29,65,23,37,5,55,74,71,77,35,10,77,1,33:05,1,2024-25
2024-25,1628404,Josh Hart,Josh,1610612752,NYK,New York Knicks,0022400903,2025-03-06T00:00:00,NYK @ LAL,L,43.88333333333333,6,13,0.462,2,6,0.333,4,7,0.571,5,5,10,2,3,4,0,1,4,7,18,-6,42.0,1,0,40.0,1,49,49,49,8,22,14,53,8,5,30,10,4,43,4,56,32,70,10,1,23,37,57,1,15,56,23,1,10,17,1,43:53,1,2024-25
2024-25,1628404,Josh Hart,Josh,1610612752,NYK,New York Knicks,0022400911,2025-03-07T00:00:00,NYK @ LAC,L,45.858333333333334,6,13,0.462,1,4,0.25,1,2,0.5,2,18,20,6,2,0,0,0,2,3,14,-6,45.0,1,0,41.0,1,49,49,49,4,22,14,53,24,19,43,40,37,44,29,1,1,27,29,65,23,1,18,15,31,56,18,1,10,13,1,45:52,1,2024-25
2024-25,1628404,Josh Hart,Josh,1610612752,NYK,New York Knicks,0022400939,2025-03-10T00:00:00,NYK @ SAC,W,31.0,6,11,0.545,4,6,0.667,2,2,1.0,0,6,6,3,3,0,0,0,2,2,18,29,26.7,0,0,31.0,1,1,1,1,69,22,29,39,1,5,7,29,37,1,65,49,60,59,10,65,23,1,18,35,15,3,67,35,10,48,1,31:00,1,2024-25
2024-25,1628404,Josh Hart,Josh,1610612752,NYK,New York Knicks,0022400953,2025-03-12T00:00:00,NYK @ POR,W,42.166666666666664,4,14,0.286,2,6,0.333,1,2,0.5,3,8,11,9,3,1,0,2,2,3,11,3,37.7,1,0,35.0,1,1,1,1,12,50,9,72,8,5,30,40,37,44,16,28,24,12,10,35,23,66,18,15,56,37,38,1,10,33,1,42:10,1,2024-25
2024-25,1628404,Josh Hart,Josh,1610612752,NYK,New York Knicks,0022400974,2025-03-15T00:00:00,NYK @ GSW,L,38.516666666666666,0,7,0.0,0,2,0.0,0,0,0.0,1,6,7,7,2,1,1,2,0,0,0,-5,22.9,0,0,18.0,1,49,49,49,33,76,58,76,52,51,52,57,58,57,45,49,55,20,29,35,5,66,1,67,77,54,71,35,10,75,1,38:31,1,2024-25
2024-25,1628404,Josh Hart,Josh,1610612752,NYK,New York Knicks,0022400984,2025-03-17T00:00:00,NYK vs. MIA,W,29.283333333333335,5,9,0.556,2,5,0.4,0,0,0.0,2,11,13,11,2,4,1,0,0,0,12,31,57.1,1,1,48.0,1,1,1,1,73,36,39,35,8,10,24,57,58,57,29,8,12,3,29,1,5,1,1,67,45,2,5,1,1,5,1,29:17,1,2024-25
2024-25,1628404,Josh Hart,Josh,1610612752,NYK,New York Knicks,0022401003,2025-03-19T00:00:00,NYK @ SAS,L,34.983333333333334,1,4,0.25,0,3,0.0,0,0,0.0,3,4,7,7,2,3,2,0,5,0,2,-26,33.9,0,0,26.0,1,49,49,49,55,74,77,73,52,30,52,57,58,57,16,64,55,20,29,7,2,1,72,67,74,75,50,35,10,62,1,34:59,1,2024-25
2024-25,1628404,Josh Hart,Josh,1610612752,NYK,New York Knicks,0022401010,2025-03-20T00:00:00,NYK @ CHA,L,39.46,5,8,0.625,3,3,1.0,0,0,0.0,2,2,4,6,1,1,0,0,4,1,13,-16,28.8,0,0,28.0,1,49,49,49,26,36,52,20,4,30,1,57,58,57,29,76,70,27,46,35,23,1,57,55,40,66,62,35,10,56,1,39:28,1,2024-25
2024-25,1628404,Josh Hart,Josh,1610612752,NYK,New York Knicks,0022401026,2025-03-22T00:00:00,NYK vs. WAS,W,37.53333333333333,4,10,0.4,0,3,0.0,1,2,0.5,3,9,12,2,2,1,0,1,2,2,9,22,27.4,0,0,25.0,1,1,1,1,47,50,34,64,52,30,52,40,37,44,16,19,18,70,29,35,23,37,18,35,65,10,66,35,10,65,1,37:32,1,2024-25
2024-25,1628404,Josh Hart,Josh,1610612752,NYK,New York Knicks,0022401048,2025-03-25T00:00:00,NYK vs. DAL,W,33.43333333333333,6,9,0.667,2,2,1.0,2,2,1.0,1,11,12,11,2,2,0,1,2,1,16,10,50.9,1,1,45.0,1,1,1,1,61,22,39,8,8,51,1,29,37,1,45,8,18,3,29,16,23,37,18,55,22,27,8,1,1,10,1,33:26,1,2024-25
2024-25,1628404,Josh Hart,Josh,1610612752,NYK,New York Knicks,0022401056,2025-03-26T00:00:00,NYK vs. LAC,L,33.56666666666667,3,9,0.333,0,4,0.0,1,3,0.333,1,4,5,6,0,0,0,1,3,3,7,7,22.0,0,0,18.0,1,49,49,49,60,62,39,68,52,19,52,40,27,54,45,64,66,27,69,65,23,37,39,15,68,33,74,35,10,75,1,33:34,1,2024-25
2024-25,1628404,Josh Hart,Josh,1610612752,NYK,New York Knicks,0022401070,2025-03-28T00:00:00,NYK @ MIL,W,41.86666666666667,5,8,0.625,0,2,0.0,3,5,0.6,4,10,14,8,1,2,1,0,2,4,13,3,49.8,1,0,41.0,1,1,1,1,14,36,52,20,52,51,52,18,12,42,7,16,7,17,46,16,5,1,18,8,40,37,9,1,10,13,1,41:52,1,2024-25
2024-25,1628404,Josh Hart,Josh,1610612752,NYK,New York Knicks,0022401082,2025-03-30T00:00:00,NYK vs. POR,W,38.155,5,10,0.5,1,3,0.333,3,4,0.75,1,7,8,9,1,3,0,1,4,3,14,4,45.1,0,0,38.0,1,1,1,1,40,36,34,43,24,30,30,18,14,29,45,35,46,12,46,7,23,37,57,15,31,36,17,35,10,24,1,38:09,1,2024-25
2024-25,1628404,Josh Hart,Josh,1610612752,NYK,New York Knicks,0022401098,2025-04-01T00:00:00,NYK vs. PHI,W,32.0,4,7,0.571,0,0,0.0,1,1,1.0,0,4,4,6,1,2,0,0,3,1,9,3,27.8,0,0,23.0,1,1,1,1,66,50,58,31,52,74,52,40,52,1,65,64,70,27,46,16,23,1,39,55,65,37,65,35,10,69,1,32:00,1,2024-25
2024-25,1628404,Josh Hart,Josh,1610612752,NYK,New York Knicks,0022401103,2025-04-02T00:00:00,NYK @ CLE,L,36.73,8,19,0.421,3,9,0.333,0,0,0.0,2,3,5,4,3,2,0,1,1,3,19,-14,34.0,0,0,35.0,1,49,49,49,51,4,1,62,4,1,30,57,58,57,29,72,66,54,10,16,23,37,5,15,11,63,49,35,10,33,1,36:44,1,2024-25
2024-25,1628404,Josh Hart,Josh,1610612752,NYK,New York Knicks,0022401128,2025-04-05T00:00:00,NYK @ ATL,W,32.32833333333333,5,8,0.625,2,2,1.0,4,5,0.8,0,9,9,11,4,4,0,1,3,3,16,3,51.3,1,0,46.0,1,1,1,1,65,36,52,20,8,51,1,10,12,27,65,19,40,3,5,1,23,37,39,15,22,37,7,1,10,7,1,32:20,1,2024-25
2024-25,1628404,Josh Hart,Josh,1610612752,NYK,New York Knicks,0022401140,2025-04-06T00:00:00,NYK vs. PHX,W,37.78333333333333,2,6,0.333,0,2,0.0,3,4,0.75,1,9,10,5,4,1,0,1,1,2,7,13,25.5,0,0,24.0,1,1,1,1,46,71,62,68,52,51,52,18,14,29,45,19,32,42,5,35,23,37,5,35,68,22,69,35,10,68,1,37:47,1,2024-25
2024-25,1628404,Josh Hart,Josh,1610612752,NYK,New York Knicks,0022401151,2025-04-08T00:00:00,NYK vs. BOS,L,47.52333333333333,5,14,0.357,0,4,0.0,0,1,0.0,4,7,11,7,1,3,0,1,6,2,10,-5,41.7,1,0,34.0,1,49,49,49,2,36,9,67,52,19,52,57,52,57,7,35,24,20,46,7,23,37,76,35,61,54,26,1,10,37,1,47:31,1,2024-25
2024-25,1628404,Josh Hart,Josh,1610612752,NYK,New York Knicks,0022401175,2025-04-11T00:00:00,NYK vs. CLE,L,34.483333333333334,3,6,0.5,2,3,0.667,0,0,0.0,2,9,11,5,2,1,0,0,4,0,8,-16,29.7,0,0,28.0,1,49,49,49,56,62,62,43,8,30,7,57,58,57,29,19,24,42,29,35,23,1,57,67,67,66,59,35,10,56,1,34:29,1,2024-25
2025-26,1628404,Josh Hart,Josh,1610612752,NYK,New York Knicks,0022500018,2025-10-24T00:00:00,NYK vs. BOS,W,18.966666666666665,1,8,0.125,0,3,0.0,0,0,0.0,6,8,14,3,0,0,0,2,3,1,2,-2,23.3,0,0,19.0,1,1,1,1,26,26,18,27,22,18,22,17,18,17,1,8,3,21,26,23,8,25,16,19,27,20,23,9,2,25,1,18:58,1,2025-26
2025-26,1628404,Josh Hart,Josh,1610612752,NYK,New York Knicks,0022500108,2025-10-26T00:00:00,NYK @ MIA,L,28.65,2,5,0.4,0,2,0.0,2,4,0.5,3,2,5,5,3,1,0,0,1,3,6,2,19.5,0,0,18.0,1,20,20,20,18,23,26,19,22,25,22,7,3,15,4,26,20,13,4,13,8,1,3,5,24,15,25,9,2,26,1,28:39,1,2025-26
2025-26,1628404,Josh Hart,Josh,1610612752,NYK,New York Knicks,0022500125,2025-10-28T00:00:00,NYK @ MIL,L,26.31833333333333,1,5,0.2,1,4,0.25,0,0,0.0,1,3,4,4,2,2,0,0,0,3,3,-18,17.8,0,0,16.0,1,20,20,20,23,26,26,26,11,12,17,17,18,17,14,25,25,17,12,5,8,1,1,5,26,25,27,9,2,27,1,26:19,1,2025-26
2025-26,1628404,Josh Hart,Josh,1610612752,NYK,New York Knicks,0022500023,2025-10-31T00:00:00,NYK @ CHI,L,15.145,0,1,0.0,0,1,0.0,0,0,0.0,0,1,1,1,1,0,0,0,2,0,0,-18,1.7,0,0,2.0,1,20,20,20,28,28,28,28,22,27,22,17,18,17,24,28,28,27,18,23,8,1,10,26,28,25,28,9,2,28,1,15:09,1,2025-26
2025-26,1628404,Josh Hart,Josh,1610612752,NYK,New York Knicks,0022500153,2025-11-02T00:00:00,NYK vs. CHI,W,26.011666666666667,5,10,0.5,1,4,0.25,3,3,1.0,3,6,9,3,3,1,0,0,1,2,14,1,29.3,0,0,29.0,1,1,1,1,24,9,12,13,11,12,17,3,5,1,4,12,12,21,4,13,8,1,3,11,11,16,17,9,2,16,1,26:01,1,2025-26
2025-26,1628404,Josh Hart,Josh,1610612752,NYK,New York Knicks,0022500159,2025-11-03T00:00:00,NYK vs. WAS,W,26.383333333333333,5,7,0.714,2,4,0.5,0,0,0.0,0,10,10,5,1,0,0,0,2,1,12,21,30.5,1,0,29.0,1,1,1,1,22,9,21,2,9,12,10,17,18,17,24,4,8,13,18,23,8,1,10,19,14,3,15,1,2,16,1,26:23,1,2025-26
2025-26,1628404,Josh Hart,Josh,1610612752,NYK,New York Knicks,0022500175,2025-11-05T00:00:00,NYK vs. MIN,W,27.483333333333334,7,12,0.583,4,5,0.8,0,0,0.0,0,5,5,4,1,0,0,0,1,1,18,12,29.0,0,0,31.0,1,1,1,1,20,4,4,8,1,5,2,17,18,17,24,15,20,17,18,23,8,1,3,19,6,9,18,9,2,15,1,27:29,1,2025-26
2025-26,1628404,Josh Hart,Josh,1610612752,NYK,New York Knicks,0022500192,2025-11-09T00:00:00,NYK vs. BKN,W,21.091666666666665,5,7,0.714,1,2,0.5,0,0,0.0,3,4,7,2,1,1,0,1,1,0,11,18,24.4,0,0,23.0,1,1,1,1,25,9,21,2,11,25,10,17,18,17,4,20,15,24,18,13,8,20,3,26,19,5,22,9,2,21,1,21:06,1,2025-26
2025-26,1628404,Josh Hart,Josh,1610612752,NYK,New York Knicks,0022500208,2025-11-11T00:00:00,NYK vs. MEM,W,30.311666666666667,2,7,0.286,1,3,0.333,3,3,1.0,0,4,4,8,1,2,0,0,4,2,8,6,29.8,0,0,25.0,1,1,1,1,15,23,21,24,11,18,13,3,5,1,24,20,25,3,18,5,8,1,22,11,21,12,16,9,2,18,1,30:19,1,2025-26
2025-26,1628404,Josh Hart,Josh,1610612752,NYK,New York Knicks,0022500215,2025-11-12T00:00:00,NYK vs. ORL,L,18.0,4,10,0.4,1,5,0.2,1,1,1.0,1,2,3,2,3,1,1,1,2,2,10,-16,19.6,0,0,20.0,1,20,20,20,27,19,12,19,11,5,19,11,12,1,14,26,27,24,4,13,2,20,10,11,20,24,24,9,2,23,1,18:00,1,2025-26
2025-26,1628404,Josh Hart,Josh,1610612752,NYK,New York Knicks,0022500039,2025-11-14T00:00:00,NYK vs. MIA,W,33.583333333333336,5,8,0.625,1,1,1.0,1,2,0.5,1,10,11,10,3,1,0,0,4,2,12,3,40.2,1,1,36.0,1,1,1,1,12,9,18,6,11,27,1,11,9,15,14,4,7,1,4,13,8,1,22,11,14,14,9,1,1,8,1,33:35,1,2025-26
2025-26,1628404,Josh Hart,Josh,1610612752,NYK,New York Knicks,0022500244,2025-11-17T00:00:00,NYK @ MIA,L,34.083333333333336,6,11,0.545,0,3,0.0,2,3,0.667,1,4,5,9,6,2,1,0,3,4,14,-11,36.5,0,0,34.0,1,20,20,20,8,7,8,11,22,18,22,7,5,14,14,20,20,2,1,5,2,1,16,2,11,22,13,9,2,13,1,34:05,1,2025-26
2025-26,1628404,Josh Hart,Josh,1610612752,NYK,New York Knicks,0022500262,2025-11-19T00:00:00,NYK @ DAL,W,30.033333333333335,5,10,0.5,3,4,0.75,3,4,0.75,3,7,10,5,1,1,1,2,5,2,16,8,40.5,1,0,38.0,1,1,1,1,16,9,12,13,6,12,3,3,3,13,4,10,8,13,18,13,2,25,25,11,8,11,8,1,2,7,1,30:02,1,2025-26
2025-26,1628404,Josh Hart,Josh,1610612752,NYK,New York Knicks,0022500269,2025-11-22T00:00:00,NYK @ ORL,L,28.753333333333334,5,9,0.556,1,5,0.2,1,1,1.0,1,4,5,2,2,0,0,0,6,1,12,-19,19.0,0,0,20.0,1,20,20,20,17,9,16,9,11,5,19,11,12,1,14,20,20,24,12,23,8,1,27,19,14,27,26,9,2,23,1,28:45,1,2025-26
2025-26,1628404,Josh Hart,Josh,1610612752,NYK,New York Knicks,0022500285,2025-11-24T00:00:00,NYK @ BKN,W,37.666666666666664,3,8,0.375,1,3,0.333,0,1,0.0,2,10,12,7,1,2,2,0,3,3,7,17,42.9,0,0,35.0,1,1,1,1,3,21,18,21,11,18,13,17,12,17,8,4,4,6,18,5,1,1,16,5,23,6,4,9,2,11,1,37:40,1,2025-26
2025-26,1628404,Josh Hart,Josh,1610612752,NYK,New York Knicks,0022500061,2025-11-26T00:00:00,NYK @ CHA,W,33.75,8,13,0.615,4,6,0.667,2,2,1.0,2,6,8,7,2,3,0,1,5,2,22,20,49.1,0,0,47.0,1,1,1,1,10,1,2,7,1,4,4,7,9,1,8,12,13,6,12,1,8,20,25,11,1,4,3,9,2,2,1,33:45,1,2025-26
2025-26,1628404,Josh Hart,Josh,1610612752,NYK,New York Knicks,0022500074,2025-11-28T00:00:00,NYK vs. MIL,W,39.905,5,12,0.417,0,4,0.0,9,10,0.9,2,13,15,7,3,3,0,0,4,8,19,15,53.5,1,0,47.0,1,1,1,1,2,9,4,18,22,12,22,1,1,11,8,1,1,6,4,1,8,1,22,1,4,7,1,1,2,2,1,39:54,1,2025-26
2025-26,1628404,Josh Hart,Josh,1610612752,NYK,New York Knicks,0022500303,2025-11-30T00:00:00,NYK vs. TOR,W,34.96666666666667,8,12,0.667,4,7,0.571,0,0,0.0,5,7,12,7,4,3,0,0,2,0,20,24,49.9,1,0,49.0,1,1,1,1,7,1,4,4,1,1,7,17,18,17,2,10,4,6,3,1,8,1,10,26,3,2,2,1,2,1,1,34:58,1,2025-26
2025-26,1628404,Josh Hart,Josh,1610612752,NYK,New York Knicks,0022500320,2025-12-02T00:00:00,NYK @ BOS,L,36.25,7,11,0.636,4,7,0.571,1,1,1.0,2,5,7,4,2,1,0,0,3,3,19,-1,34.4,0,0,36.0,1,20,20,20,5,4,8,5,1,1,7,11,12,1,8,15,15,17,12,13,8,1,16,5,4,17,14,9,2,8,1,36:15,1,2025-26
2025-26,1628404,Josh Hart,Josh,1610612752,NYK,New York Knicks,0022500328,2025-12-03T00:00:00,NYK vs. CHA,W,36.545,4,11,0.364,1,5,0.2,6,7,0.857,2,6,8,8,2,1,1,2,1,4,15,12,40.6,0,0,36.0,1,1,1,1,4,19,8,22,11,5,19,2,2,12,8,12,13,3,12,13,2,25,3,2,9,9,7,9,2,8,1,36:33,1,2025-26
2025-26,1628404,Josh Hart,Josh,1610612752,NYK,New York Knicks,0022500343,2025-12-05T00:00:00,NYK vs. UTA,W,27.783333333333335,3,6,0.5,0,3,0.0,2,2,1.0,1,5,6,6,2,1,0,0,1,1,8,37,25.2,0,0,22.0,1,1,1,1,19,21,25,13,22,18,22,7,9,1,14,15,17,10,12,13,8,1,3,19,21,1,20,9,2,22,1,27:47,1,2025-26
2025-26,1628404,Josh Hart,Josh,1610612752,NYK,New York Knicks,0022500357,2025-12-07T00:00:00,NYK vs. ORL,W,33.585,7,13,0.538,3,5,0.6,0,0,0.0,0,12,12,1,0,2,1,1,2,3,17,-1,41.9,1,0,39.0,1,1,1,1,11,4,2,12,6,5,5,17,18,17,24,2,4,27,26,5,2,20,10,5,7,17,6,1,2,5,1,33:35,1,2025-26
2025-26,1628404,Josh Hart,Josh,1610612752,NYK,New York Knicks,0022501202,2025-12-09T00:00:00,NYK @ TOR,W,36.236666666666665,8,11,0.727,4,7,0.571,1,1,1.0,1,5,6,4,3,2,0,0,0,4,21,13,37.2,0,0,39.0,1,1,1,1,6,1,8,1,1,1,7,11,12,1,14,15,17,17,4,5,8,1,1,2,2,8,11,9,2,5,1,36:14,1,2025-26
2025-26,1628404,Josh Hart,Josh,1610612752,NYK,New York Knicks,0022501229,2025-12-13T00:00:00,NYK @ ORL,W,31.338333333333335,6,12,0.5,0,4,0.0,0,0,0.0,1,5,6,6,3,3,1,0,6,1,12,-1,37.2,0,0,32.0,1,1,1,1,14,7,4,13,22,12,22,17,18,17,14,15,17,10,4,1,2,1,27,19,14,17,11,9,2,14,1,31:20,1,2025-26
2025-26,1628404,Josh Hart,Josh,1610612752,NYK,New York Knicks,0022500382,2025-12-19T00:00:00,NYK vs. PHI,L,33.833333333333336,2,7,0.286,1,3,0.333,0,0,0.0,2,8,10,6,3,1,0,1,1,2,5,-12,26.0,0,0,24.0,1,20,20,20,9,23,21,24,11,18,13,17,18,17,8,8,8,10,4,13,8,20,3,11,25,23,19,9,2,20,1,33:50,1,2025-26
2025-26,1628404,Josh Hart,Josh,1610612752,NYK,New York Knicks,0022500398,2025-12-21T00:00:00,NYK vs. MIA,W,33.28333333333333,5,10,0.5,3,5,0.6,0,0,0.0,1,9,10,5,0,2,0,0,3,1,13,4,38.5,1,0,35.0,1,1,1,1,13,9,12,13,6,5,5,17,18,17,14,7,8,13,26,5,8,1,16,19,13,13,10,1,2,11,1,33:17,1,2025-26
2025-26,1628404,Josh Hart,Josh,1610612752,NYK,New York Knicks,0022500416,2025-12-23T00:00:00,NYK @ MIN,L,42.45166666666667,5,14,0.357,1,3,0.333,1,1,1.0,4,11,15,8,6,2,0,2,3,3,12,-5,42.0,1,0,40.0,1,20,20,20,1,9,1,23,11,18,13,11,12,1,3,3,1,3,1,5,8,25,16,5,14,21,5,1,2,4,1,42:27,1,2025-26
2025-26,1628404,Josh Hart,Josh,1610612752,NYK,New York Knicks,0022500009,2025-12-25T00:00:00,NYK vs. CLE,W,26.416666666666668,5,9,0.556,2,5,0.4,3,3,1.0,1,4,5,3,1,0,0,0,2,2,15,-19,24.5,0,0,25.0,1,1,1,1,21,9,16,9,9,5,12,3,5,1,14,20,20,21,18,23,8,1,10,11,9,27,21,9,2,18,1,26:25,1,2025-26
