SEASON_YEAR,PLAYER_ID,PLAYER_NAME,NICKNAME,TEAM_ID,TEAM_ABBREVIATION,TEAM_NAME,GAME_ID,GAME_DATE,MATCHUP,WL,MIN,FGM,FGA,FG_PCT,FG3M,FG3A,FG3_PCT,FTM,FTA,FT_PCT,OREB,DREB,REB,AST,TOV,STL,BLK,BLKA,PF,PFD,PTS,PLUS_MINUS,NBA_FANTASY_PTS,DD2,TD3,WNBA_FANTASY_PTS,GP_RANK,W_RANK,L_RANK,W_PCT_RANK,MIN_RANK,FGM_RANK,FGA_RANK,FG_PCT_RANK,FG3M_RANK,FG3A_RANK,FG3_PCT_RANK,FTM_RANK,FTA_RANK,FT_PCT_RANK,OREB_RANK,DREB_RANK,REB_RANK,AST_RANK,TOV_RANK,STL_RANK,BLK_RANK,BLKA_RANK,PF_RANK,PFD_RANK,PTS_RANK,PLUS_MINUS_RANK,NBA_FANTASY_PTS_RANK,DD2_RANK,TD3_RANK,WNBA_FANTASY_PTS_RANK,AVAILABLE_FLAG,MIN_SEC,TEAM_COUNT,SEASON
2017-18,1626157,Karl-Anthony Towns,Karl-Anthony,1610612750,MIN,Minnesota Timberwolves,0021700011,2017-10-18T00:00:00,MIN @ SAS,L,34.5,8,15,0.533,0,1,0.0,2,2,1.0,2,11,13,1,2,2,1,1,4,1,18,0,42.1,1,0,38.0,1,48,48,48,55,34,32,46,61,69,61,58,62,1,48,17,24,58,28,4,31,40,37,79,49,52,42,1,1,48,1,34:30,1,2017-18
2017-18,1626157,Karl-Anthony Towns,Karl-Anthony,1610612750,MIN,Minnesota Timberwolves,0021700023,2017-10-20T00:00:00,MIN vs. UTA,W,32.483333333333334,7,12,0.583,0,1,0.0,6,8,0.75,0,10,10,1,1,1,2,0,3,6,20,-8,41.5,1,0,37.0,1,1,1,1,62,43,53,32,61,69,61,17,12,54,79,27,59,58,44,16,18,1,21,15,41,68,44,1,1,56,1,32:29,1,2017-18
2017-18,1626157,Karl-Anthony Towns,Karl-Anthony,1610612750,MIN,Minnesota Timberwolves,0021700039,2017-10-22T00:00:00,MIN @ OKC,W,35.583333333333336,11,17,0.647,2,7,0.286,3,3,1.0,4,8,12,1,4,0,1,0,5,4,27,2,41.9,1,0,44.0,1,1,1,1,49,10,16,18,13,3,50,46,54,1,14,52,34,58,6,46,31,1,66,42,17,45,43,1,1,32,1,35:35,1,2017-18
2017-18,1626157,Karl-Anthony Towns,Karl-Anthony,1610612750,MIN,Minnesota Timberwolves,0021700052,2017-10-24T00:00:00,MIN vs. IND,L,30.716666666666665,12,17,0.706,0,1,0.0,4,4,1.0,2,5,7,2,3,0,2,0,4,5,28,-16,42.4,0,0,41.0,1,48,48,48,68,5,16,10,61,69,61,33,40,1,48,78,77,36,14,46,18,1,37,31,14,78,41,69,1,39,2,30:43,1,2017-18
2017-18,1626157,Karl-Anthony Towns,Karl-Anthony,1610612750,MIN,Minnesota Timberwolves,0021700056,2017-10-25T00:00:00,MIN @ DET,L,36.15,8,16,0.5,3,6,0.5,4,4,1.0,1,9,10,1,3,0,1,0,2,3,23,-14,36.5,1,0,39.0,1,48,48,48,43,34,23,51,6,9,22,33,40,1,66,38,59,58,14,46,31,1,8,58,28,76,62,1,1,43,1,36:09,1,2017-18
2017-18,1626157,Karl-Anthony Towns,Karl-Anthony,1610612750,MIN,Minnesota Timberwolves,0021700074,2017-10-27T00:00:00,MIN vs. OKC,W,36.05,12,24,0.5,1,4,0.25,8,9,0.889,7,12,19,0,1,0,4,4,4,5,33,17,66.8,1,0,61.0,1,1,1,1,46,5,3,51,40,23,52,6,6,38,2,12,3,77,44,46,4,81,37,31,5,15,4,1,1,4,1,36:03,1,2017-18
2017-18,1626157,Karl-Anthony Towns,Karl-Anthony,1610612750,MIN,Minnesota Timberwolves,0021700093,2017-10-30T00:00:00,MIN @ MIA,W,38.81666666666667,7,11,0.636,3,4,0.75,3,4,0.75,3,9,12,1,0,1,3,0,4,4,20,12,47.9,1,0,44.0,1,1,1,1,24,43,60,21,6,23,11,46,40,54,26,38,34,58,69,16,8,1,37,42,41,22,33,1,1,32,1,38:49,1,2017-18
2017-18,1626157,Karl-Anthony Towns,Karl-Anthony,1610612750,MIN,Minnesota Timberwolves,0021700113,2017-11-01T00:00:00,MIN @ NOP,W,22.566666666666666,1,7,0.143,0,0,0.0,0,0,0.0,1,4,5,0,4,1,2,2,5,1,2,-2,13.0,0,0,13.0,1,1,1,1,80,81,76,81,61,76,61,76,77,76,66,79,80,77,6,16,18,67,66,79,82,58,82,69,1,82,2,22:34,1,2017-18
2017-18,1626157,Karl-Anthony Towns,Karl-Anthony,1610612750,MIN,Minnesota Timberwolves,0021700134,2017-11-04T00:00:00,MIN vs. DAL,W,32.016666666666666,11,18,0.611,2,5,0.4,7,8,0.875,3,9,12,2,2,0,2,0,2,7,31,10,52.4,1,0,51.0,1,1,1,1,65,10,14,26,13,16,40,12,12,42,26,38,34,36,28,46,18,1,8,7,7,26,20,1,1,17,1,32:01,1,2017-18
2017-18,1626157,Karl-Anthony Towns,Karl-Anthony,1610612750,MIN,Minnesota Timberwolves,0021700143,2017-11-05T00:00:00,MIN vs. CHA,W,28.533333333333335,5,11,0.455,0,4,0.0,6,6,1.0,2,7,9,2,4,0,2,1,5,7,16,10,31.8,0,0,31.0,1,1,1,1,75,66,60,63,61,23,61,17,23,1,48,62,70,36,6,46,18,40,66,7,57,26,69,69,1,70,1,28:32,1,2017-18
2017-18,1626157,Karl-Anthony Towns,Karl-Anthony,1610612750,MIN,Minnesota Timberwolves,0021700163,2017-11-08T00:00:00,MIN @ GSW,L,27.233333333333334,5,11,0.455,1,4,0.25,5,7,0.714,3,9,12,1,1,1,0,0,1,6,16,-5,33.9,1,0,32.0,1,48,48,48,77,66,60,63,40,23,52,27,19,61,26,38,34,58,44,16,58,1,1,15,57,64,67,1,1,67,1,27:14,1,2017-18
2017-18,1626157,Karl-Anthony Towns,Karl-Anthony,1610612750,MIN,Minnesota Timberwolves,0021700186,2017-11-11T00:00:00,MIN @ PHX,L,38.7,8,19,0.421,1,5,0.2,0,0,0.0,5,7,12,2,0,1,2,2,5,2,17,-27,43.4,1,0,38.0,1,48,48,48,25,34,8,67,40,16,57,76,77,76,6,62,34,36,69,16,18,67,66,70,56,82,40,1,1,48,1,38:42,1,2017-18
2017-18,1626157,Karl-Anthony Towns,Karl-Anthony,1610612750,MIN,Minnesota Timberwolves,0021700197,2017-11-13T00:00:00,MIN @ UTA,W,41.3,10,15,0.667,4,6,0.667,0,0,0.0,1,12,13,1,0,1,1,0,2,2,24,3,47.1,1,0,46.0,1,1,1,1,6,16,32,13,3,9,13,76,77,76,66,12,24,58,69,16,31,1,8,70,24,43,35,1,1,26,2,41:18,1,2017-18
2017-18,1626157,Karl-Anthony Towns,Karl-Anthony,1610612750,MIN,Minnesota Timberwolves,0021700210,2017-11-15T00:00:00,MIN vs. SAS,W,40.4,10,18,0.556,2,2,1.0,4,6,0.667,6,10,16,2,2,1,2,2,4,7,26,0,55.2,1,0,52.0,1,1,1,1,12,16,14,39,13,56,1,33,23,63,3,27,12,36,28,16,18,67,37,7,18,52,14,1,1,15,1,40:24,1,2017-18
2017-18,1626157,Karl-Anthony Towns,Karl-Anthony,1610612750,MIN,Minnesota Timberwolves,0021700224,2017-11-17T00:00:00,MIN @ DAL,W,37.473333333333336,5,10,0.5,1,4,0.25,4,5,0.8,2,9,11,2,2,1,0,1,4,4,15,23,32.2,1,0,31.0,1,1,1,1,37,66,68,51,40,23,52,33,35,51,48,38,49,36,28,16,58,40,37,42,66,6,68,1,1,70,2,37:28,1,2017-18
2017-18,1626157,Karl-Anthony Towns,Karl-Anthony,1610612750,MIN,Minnesota Timberwolves,0021700238,2017-11-19T00:00:00,MIN vs. DET,L,38.31666666666667,6,13,0.462,2,4,0.5,2,2,1.0,1,8,9,3,1,0,0,1,1,2,16,4,30.3,0,0,30.0,1,48,48,48,29,53,45,59,13,23,22,58,62,1,66,52,70,19,44,46,58,40,1,70,57,41,72,69,1,73,1,38:19,1,2017-18
2017-18,1626157,Karl-Anthony Towns,Karl-Anthony,1610612750,MIN,Minnesota Timberwolves,0021700241,2017-11-20T00:00:00,MIN @ CHA,L,30.033333333333335,5,10,0.5,0,3,0.0,8,9,0.889,2,10,12,2,1,0,1,0,4,5,18,-11,37.4,1,0,34.0,1,48,48,48,71,66,68,51,61,41,61,6,6,38,48,27,34,36,44,46,31,1,37,31,49,71,58,1,1,63,1,30:02,1,2017-18
2017-18,1626157,Karl-Anthony Towns,Karl-Anthony,1610612750,MIN,Minnesota Timberwolves,0021700261,2017-11-22T00:00:00,MIN vs. ORL,W,36.11666666666667,7,11,0.636,2,3,0.667,2,3,0.667,3,10,13,2,2,0,0,0,2,2,18,7,34.6,1,0,35.0,1,1,1,1,45,43,60,21,13,41,13,58,54,63,26,27,24,36,28,46,58,1,8,70,49,35,66,1,1,60,2,36:07,1,2017-18
2017-18,1626157,Karl-Anthony Towns,Karl-Anthony,1610612750,MIN,Minnesota Timberwolves,0021700272,2017-11-24T00:00:00,MIN vs. MIA,L,38.53333333333333,6,14,0.429,0,3,0.0,6,7,0.857,3,8,11,3,2,0,1,2,4,8,18,-18,36.7,1,0,34.0,1,48,48,48,27,53,41,66,61,41,61,17,19,45,26,52,49,19,28,46,31,67,37,4,49,79,61,1,1,63,2,38:32,1,2017-18
2017-18,1626157,Karl-Anthony Towns,Karl-Anthony,1610612750,MIN,Minnesota Timberwolves,0021700288,2017-11-26T00:00:00,MIN vs. PHX,W,39.15,12,26,0.462,2,6,0.333,6,6,1.0,5,7,12,2,1,0,1,1,2,8,32,13,51.4,1,0,50.0,1,1,1,1,19,5,2,59,13,9,44,17,23,1,6,62,34,36,44,46,31,40,8,4,6,20,21,1,1,21,1,39:09,1,2017-18
2017-18,1626157,Karl-Anthony Towns,Karl-Anthony,1610612750,MIN,Minnesota Timberwolves,0021700300,2017-11-28T00:00:00,MIN vs. WAS,L,39.8,9,19,0.474,2,5,0.4,0,0,0.0,3,14,17,0,4,1,0,2,4,4,20,3,39.4,1,0,41.0,1,48,48,48,18,25,8,58,13,16,40,76,77,76,26,5,8,77,6,16,58,67,37,42,41,43,52,1,1,39,1,39:48,1,2017-18
2017-18,1626157,Karl-Anthony Towns,Karl-Anthony,1610612750,MIN,Minnesota Timberwolves,0021700309,2017-11-29T00:00:00,MIN @ NOP,W,20.731666666666666,4,7,0.571,1,2,0.5,2,2,1.0,2,8,10,3,6,0,0,0,5,2,11,4,21.5,1,0,25.0,1,1,1,1,81,74,76,36,40,56,22,58,62,1,48,52,59,19,2,46,58,1,66,70,77,41,80,1,1,78,1,20:44,1,2017-18
2017-18,1626157,Karl-Anthony Towns,Karl-Anthony,1610612750,MIN,Minnesota Timberwolves,0021700324,2017-12-01T00:00:00,MIN @ OKC,L,35.416666666666664,9,17,0.529,1,3,0.333,4,4,1.0,3,6,9,0,2,2,1,0,5,6,23,5,40.8,0,0,39.0,1,48,48,48,50,25,16,48,40,41,44,33,40,1,26,72,70,77,28,4,31,1,66,15,28,38,46,69,1,43,2,35:25,1,2017-18
2017-18,1626157,Karl-Anthony Towns,Karl-Anthony,1610612750,MIN,Minnesota Timberwolves,0021700336,2017-12-03T00:00:00,MIN vs. LAC,W,37.46666666666667,6,13,0.462,2,3,0.667,1,2,0.5,3,9,12,1,3,1,0,0,4,4,15,12,30.9,1,0,32.0,1,1,1,1,38,53,45,59,13,41,13,73,62,74,26,38,34,58,14,16,58,1,37,42,66,22,70,1,1,67,1,37:28,1,2017-18
2017-18,1626157,Karl-Anthony Towns,Karl-Anthony,1610612750,MIN,Minnesota Timberwolves,0021700345,2017-12-04T00:00:00,MIN @ MEM,L,37.61666666666667,2,6,0.333,1,2,0.5,2,2,1.0,1,10,11,3,0,0,1,0,4,4,7,5,27.7,0,0,24.0,1,48,48,48,34,79,81,77,40,56,22,58,62,1,66,27,49,19,69,46,31,1,37,42,81,38,77,69,1,79,1,37:37,1,2017-18
2017-18,1626157,Karl-Anthony Towns,Karl-Anthony,1610612750,MIN,Minnesota Timberwolves,0021700362,2017-12-06T00:00:00,MIN @ LAC,W,39.05,9,14,0.643,0,2,0.0,3,5,0.6,1,11,12,4,4,2,4,1,3,7,21,9,55.4,1,0,49.0,1,1,1,1,22,25,41,19,61,56,61,46,35,72,66,17,34,7,6,4,4,40,21,7,37,29,13,1,1,23,1,39:03,1,2017-18
2017-18,1626157,Karl-Anthony Towns,Karl-Anthony,1610612750,MIN,Minnesota Timberwolves,0021700388,2017-12-10T00:00:00,MIN vs. DAL,W,37.93333333333333,10,15,0.667,2,4,0.5,6,6,1.0,4,8,12,4,7,3,0,1,4,6,28,9,50.4,1,0,52.0,1,1,1,1,31,16,32,13,13,23,22,17,23,1,14,52,34,7,1,2,58,40,37,15,14,29,24,1,1,15,1,37:56,1,2017-18
2017-18,1626157,Karl-Anthony Towns,Karl-Anthony,1610612750,MIN,Minnesota Timberwolves,0021700401,2017-12-12T00:00:00,MIN vs. PHI,L,48.1,6,16,0.375,0,4,0.0,7,10,0.7,4,12,16,2,1,4,3,0,4,6,19,-10,61.2,1,0,51.0,1,48,48,48,1,53,23,75,61,23,61,12,4,62,14,12,12,36,44,1,8,1,37,15,47,70,9,1,1,17,1,48:06,1,2017-18
2017-18,1626157,Karl-Anthony Towns,Karl-Anthony,1610612750,MIN,Minnesota Timberwolves,0021700416,2017-12-14T00:00:00,MIN vs. SAC,W,34.88333333333333,11,16,0.688,2,4,0.5,6,9,0.667,5,9,14,5,0,1,5,0,4,8,30,22,72.3,1,0,63.0,1,1,1,1,54,10,23,11,13,23,22,17,6,63,6,38,20,5,69,16,2,1,37,4,10,8,2,1,1,3,1,34:53,1,2017-18
2017-18,1626157,Karl-Anthony Towns,Karl-Anthony,1610612750,MIN,Minnesota Timberwolves,0021700434,2017-12-16T00:00:00,MIN vs. PHX,L,40.11,7,17,0.412,4,7,0.571,10,12,0.833,4,7,11,4,1,2,1,0,5,7,28,13,55.2,1,0,53.0,1,48,48,48,14,43,16,69,3,3,21,3,2,47,14,62,49,7,44,4,31,1,66,7,14,20,14,1,1,10,1,40:07,1,2017-18
2017-18,1626157,Karl-Anthony Towns,Karl-Anthony,1610612750,MIN,Minnesota Timberwolves,0021700446,2017-12-18T00:00:00,MIN vs. POR,W,40.63333333333333,5,15,0.333,3,6,0.5,3,4,0.75,3,4,7,4,4,1,0,1,3,4,16,8,29.4,0,0,32.0,1,1,1,1,10,66,32,77,6,9,22,46,40,54,26,79,77,7,6,16,58,40,21,42,57,32,73,69,1,67,1,40:38,1,2017-18
2017-18,1626157,Karl-Anthony Towns,Karl-Anthony,1610612750,MIN,Minnesota Timberwolves,0021700462,2017-12-20T00:00:00,MIN @ DEN,W,37.583333333333336,11,16,0.688,2,2,1.0,1,1,1.0,4,6,10,2,1,3,0,1,2,3,25,0,48.0,1,0,45.0,1,1,1,1,35,10,23,11,13,56,1,73,75,1,14,72,59,36,44,2,58,40,8,58,22,52,31,1,1,28,2,37:35,1,2017-18
2017-18,1626157,Karl-Anthony Towns,Karl-Anthony,1610612750,MIN,Minnesota Timberwolves,0021700490,2017-12-23T00:00:00,MIN @ PHX,W,38.333333333333336,6,10,0.6,1,2,0.5,3,4,0.75,4,10,14,1,3,1,2,1,4,6,16,14,40.3,1,0,38.0,1,1,1,1,28,53,68,27,40,56,22,46,40,54,14,27,20,58,14,16,18,40,37,15,57,18,49,1,1,48,1,38:20,1,2017-18
2017-18,1626157,Karl-Anthony Towns,Karl-Anthony,1610612750,MIN,Minnesota Timberwolves,0021700497,2017-12-25T00:00:00,MIN @ LAL,W,39.81666666666667,7,12,0.583,2,6,0.333,5,6,0.833,0,10,10,2,3,1,4,0,2,7,21,18,48.0,1,0,45.0,1,1,1,1,17,43,53,32,13,9,44,27,23,47,79,27,59,36,14,16,4,1,8,7,37,13,31,1,1,28,1,39:49,1,2017-18
2017-18,1626157,Karl-Anthony Towns,Karl-Anthony,1610612750,MIN,Minnesota Timberwolves,0021700510,2017-12-27T00:00:00,MIN vs. DEN,W,30.033333333333335,6,12,0.5,2,3,0.667,0,0,0.0,4,9,13,6,3,0,4,1,6,0,14,11,47.6,1,0,43.0,1,1,1,1,71,53,53,51,13,41,13,76,77,76,14,38,24,2,14,46,4,40,80,82,73,25,34,1,1,37,1,30:02,1,2017-18
2017-18,1626157,Karl-Anthony Towns,Karl-Anthony,1610612750,MIN,Minnesota Timberwolves,0021700518,2017-12-28T00:00:00,MIN @ MIL,L,35.8,8,12,0.667,4,8,0.5,2,3,0.667,1,4,5,4,2,1,1,0,2,3,22,2,38.0,0,0,39.0,1,48,48,48,47,34,53,13,3,1,22,58,54,63,66,79,80,7,28,16,31,1,8,58,32,45,57,69,1,43,1,35:48,1,2017-18
2017-18,1626157,Karl-Anthony Towns,Karl-Anthony,1610612750,MIN,Minnesota Timberwolves,0021700538,2017-12-31T00:00:00,MIN @ IND,W,37.916666666666664,6,11,0.545,1,3,0.333,5,6,0.833,1,13,14,4,1,2,6,0,4,3,18,26,63.8,1,0,53.0,1,1,1,1,32,53,60,40,40,41,44,27,23,47,66,7,20,7,44,4,1,1,37,58,49,5,7,1,1,10,1,37:55,1,2017-18
2017-18,1626157,Karl-Anthony Towns,Karl-Anthony,1610612750,MIN,Minnesota Timberwolves,0021700548,2018-01-01T00:00:00,MIN vs. LAL,W,26.683333333333334,7,13,0.538,2,4,0.5,0,0,0.0,2,11,13,1,4,2,1,1,4,3,16,17,38.1,1,0,38.0,1,1,1,1,78,43,45,44,13,23,22,76,77,76,48,17,24,58,6,4,31,40,37,58,57,15,56,1,1,48,1,26:41,1,2017-18
2017-18,1626157,Karl-Anthony Towns,Karl-Anthony,1610612750,MIN,Minnesota Timberwolves,0021700557,2018-01-03T00:00:00,MIN @ BKN,L,40.295,8,16,0.5,0,4,0.0,0,1,0.0,2,8,10,0,0,0,0,1,1,3,16,-3,28.0,1,0,26.0,1,48,48,48,13,34,23,51,61,23,61,76,75,76,48,52,59,77,69,46,58,40,1,58,57,61,76,1,1,76,1,40:18,1,2017-18
2017-18,1626157,Karl-Anthony Towns,Karl-Anthony,1610612750,MIN,Minnesota Timberwolves,0021700570,2018-01-05T00:00:00,MIN @ BOS,L,42.35,9,16,0.563,1,4,0.25,6,6,1.0,2,21,23,1,0,0,2,1,2,5,25,0,60.1,1,0,54.0,1,48,48,48,4,25,23,38,40,23,52,17,23,1,48,1,1,58,69,46,18,40,8,31,22,52,10,1,1,9,1,42:21,1,2017-18
2017-18,1626157,Karl-Anthony Towns,Karl-Anthony,1610612750,MIN,Minnesota Timberwolves,0021700584,2018-01-06T00:00:00,MIN vs. NOP,W,34.901666666666664,7,11,0.636,3,3,1.0,4,4,1.0,3,13,16,3,2,1,1,1,4,6,21,21,48.7,1,0,47.0,1,1,1,1,53,43,60,21,6,41,1,33,40,1,26,7,12,19,28,16,31,40,37,15,37,10,29,1,1,25,1,34:54,1,2017-18
2017-18,1626157,Karl-Anthony Towns,Karl-Anthony,1610612750,MIN,Minnesota Timberwolves,0021700594,2018-01-08T00:00:00,MIN vs. CLE,W,30.166666666666668,8,11,0.727,1,2,0.5,2,2,1.0,3,9,12,4,2,0,1,0,3,3,19,31,40.4,1,0,38.0,1,1,1,1,69,34,60,9,40,56,22,58,62,1,26,38,34,7,28,46,31,1,21,58,47,1,48,1,1,48,1,30:10,1,2017-18
2017-18,1626157,Karl-Anthony Towns,Karl-Anthony,1610612750,MIN,Minnesota Timberwolves,0021700611,2018-01-10T00:00:00,MIN vs. OKC,W,30.116666666666667,7,12,0.583,2,3,0.667,2,2,1.0,3,9,12,3,1,0,0,0,3,2,18,18,35.9,1,0,35.0,1,1,1,1,70,43,53,32,13,41,13,58,62,1,26,38,34,19,44,46,58,1,21,70,49,13,63,1,1,60,1,30:07,1,2017-18
2017-18,1626157,Karl-Anthony Towns,Karl-Anthony,1610612750,MIN,Minnesota Timberwolves,0021700623,2018-01-12T00:00:00,MIN vs. NYK,W,39.983333333333334,9,15,0.6,2,4,0.5,3,4,0.75,4,11,15,9,3,0,1,1,2,6,23,9,54.5,1,0,51.0,1,1,1,1,16,25,32,27,13,23,22,46,40,54,14,17,18,1,14,46,31,40,8,15,28,29,18,1,1,17,1,39:59,1,2017-18
2017-18,1626157,Karl-Anthony Towns,Karl-Anthony,1610612750,MIN,Minnesota Timberwolves,0021700637,2018-01-14T00:00:00,MIN vs. POR,W,36.233333333333334,6,11,0.545,2,3,0.667,6,7,0.857,0,11,11,2,2,1,0,1,4,7,20,27,37.2,1,0,37.0,1,1,1,1,42,53,60,40,13,41,13,17,19,45,79,17,49,36,28,16,58,40,37,7,41,3,59,1,1,56,1,36:14,1,2017-18
2017-18,1626157,Karl-Anthony Towns,Karl-Anthony,1610612750,MIN,Minnesota Timberwolves,0021700649,2018-01-16T00:00:00,MIN @ ORL,L,40.07,6,13,0.462,1,1,1.0,2,2,1.0,2,10,12,1,1,0,3,2,3,4,15,-2,38.9,1,0,35.0,1,48,48,48,15,53,45,59,40,69,1,58,62,1,48,27,34,58,44,46,8,67,21,42,66,58,55,1,1,60,1,40:04,1,2017-18
2017-18,1626157,Karl-Anthony Towns,Karl-Anthony,1610612750,MIN,Minnesota Timberwolves,0021700665,2018-01-18T00:00:00,MIN @ HOU,L,36.95,10,19,0.526,1,7,0.143,1,2,0.5,3,13,16,3,0,2,5,1,3,1,22,2,66.7,1,0,56.0,1,48,48,48,39,16,8,49,40,3,59,73,62,74,26,7,12,19,69,4,2,40,21,79,32,45,5,1,1,7,1,36:57,1,2017-18
2017-18,1626157,Karl-Anthony Towns,Karl-Anthony,1610612750,MIN,Minnesota Timberwolves,0021700680,2018-01-20T00:00:00,MIN vs. TOR,W,27.666666666666668,6,7,0.857,2,2,1.0,8,9,0.889,3,7,10,2,1,0,1,1,5,6,22,0,39.0,1,0,38.0,1,1,1,1,76,53,76,2,13,56,1,6,6,38,26,62,59,36,44,46,31,40,66,15,32,52,54,1,1,48,2,27:40,1,2017-18
2017-18,1626157,Karl-Anthony Towns,Karl-Anthony,1610612750,MIN,Minnesota Timberwolves,0021700695,2018-01-22T00:00:00,MIN @ LAC,W,32.63333333333333,1,7,0.143,0,1,0.0,9,10,0.9,6,11,17,3,2,0,1,0,1,7,11,8,36.9,1,0,33.0,1,1,1,1,61,81,76,81,61,69,61,4,4,37,3,17,8,19,28,46,31,1,1,7,77,32,60,1,1,65,1,32:38,1,2017-18
2017-18,1626157,Karl-Anthony Towns,Karl-Anthony,1610612750,MIN,Minnesota Timberwolves,0021700708,2018-01-24T00:00:00,MIN @ POR,L,30.85,6,9,0.667,2,4,0.5,2,2,1.0,2,7,9,1,1,0,0,0,3,3,16,-14,27.3,0,0,28.0,1,48,48,48,67,53,72,13,13,23,22,58,62,1,48,62,70,58,44,46,58,1,21,58,57,76,79,69,1,75,1,30:51,1,2017-18
2017-18,1626157,Karl-Anthony Towns,Karl-Anthony,1610612750,MIN,Minnesota Timberwolves,0021700713,2018-01-25T00:00:00,MIN @ GSW,L,35.61666666666667,13,24,0.542,1,5,0.2,4,6,0.667,5,6,11,5,2,0,0,1,2,6,31,-12,49.7,1,0,48.0,1,48,48,48,48,2,3,42,40,16,57,33,23,63,6,72,49,5,28,46,58,40,8,15,7,74,25,1,1,24,1,35:37,1,2017-18
2017-18,1626157,Karl-Anthony Towns,Karl-Anthony,1610612750,MIN,Minnesota Timberwolves,0021700729,2018-01-27T00:00:00,MIN vs. BKN,W,33.56333333333333,7,17,0.412,0,4,0.0,2,2,1.0,10,9,19,1,1,1,3,4,1,2,16,8,51.3,1,0,44.0,1,1,1,1,56,43,16,69,61,23,61,58,62,1,1,38,3,58,44,16,8,81,1,70,57,32,22,1,1,32,1,33:34,1,2017-18
2017-18,1626157,Karl-Anthony Towns,Karl-Anthony,1610612750,MIN,Minnesota Timberwolves,0021700739,2018-01-29T00:00:00,MIN @ ATL,L,32.05,6,8,0.75,1,2,0.5,2,2,1.0,1,12,13,3,3,2,1,0,3,2,15,-2,41.1,1,0,38.0,1,48,48,48,64,53,74,7,40,56,22,58,62,1,66,12,24,19,14,4,31,1,21,70,66,58,45,1,1,48,1,32:03,1,2017-18
2017-18,1626157,Karl-Anthony Towns,Karl-Anthony,1610612750,MIN,Minnesota Timberwolves,0021700746,2018-01-30T00:00:00,MIN @ TOR,L,28.65,4,7,0.571,0,0,0.0,3,3,1.0,2,8,10,3,0,0,0,0,3,4,11,-4,27.5,1,0,24.0,1,48,48,48,74,74,76,36,61,76,61,46,54,1,48,52,59,19,69,46,58,1,21,42,77,62,78,1,1,79,1,28:39,1,2017-18
2017-18,1626157,Karl-Anthony Towns,Karl-Anthony,1610612750,MIN,Minnesota Timberwolves,0021700763,2018-02-01T00:00:00,MIN vs. MIL,W,32.766666666666666,10,13,0.769,1,2,0.5,3,3,1.0,3,8,11,3,2,0,0,0,5,2,24,21,39.7,1,0,39.0,1,1,1,1,59,16,45,5,40,56,22,46,54,1,26,52,49,19,28,46,58,1,66,70,24,10,50,1,1,43,1,32:46,1,2017-18
2017-18,1626157,Karl-Anthony Towns,Karl-Anthony,1610612750,MIN,Minnesota Timberwolves,0021700780,2018-02-03T00:00:00,MIN vs. NOP,W,32.848333333333336,8,16,0.5,3,3,1.0,3,4,0.75,6,10,16,1,1,1,0,2,3,4,22,14,44.7,1,0,44.0,1,1,1,1,58,34,23,51,6,41,1,46,40,54,3,27,12,58,44,16,58,67,21,42,32,18,37,1,1,32,1,32:51,1,2017-18
2017-18,1626157,Karl-Anthony Towns,Karl-Anthony,1610612750,MIN,Minnesota Timberwolves,0021700807,2018-02-07T00:00:00,MIN @ CLE,L,36.93333333333333,10,12,0.833,6,6,1.0,4,4,1.0,1,9,10,1,3,1,2,0,2,6,30,1,49.5,1,0,53.0,1,48,48,48,40,16,53,3,1,9,1,33,40,1,66,38,59,58,14,16,18,1,8,15,10,50,26,1,1,10,1,36:56,1,2017-18
2017-18,1626157,Karl-Anthony Towns,Karl-Anthony,1610612750,MIN,Minnesota Timberwolves,0021700822,2018-02-09T00:00:00,MIN @ CHI,L,32.64,3,8,0.375,0,1,0.0,8,9,0.889,3,7,10,2,0,0,0,1,5,5,14,5,29.0,1,0,26.0,1,48,48,48,60,77,74,75,61,69,61,6,6,38,26,62,59,36,69,46,58,40,66,31,73,38,74,1,1,76,1,32:38,1,2017-18
2017-18,1626157,Karl-Anthony Towns,Karl-Anthony,1610612750,MIN,Minnesota Timberwolves,0021700838,2018-02-11T00:00:00,MIN vs. SAC,W,36.68333333333333,10,17,0.588,2,7,0.286,7,7,1.0,2,6,8,6,1,1,3,0,1,5,29,12,58.6,0,0,53.0,1,1,1,1,41,16,16,31,13,3,50,12,19,1,48,72,76,2,44,16,8,1,1,31,13,22,12,69,1,10,1,36:41,1,2017-18
2017-18,1626157,Karl-Anthony Towns,Karl-Anthony,1610612750,MIN,Minnesota Timberwolves,0021700849,2018-02-13T00:00:00,MIN vs. HOU,L,35.31333333333333,12,16,0.75,2,3,0.667,9,9,1.0,5,7,12,3,1,1,3,1,6,6,35,-4,64.9,1,0,60.0,1,48,48,48,52,5,23,7,13,41,13,4,6,1,6,62,34,19,44,16,8,40,80,15,3,62,6,1,1,5,1,35:19,1,2017-18
2017-18,1626157,Karl-Anthony Towns,Karl-Anthony,1610612750,MIN,Minnesota Timberwolves,0021700866,2018-02-15T00:00:00,MIN vs. LAL,W,32.215,2,9,0.222,0,2,0.0,6,6,1.0,2,16,18,4,3,0,2,0,4,5,10,7,40.6,1,0,36.0,1,1,1,1,63,79,72,79,61,56,61,17,23,1,48,2,5,7,14,46,18,1,37,31,80,35,47,1,1,59,1,32:13,1,2017-18
2017-18,1626157,Karl-Anthony Towns,Karl-Anthony,1610612750,MIN,Minnesota Timberwolves,0021700877,2018-02-23T00:00:00,MIN @ HOU,L,31.7,6,15,0.4,1,2,0.5,5,5,1.0,4,9,13,3,2,0,1,2,3,5,18,-6,39.1,1,0,37.0,1,48,48,48,66,53,32,71,40,56,22,27,35,1,14,38,24,19,28,46,31,67,21,31,49,66,53,1,1,56,1,31:42,1,2017-18
2017-18,1626157,Karl-Anthony Towns,Karl-Anthony,1610612750,MIN,Minnesota Timberwolves,0021700888,2018-02-24T00:00:00,MIN vs. CHI,W,37.54333333333334,9,20,0.45,0,5,0.0,4,6,0.667,3,10,13,2,4,0,1,3,4,3,22,23,39.6,1,0,39.0,1,1,1,1,36,25,7,65,61,16,61,33,23,63,26,27,24,36,6,46,31,80,37,58,32,6,51,1,1,43,1,37:33,1,2017-18
2017-18,1626157,Karl-Anthony Towns,Karl-Anthony,1610612750,MIN,Minnesota Timberwolves,0021700906,2018-02-26T00:00:00,MIN @ SAC,W,38.60333333333333,9,10,0.9,0,0,0.0,8,8,1.0,3,14,17,4,5,2,2,0,3,6,26,21,59.4,1,0,55.0,1,1,1,1,26,25,68,1,61,76,61,6,12,1,26,5,8,7,3,4,18,1,21,15,18,10,11,1,1,8,1,38:36,1,2017-18
2017-18,1626157,Karl-Anthony Towns,Karl-Anthony,1610612750,MIN,Minnesota Timberwolves,0021700925,2018-03-01T00:00:00,MIN @ POR,L,40.971666666666664,11,19,0.579,1,3,0.333,11,12,0.917,2,15,17,2,1,2,3,2,5,9,34,-6,71.4,1,0,64.0,1,48,48,48,7,10,8,35,40,41,44,2,2,36,48,4,8,36,44,4,8,67,66,2,4,66,3,1,1,2,1,40:58,1,2017-18
2017-18,1626157,Karl-Anthony Towns,Karl-Anthony,1610612750,MIN,Minnesota Timberwolves,0021700934,2018-03-02T00:00:00,MIN @ UTA,L,20.01,4,6,0.667,1,1,1.0,4,4,1.0,0,4,4,0,1,1,0,0,1,3,13,-11,19.8,0,0,20.0,1,48,48,48,82,74,81,13,40,69,1,33,40,1,79,79,82,77,44,16,58,1,1,58,76,71,81,69,1,81,1,20:01,1,2017-18
2017-18,1626157,Karl-Anthony Towns,Karl-Anthony,1610612750,MIN,Minnesota Timberwolves,0021700974,2018-03-08T00:00:00,MIN vs. BOS,L,37.95,5,12,0.417,0,0,0.0,5,8,0.625,3,8,11,3,1,0,1,0,4,6,15,-11,34.7,1,0,31.0,1,48,48,48,30,66,53,68,61,76,61,27,12,71,26,52,49,19,44,46,31,1,37,15,66,71,65,1,1,70,1,37:57,1,2017-18
2017-18,1626157,Karl-Anthony Towns,Karl-Anthony,1610612750,MIN,Minnesota Timberwolves,0021700994,2018-03-11T00:00:00,MIN vs. GSW,W,39.06666666666667,13,24,0.542,2,5,0.4,3,5,0.6,5,11,16,2,1,1,0,1,4,5,31,15,55.2,1,0,53.0,1,1,1,1,21,2,3,42,13,16,40,46,35,72,6,17,12,36,44,16,58,40,37,31,7,17,14,1,1,10,1,39:04,1,2017-18
2017-18,1626157,Karl-Anthony Towns,Karl-Anthony,1610612750,MIN,Minnesota Timberwolves,0021701006,2018-03-13T00:00:00,MIN @ WAS,W,40.76,13,17,0.765,3,3,1.0,8,8,1.0,3,7,10,3,1,1,2,2,5,6,37,0,61.5,1,0,59.0,1,1,1,1,8,2,16,6,6,41,1,6,12,1,26,62,59,19,44,16,18,67,66,15,2,52,8,1,1,6,1,40:46,1,2017-18
2017-18,1626157,Karl-Anthony Towns,Karl-Anthony,1610612750,MIN,Minnesota Timberwolves,0021701042,2018-03-17T00:00:00,MIN @ SAS,L,39.0,8,15,0.533,2,2,1.0,5,6,0.833,3,6,9,2,5,0,1,1,3,4,23,-8,34.8,0,0,38.0,1,48,48,48,23,34,32,46,13,56,1,27,23,47,26,72,70,36,3,46,31,40,21,42,28,68,64,69,1,48,1,39:00,1,2017-18
2017-18,1626157,Karl-Anthony Towns,Karl-Anthony,1610612750,MIN,Minnesota Timberwolves,0021701048,2018-03-18T00:00:00,MIN vs. HOU,L,35.4,9,15,0.6,0,0,0.0,2,3,0.667,5,13,18,1,3,1,1,2,3,5,20,2,46.1,1,0,43.0,1,48,48,48,51,25,32,27,61,76,61,58,54,63,6,7,5,58,14,16,31,67,21,31,41,45,36,1,1,37,1,35:24,1,2017-18
2017-18,1626157,Karl-Anthony Towns,Karl-Anthony,1610612750,MIN,Minnesota Timberwolves,0021701060,2018-03-20T00:00:00,MIN vs. LAC,W,40.505,10,19,0.526,3,7,0.429,7,8,0.875,2,7,9,3,0,2,1,0,5,9,30,22,54.3,0,0,51.0,1,1,1,1,11,16,8,49,6,3,39,12,12,42,48,62,70,19,69,4,31,1,66,2,10,8,19,69,1,17,1,40:30,1,2017-18
2017-18,1626157,Karl-Anthony Towns,Karl-Anthony,1610612750,MIN,Minnesota Timberwolves,0021701081,2018-03-23T00:00:00,MIN @ NYK,W,40.68333333333333,9,14,0.643,2,3,0.667,4,5,0.8,2,11,13,3,1,1,3,0,5,4,24,-5,55.1,1,0,50.0,1,1,1,1,9,25,41,19,13,41,13,33,35,51,48,17,24,19,44,16,8,1,66,42,24,64,17,1,1,21,1,40:41,1,2017-18
2017-18,1626157,Karl-Anthony Towns,Karl-Anthony,1610612750,MIN,Minnesota Timberwolves,0021701088,2018-03-24T00:00:00,MIN @ PHI,L,23.466666666666665,3,15,0.2,2,6,0.333,7,8,0.875,2,9,11,1,5,1,1,1,4,4,15,-18,30.7,1,0,33.0,1,48,48,48,79,77,32,80,13,9,44,12,12,42,48,38,49,58,3,16,31,40,37,42,66,79,71,1,1,65,1,23:28,1,2017-18
2017-18,1626157,Karl-Anthony Towns,Karl-Anthony,1610612750,MIN,Minnesota Timberwolves,0021701106,2018-03-26T00:00:00,MIN vs. MEM,L,39.09166666666667,5,13,0.385,2,4,0.5,3,4,0.75,1,11,12,6,3,0,3,1,4,3,15,-13,44.4,1,0,41.0,1,48,48,48,20,66,45,72,13,23,22,46,40,54,66,17,34,2,14,46,8,40,37,58,66,75,39,1,1,39,1,39:06,1,2017-18
2017-18,1626157,Karl-Anthony Towns,Karl-Anthony,1610612750,MIN,Minnesota Timberwolves,0021701120,2018-03-28T00:00:00,MIN vs. ATL,W,41.35,19,32,0.594,6,8,0.75,12,15,0.8,4,11,15,4,2,0,1,2,4,10,56,7,81.0,1,0,83.0,1,1,1,1,5,1,1,30,1,1,11,1,1,51,14,17,18,7,28,46,31,67,37,1,1,35,1,1,1,1,1,41:21,1,2017-18
2017-18,1626157,Karl-Anthony Towns,Karl-Anthony,1610612750,MIN,Minnesota Timberwolves,0021701134,2018-03-30T00:00:00,MIN @ DAL,W,44.06166666666667,8,21,0.381,1,7,0.143,4,4,1.0,4,16,20,1,0,1,0,0,3,4,21,2,49.5,1,0,45.0,1,1,1,1,3,34,6,74,40,3,59,33,40,1,14,2,2,58,69,16,58,1,21,42,37,45,26,1,1,28,2,44:04,1,2017-18
2017-18,1626157,Karl-Anthony Towns,Karl-Anthony,1610612750,MIN,Minnesota Timberwolves,0021701151,2018-04-01T00:00:00,MIN vs. UTA,L,36.13333333333333,7,13,0.538,0,4,0.0,6,6,1.0,1,6,7,2,3,0,0,1,2,5,20,-21,28.4,0,0,29.0,1,48,48,48,44,43,45,44,61,23,61,17,23,1,66,72,77,36,14,46,58,40,8,31,41,81,75,69,1,74,1,36:08,1,2017-18
2017-18,1626157,Karl-Anthony Towns,Karl-Anthony,1610612750,MIN,Minnesota Timberwolves,0021701180,2018-04-05T00:00:00,MIN @ DEN,L,37.85166666666667,10,16,0.625,2,5,0.4,4,4,1.0,1,12,13,4,3,0,0,0,6,4,26,10,44.6,1,0,45.0,1,48,48,48,33,16,23,25,13,16,40,33,40,1,66,12,24,7,14,46,58,1,80,42,18,26,38,1,1,28,1,37:51,1,2017-18
2017-18,1626157,Karl-Anthony Towns,Karl-Anthony,1610612750,MIN,Minnesota Timberwolves,0021701190,2018-04-06T00:00:00,MIN @ LAL,W,33.233333333333334,5,13,0.385,1,4,0.25,3,3,1.0,3,8,11,4,0,2,3,0,4,4,14,30,48.2,1,0,40.0,1,1,1,1,57,66,45,72,40,23,52,46,54,1,26,52,49,7,69,4,8,1,37,42,73,2,30,1,1,42,1,33:14,1,2017-18
2017-18,1626157,Karl-Anthony Towns,Karl-Anthony,1610612750,MIN,Minnesota Timberwolves,0021701209,2018-04-09T00:00:00,MIN vs. MEM,W,29.833333333333332,11,14,0.786,0,0,0.0,2,3,0.667,5,13,18,2,1,0,1,0,4,3,24,27,50.6,1,0,46.0,1,1,1,1,73,10,41,4,61,76,61,58,54,63,6,7,5,36,44,46,31,1,37,58,24,3,23,1,1,26,1,29:50,1,2017-18
2017-18,1626157,Karl-Anthony Towns,Karl-Anthony,1610612750,MIN,Minnesota Timberwolves,0021701225,2018-04-11T00:00:00,MIN vs. DEN,W,46.895,12,19,0.632,0,0,0.0,2,2,1.0,4,10,14,2,0,1,0,2,4,6,26,1,48.8,1,0,44.0,1,1,1,1,2,5,8,24,61,76,61,58,62,1,14,27,20,36,69,16,58,67,37,15,18,50,28,1,1,32,1,46:54,1,2017-18
2018-19,1626157,Karl-Anthony Towns,Karl-Anthony,1610612750,MIN,Minnesota Timberwolves,0021800010,2018-10-17T00:00:00,MIN @ SAS,L,22.383333333333333,2,6,0.333,1,2,0.5,3,3,1.0,2,7,9,3,3,0,0,0,6,3,8,-4,20.3,0,0,21.0,1,35,35,35,75,77,77,72,48,66,20,53,55,1,49,45,55,33,31,44,59,1,69,64,77,45,77,55,1,77,1,22:23,1,2018-19
2018-19,1626157,Karl-Anthony Towns,Karl-Anthony,1610612750,MIN,Minnesota Timberwolves,0021800021,2018-10-19T00:00:00,MIN vs. CLE,W,34.681666666666665,4,10,0.4,2,2,1.0,2,2,1.0,1,8,9,2,4,0,4,1,4,1,12,2,33.8,0,0,33.0,1,1,1,1,32,74,71,61,19,66,1,60,62,1,62,32,55,49,13,44,4,30,31,75,76,33,62,55,1,61,1,34:41,1,2018-19
2018-19,1626157,Karl-Anthony Towns,Karl-Anthony,1610612750,MIN,Minnesota Timberwolves,0021800032,2018-10-20T00:00:00,MIN @ DAL,L,33.6,9,16,0.563,4,6,0.667,9,10,0.9,1,4,5,2,0,1,1,2,5,7,31,-5,46.0,0,0,46.0,1,35,35,35,39,33,43,30,2,11,11,7,9,38,62,73,73,49,73,20,35,57,50,19,15,49,44,55,1,40,1,33:36,1,2018-19
2018-19,1626157,Karl-Anthony Towns,Karl-Anthony,1610612750,MIN,Minnesota Timberwolves,0021800043,2018-10-22T00:00:00,MIN vs. IND,W,32.96666666666667,6,12,0.5,1,5,0.2,4,4,1.0,2,13,15,0,3,0,2,1,4,4,17,3,38.0,1,0,37.0,1,1,1,1,44,57,66,44,48,25,60,42,49,1,49,10,22,77,31,44,20,30,31,51,60,30,55,1,1,53,1,32:58,1,2018-19
2018-19,1626157,Karl-Anthony Towns,Karl-Anthony,1610612750,MIN,Minnesota Timberwolves,0021800055,2018-10-24T00:00:00,MIN @ TOR,L,35.4,5,17,0.294,1,5,0.2,3,3,1.0,2,6,8,1,4,1,3,1,1,3,14,-4,33.1,0,0,32.0,1,35,35,35,26,67,33,74,48,25,60,53,55,1,49,57,63,65,13,20,10,30,4,64,68,45,64,55,1,64,1,35:24,1,2018-19
2018-19,1626157,Karl-Anthony Towns,Karl-Anthony,1610612750,MIN,Minnesota Timberwolves,0021800071,2018-10-26T00:00:00,MIN vs. MIL,L,26.833333333333332,7,16,0.438,2,5,0.4,0,0,0.0,3,4,7,1,1,1,2,0,3,0,16,-23,33.9,0,0,32.0,1,35,35,35,70,49,43,54,19,25,35,75,75,75,34,73,66,65,64,20,20,1,16,77,62,76,61,55,1,64,1,26:50,1,2018-19
2018-19,1626157,Karl-Anthony Towns,Karl-Anthony,1610612750,MIN,Minnesota Timberwolves,0021800093,2018-10-29T00:00:00,MIN vs. LAL,W,32.0,7,18,0.389,3,6,0.5,8,8,1.0,9,7,16,6,5,1,4,1,4,7,25,5,63.2,1,0,60.0,1,1,1,1,49,49,26,66,8,11,20,9,16,1,2,45,18,8,7,20,4,30,31,19,35,27,15,1,1,15,1,32:00,1,2018-19
2018-19,1626157,Karl-Anthony Towns,Karl-Anthony,1610612750,MIN,Minnesota Timberwolves,0021800107,2018-10-31T00:00:00,MIN vs. UTA,W,40.13333333333333,9,17,0.529,4,9,0.444,6,8,0.75,3,13,16,4,3,2,2,1,4,8,28,10,62.2,1,0,60.0,1,1,1,1,4,33,33,41,2,1,34,21,16,53,34,10,18,20,31,5,20,30,31,11,22,18,17,1,1,15,1,40:08,1,2018-19
2018-19,1626157,Karl-Anthony Towns,Karl-Anthony,1610612750,MIN,Minnesota Timberwolves,0021800124,2018-11-02T00:00:00,MIN @ GSW,L,35.36666666666667,5,13,0.385,2,6,0.333,1,2,0.5,1,10,11,1,2,2,1,0,0,3,13,-15,34.7,1,0,33.0,1,35,35,35,27,67,62,67,19,11,45,71,62,73,62,24,40,65,48,5,35,1,1,64,71,70,60,1,1,61,1,35:22,1,2018-19
2018-19,1626157,Karl-Anthony Towns,Karl-Anthony,1610612750,MIN,Minnesota Timberwolves,0021800138,2018-11-04T00:00:00,MIN @ POR,L,25.373333333333335,7,13,0.538,2,4,0.5,7,8,0.875,0,5,5,3,1,0,0,0,3,9,23,-16,32.5,0,0,33.0,1,35,35,35,73,49,62,39,19,44,20,14,16,39,73,66,73,33,64,44,59,1,16,6,44,73,65,55,1,61,1,25:22,1,2018-19
2018-19,1626157,Karl-Anthony Towns,Karl-Anthony,1610612750,MIN,Minnesota Timberwolves,0021800148,2018-11-05T00:00:00,MIN @ LAC,L,35.63333333333333,8,13,0.615,1,3,0.333,3,3,1.0,3,9,12,2,3,3,4,1,3,5,20,-5,55.4,1,0,49.0,1,35,35,35,25,40,62,15,48,59,45,53,55,1,34,29,30,49,31,2,4,30,16,41,53,49,27,1,1,35,1,35:38,1,2018-19
2018-19,1626157,Karl-Anthony Towns,Karl-Anthony,1610612750,MIN,Minnesota Timberwolves,0021800162,2018-11-07T00:00:00,MIN @ LAL,L,38.82333333333333,5,16,0.313,1,6,0.167,2,2,1.0,2,7,9,1,6,1,3,1,3,4,13,1,31.3,0,0,32.0,1,35,35,35,7,67,43,73,48,11,66,60,62,1,49,45,55,65,4,20,10,30,16,51,71,37,67,55,1,64,1,38:49,1,2018-19
2018-19,1626157,Karl-Anthony Towns,Karl-Anthony,1610612750,MIN,Minnesota Timberwolves,0021800173,2018-11-09T00:00:00,MIN @ SAC,L,39.596666666666664,15,27,0.556,2,5,0.4,7,7,1.0,9,10,19,1,4,0,1,2,4,7,39,-5,62.3,1,0,63.0,1,35,35,35,5,1,2,32,19,25,35,14,23,1,2,24,9,65,13,44,35,57,31,19,4,49,16,1,1,11,1,39:36,1,2018-19
2018-19,1626157,Karl-Anthony Towns,Karl-Anthony,1610612750,MIN,Minnesota Timberwolves,0021800195,2018-11-12T00:00:00,MIN vs. BKN,W,37.2,9,11,0.818,2,2,1.0,5,6,0.833,2,19,21,3,10,1,2,0,5,12,25,7,53.7,1,0,57.0,1,1,1,1,15,33,67,1,19,66,1,28,29,41,49,1,4,33,2,20,20,1,50,2,35,22,29,1,1,19,1,37:12,1,2018-19
2018-19,1626157,Karl-Anthony Towns,Karl-Anthony,1610612750,MIN,Minnesota Timberwolves,0021800208,2018-11-14T00:00:00,MIN vs. NOP,W,34.766666666666666,9,17,0.529,2,4,0.5,5,5,1.0,5,11,16,3,5,0,2,0,5,4,25,9,49.7,1,0,50.0,1,1,1,1,30,33,33,41,19,44,20,28,42,1,12,18,18,33,7,44,20,1,50,51,35,19,37,1,1,31,1,34:46,1,2018-19
2018-19,1626157,Karl-Anthony Towns,Karl-Anthony,1610612750,MIN,Minnesota Timberwolves,0021800221,2018-11-16T00:00:00,MIN vs. POR,W,33.55,6,15,0.4,2,4,0.5,0,0,0.0,3,6,9,1,3,1,1,0,2,2,14,8,29.3,0,0,30.0,1,1,1,1,41,57,49,61,19,44,20,75,75,75,34,57,55,65,31,20,35,1,6,71,68,21,70,55,1,73,1,33:33,1,2018-19
2018-19,1626157,Karl-Anthony Towns,Karl-Anthony,1610612750,MIN,Minnesota Timberwolves,0021800234,2018-11-18T00:00:00,MIN vs. MEM,L,38.333333333333336,6,10,0.6,1,1,1.0,2,2,1.0,3,17,20,2,4,0,1,3,5,7,15,-11,41.0,1,0,40.0,1,35,35,35,8,57,71,19,48,74,1,60,62,1,34,5,7,49,13,44,35,72,50,19,66,65,51,1,1,48,1,38:20,1,2018-19
2018-19,1626157,Karl-Anthony Towns,Karl-Anthony,1610612750,MIN,Minnesota Timberwolves,0021800260,2018-11-21T00:00:00,MIN vs. DEN,L,28.02,7,14,0.5,1,5,0.2,7,9,0.778,1,6,7,2,6,0,0,1,4,8,22,-10,27.4,0,0,32.0,1,35,35,35,66,49,58,44,48,25,60,14,13,51,62,57,66,49,4,44,59,30,31,11,46,62,74,55,1,64,1,28:01,1,2018-19
2018-19,1626157,Karl-Anthony Towns,Karl-Anthony,1610612750,MIN,Minnesota Timberwolves,0021800265,2018-11-23T00:00:00,MIN @ BKN,W,27.65,9,18,0.5,1,4,0.25,2,2,1.0,4,5,9,1,2,1,1,1,5,7,21,19,37.3,0,0,36.0,1,1,1,1,67,33,26,44,48,44,55,60,62,1,18,66,55,65,48,20,35,30,50,19,49,8,57,55,1,57,1,27:39,1,2018-19
2018-19,1626157,Karl-Anthony Towns,Karl-Anthony,1610612750,MIN,Minnesota Timberwolves,0021800281,2018-11-24T00:00:00,MIN vs. CHI,W,37.325,13,23,0.565,1,5,0.2,8,10,0.8,9,14,23,6,3,0,0,0,6,7,35,17,68.6,1,0,65.0,1,1,1,1,13,6,9,29,48,25,60,9,9,47,2,8,2,8,31,44,59,1,69,19,6,10,9,1,1,9,1,37:20,1,2018-19
2018-19,1626157,Karl-Anthony Towns,Karl-Anthony,1610612750,MIN,Minnesota Timberwolves,0021800295,2018-11-26T00:00:00,MIN @ CLE,W,38.06666666666667,9,19,0.474,2,7,0.286,1,2,0.5,2,8,10,1,2,1,0,0,0,2,21,-7,35.5,1,0,36.0,1,1,1,1,9,33,22,50,19,5,53,71,62,73,49,32,47,65,48,20,59,1,1,71,49,55,59,1,1,57,1,38:04,1,2018-19
2018-19,1626157,Karl-Anthony Towns,Karl-Anthony,1610612750,MIN,Minnesota Timberwolves,0021800311,2018-11-28T00:00:00,MIN vs. SAS,W,28.033333333333335,6,11,0.545,2,4,0.5,2,2,1.0,5,6,11,5,4,2,1,0,3,2,16,18,41.7,1,0,40.0,1,1,1,1,65,57,67,38,19,44,20,60,62,1,12,57,40,14,13,5,35,1,16,71,62,9,50,1,1,48,1,28:02,1,2018-19
2018-19,1626157,Karl-Anthony Towns,Karl-Anthony,1610612750,MIN,Minnesota Timberwolves,0021800335,2018-12-01T00:00:00,MIN vs. BOS,L,37.596666666666664,6,15,0.4,2,6,0.333,6,6,1.0,2,7,9,1,2,1,1,0,4,5,20,-12,36.3,0,0,36.0,1,35,35,35,11,57,49,61,19,11,45,21,29,1,49,45,55,65,48,20,35,1,31,41,53,66,58,55,1,57,1,37:36,1,2018-19
2018-19,1626157,Karl-Anthony Towns,Karl-Anthony,1610612750,MIN,Minnesota Timberwolves,0021800348,2018-12-03T00:00:00,MIN vs. HOU,W,32.65,10,24,0.417,1,3,0.333,3,4,0.75,4,7,11,3,3,3,1,2,5,4,24,17,50.7,1,0,47.0,1,1,1,1,46,26,6,58,48,59,45,53,49,53,18,45,40,33,31,2,35,57,50,51,40,10,35,1,1,38,1,32:39,1,2018-19
2018-19,1626157,Karl-Anthony Towns,Karl-Anthony,1610612750,MIN,Minnesota Timberwolves,0021800362,2018-12-05T00:00:00,MIN vs. CHA,W,35.745,13,20,0.65,4,5,0.8,5,7,0.714,4,8,12,3,2,2,6,0,4,6,35,26,75.9,1,0,70.0,1,1,1,1,24,6,17,8,2,25,6,28,23,57,18,32,30,33,48,5,1,1,31,33,6,2,3,1,1,3,1,35:45,1,2018-19
2018-19,1626157,Karl-Anthony Towns,Karl-Anthony,1610612750,MIN,Minnesota Timberwolves,0021800385,2018-12-08T00:00:00,MIN @ POR,L,30.416666666666668,6,16,0.375,2,6,0.333,5,6,0.833,3,7,10,2,2,1,1,2,5,6,19,-2,38.0,1,0,37.0,1,35,35,35,56,57,43,68,19,11,45,28,29,41,34,45,47,49,48,20,35,57,50,33,57,43,55,1,1,53,1,30:25,1,2018-19
2018-19,1626157,Karl-Anthony Towns,Karl-Anthony,1610612750,MIN,Minnesota Timberwolves,0021800400,2018-12-10T00:00:00,MIN @ GSW,L,34.065,11,15,0.733,1,4,0.25,8,12,0.667,4,7,11,4,4,0,1,0,2,9,31,-7,49.2,1,0,49.0,1,35,35,35,38,20,49,4,48,44,55,9,6,61,18,45,40,20,13,44,35,1,6,6,15,55,38,1,1,35,1,34:04,1,2018-19
2018-19,1626157,Karl-Anthony Towns,Karl-Anthony,1610612750,MIN,Minnesota Timberwolves,0021800414,2018-12-12T00:00:00,MIN @ SAC,L,34.623333333333335,8,15,0.533,2,5,0.4,1,1,1.0,1,10,11,4,2,0,3,0,4,1,19,-1,45.2,1,0,42.0,1,35,35,35,34,40,49,40,19,25,35,71,73,1,62,24,40,20,48,44,10,1,31,75,57,42,45,1,1,47,1,34:37,1,2018-19
2018-19,1626157,Karl-Anthony Towns,Karl-Anthony,1610612750,MIN,Minnesota Timberwolves,0021800435,2018-12-15T00:00:00,MIN @ PHX,L,38.016666666666666,11,26,0.423,1,7,0.143,5,6,0.833,4,8,12,4,0,2,2,0,4,6,28,-7,60.4,1,0,53.0,1,35,35,35,10,20,4,57,48,5,69,28,29,41,18,32,30,20,73,5,20,1,31,33,22,55,20,1,1,24,1,38:01,1,2018-19
2018-19,1626157,Karl-Anthony Towns,Karl-Anthony,1610612750,MIN,Minnesota Timberwolves,0021800446,2018-12-17T00:00:00,MIN vs. SAC,W,21.45,5,11,0.455,2,3,0.667,2,2,1.0,2,12,14,3,1,0,3,1,0,2,14,0,43.3,1,0,39.0,1,1,1,1,76,67,67,53,19,59,11,60,62,1,49,16,25,33,64,44,10,30,1,71,68,41,48,1,1,51,1,21:27,1,2018-19
2018-19,1626157,Karl-Anthony Towns,Karl-Anthony,1610612750,MIN,Minnesota Timberwolves,0021800463,2018-12-19T00:00:00,MIN vs. DET,L,40.87833333333333,6,15,0.4,0,7,0.0,4,6,0.667,1,7,8,2,2,1,3,0,6,7,16,-9,38.6,0,0,34.0,1,35,35,35,3,57,49,61,70,5,70,42,29,61,62,45,63,49,48,20,10,1,69,19,62,60,54,55,1,60,1,40:53,1,2018-19
2018-19,1626157,Karl-Anthony Towns,Karl-Anthony,1610612750,MIN,Minnesota Timberwolves,0021800475,2018-12-21T00:00:00,MIN @ SAS,L,28.916666666666668,4,15,0.267,1,5,0.2,4,5,0.8,0,6,6,4,1,1,0,0,3,4,13,-10,28.2,0,0,26.0,1,35,35,35,60,74,49,77,48,25,60,42,42,47,73,57,70,20,64,20,59,1,16,51,71,62,73,55,1,75,1,28:55,1,2018-19
2018-19,1626157,Karl-Anthony Towns,Karl-Anthony,1610612750,MIN,Minnesota Timberwolves,0021800493,2018-12-23T00:00:00,MIN @ OKC,W,27.05,5,9,0.556,2,2,1.0,6,6,1.0,0,4,4,6,4,0,1,2,5,5,18,-6,30.8,0,0,32.0,1,1,1,1,68,67,76,32,19,66,1,21,29,1,73,73,75,8,13,44,35,57,50,41,59,53,68,55,1,64,1,27:03,1,2018-19
2018-19,1626157,Karl-Anthony Towns,Karl-Anthony,1610612750,MIN,Minnesota Timberwolves,0021800507,2018-12-26T00:00:00,MIN @ CHI,W,34.913333333333334,8,13,0.615,2,2,1.0,2,3,0.667,4,16,20,4,3,0,0,1,3,3,20,30,47.0,1,0,46.0,1,1,1,1,29,40,62,15,19,66,1,60,55,61,18,6,7,20,31,44,59,30,16,64,53,1,41,1,1,40,1,34:55,1,2018-19
2018-19,1626157,Karl-Anthony Towns,Karl-Anthony,1610612750,MIN,Minnesota Timberwolves,0021800522,2018-12-28T00:00:00,MIN vs. ATL,L,42.63333333333333,10,17,0.588,1,4,0.25,10,15,0.667,7,12,19,5,4,1,3,2,3,14,31,1,69.3,1,0,64.0,1,35,35,35,1,26,33,24,48,44,55,3,1,61,7,16,9,14,13,20,10,57,16,1,15,37,5,1,1,10,1,42:38,1,2018-19
2018-19,1626157,Karl-Anthony Towns,Karl-Anthony,1610612750,MIN,Minnesota Timberwolves,0021800537,2018-12-30T00:00:00,MIN @ MIA,W,37.05833333333333,12,24,0.5,3,6,0.5,7,9,0.778,10,8,18,7,3,3,6,2,6,8,34,15,90.1,1,0,80.0,1,1,1,1,18,9,6,44,8,11,20,14,13,51,1,32,11,1,31,2,1,57,69,11,9,12,1,1,1,1,1,37:04,1,2018-19
2018-19,1626157,Karl-Anthony Towns,Karl-Anthony,1610612750,MIN,Minnesota Timberwolves,0021800546,2018-12-31T00:00:00,MIN @ NOP,L,36.55833333333333,10,23,0.435,2,5,0.4,6,8,0.75,3,14,17,6,2,0,5,1,6,9,28,6,70.4,1,0,63.0,1,35,35,35,20,26,9,55,19,25,35,21,16,53,34,8,16,8,48,44,3,30,69,6,22,25,4,1,1,11,1,36:34,1,2018-19
2018-19,1626157,Karl-Anthony Towns,Karl-Anthony,1610612750,MIN,Minnesota Timberwolves,0021800558,2019-01-02T00:00:00,MIN @ BOS,L,37.06666666666667,12,21,0.571,1,2,0.5,3,3,1.0,4,8,12,7,4,0,1,3,3,4,28,-5,51.9,1,0,50.0,1,35,35,35,17,9,14,25,48,66,20,53,55,1,18,32,30,1,13,44,35,72,16,51,22,49,32,1,1,31,1,37:04,1,2018-19
2018-19,1626157,Karl-Anthony Towns,Karl-Anthony,1610612750,MIN,Minnesota Timberwolves,0021800571,2019-01-04T00:00:00,MIN vs. ORL,W,31.783333333333335,11,20,0.55,1,6,0.167,6,8,0.75,4,11,15,2,0,1,1,1,4,7,29,21,56.0,1,0,51.0,1,1,1,1,50,20,17,36,48,11,66,21,16,53,18,18,22,49,73,20,35,30,31,19,21,4,24,1,1,28,1,31:47,1,2018-19
2018-19,1626157,Karl-Anthony Towns,Karl-Anthony,1610612750,MIN,Minnesota Timberwolves,0021800585,2019-01-06T00:00:00,MIN vs. LAL,W,35.333333333333336,11,20,0.55,1,4,0.25,5,5,1.0,3,15,18,3,3,2,4,0,5,4,28,26,69.1,1,0,62.0,1,1,1,1,28,20,17,36,48,44,55,28,42,1,34,7,11,33,31,5,4,1,50,51,22,2,6,1,1,14,1,35:20,1,2018-19
2018-19,1626157,Karl-Anthony Towns,Karl-Anthony,1610612750,MIN,Minnesota Timberwolves,0021800603,2019-01-08T00:00:00,MIN @ OKC,W,24.366666666666667,8,14,0.571,2,5,0.4,2,3,0.667,4,5,9,1,2,0,0,0,5,4,20,4,30.3,0,0,32.0,1,1,1,1,74,40,58,25,19,25,35,60,55,61,18,66,55,65,48,44,59,1,50,51,53,28,69,55,1,64,1,24:22,1,2018-19
2018-19,1626157,Karl-Anthony Towns,Karl-Anthony,1610612750,MIN,Minnesota Timberwolves,0021800626,2019-01-11T00:00:00,MIN vs. DAL,L,30.343333333333334,12,21,0.571,1,3,0.333,5,5,1.0,3,8,11,2,0,0,4,2,5,5,30,14,58.2,1,0,52.0,1,35,35,35,57,9,14,25,48,59,45,28,42,1,34,32,40,49,73,44,4,57,50,41,19,13,22,1,1,27,1,30:21,1,2018-19
2018-19,1626157,Karl-Anthony Towns,Karl-Anthony,1610612750,MIN,Minnesota Timberwolves,0021800633,2019-01-12T00:00:00,MIN vs. NOP,W,37.22666666666667,10,23,0.435,3,8,0.375,4,6,0.667,9,18,27,3,3,2,4,2,4,5,27,7,78.9,1,0,72.0,1,1,1,1,14,26,9,55,8,3,43,42,29,61,2,4,1,33,31,5,4,57,31,41,29,22,2,1,1,2,1,37:14,1,2018-19
2018-19,1626157,Karl-Anthony Towns,Karl-Anthony,1610612750,MIN,Minnesota Timberwolves,0021800652,2019-01-15T00:00:00,MIN @ PHI,L,28.316666666666666,4,10,0.4,2,4,0.5,3,3,1.0,0,3,3,2,1,2,0,0,2,3,13,-42,24.6,0,0,24.0,1,35,35,35,64,74,71,61,19,44,20,53,55,1,73,76,77,49,64,5,59,1,6,64,71,77,76,55,1,76,1,28:19,1,2018-19
2018-19,1626157,Karl-Anthony Towns,Karl-Anthony,1610612750,MIN,Minnesota Timberwolves,0021800674,2019-01-18T00:00:00,MIN vs. SAS,L,21.258333333333333,8,17,0.471,1,6,0.167,6,6,1.0,0,6,6,1,3,0,0,1,6,4,23,-10,28.7,0,0,31.0,1,35,35,35,77,40,33,51,48,11,66,21,29,1,73,57,70,65,31,44,59,30,69,51,44,62,72,55,1,72,1,21:16,1,2018-19
2018-19,1626157,Karl-Anthony Towns,Karl-Anthony,1610612750,MIN,Minnesota Timberwolves,0021800689,2019-01-20T00:00:00,MIN vs. PHX,W,39.083333333333336,8,22,0.364,1,5,0.2,13,13,1.0,7,5,12,4,4,4,1,1,2,7,30,1,61.4,1,0,57.0,1,1,1,1,6,40,12,69,48,25,60,1,3,1,7,66,30,20,13,1,35,30,6,19,19,37,19,1,1,19,1,39:05,1,2018-19
2018-19,1626157,Karl-Anthony Towns,Karl-Anthony,1610612750,MIN,Minnesota Timberwolves,0021800705,2019-01-22T00:00:00,MIN @ PHX,W,31.5,10,15,0.667,2,4,0.5,3,5,0.6,7,11,18,7,2,2,1,0,2,3,25,20,64.1,1,0,58.0,1,1,1,1,52,26,49,6,19,44,20,53,42,71,7,18,11,1,48,5,35,1,6,64,35,5,14,1,1,17,1,31:30,1,2018-19
2018-19,1626157,Karl-Anthony Towns,Karl-Anthony,1610612750,MIN,Minnesota Timberwolves,0021800719,2019-01-24T00:00:00,MIN @ LAL,W,31.32,10,18,0.556,3,5,0.6,4,4,1.0,4,8,12,5,2,1,2,2,3,3,27,12,55.9,1,0,53.0,1,1,1,1,53,26,26,32,8,25,15,42,49,1,18,32,30,14,48,20,20,57,16,64,29,14,25,1,1,24,1,31:19,1,2018-19
2018-19,1626157,Karl-Anthony Towns,Karl-Anthony,1610612750,MIN,Minnesota Timberwolves,0021800729,2019-01-25T00:00:00,MIN @ UTA,L,28.55,12,19,0.632,2,5,0.4,7,7,1.0,4,6,10,4,3,1,3,2,5,4,33,11,60.0,1,0,57.0,1,35,35,35,63,9,22,10,19,25,35,14,23,1,18,57,47,20,31,20,10,57,50,51,12,17,21,1,1,19,1,28:33,1,2018-19
2018-19,1626157,Karl-Anthony Towns,Karl-Anthony,1610612750,MIN,Minnesota Timberwolves,0021800740,2019-01-27T00:00:00,MIN vs. UTA,L,36.13333333333333,6,10,0.6,3,4,0.75,7,8,0.875,1,5,6,7,2,0,3,2,2,5,22,-2,46.7,0,0,44.0,1,35,35,35,22,57,71,19,8,44,8,14,16,39,62,66,70,1,48,44,10,57,6,41,46,43,42,55,1,45,1,36:08,1,2018-19
2018-19,1626157,Karl-Anthony Towns,Karl-Anthony,1610612750,MIN,Minnesota Timberwolves,0021800760,2019-01-30T00:00:00,MIN vs. MEM,W,26.45,7,17,0.412,0,6,0.0,2,2,1.0,2,8,10,2,2,0,0,1,5,5,16,4,29.0,1,0,28.0,1,1,1,1,72,49,33,59,70,11,70,60,62,1,49,32,47,49,48,44,59,30,50,41,62,28,71,1,1,74,1,26:27,1,2018-19
2018-19,1626157,Karl-Anthony Towns,Karl-Anthony,1610612750,MIN,Minnesota Timberwolves,0021800783,2019-02-02T00:00:00,MIN vs. DEN,L,37.09,12,19,0.632,2,5,0.4,5,9,0.556,3,9,12,7,3,2,1,1,3,8,31,2,61.9,1,0,58.0,1,35,35,35,16,9,22,10,19,25,35,28,13,72,34,29,30,1,31,5,35,30,16,11,15,33,18,1,1,17,1,37:05,1,2018-19
2018-19,1626157,Karl-Anthony Towns,Karl-Anthony,1610612750,MIN,Minnesota Timberwolves,0021800801,2019-02-05T00:00:00,MIN @ MEM,L,34.656666666666666,8,14,0.571,0,2,0.0,10,10,1.0,5,13,18,3,4,0,1,1,4,8,26,-4,51.1,1,0,49.0,1,35,35,35,33,40,58,25,70,66,70,3,9,1,12,10,11,33,13,44,35,30,31,11,32,45,33,1,1,35,1,34:39,1,2018-19
2018-19,1626157,Karl-Anthony Towns,Karl-Anthony,1610612750,MIN,Minnesota Timberwolves,0021800812,2019-02-07T00:00:00,MIN @ ORL,L,36.15,12,16,0.75,2,3,0.667,1,1,1.0,4,7,11,5,3,0,0,1,3,4,27,-9,44.7,1,0,45.0,1,35,35,35,21,9,43,3,19,59,11,71,73,1,18,45,40,14,31,44,59,30,16,51,29,60,47,1,1,44,1,36:09,1,2018-19
2018-19,1626157,Karl-Anthony Towns,Karl-Anthony,1610612750,MIN,Minnesota Timberwolves,0021800823,2019-02-08T00:00:00,MIN @ NOP,L,32.81,12,20,0.6,4,5,0.8,4,4,1.0,1,7,8,3,4,1,2,1,2,5,32,-15,51.1,0,0,53.0,1,35,35,35,45,9,17,19,2,25,6,42,49,1,62,45,63,33,13,20,20,30,6,41,14,70,33,55,1,24,1,32:49,1,2018-19
2018-19,1626157,Karl-Anthony Towns,Karl-Anthony,1610612750,MIN,Minnesota Timberwolves,0021800845,2019-02-11T00:00:00,MIN vs. LAC,W,26.871666666666666,7,11,0.636,0,1,0.0,10,12,0.833,5,5,10,2,5,2,0,0,5,9,24,20,40.0,1,0,40.0,1,1,1,1,69,49,67,9,70,74,70,3,6,41,12,66,47,49,7,5,59,1,50,6,40,5,52,1,1,48,1,26:52,1,2018-19
2018-19,1626157,Karl-Anthony Towns,Karl-Anthony,1610612750,MIN,Minnesota Timberwolves,0021800861,2019-02-13T00:00:00,MIN vs. HOU,W,33.56666666666667,11,18,0.611,3,4,0.75,0,0,0.0,1,8,9,5,2,0,2,1,2,4,25,20,47.3,0,0,46.0,1,1,1,1,40,20,26,17,8,44,8,75,75,75,62,32,55,14,48,44,20,30,6,51,35,5,39,55,1,40,1,33:34,1,2018-19
2018-19,1626157,Karl-Anthony Towns,Karl-Anthony,1610612750,MIN,Minnesota Timberwolves,0021800905,2019-02-25T00:00:00,MIN vs. SAC,W,30.816666666666666,13,18,0.722,3,6,0.5,5,7,0.714,2,19,21,5,4,0,2,0,5,7,34,12,68.7,1,0,67.0,1,1,1,1,54,6,26,5,8,11,20,28,23,57,49,1,4,14,13,44,20,1,50,19,9,14,8,1,1,4,1,30:49,1,2018-19
2018-19,1626157,Karl-Anthony Towns,Karl-Anthony,1610612750,MIN,Minnesota Timberwolves,0021800912,2019-02-27T00:00:00,MIN @ ATL,L,41.45,12,19,0.632,5,9,0.556,8,13,0.615,5,13,18,3,1,0,2,1,6,10,37,2,68.1,1,0,67.0,1,35,35,35,2,9,22,10,1,1,19,9,3,70,12,10,11,33,64,44,20,30,69,4,5,33,10,1,1,4,1,41:27,1,2018-19
2018-19,1626157,Karl-Anthony Towns,Karl-Anthony,1610612750,MIN,Minnesota Timberwolves,0021800922,2019-02-28T00:00:00,MIN @ IND,L,34.083333333333336,15,29,0.517,3,8,0.375,9,13,0.692,6,11,17,4,4,0,0,3,5,8,42,-4,64.4,1,0,66.0,1,35,35,35,36,1,1,43,8,3,43,7,3,60,10,18,16,20,13,44,59,72,50,11,1,45,13,1,1,8,1,34:05,1,2018-19
2018-19,1626157,Karl-Anthony Towns,Karl-Anthony,1610612750,MIN,Minnesota Timberwolves,0021800950,2019-03-03T00:00:00,MIN @ WAS,L,36.05,12,18,0.667,2,6,0.333,2,2,1.0,3,7,10,7,4,1,1,0,4,4,28,-13,52.5,1,0,51.0,1,35,35,35,23,9,26,6,19,11,45,60,62,1,34,45,47,1,13,20,35,1,31,51,22,69,31,1,1,28,1,36:03,1,2018-19
2018-19,1626157,Karl-Anthony Towns,Karl-Anthony,1610612750,MIN,Minnesota Timberwolves,0021800963,2019-03-05T00:00:00,MIN vs. OKC,W,30.45,15,27,0.556,3,5,0.6,8,10,0.8,6,8,14,1,0,2,0,2,4,7,41,9,65.3,1,0,63.0,1,1,1,1,55,1,2,32,8,25,15,9,9,47,10,32,25,65,73,5,59,57,31,19,2,19,12,1,1,11,1,30:27,1,2018-19
2018-19,1626157,Karl-Anthony Towns,Karl-Anthony,1610612750,MIN,Minnesota Timberwolves,0021800966,2019-03-06T00:00:00,MIN @ DET,L,28.72833333333333,7,14,0.5,3,6,0.5,7,7,1.0,1,3,4,2,6,0,2,1,6,5,24,-12,31.8,0,0,37.0,1,35,35,35,61,49,58,44,8,11,20,14,23,1,62,76,75,49,4,44,20,30,69,41,40,66,66,55,1,53,1,28:44,1,2018-19
2018-19,1626157,Karl-Anthony Towns,Karl-Anthony,1610612750,MIN,Minnesota Timberwolves,0021800988,2019-03-09T00:00:00,MIN vs. WAS,W,37.37833333333333,15,24,0.625,4,7,0.571,6,6,1.0,4,11,15,2,1,2,1,0,2,10,40,1,69.0,1,0,67.0,1,1,1,1,12,1,6,13,2,5,17,21,29,1,18,18,22,49,64,5,35,1,6,4,3,37,7,1,1,4,1,37:23,1,2018-19
2018-19,1626157,Karl-Anthony Towns,Karl-Anthony,1610612750,MIN,Minnesota Timberwolves,0021801012,2019-03-12T00:00:00,MIN @ DEN,L,32.01166666666666,14,25,0.56,2,6,0.333,4,4,1.0,3,7,10,3,4,0,3,4,3,6,34,-15,55.5,1,0,55.0,1,35,35,35,48,5,5,31,19,11,45,42,49,1,34,45,47,33,13,44,10,76,16,33,9,70,26,1,1,22,1,32:01,1,2018-19
2018-19,1626157,Karl-Anthony Towns,Karl-Anthony,1610612750,MIN,Minnesota Timberwolves,0021801024,2019-03-14T00:00:00,MIN @ UTA,L,26.563333333333333,9,15,0.6,3,4,0.75,5,7,0.714,4,8,12,4,3,1,0,2,6,9,26,2,46.4,1,0,47.0,1,35,35,35,71,33,49,19,8,44,8,28,23,57,18,32,30,20,31,20,59,57,69,6,32,33,43,1,1,38,1,26:34,1,2018-19
2018-19,1626157,Karl-Anthony Towns,Karl-Anthony,1610612750,MIN,Minnesota Timberwolves,0021801048,2019-03-17T00:00:00,MIN @ HOU,L,29.45,8,22,0.364,2,5,0.4,4,5,0.8,4,6,10,6,4,0,2,1,4,6,22,-18,45.0,1,0,44.0,1,35,35,35,59,40,12,69,19,25,35,42,42,47,18,57,47,8,13,44,20,30,31,33,46,75,46,1,1,45,2,29:27,1,2018-19
2018-19,1626157,Karl-Anthony Towns,Karl-Anthony,1610612750,MIN,Minnesota Timberwolves,0021801062,2019-03-19T00:00:00,MIN vs. GSW,L,34.54833333333333,10,16,0.625,2,3,0.667,4,6,0.667,8,13,21,4,7,1,0,1,5,7,26,3,53.2,1,0,55.0,1,35,35,35,35,26,43,13,19,59,11,42,29,61,6,10,4,20,3,20,59,30,50,19,32,30,30,1,1,22,1,34:33,1,2018-19
2018-19,1626157,Karl-Anthony Towns,Karl-Anthony,1610612750,MIN,Minnesota Timberwolves,0021801074,2019-03-21T00:00:00,MIN @ CHA,L,34.071666666666665,7,17,0.412,2,4,0.5,5,6,0.833,3,13,16,6,4,1,2,3,3,8,21,-7,54.2,1,0,51.0,1,35,35,35,37,49,33,59,19,44,20,28,29,41,34,10,18,8,13,20,20,72,16,11,49,55,28,1,1,28,1,34:04,1,2018-19
2018-19,1626157,Karl-Anthony Towns,Karl-Anthony,1610612750,MIN,Minnesota Timberwolves,0021801091,2019-03-23T00:00:00,MIN @ MEM,W,33.27,12,20,0.6,4,7,0.571,5,5,1.0,4,19,23,3,5,1,1,0,5,6,33,12,66.1,1,0,67.0,1,1,1,1,43,9,17,19,2,5,17,28,42,1,18,1,2,33,7,20,35,1,50,33,12,14,11,1,1,4,1,33:16,1,2018-19
2018-19,1626157,Karl-Anthony Towns,Karl-Anthony,1610612750,MIN,Minnesota Timberwolves,0021801112,2019-03-26T00:00:00,MIN vs. LAC,L,34.71,6,17,0.353,2,7,0.286,10,11,0.909,2,11,13,3,3,2,0,1,3,7,24,-12,47.1,1,0,46.0,1,35,35,35,31,57,33,71,19,5,53,3,8,37,49,18,27,33,31,5,59,30,16,19,40,66,40,1,1,40,1,34:43,1,2018-19
2018-19,1626157,Karl-Anthony Towns,Karl-Anthony,1610612750,MIN,Minnesota Timberwolves,0021801132,2019-03-29T00:00:00,MIN vs. GSW,W,30.255,5,17,0.294,0,5,0.0,5,6,0.833,5,8,13,7,5,0,1,0,5,6,15,-8,39.1,1,0,37.0,1,1,1,1,58,67,33,74,70,25,70,28,29,41,12,32,27,1,7,44,35,1,50,33,66,59,53,1,1,53,1,30:15,1,2018-19
2018-19,1626157,Karl-Anthony Towns,Karl-Anthony,1610612750,MIN,Minnesota Timberwolves,0021801143,2019-03-30T00:00:00,MIN vs. PHI,L,32.35,8,17,0.471,0,3,0.0,5,8,0.625,1,6,7,2,2,0,1,1,1,8,21,-16,33.4,0,0,32.0,1,35,35,35,47,40,33,51,70,59,70,28,16,69,62,57,66,49,48,44,35,30,4,11,49,73,63,55,1,64,1,32:21,1,2018-19
2018-19,1626157,Karl-Anthony Towns,Karl-Anthony,1610612750,MIN,Minnesota Timberwolves,0021801157,2019-04-01T00:00:00,MIN vs. POR,L,31.705,6,21,0.286,1,4,0.25,4,4,1.0,3,9,12,4,1,0,2,4,4,6,17,-6,42.4,1,0,38.0,1,35,35,35,51,57,14,76,48,44,55,42,49,1,34,29,30,20,64,44,20,76,31,33,60,53,49,1,1,52,1,31:42,1,2018-19
2018-19,1626157,Karl-Anthony Towns,Karl-Anthony,1610612750,MIN,Minnesota Timberwolves,0021801172,2019-04-03T00:00:00,MIN @ DAL,W,36.56666666666667,12,15,0.8,0,0,0.0,4,6,0.667,3,10,13,3,1,0,3,0,2,7,28,7,56.1,1,0,50.0,1,1,1,1,19,9,49,2,70,77,70,42,29,61,34,24,27,33,64,44,10,1,6,19,22,22,23,1,1,31,1,36:34,1,2018-19
2018-19,1626157,Karl-Anthony Towns,Karl-Anthony,1610612750,MIN,Minnesota Timberwolves,0021801185,2019-04-05T00:00:00,MIN vs. MIA,W,28.665,5,10,0.5,1,2,0.5,2,2,1.0,2,10,12,4,11,1,0,0,4,5,13,6,25.4,1,0,32.0,1,1,1,1,62,67,71,44,48,66,20,60,62,1,49,24,30,20,1,20,59,1,31,41,71,25,75,1,1,64,1,28:40,1,2018-19
2018-19,1626157,Karl-Anthony Towns,Karl-Anthony,1610612750,MIN,Minnesota Timberwolves,0021801197,2019-04-07T00:00:00,MIN vs. OKC,L,33.35166666666667,11,18,0.611,0,1,0.0,13,14,0.929,2,5,7,2,5,2,1,2,4,12,35,3,50.4,0,0,50.0,1,35,35,35,42,20,26,17,70,74,70,1,2,36,49,66,66,49,7,5,35,57,31,2,6,30,36,55,1,31,1,33:21,1,2018-19
2019-20,1626157,Karl-Anthony Towns,Karl-Anthony,1610612750,MIN,Minnesota Timberwolves,0021900006,2019-10-23T00:00:00,MIN @ BKN,W,38.675,11,22,0.5,7,11,0.636,7,8,0.875,1,13,14,3,3,3,3,2,5,7,36,-1,72.3,1,0,72.0,1,1,1,1,3,8,6,16,1,4,2,7,10,11,29,3,5,21,14,2,1,30,29,8,5,16,2,1,1,2,1,38:41,1,2019-20
2019-20,1626157,Karl-Anthony Towns,Karl-Anthony,1610612750,MIN,Minnesota Timberwolves,0021900018,2019-10-25T00:00:00,MIN @ CHA,W,27.72,13,18,0.722,4,7,0.571,7,13,0.538,4,11,15,8,2,4,2,0,3,9,37,25,83.0,1,0,76.0,1,1,1,1,32,2,17,1,6,17,6,7,1,30,4,6,3,2,22,1,2,1,11,1,3,1,1,1,1,1,1,27:43,1,2019-20
2019-20,1626157,Karl-Anthony Towns,Karl-Anthony,1610612750,MIN,Minnesota Timberwolves,0021900039,2019-10-27T00:00:00,MIN vs. MIA,W,34.79666666666667,8,21,0.381,4,11,0.364,3,6,0.5,2,9,11,4,2,1,1,3,1,4,23,4,46.2,1,0,46.0,1,1,1,1,18,19,9,32,6,4,24,26,16,31,21,13,18,17,22,11,14,32,1,23,22,12,25,1,1,25,1,34:48,1,2019-20
2019-20,1626157,Karl-Anthony Towns,Karl-Anthony,1610612750,MIN,Minnesota Timberwolves,0021900057,2019-10-30T00:00:00,MIN @ PHI,L,22.65,5,7,0.714,3,5,0.6,0,0,0.0,1,5,6,1,3,2,1,0,2,2,13,-13,27.7,0,0,29.0,1,11,11,11,35,32,35,3,13,30,3,33,33,33,29,27,30,31,14,3,14,1,5,34,34,32,34,25,1,34,1,22:39,1,2019-20
2019-20,1626157,Karl-Anthony Towns,Karl-Anthony,1610612750,MIN,Minnesota Timberwolves,0021900108,2019-11-06T00:00:00,MIN @ MEM,L,33.55,8,19,0.421,3,11,0.273,6,6,1.0,3,10,13,2,3,0,2,1,4,5,25,-10,46.6,1,0,47.0,1,11,11,11,21,19,12,25,13,4,29,12,16,1,11,8,9,28,14,21,2,12,17,16,19,30,23,1,1,20,1,33:33,1,2019-20
2019-20,1626157,Karl-Anthony Towns,Karl-Anthony,1610612750,MIN,Minnesota Timberwolves,0021900120,2019-11-08T00:00:00,MIN vs. GSW,W,35.48833333333334,7,17,0.412,2,6,0.333,4,6,0.667,5,9,14,4,2,0,1,1,5,4,20,10,43.8,1,0,42.0,1,1,1,1,14,24,21,27,26,23,25,21,16,29,1,13,5,17,22,21,14,12,29,23,31,6,26,1,1,26,1,35:29,1,2019-20
2019-20,1626157,Karl-Anthony Towns,Karl-Anthony,1610612750,MIN,Minnesota Timberwolves,0021900132,2019-11-10T00:00:00,MIN vs. DEN,L,41.2,8,23,0.348,3,14,0.214,6,8,0.75,4,12,16,6,5,1,2,1,3,9,25,-7,57.2,1,0,56.0,1,11,11,11,1,19,2,35,13,2,32,12,10,21,4,4,2,8,3,11,2,12,11,1,19,24,8,1,1,7,1,41:12,1,2019-20
2019-20,1626157,Karl-Anthony Towns,Karl-Anthony,1610612750,MIN,Minnesota Timberwolves,0021900140,2019-11-11T00:00:00,MIN @ DET,W,30.316666666666666,10,17,0.588,4,7,0.571,1,1,1.0,2,6,8,6,1,0,2,1,4,3,25,6,48.6,0,0,47.0,1,1,1,1,29,13,21,9,6,17,6,31,32,1,21,24,26,8,31,21,2,12,17,29,19,8,19,25,1,20,1,30:19,1,2019-20
2019-20,1626157,Karl-Anthony Towns,Karl-Anthony,1610612750,MIN,Minnesota Timberwolves,0021900158,2019-11-13T00:00:00,MIN vs. SAS,W,30.105,7,15,0.467,3,9,0.333,11,13,0.846,3,8,11,4,2,2,0,0,4,6,28,19,51.2,1,0,50.0,1,1,1,1,30,24,26,21,13,9,25,1,1,13,11,17,18,17,22,3,29,1,17,13,13,3,15,1,1,17,1,30:06,1,2019-20
2019-20,1626157,Karl-Anthony Towns,Karl-Anthony,1610612750,MIN,Minnesota Timberwolves,0021900171,2019-11-15T00:00:00,MIN vs. WAS,L,33.42666666666667,13,18,0.722,4,6,0.667,6,8,0.75,2,8,10,3,7,0,1,0,1,5,36,-3,48.5,1,0,55.0,1,11,11,11,22,2,17,1,6,23,1,12,10,21,21,17,22,21,1,21,14,1,1,16,5,18,20,1,1,11,1,33:26,1,2019-20
2019-20,1626157,Karl-Anthony Towns,Karl-Anthony,1610612750,MIN,Minnesota Timberwolves,0021900179,2019-11-16T00:00:00,MIN vs. HOU,L,32.31166666666667,9,15,0.6,3,6,0.5,6,6,1.0,2,12,14,0,1,2,2,0,2,7,27,-5,54.8,1,0,52.0,1,11,11,11,25,15,26,8,13,23,10,12,16,1,21,4,5,35,31,3,2,1,5,8,16,23,11,1,1,12,1,32:19,1,2019-20
2019-20,1626157,Karl-Anthony Towns,Karl-Anthony,1610612750,MIN,Minnesota Timberwolves,0021900196,2019-11-18T00:00:00,MIN @ UTA,W,33.38333333333333,11,23,0.478,7,15,0.467,0,0,0.0,3,10,13,5,5,2,2,1,5,4,29,11,59.1,1,0,62.0,1,1,1,1,23,8,2,19,1,1,18,33,33,33,11,8,9,14,3,3,2,12,29,23,12,4,5,1,1,5,1,33:23,1,2019-20
2019-20,1626157,Karl-Anthony Towns,Karl-Anthony,1610612750,MIN,Minnesota Timberwolves,0021900210,2019-11-20T00:00:00,MIN vs. UTA,L,32.818333333333335,5,10,0.5,4,7,0.571,0,0,0.0,2,10,12,1,3,0,1,0,4,4,14,-20,29.9,1,0,33.0,1,11,11,11,24,32,34,16,6,17,6,33,33,33,21,8,13,31,14,21,14,1,17,23,33,35,33,1,1,33,1,32:49,1,2019-20
2019-20,1626157,Karl-Anthony Towns,Karl-Anthony,1610612750,MIN,Minnesota Timberwolves,0021900225,2019-11-23T00:00:00,MIN vs. PHX,L,38.62833333333333,11,19,0.579,6,12,0.5,3,3,1.0,2,15,17,4,5,0,1,1,2,5,31,11,55.4,1,0,60.0,1,11,11,11,4,8,12,10,3,3,10,26,31,1,21,1,1,17,3,21,14,12,5,16,9,4,10,1,1,6,1,38:38,1,2019-20
2019-20,1626157,Karl-Anthony Towns,Karl-Anthony,1610612750,MIN,Minnesota Timberwolves,0021900243,2019-11-25T00:00:00,MIN @ ATL,W,31.783333333333335,8,19,0.421,3,8,0.375,9,10,0.9,5,8,13,8,5,0,2,1,4,5,28,5,56.6,1,0,56.0,1,1,1,1,26,19,12,25,13,15,23,4,6,9,1,17,9,2,3,21,2,12,17,16,13,9,9,1,1,7,1,31:47,1,2019-20
2019-20,1626157,Karl-Anthony Towns,Karl-Anthony,1610612750,MIN,Minnesota Timberwolves,0021900262,2019-11-27T00:00:00,MIN @ SAS,W,30.5,8,14,0.571,3,7,0.429,4,4,1.0,0,14,14,6,5,0,1,1,5,3,23,5,46.8,1,0,48.0,1,1,1,1,28,19,30,11,13,17,20,21,25,1,35,2,5,8,3,21,14,12,29,29,22,9,22,1,1,19,1,30:30,1,2019-20
2019-20,1626157,Karl-Anthony Towns,Karl-Anthony,1610612750,MIN,Minnesota Timberwolves,0021900286,2019-12-01T00:00:00,MIN vs. MEM,L,35.71666666666667,7,20,0.35,1,10,0.1,6,6,1.0,3,9,12,5,2,0,0,1,2,9,21,-4,40.9,1,0,39.0,1,11,11,11,12,24,11,34,33,7,35,12,16,1,11,13,13,14,22,21,29,12,5,1,28,20,27,1,1,29,1,35:43,1,2019-20
2019-20,1626157,Karl-Anthony Towns,Karl-Anthony,1610612750,MIN,Minnesota Timberwolves,0021900313,2019-12-04T00:00:00,MIN @ DAL,L,37.23,10,19,0.526,3,5,0.6,3,4,0.75,4,5,9,7,2,1,1,1,3,3,26,7,51.3,0,0,49.0,1,11,11,11,7,13,12,14,13,30,3,26,25,21,4,27,25,6,22,11,14,12,11,29,18,7,14,25,1,18,1,37:14,1,2019-20
2019-20,1626157,Karl-Anthony Towns,Karl-Anthony,1610612750,MIN,Minnesota Timberwolves,0021900326,2019-12-06T00:00:00,MIN @ OKC,L,37.02,11,16,0.688,5,9,0.556,3,4,0.75,1,4,5,8,0,2,2,0,5,7,30,-4,60.0,0,0,56.0,1,11,11,11,8,8,24,5,4,9,9,26,25,21,29,31,33,2,33,3,2,1,29,8,10,20,4,25,1,7,1,37:01,1,2019-20
2019-20,1626157,Karl-Anthony Towns,Karl-Anthony,1610612750,MIN,Minnesota Timberwolves,0021900342,2019-12-08T00:00:00,MIN @ LAL,L,35.645,7,16,0.438,1,7,0.143,4,5,0.8,1,3,4,8,2,1,0,1,4,2,19,-17,36.8,0,0,34.0,1,11,11,11,13,24,24,23,33,17,33,21,23,16,29,34,35,2,22,11,29,12,17,34,32,34,29,25,1,32,1,35:39,1,2019-20
2019-20,1626157,Karl-Anthony Towns,Karl-Anthony,1610612750,MIN,Minnesota Timberwolves,0021900349,2019-12-09T00:00:00,MIN @ PHX,L,34.71666666666667,12,18,0.667,2,4,0.5,7,9,0.778,5,10,15,2,2,0,2,1,3,8,33,-14,58.0,1,0,56.0,1,11,11,11,19,5,17,6,26,35,10,7,7,18,1,8,3,28,22,21,2,12,11,5,7,33,7,1,1,7,1,34:43,1,2019-20
2019-20,1626157,Karl-Anthony Towns,Karl-Anthony,1610612750,MIN,Minnesota Timberwolves,0021900362,2019-12-11T00:00:00,MIN vs. UTA,L,36.446666666666665,6,15,0.4,2,9,0.222,7,9,0.778,4,7,11,3,5,1,0,0,5,7,21,-2,36.7,1,0,39.0,1,11,11,11,10,31,26,29,26,9,30,7,7,18,4,22,18,21,3,11,29,1,29,8,28,17,30,1,1,29,1,36:27,1,2019-20
2019-20,1626157,Karl-Anthony Towns,Karl-Anthony,1610612750,MIN,Minnesota Timberwolves,0021900377,2019-12-13T00:00:00,MIN vs. LAC,L,35.26833333333333,12,22,0.545,5,10,0.5,10,13,0.769,4,8,12,3,5,2,0,0,4,7,39,4,58.9,1,0,63.0,1,11,11,11,16,5,6,13,4,7,10,2,1,20,4,17,13,21,3,3,29,1,17,8,2,12,6,1,1,3,1,35:16,1,2019-20
2019-20,1626157,Karl-Anthony Towns,Karl-Anthony,1610612750,MIN,Minnesota Timberwolves,0021900619,2020-01-17T00:00:00,MIN @ IND,L,28.083333333333332,9,21,0.429,3,9,0.333,6,6,1.0,3,2,5,1,3,0,0,1,4,6,27,-3,31.5,0,0,36.0,1,11,11,11,31,15,9,24,13,9,25,12,16,1,11,35,33,31,14,21,29,12,17,13,16,18,32,25,1,31,1,28:05,1,2019-20
2019-20,1626157,Karl-Anthony Towns,Karl-Anthony,1610612750,MIN,Minnesota Timberwolves,0021900632,2020-01-18T00:00:00,MIN vs. TOR,L,26.975,4,11,0.364,1,7,0.143,3,4,0.75,2,4,6,6,4,0,1,1,2,3,12,-9,27.2,0,0,27.0,1,11,11,11,34,35,33,33,33,17,33,26,25,21,21,31,30,8,11,21,14,12,5,29,35,29,35,25,1,35,1,26:59,1,2019-20
2019-20,1626157,Karl-Anthony Towns,Karl-Anthony,1610612750,MIN,Minnesota Timberwolves,0021900649,2020-01-20T00:00:00,MIN vs. DEN,L,35.166666666666664,9,19,0.474,2,5,0.4,8,9,0.889,4,4,8,5,0,1,1,0,3,9,28,2,51.1,0,0,47.0,1,11,11,11,17,15,12,20,26,30,21,5,7,10,4,31,26,14,33,11,14,1,11,1,13,14,16,25,1,20,1,35:10,1,2019-20
2019-20,1626157,Karl-Anthony Towns,Karl-Anthony,1610612750,MIN,Minnesota Timberwolves,0021900661,2020-01-22T00:00:00,MIN @ CHI,L,31.268333333333334,16,24,0.667,4,8,0.5,4,5,0.8,1,5,6,2,2,0,0,0,4,5,40,-7,48.2,0,0,52.0,1,11,11,11,27,1,1,6,6,15,10,21,23,16,29,27,30,28,22,21,29,1,17,16,1,24,21,25,1,12,1,31:16,1,2019-20
2019-20,1626157,Karl-Anthony Towns,Karl-Anthony,1610612750,MIN,Minnesota Timberwolves,0021900675,2020-01-24T00:00:00,MIN vs. HOU,L,27.6,12,23,0.522,2,5,0.4,4,4,1.0,3,9,12,3,4,0,2,5,4,5,30,5,50.9,1,0,51.0,1,11,11,11,33,5,2,15,26,30,21,21,25,1,11,13,13,21,11,21,2,35,17,16,10,9,17,1,1,14,1,27:36,1,2019-20
2019-20,1626157,Karl-Anthony Towns,Karl-Anthony,1610612750,MIN,Minnesota Timberwolves,0021900683,2020-01-25T00:00:00,MIN vs. OKC,L,35.428333333333335,13,23,0.565,4,9,0.444,7,8,0.875,2,6,8,6,3,2,2,3,2,4,37,-7,64.6,0,0,63.0,1,11,11,11,15,2,2,12,6,9,19,7,10,11,21,24,26,8,14,3,2,32,5,23,3,24,3,25,1,3,1,35:26,1,2019-20
2019-20,1626157,Karl-Anthony Towns,Karl-Anthony,1610612750,MIN,Minnesota Timberwolves,0021900696,2020-01-27T00:00:00,MIN vs. SAC,L,40.17333333333333,7,18,0.389,3,6,0.5,6,8,0.75,3,5,8,3,7,1,1,3,4,6,23,0,36.1,0,0,41.0,1,11,11,11,2,24,17,30,13,23,10,12,10,21,11,27,26,21,1,11,14,32,17,13,22,15,31,25,1,27,1,40:10,1,2019-20
2019-20,1626157,Karl-Anthony Towns,Karl-Anthony,1610612750,MIN,Minnesota Timberwolves,0021900727,2020-02-01T00:00:00,MIN @ LAC,L,36.3,11,22,0.5,2,9,0.222,8,11,0.727,1,11,12,3,0,0,1,1,1,8,32,-10,53.9,1,0,51.0,1,11,11,11,11,8,6,16,26,9,30,5,5,27,29,6,13,21,33,21,14,12,1,5,8,30,13,1,1,14,1,36:18,1,2019-20
2019-20,1626157,Karl-Anthony Towns,Karl-Anthony,1610612750,MIN,Minnesota Timberwolves,0021900749,2020-02-03T00:00:00,MIN @ SAC,L,37.36333333333334,7,17,0.412,3,6,0.5,5,7,0.714,3,7,10,6,3,1,2,2,5,5,22,-7,49.0,1,0,47.0,1,11,11,11,6,24,21,27,13,23,10,19,15,28,11,22,22,8,14,11,2,30,29,16,26,24,18,1,1,20,1,37:22,1,2019-20
2019-20,1626157,Karl-Anthony Towns,Karl-Anthony,1610612750,MIN,Minnesota Timberwolves,0021900759,2020-02-05T00:00:00,MIN vs. ATL,L,38.31666666666667,7,15,0.467,2,6,0.333,5,6,0.833,3,8,11,1,4,2,1,1,3,4,21,-4,40.7,1,0,41.0,1,11,11,11,5,24,26,21,26,23,25,19,16,14,11,17,18,31,11,3,14,12,11,23,28,20,28,1,1,27,1,38:19,1,2019-20
2019-20,1626157,Karl-Anthony Towns,Karl-Anthony,1610612750,MIN,Minnesota Timberwolves,0021900782,2020-02-08T00:00:00,MIN vs. LAC,W,34.2,9,13,0.692,3,5,0.6,1,4,0.25,3,10,13,9,3,1,1,1,1,3,22,25,54.1,1,0,51.0,1,1,1,1,20,15,31,4,13,30,3,31,25,32,11,8,9,1,14,11,14,12,1,29,26,1,12,1,1,14,1,34:12,1,2019-20
2019-20,1626157,Karl-Anthony Towns,Karl-Anthony,1610612750,MIN,Minnesota Timberwolves,0021900796,2020-02-10T00:00:00,MIN @ TOR,L,36.75833333333333,5,13,0.385,3,6,0.5,10,12,0.833,4,6,10,7,5,1,1,1,4,8,23,-7,46.5,1,0,47.0,1,11,11,11,9,32,31,31,13,23,10,2,4,14,4,24,22,6,3,11,14,12,17,5,22,24,24,1,1,20,1,36:46,1,2019-20
2020-21,1626157,Karl-Anthony Towns,Karl-Anthony,1610612750,MIN,Minnesota Timberwolves,0022000018,2020-12-23T00:00:00,MIN vs. DET,W,30.421666666666667,6,10,0.6,2,4,0.5,8,8,1.0,3,8,11,7,4,1,2,0,4,4,22,11,50.7,1,0,48.0,1,1,1,1,43,43,48,8,20,36,11,7,11,1,14,22,21,6,10,9,8,1,22,35,34,6,23,1,1,19,1,30:25,1,2020-21
2020-21,1626157,Karl-Anthony Towns,Karl-Anthony,1610612750,MIN,Minnesota Timberwolves,0022000028,2020-12-26T00:00:00,MIN @ UTA,W,29.903333333333332,6,19,0.316,1,5,0.2,3,3,1.0,3,9,12,3,2,1,4,2,3,5,16,11,47.9,1,0,42.0,1,1,1,1,44,43,12,50,39,33,44,37,41,1,14,14,15,35,33,9,1,40,10,27,45,6,25,1,1,32,1,29:54,1,2020-21
2020-21,1626157,Karl-Anthony Towns,Karl-Anthony,1610612750,MIN,Minnesota Timberwolves,0022000138,2021-01-09T00:00:00,MIN vs. SAS,L,37.0,9,17,0.529,2,3,0.667,5,6,0.833,6,7,13,4,3,0,3,0,2,5,25,-8,52.6,1,0,50.0,1,20,20,20,10,15,29,17,20,45,5,24,24,28,2,30,12,26,23,30,3,1,3,27,23,41,15,1,1,17,1,37:00,1,2020-21
2020-21,1626157,Karl-Anthony Towns,Karl-Anthony,1610612750,MIN,Minnesota Timberwolves,0022000169,2021-01-13T00:00:00,MIN vs. MEM,L,34.416666666666664,8,17,0.471,1,4,0.25,8,8,1.0,4,10,14,3,1,0,2,4,2,9,25,5,51.3,1,0,47.0,1,20,20,20,22,23,29,31,39,36,39,7,11,1,7,9,8,35,44,30,8,48,3,2,23,17,21,1,1,22,1,34:25,1,2020-21
2020-21,1626157,Karl-Anthony Towns,Karl-Anthony,1610612750,MIN,Minnesota Timberwolves,0022000387,2021-02-10T00:00:00,MIN vs. LAC,L,30.866666666666667,8,15,0.533,2,7,0.286,0,0,0.0,2,8,10,3,3,1,0,0,3,4,18,-6,34.5,1,0,35.0,1,20,20,20,40,23,36,15,20,14,32,48,48,48,25,22,27,35,23,9,31,1,10,35,43,34,42,1,1,45,1,30:52,1,2020-21
2020-21,1626157,Karl-Anthony Towns,Karl-Anthony,1610612750,MIN,Minnesota Timberwolves,0022000395,2021-02-12T00:00:00,MIN @ CHA,L,31.516666666666666,9,18,0.5,5,8,0.625,2,2,1.0,2,6,8,2,1,2,1,1,2,4,25,-3,45.6,0,0,46.0,1,20,20,20,35,15,22,23,1,10,9,40,42,1,25,33,36,42,44,3,19,20,3,35,23,29,29,34,1,27,1,31:31,1,2020-21
2020-21,1626157,Karl-Anthony Towns,Karl-Anthony,1610612750,MIN,Minnesota Timberwolves,0022000413,2021-02-14T00:00:00,MIN @ TOR,W,33.45,8,11,0.727,2,3,0.667,2,4,0.5,3,8,11,3,7,1,3,0,6,4,20,8,42.7,1,0,44.0,1,1,1,1,27,23,46,2,20,45,5,40,38,45,14,22,21,35,1,9,3,1,44,35,40,15,32,1,1,29,1,33:27,1,2020-21
2020-21,1626157,Karl-Anthony Towns,Karl-Anthony,1610612750,MIN,Minnesota Timberwolves,0022000431,2021-02-16T00:00:00,MIN vs. LAL,L,32.61666666666667,7,10,0.7,1,1,1.0,0,0,0.0,1,5,6,4,2,1,0,0,4,1,15,2,29.2,0,0,28.0,1,20,20,20,32,34,48,4,39,50,1,48,48,48,41,40,43,26,33,9,31,1,22,50,49,22,48,34,1,49,1,32:37,1,2020-21
2020-21,1626157,Karl-Anthony Towns,Karl-Anthony,1610612750,MIN,Minnesota Timberwolves,0022000440,2021-02-17T00:00:00,MIN vs. IND,L,37.483333333333334,8,19,0.421,2,7,0.286,12,12,1.0,4,6,10,1,2,2,2,1,4,7,30,-18,53.5,1,0,51.0,1,20,20,20,8,23,12,38,20,14,32,2,2,1,7,33,27,46,33,3,8,20,22,10,8,47,13,1,1,15,1,37:29,1,2020-21
2020-21,1626157,Karl-Anthony Towns,Karl-Anthony,1610612750,MIN,Minnesota Timberwolves,0022000454,2021-02-19T00:00:00,MIN vs. TOR,L,30.5,8,13,0.615,1,3,0.333,2,2,1.0,4,9,13,4,5,0,2,0,4,6,19,-6,41.6,1,0,41.0,1,20,20,20,42,23,42,7,39,45,27,40,42,1,7,14,12,26,4,30,8,1,22,17,42,34,35,1,1,35,1,30:30,1,2020-21
2020-21,1626157,Karl-Anthony Towns,Karl-Anthony,1610612750,MIN,Minnesota Timberwolves,0022000469,2021-02-21T00:00:00,MIN @ NYK,L,31.383333333333333,9,18,0.5,3,7,0.429,6,6,1.0,2,13,15,4,3,1,3,1,5,6,27,1,60.0,1,0,57.0,1,20,20,20,37,15,22,23,14,14,22,18,24,1,25,2,5,26,23,9,3,20,40,17,15,24,5,1,1,6,1,31:23,1,2020-21
2020-21,1626157,Karl-Anthony Towns,Karl-Anthony,1610612750,MIN,Minnesota Timberwolves,0022000486,2021-02-23T00:00:00,MIN @ MIL,L,35.8,10,19,0.526,1,6,0.167,5,5,1.0,3,5,8,11,3,1,0,1,2,9,26,-7,52.1,1,0,48.0,1,20,20,20,17,8,12,19,39,26,47,24,33,1,14,40,36,1,23,9,31,20,3,2,20,40,16,1,1,19,1,35:48,1,2020-21
2020-21,1626157,Karl-Anthony Towns,Karl-Anthony,1610612750,MIN,Minnesota Timberwolves,0022000493,2021-02-24T00:00:00,MIN @ CHI,L,30.995,10,20,0.5,2,4,0.5,2,2,1.0,4,4,8,5,4,2,1,1,6,3,24,12,46.1,0,0,45.0,1,20,20,20,39,8,10,23,20,36,11,40,42,1,7,46,36,14,10,3,19,20,44,45,26,5,28,34,1,28,1,30:60,1,2020-21
2020-21,1626157,Karl-Anthony Towns,Karl-Anthony,1610612750,MIN,Minnesota Timberwolves,0022000517,2021-02-27T00:00:00,MIN @ WAS,L,32.266666666666666,7,19,0.368,2,6,0.333,7,9,0.778,2,9,11,5,5,0,3,4,5,5,23,-6,47.7,1,0,47.0,1,20,20,20,33,34,12,43,20,26,27,13,8,34,25,14,21,14,4,30,3,48,40,27,31,34,26,1,1,22,1,32:16,1,2020-21
2020-21,1626157,Karl-Anthony Towns,Karl-Anthony,1610612750,MIN,Minnesota Timberwolves,0022000526,2021-02-28T00:00:00,MIN vs. PHX,L,33.25333333333333,7,16,0.438,2,7,0.286,5,6,0.833,2,8,10,1,2,1,1,1,4,6,21,-6,38.5,1,0,38.0,1,20,20,20,28,34,34,36,20,14,32,24,24,28,25,22,27,46,33,9,19,20,22,17,38,34,37,1,1,41,1,33:15,1,2020-21
2020-21,1626157,Karl-Anthony Towns,Karl-Anthony,1610612750,MIN,Minnesota Timberwolves,0022000547,2021-03-03T00:00:00,MIN vs. CHA,L,32.0,6,14,0.429,1,5,0.2,3,4,0.75,3,12,15,3,4,0,0,0,4,3,16,-27,34.5,1,0,35.0,1,20,20,20,34,43,40,37,39,33,44,37,38,36,14,5,5,35,10,30,31,1,22,45,45,49,42,1,1,45,1,32:00,1,2020-21
2020-21,1626157,Karl-Anthony Towns,Karl-Anthony,1610612750,MIN,Minnesota Timberwolves,0022000574,2021-03-11T00:00:00,MIN @ NOP,W,28.616666666666667,7,19,0.368,2,10,0.2,0,0,0.0,1,6,7,1,3,0,2,0,3,3,16,16,28.9,0,0,30.0,1,1,1,1,45,34,12,43,20,4,44,48,48,48,41,33,41,46,23,30,8,1,10,45,45,3,49,34,1,48,1,28:37,1,2020-21
2020-21,1626157,Karl-Anthony Towns,Karl-Anthony,1610612750,MIN,Minnesota Timberwolves,0022000591,2021-03-13T00:00:00,MIN vs. POR,L,34.28333333333333,12,21,0.571,2,4,0.5,8,8,1.0,4,6,10,4,2,1,2,0,4,4,34,-3,59.0,1,0,56.0,1,20,20,20,23,3,9,10,20,36,11,7,11,1,7,33,27,26,33,9,8,1,22,35,3,29,7,1,1,7,1,34:17,1,2020-21
2020-21,1626157,Karl-Anthony Towns,Karl-Anthony,1610612750,MIN,Minnesota Timberwolves,0022000599,2021-03-14T00:00:00,MIN vs. POR,W,40.3,5,9,0.556,1,4,0.25,2,6,0.333,0,8,8,8,7,1,1,0,4,5,13,3,33.6,0,0,34.0,1,1,1,1,3,49,50,12,39,36,39,40,24,47,47,22,36,2,1,9,19,1,22,27,50,20,46,34,1,47,1,40:18,1,2020-21
2020-21,1626157,Karl-Anthony Towns,Karl-Anthony,1610612750,MIN,Minnesota Timberwolves,0022000615,2021-03-16T00:00:00,MIN @ LAL,L,35.06666666666667,10,19,0.526,2,8,0.25,7,9,0.778,1,5,6,7,4,1,2,0,4,7,29,-10,51.7,0,0,50.0,1,20,20,20,19,8,12,19,20,10,39,13,8,34,41,40,43,6,10,9,8,1,22,10,11,42,20,34,1,17,1,35:04,1,2020-21
2020-21,1626157,Karl-Anthony Towns,Karl-Anthony,1610612750,MIN,Minnesota Timberwolves,0022000628,2021-03-18T00:00:00,MIN @ PHX,W,35.833333333333336,15,24,0.625,5,7,0.714,6,7,0.857,3,7,10,8,4,1,0,2,1,8,41,4,64.0,1,0,66.0,1,1,1,1,16,1,4,6,1,14,4,18,18,25,14,30,27,2,10,9,31,40,1,5,1,18,3,1,1,1,1,35:50,1,2020-21
2020-21,1626157,Karl-Anthony Towns,Karl-Anthony,1610612750,MIN,Minnesota Timberwolves,0022000638,2021-03-19T00:00:00,MIN @ PHX,L,35.49666666666667,9,12,0.75,3,4,0.75,3,4,0.75,0,9,9,1,5,0,1,0,4,7,24,-11,34.3,0,0,39.0,1,20,20,20,18,15,44,1,14,36,3,37,38,36,47,14,33,46,4,30,19,1,22,10,26,44,44,34,1,38,1,35:30,1,2020-21
2020-21,1626157,Karl-Anthony Towns,Karl-Anthony,1610612750,MIN,Minnesota Timberwolves,0022000654,2021-03-22T00:00:00,MIN vs. OKC,L,38.43333333333333,10,28,0.357,5,12,0.417,8,10,0.8,2,8,10,1,1,2,1,4,1,8,33,0,54.5,1,0,55.0,1,20,20,20,7,8,1,45,1,1,25,7,6,32,25,22,27,46,44,3,19,48,1,5,4,27,10,1,1,8,1,38:26,1,2020-21
2020-21,1626157,Karl-Anthony Towns,Karl-Anthony,1610612750,MIN,Minnesota Timberwolves,0022000673,2021-03-24T00:00:00,MIN vs. DAL,L,33.595,8,20,0.4,4,9,0.444,2,2,1.0,2,3,5,6,2,0,0,1,3,7,22,-14,35.0,0,0,37.0,1,20,20,20,26,23,10,41,4,5,17,40,42,1,25,49,47,10,33,30,31,20,10,10,34,46,41,34,1,42,1,33:36,1,2020-21
2020-21,1626157,Karl-Anthony Towns,Karl-Anthony,1610612750,MIN,Minnesota Timberwolves,0022000688,2021-03-26T00:00:00,MIN vs. HOU,W,35.06666666666667,9,26,0.346,4,9,0.444,7,8,0.875,5,11,16,8,5,1,1,3,3,6,29,9,61.2,1,0,61.0,1,1,1,1,19,15,2,46,4,5,17,13,11,24,4,7,3,2,4,9,19,45,10,17,11,8,4,1,1,3,1,35:04,1,2020-21
2020-21,1626157,Karl-Anthony Towns,Karl-Anthony,1610612750,MIN,Minnesota Timberwolves,0022000696,2021-03-27T00:00:00,MIN vs. HOU,L,33.166666666666664,7,11,0.636,2,3,0.667,11,12,0.917,5,10,15,4,4,0,2,0,4,10,27,-5,53.0,1,0,52.0,1,20,20,20,29,34,46,5,20,45,5,3,2,22,4,9,5,26,10,30,8,1,22,1,15,33,14,1,1,14,1,33:10,1,2020-21
2020-21,1626157,Karl-Anthony Towns,Karl-Anthony,1610612750,MIN,Minnesota Timberwolves,0022000709,2021-03-29T00:00:00,MIN @ BKN,L,38.96666666666667,13,22,0.591,4,8,0.5,1,2,0.5,4,8,12,5,2,0,3,0,2,6,31,0,59.9,1,0,58.0,1,20,20,20,6,2,6,9,4,10,11,47,42,45,7,22,15,14,33,30,3,1,3,17,6,27,6,1,1,5,1,38:58,1,2020-21
2020-21,1626157,Karl-Anthony Towns,Karl-Anthony,1610612750,MIN,Minnesota Timberwolves,0022000726,2021-03-31T00:00:00,MIN vs. NYK,W,39.56666666666667,7,18,0.389,2,7,0.286,2,2,1.0,2,15,17,6,3,0,2,3,4,7,18,9,50.4,1,0,47.0,1,1,1,1,4,34,22,42,20,14,32,40,42,1,25,1,2,10,23,30,8,45,22,10,43,8,24,1,1,22,1,39:34,1,2020-21
2020-21,1626157,Karl-Anthony Towns,Karl-Anthony,1610612750,MIN,Minnesota Timberwolves,0022000741,2021-04-02T00:00:00,MIN @ MEM,L,34.083333333333336,11,25,0.44,1,8,0.125,7,7,1.0,3,13,16,2,0,1,1,1,4,7,30,-11,58.2,1,0,53.0,1,20,20,20,24,6,3,35,39,10,49,13,18,1,14,2,3,42,50,9,19,20,22,10,8,44,8,1,1,13,1,34:05,1,2020-21
2020-21,1626157,Karl-Anthony Towns,Karl-Anthony,1610612750,MIN,Minnesota Timberwolves,0022000750,2021-04-03T00:00:00,MIN @ PHI,L,44.02166666666667,11,23,0.478,4,12,0.333,13,14,0.929,2,12,14,5,2,1,1,1,6,8,39,4,67.3,1,0,66.0,1,20,20,20,1,6,5,29,4,1,27,1,1,21,25,5,8,14,33,9,19,20,44,5,2,18,1,1,1,1,1,44:01,1,2020-21
2020-21,1626157,Karl-Anthony Towns,Karl-Anthony,1610612750,MIN,Minnesota Timberwolves,0022000765,2021-04-05T00:00:00,MIN vs. SAC,W,36.1,8,18,0.444,2,3,0.667,5,5,1.0,4,9,13,5,1,2,0,2,2,3,23,2,51.1,1,0,47.0,1,1,1,1,15,23,22,34,20,45,5,24,33,1,7,14,12,14,44,3,31,40,3,45,31,22,22,1,1,22,1,36:06,1,2020-21
2020-21,1626157,Karl-Anthony Towns,Karl-Anthony,1610612750,MIN,Minnesota Timberwolves,0022000776,2021-04-07T00:00:00,MIN @ IND,L,34.63333333333333,12,17,0.706,2,6,0.333,6,8,0.75,3,9,12,6,4,0,1,0,4,5,32,9,54.4,1,0,54.0,1,20,20,20,21,3,29,3,20,26,27,18,11,36,14,14,15,10,10,30,19,1,22,27,5,8,11,1,1,11,1,34:38,1,2020-21
2020-21,1626157,Karl-Anthony Towns,Karl-Anthony,1610612750,MIN,Minnesota Timberwolves,0022000792,2021-04-09T00:00:00,MIN @ BOS,L,42.03,10,22,0.455,4,9,0.444,6,6,1.0,2,10,12,7,6,1,0,0,3,6,30,-4,51.9,1,0,55.0,1,20,20,20,2,8,6,33,4,5,17,18,24,1,25,9,15,6,3,9,31,1,10,17,8,31,18,1,1,8,1,42:02,1,2020-21
2020-21,1626157,Karl-Anthony Towns,Karl-Anthony,1610612750,MIN,Minnesota Timberwolves,0022000812,2021-04-11T00:00:00,MIN vs. CHI,W,36.8,8,15,0.533,3,7,0.429,8,8,1.0,2,10,12,8,4,0,2,3,4,5,27,9,55.4,1,0,54.0,1,1,1,1,11,23,36,15,14,14,22,7,11,1,25,9,15,2,10,30,8,45,22,27,15,8,9,1,1,11,1,36:48,1,2020-21
2020-21,1626157,Karl-Anthony Towns,Karl-Anthony,1610612750,MIN,Minnesota Timberwolves,0022000852,2021-04-16T00:00:00,MIN vs. MIA,W,25.6,8,14,0.571,4,4,1.0,4,7,0.571,0,5,5,5,3,0,1,1,6,6,24,1,37.5,0,0,40.0,1,1,1,1,48,23,40,10,4,36,1,32,18,44,47,40,47,14,23,30,19,20,44,17,26,24,38,34,1,36,1,25:36,1,2020-21
2020-21,1626157,Karl-Anthony Towns,Karl-Anthony,1610612750,MIN,Minnesota Timberwolves,0022000867,2021-04-18T00:00:00,MIN @ LAC,L,24.888333333333332,5,15,0.333,1,6,0.167,5,5,1.0,1,5,6,5,3,0,0,1,4,4,16,-29,27.7,0,0,28.0,1,20,20,20,49,49,36,47,39,26,47,24,33,1,41,40,43,14,23,30,31,20,22,35,45,50,50,34,1,49,1,24:53,1,2020-21
2020-21,1626157,Karl-Anthony Towns,Karl-Anthony,1610612750,MIN,Minnesota Timberwolves,0022000880,2021-04-20T00:00:00,MIN @ SAC,W,36.233333333333334,9,17,0.529,4,9,0.444,4,6,0.667,7,11,18,5,3,0,4,1,3,4,26,7,64.1,1,0,61.0,1,1,1,1,14,15,29,17,4,5,17,32,24,41,1,7,1,14,23,30,1,20,10,35,20,16,2,1,1,3,1,36:14,1,2020-21
2020-21,1626157,Karl-Anthony Towns,Karl-Anthony,1610612750,MIN,Minnesota Timberwolves,0022000891,2021-04-21T00:00:00,MIN @ SAC,L,32.96666666666667,7,17,0.412,3,6,0.5,9,9,1.0,1,4,5,6,2,1,0,1,3,8,26,-21,42.0,0,0,42.0,1,20,20,20,30,34,29,40,14,26,11,5,8,1,41,46,47,10,33,9,31,20,10,5,20,48,33,34,1,32,1,32:58,1,2020-21
2020-21,1626157,Karl-Anthony Towns,Karl-Anthony,1610612750,MIN,Minnesota Timberwolves,0022000909,2021-04-24T00:00:00,MIN @ UTA,W,37.12166666666667,9,18,0.5,2,7,0.286,4,6,0.667,2,10,12,3,4,0,1,1,3,8,24,1,41.9,1,0,43.0,1,1,1,1,9,15,22,23,20,14,32,32,24,41,25,9,15,35,10,30,19,20,10,5,26,24,34,1,1,30,1,37:07,1,2020-21
2020-21,1626157,Karl-Anthony Towns,Karl-Anthony,1610612750,MIN,Minnesota Timberwolves,0022000923,2021-04-26T00:00:00,MIN vs. UTA,W,36.318333333333335,7,13,0.538,1,4,0.25,6,7,0.857,2,9,11,2,4,1,0,1,4,3,21,9,36.2,1,0,37.0,1,1,1,1,13,34,42,14,39,36,39,18,18,25,25,14,21,42,10,9,31,20,22,45,38,8,39,1,1,42,1,36:19,1,2020-21
2020-21,1626157,Karl-Anthony Towns,Karl-Anthony,1610612750,MIN,Minnesota Timberwolves,0022000931,2021-04-27T00:00:00,MIN @ HOU,W,31.483333333333334,12,22,0.545,2,7,0.286,5,7,0.714,3,4,7,5,5,1,0,1,6,5,31,-4,44.9,0,0,47.0,1,1,1,1,36,3,6,13,20,14,32,24,18,39,14,46,41,14,4,9,31,20,44,27,6,31,30,34,1,22,1,31:29,1,2020-21
2020-21,1626157,Karl-Anthony Towns,Karl-Anthony,1610612750,MIN,Minnesota Timberwolves,0022000946,2021-04-29T00:00:00,MIN vs. GSW,W,32.78333333333333,6,18,0.333,3,7,0.429,7,10,0.7,2,9,11,7,2,0,0,1,2,9,22,3,43.7,1,0,43.0,1,1,1,1,31,43,22,47,14,14,22,13,6,40,25,14,21,6,33,30,31,20,3,2,34,20,31,1,1,30,1,32:47,1,2020-21
2020-21,1626157,Karl-Anthony Towns,Karl-Anthony,1610612750,MIN,Minnesota Timberwolves,0022000962,2021-05-01T00:00:00,MIN vs. NOP,L,36.71666666666667,8,19,0.421,4,9,0.444,8,8,1.0,1,13,14,3,4,3,0,0,6,4,28,-6,54.3,1,0,55.0,1,20,20,20,12,23,12,38,4,5,17,7,11,1,41,2,8,35,10,1,31,1,44,35,13,34,12,1,1,8,1,36:43,1,2020-21
2020-21,1626157,Karl-Anthony Towns,Karl-Anthony,1610612750,MIN,Minnesota Timberwolves,0022000183,2021-05-05T00:00:00,MIN vs. MEM,L,24.37,7,15,0.467,3,6,0.5,5,5,1.0,2,2,4,5,4,1,0,0,5,6,22,9,33.3,0,0,36.0,1,20,20,20,50,34,36,32,14,26,11,24,33,1,25,50,50,14,10,9,31,1,40,17,34,8,47,34,1,44,1,24:22,1,2020-21
2020-21,1626157,Karl-Anthony Towns,Karl-Anthony,1610612750,MIN,Minnesota Timberwolves,0022001005,2021-05-07T00:00:00,MIN @ MIA,L,30.73,8,16,0.5,2,6,0.333,9,11,0.818,0,6,6,4,4,0,0,1,5,7,27,9,36.2,0,0,39.0,1,20,20,20,41,23,34,23,20,26,27,5,4,31,47,33,43,26,10,30,31,20,40,10,15,8,39,34,1,38,1,30:44,1,2020-21
2020-21,1626157,Karl-Anthony Towns,Karl-Anthony,1610612750,MIN,Minnesota Timberwolves,0022001022,2021-05-09T00:00:00,MIN @ ORL,W,28.583333333333332,10,19,0.526,2,7,0.286,5,6,0.833,3,6,9,4,1,1,2,2,3,6,27,32,51.8,0,0,48.0,1,1,1,1,46,8,12,19,20,14,32,24,24,28,14,33,33,26,44,9,8,40,10,17,15,1,19,34,1,19,1,28:35,1,2020-21
2020-21,1626157,Karl-Anthony Towns,Karl-Anthony,1610612750,MIN,Minnesota Timberwolves,0022001033,2021-05-11T00:00:00,MIN @ DET,W,33.905,10,19,0.526,4,11,0.364,4,5,0.8,3,5,8,5,2,3,0,0,3,4,28,32,52.1,0,0,51.0,1,1,1,1,25,8,12,19,4,3,26,32,33,32,14,40,36,14,33,1,31,1,10,35,13,1,16,34,1,15,1,33:54,1,2020-21
2020-21,1626157,Karl-Anthony Towns,Karl-Anthony,1610612750,MIN,Minnesota Timberwolves,0022001052,2021-05-13T00:00:00,MIN vs. DEN,L,39.00833333333333,6,18,0.333,4,7,0.571,4,6,0.667,5,6,11,4,5,0,0,1,4,4,20,-6,34.2,1,0,39.0,1,20,20,20,5,43,22,47,4,14,10,32,24,41,4,33,21,26,4,30,31,20,22,35,40,34,45,1,1,38,1,39:01,1,2020-21
2020-21,1626157,Karl-Anthony Towns,Karl-Anthony,1610612750,MIN,Minnesota Timberwolves,0022001063,2021-05-15T00:00:00,MIN vs. BOS,L,27.1,9,19,0.474,0,5,0.0,6,7,0.857,6,8,14,2,3,0,0,2,3,5,24,-10,40.8,1,0,40.0,1,20,20,20,47,15,12,30,50,33,50,18,18,25,2,22,8,42,23,30,31,40,10,27,26,42,36,1,1,36,1,27:06,1,2020-21
2020-21,1626157,Karl-Anthony Towns,Karl-Anthony,1610612750,MIN,Minnesota Timberwolves,0022001071,2021-05-16T00:00:00,MIN vs. DAL,W,31.176666666666666,6,12,0.5,1,4,0.25,10,11,0.909,2,7,9,5,1,2,0,1,6,6,23,14,46.3,0,0,42.0,1,1,1,1,38,43,44,23,39,36,39,4,4,23,25,30,33,14,44,3,31,20,44,17,31,4,27,34,1,32,1,31:11,1,2020-21
2021-22,1626157,Karl-Anthony Towns,Karl-Anthony,1610612750,MIN,Minnesota Timberwolves,0022100008,2021-10-20T00:00:00,MIN vs. HOU,W,29.383333333333333,11,15,0.733,3,4,0.75,5,5,1.0,5,5,10,2,3,2,2,1,3,5,30,34,54.0,1,0,53.0,1,1,1,1,61,11,42,5,13,37,3,28,40,1,7,51,30,53,24,6,11,26,15,43,15,1,14,1,2,10,1,29:23,1,2021-22
2021-22,1626157,Karl-Anthony Towns,Karl-Anthony,1610612750,MIN,Minnesota Timberwolves,0022100031,2021-10-23T00:00:00,MIN vs. NOP,W,28.616666666666667,10,20,0.5,3,6,0.5,2,2,1.0,1,3,4,2,5,0,3,2,6,3,25,5,36.8,0,0,40.0,1,1,1,1,63,21,12,42,13,17,21,63,68,1,57,70,70,53,11,47,2,45,70,66,28,35,58,41,2,49,1,28:37,1,2021-22
2021-22,1626157,Karl-Anthony Towns,Karl-Anthony,1610612750,MIN,Minnesota Timberwolves,0022100047,2021-10-25T00:00:00,MIN vs. NOP,L,39.6,10,24,0.417,4,10,0.4,8,8,1.0,6,8,14,7,3,2,2,1,3,8,32,8,68.3,1,0,65.0,1,45,45,45,7,21,5,61,4,3,33,12,16,1,3,23,8,4,24,6,11,26,15,8,8,28,3,1,2,2,1,39:36,1,2021-22
2021-22,1626157,Karl-Anthony Towns,Karl-Anthony,1610612750,MIN,Minnesota Timberwolves,0022100060,2021-10-27T00:00:00,MIN @ MIL,W,38.4,9,13,0.692,3,5,0.6,4,5,0.8,1,2,3,5,7,1,3,0,1,6,25,7,41.1,0,0,44.0,1,1,1,1,8,28,54,8,13,28,15,39,40,42,57,74,74,14,2,21,2,1,2,19,28,31,47,41,2,33,1,38:24,1,2021-22
2021-22,1626157,Karl-Anthony Towns,Karl-Anthony,1610612750,MIN,Minnesota Timberwolves,0022100087,2021-10-30T00:00:00,MIN vs. DEN,L,33.53333333333333,4,11,0.364,2,5,0.4,4,4,1.0,3,5,8,3,5,1,0,2,4,5,14,-23,26.1,0,0,29.0,1,45,45,45,41,69,66,71,26,28,33,39,53,1,20,51,48,35,11,21,48,45,34,43,71,71,73,41,2,70,1,33:32,1,2021-22
2021-22,1626157,Karl-Anthony Towns,Karl-Anthony,1610612750,MIN,Minnesota Timberwolves,0022100101,2021-11-01T00:00:00,MIN vs. ORL,L,37.4,8,17,0.471,4,8,0.5,3,7,0.429,6,10,16,6,2,2,0,3,3,5,23,-24,55.2,1,0,53.0,1,45,45,45,14,38,29,48,4,7,21,52,25,72,3,12,3,9,46,6,48,65,15,43,41,72,11,1,2,10,1,37:24,1,2021-22
2021-22,1626157,Karl-Anthony Towns,Karl-Anthony,1610612750,MIN,Minnesota Timberwolves,0022100115,2021-11-03T00:00:00,MIN vs. LAC,L,36.233333333333334,6,16,0.375,3,8,0.375,3,3,1.0,3,8,11,3,3,4,0,2,3,3,18,-12,44.7,1,0,43.0,1,45,45,45,20,58,37,70,13,7,36,52,59,1,20,23,20,35,24,1,48,45,15,66,61,59,36,1,2,35,1,36:14,1,2021-22
2021-22,1626157,Karl-Anthony Towns,Karl-Anthony,1610612750,MIN,Minnesota Timberwolves,0022100129,2021-11-05T00:00:00,MIN vs. LAC,L,31.816666666666666,7,11,0.636,3,5,0.6,3,3,1.0,1,7,8,0,6,1,0,0,5,6,20,-28,26.6,0,0,33.0,1,45,45,45,50,48,66,16,13,28,15,52,59,1,57,30,48,71,5,21,48,1,56,19,55,73,72,41,2,65,1,31:49,1,2021-22
2021-22,1626157,Karl-Anthony Towns,Karl-Anthony,1610612750,MIN,Minnesota Timberwolves,0022100149,2021-11-08T00:00:00,MIN @ MEM,L,43.35,9,20,0.45,3,9,0.333,4,5,0.8,7,5,12,3,5,1,2,2,3,7,25,-3,47.9,1,0,49.0,1,45,45,45,1,28,12,54,13,5,38,39,40,42,1,51,16,35,11,21,11,45,15,15,28,51,30,1,2,19,1,43:21,1,2021-22
2021-22,1626157,Karl-Anthony Towns,Karl-Anthony,1610612750,MIN,Minnesota Timberwolves,0022100169,2021-11-10T00:00:00,MIN @ GSW,L,38.166666666666664,6,19,0.316,5,10,0.5,0,0,0.0,4,7,11,4,0,2,0,2,4,3,17,2,42.2,1,0,41.0,1,45,45,45,9,58,17,73,2,3,21,73,73,73,12,30,20,24,67,6,48,45,34,66,62,39,44,1,2,44,1,38:10,1,2021-22
2021-22,1626157,Karl-Anthony Towns,Karl-Anthony,1610612750,MIN,Minnesota Timberwolves,0022100184,2021-11-12T00:00:00,MIN @ LAL,W,30.37,11,17,0.647,4,8,0.5,3,3,1.0,2,5,7,2,0,2,1,0,3,3,29,19,49.4,0,0,48.0,1,1,1,1,58,11,29,12,4,7,21,52,59,1,34,51,58,53,67,6,26,1,15,66,17,14,22,41,2,21,1,30:22,1,2021-22
2021-22,1626157,Karl-Anthony Towns,Karl-Anthony,1610612750,MIN,Minnesota Timberwolves,0022100191,2021-11-13T00:00:00,MIN @ LAC,L,31.466666666666665,3,11,0.273,0,5,0.0,2,3,0.667,1,7,8,4,0,2,1,0,1,6,8,-11,32.6,0,0,26.0,1,45,45,45,52,74,66,74,66,28,66,63,59,57,57,30,48,24,67,6,26,1,2,19,74,57,66,41,2,72,1,31:28,1,2021-22
2021-22,1626157,Karl-Anthony Towns,Karl-Anthony,1610612750,MIN,Minnesota Timberwolves,0022100206,2021-11-15T00:00:00,MIN vs. PHX,L,40.22833333333333,10,19,0.526,5,9,0.556,10,11,0.909,2,11,13,2,7,1,0,0,5,9,35,-3,49.6,1,0,57.0,1,45,45,45,5,21,17,41,2,5,20,5,6,26,34,8,11,53,2,21,48,1,56,4,6,51,21,1,2,8,1,40:14,1,2021-22
2021-22,1626157,Karl-Anthony Towns,Karl-Anthony,1610612750,MIN,Minnesota Timberwolves,0022100220,2021-11-17T00:00:00,MIN vs. SAC,W,36.61666666666667,9,12,0.75,1,4,0.25,3,3,1.0,1,5,6,4,6,0,2,0,4,7,22,22,35.2,0,0,37.0,1,1,1,1,19,28,60,3,44,37,55,52,59,1,57,51,66,24,5,47,11,1,34,15,45,8,62,41,2,58,1,36:37,1,2021-22
2021-22,1626157,Karl-Anthony Towns,Karl-Anthony,1610612750,MIN,Minnesota Timberwolves,0022100227,2021-11-18T00:00:00,MIN vs. SAS,W,38.13333333333333,9,16,0.563,3,4,0.75,4,6,0.667,0,12,12,5,2,0,1,1,1,5,25,21,47.9,1,0,47.0,1,1,1,1,10,28,37,29,13,37,3,39,31,57,68,4,16,14,46,47,26,26,2,43,28,10,30,1,2,25,1,38:08,1,2021-22
2021-22,1626157,Karl-Anthony Towns,Karl-Anthony,1610612750,MIN,Minnesota Timberwolves,0022100245,2021-11-20T00:00:00,MIN vs. MEM,W,23.655,8,15,0.533,1,2,0.5,4,5,0.8,2,3,5,2,1,1,1,3,4,7,21,28,35.0,0,0,33.0,1,1,1,1,73,38,42,37,44,69,21,39,40,42,34,70,68,53,59,21,26,65,34,15,49,3,63,41,2,65,1,23:39,1,2021-22
2021-22,1626157,Karl-Anthony Towns,Karl-Anthony,1610612750,MIN,Minnesota Timberwolves,0022100259,2021-11-22T00:00:00,MIN @ NOP,W,34.81666666666667,10,21,0.476,2,6,0.333,6,8,0.75,5,5,10,2,3,1,1,3,4,5,28,24,46.0,1,0,46.0,1,1,1,1,28,21,11,46,26,17,38,20,16,50,7,51,30,53,24,21,26,65,34,43,18,6,32,1,2,29,1,34:49,1,2021-22
2021-22,1626157,Karl-Anthony Towns,Karl-Anthony,1610612750,MIN,Minnesota Timberwolves,0022100274,2021-11-24T00:00:00,MIN vs. MIA,W,28.533333333333335,4,12,0.333,1,5,0.2,2,2,1.0,2,4,6,4,2,0,2,1,4,6,11,21,28.2,0,0,26.0,1,1,1,1,64,69,60,72,44,28,62,63,68,1,34,64,66,24,46,47,11,26,34,19,73,10,71,41,2,72,1,28:32,1,2021-22
2021-22,1626157,Karl-Anthony Towns,Karl-Anthony,1610612750,MIN,Minnesota Timberwolves,0022100281,2021-11-26T00:00:00,MIN @ CHA,L,30.96,9,18,0.5,1,3,0.333,6,7,0.857,2,5,7,6,3,1,0,1,3,6,25,-12,42.4,0,0,41.0,1,45,45,45,54,28,23,42,44,55,38,20,25,33,34,51,58,9,24,21,48,26,15,19,28,59,43,41,2,44,1,30:58,1,2021-22
2021-22,1626157,Karl-Anthony Towns,Karl-Anthony,1610612750,MIN,Minnesota Timberwolves,0022100292,2021-11-27T00:00:00,MIN @ PHI,W,37.388333333333335,11,16,0.688,3,5,0.6,3,6,0.5,2,8,10,0,3,0,1,0,6,5,28,-2,40.0,1,0,43.0,1,1,1,1,16,11,37,9,13,28,15,52,31,69,34,23,30,71,24,47,26,1,70,43,18,48,49,1,2,35,1,37:23,1,2021-22
2021-22,1626157,Karl-Anthony Towns,Karl-Anthony,1610612750,MIN,Minnesota Timberwolves,0022100309,2021-11-29T00:00:00,MIN vs. IND,W,32.31666666666667,13,22,0.591,1,4,0.25,5,8,0.625,2,6,8,2,9,0,0,1,6,5,32,-13,35.6,0,0,43.0,1,1,1,1,47,4,8,25,44,37,55,28,16,64,34,42,48,53,1,47,48,26,70,43,8,62,61,41,2,35,1,32:19,1,2021-22
2021-22,1626157,Karl-Anthony Towns,Karl-Anthony,1610612750,MIN,Minnesota Timberwolves,0022100321,2021-12-01T00:00:00,MIN @ WAS,L,32.95,11,25,0.44,2,4,0.5,10,11,0.909,5,5,10,1,3,1,1,5,3,8,34,-1,50.5,1,0,51.0,1,45,45,45,43,11,3,56,26,37,21,5,6,26,7,51,30,65,24,21,26,74,15,8,7,46,19,1,2,15,1,32:57,1,2021-22
2021-22,1626157,Karl-Anthony Towns,Karl-Anthony,1610612750,MIN,Minnesota Timberwolves,0022100359,2021-12-06T00:00:00,MIN vs. ATL,L,41.11666666666667,11,24,0.458,4,6,0.667,5,7,0.714,4,12,16,6,0,0,1,2,5,5,31,-5,62.2,1,0,59.0,1,45,45,45,4,11,5,53,4,17,8,28,25,55,12,4,3,9,67,47,26,45,56,43,12,56,7,1,2,6,1,41:07,1,2021-22
2021-22,1626157,Karl-Anthony Towns,Karl-Anthony,1610612750,MIN,Minnesota Timberwolves,0022100374,2021-12-08T00:00:00,MIN vs. UTA,L,34.2,7,11,0.636,2,4,0.5,6,8,0.75,2,5,7,5,4,0,1,0,3,7,22,-15,36.9,0,0,38.0,1,45,45,45,35,48,66,16,26,37,21,20,16,50,34,51,58,14,19,47,26,1,15,15,45,65,56,41,2,56,1,34:12,1,2021-22
2021-22,1626157,Karl-Anthony Towns,Karl-Anthony,1610612750,MIN,Minnesota Timberwolves,0022100387,2021-12-10T00:00:00,MIN vs. CLE,L,30.45,8,19,0.421,0,7,0.0,5,6,0.833,3,4,7,2,5,1,3,1,4,6,21,-21,39.4,0,0,38.0,1,45,45,45,57,38,17,59,66,11,66,28,31,37,20,64,58,53,11,21,2,26,34,19,49,70,50,41,2,56,1,30:27,1,2021-22
2021-22,1626157,Karl-Anthony Towns,Karl-Anthony,1610612750,MIN,Minnesota Timberwolves,0022100402,2021-12-12T00:00:00,MIN @ POR,W,34.88333333333333,7,17,0.412,0,3,0.0,9,10,0.9,5,5,10,4,5,0,0,4,4,8,23,19,36.0,1,0,37.0,1,1,1,1,27,48,29,64,66,55,66,9,12,29,7,51,30,24,11,47,48,73,34,8,41,14,60,1,2,58,1,34:53,1,2021-22
2021-22,1626157,Karl-Anthony Towns,Karl-Anthony,1610612750,MIN,Minnesota Timberwolves,0022100424,2021-12-15T00:00:00,MIN @ DEN,W,35.88333333333333,12,18,0.667,3,7,0.429,5,5,1.0,0,4,4,4,2,3,1,0,4,5,32,18,52.8,0,0,51.0,1,1,1,1,24,6,23,10,13,11,32,28,40,1,68,64,70,24,46,2,26,1,34,43,8,16,15,41,2,15,1,35:53,1,2021-22
2021-22,1626157,Karl-Anthony Towns,Karl-Anthony,1610612750,MIN,Minnesota Timberwolves,0022100436,2021-12-17T00:00:00,MIN vs. LAL,W,32.18333333333333,11,20,0.55,2,6,0.333,4,5,0.8,3,7,10,4,2,1,3,2,4,6,28,23,56.0,1,0,52.0,1,1,1,1,48,11,12,31,26,17,38,39,40,42,20,30,30,24,46,21,2,45,34,19,18,7,9,1,2,13,1,32:11,1,2021-22
2021-22,1626157,Karl-Anthony Towns,Karl-Anthony,1610612750,MIN,Minnesota Timberwolves,0022100455,2021-12-19T00:00:00,MIN vs. DAL,W,33.70166666666667,6,15,0.4,1,3,0.333,11,13,0.846,3,4,7,6,4,1,0,0,5,9,24,6,40.4,0,0,40.0,1,1,1,1,38,58,42,65,44,55,38,3,3,35,20,64,58,9,19,21,48,1,56,4,37,34,48,41,2,49,1,33:42,1,2021-22
2021-22,1626157,Karl-Anthony Towns,Karl-Anthony,1610612750,MIN,Minnesota Timberwolves,0022100468,2021-12-21T00:00:00,MIN @ DAL,L,37.545,9,14,0.643,3,4,0.75,5,5,1.0,2,12,14,7,5,0,2,0,3,6,26,-15,54.3,1,0,54.0,1,45,45,45,12,28,48,14,13,37,3,28,40,1,34,4,8,4,11,47,11,1,15,19,24,65,13,1,2,9,1,37:33,1,2021-22
2021-22,1626157,Karl-Anthony Towns,Karl-Anthony,1610612750,MIN,Minnesota Timberwolves,0022100574,2022-01-05T00:00:00,MIN vs. OKC,W,36.93333333333333,6,14,0.429,1,4,0.25,4,5,0.8,6,10,16,3,6,1,2,3,6,4,17,16,43.7,1,0,43.0,1,1,1,1,18,58,48,57,44,37,55,39,40,42,3,12,3,35,5,21,11,65,70,59,62,18,39,1,2,35,1,36:56,1,2021-22
2021-22,1626157,Karl-Anthony Towns,Karl-Anthony,1610612750,MIN,Minnesota Timberwolves,0022100587,2022-01-07T00:00:00,MIN @ OKC,W,27.1,7,11,0.636,0,2,0.0,5,6,0.833,0,8,8,5,4,1,3,1,4,5,19,22,44.1,0,0,40.0,1,1,1,1,68,48,66,16,66,69,66,28,31,37,68,23,48,14,19,21,2,26,34,43,59,8,38,41,2,49,1,27:06,1,2021-22
2021-22,1626157,Karl-Anthony Towns,Karl-Anthony,1610612750,MIN,Minnesota Timberwolves,0022100600,2022-01-09T00:00:00,MIN @ HOU,W,33.07,15,25,0.6,4,6,0.667,6,8,0.75,6,3,9,7,2,1,0,2,2,6,40,27,62.3,0,0,62.0,1,1,1,1,42,2,3,24,4,17,8,20,16,50,3,70,41,4,46,21,48,45,6,19,2,4,6,41,2,4,1,33:04,1,2021-22
2021-22,1626157,Karl-Anthony Towns,Karl-Anthony,1610612750,MIN,Minnesota Timberwolves,0022100615,2022-01-11T00:00:00,MIN @ NOP,L,41.68333333333333,9,16,0.563,1,4,0.25,7,11,0.636,3,5,8,5,3,3,1,0,3,8,26,-2,52.1,0,0,48.0,1,45,45,45,2,28,37,29,44,37,55,16,6,63,20,51,48,14,24,2,26,1,15,8,24,48,16,41,2,21,1,41:41,1,2021-22
2021-22,1626157,Karl-Anthony Towns,Karl-Anthony,1610612750,MIN,Minnesota Timberwolves,0022100628,2022-01-13T00:00:00,MIN @ MEM,L,39.9,11,17,0.647,2,6,0.333,1,1,1.0,2,7,9,3,4,1,2,2,4,1,25,-2,45.3,0,0,45.0,1,45,45,45,6,11,29,12,26,17,38,72,72,1,34,30,41,35,19,21,11,45,34,74,28,48,34,41,2,32,1,39:54,1,2021-22
2021-22,1626157,Karl-Anthony Towns,Karl-Anthony,1610612750,MIN,Minnesota Timberwolves,0022100652,2022-01-16T00:00:00,MIN vs. GSW,W,29.933333333333334,11,20,0.55,1,6,0.167,3,5,0.6,4,7,11,1,1,0,2,0,3,6,26,7,45.7,1,0,43.0,1,1,1,1,59,11,12,31,44,17,65,52,40,66,12,30,20,65,59,47,11,1,15,19,24,31,33,1,2,35,1,29:56,1,2021-22
2021-22,1626157,Karl-Anthony Towns,Karl-Anthony,1610612750,MIN,Minnesota Timberwolves,0022100666,2022-01-18T00:00:00,MIN @ NYK,W,36.166666666666664,6,12,0.5,2,4,0.5,6,7,0.857,1,4,5,3,2,1,0,2,4,6,20,-3,31.5,0,0,32.0,1,1,1,1,23,58,60,42,26,37,21,20,25,33,57,64,68,35,46,21,48,45,34,19,55,51,67,41,2,67,1,36:10,1,2021-22
2021-22,1626157,Karl-Anthony Towns,Karl-Anthony,1610612750,MIN,Minnesota Timberwolves,0022100670,2022-01-19T00:00:00,MIN @ ATL,L,34.333333333333336,6,13,0.462,1,5,0.2,4,6,0.667,1,9,10,7,4,2,1,2,6,4,17,-11,44.5,1,0,41.0,1,45,45,45,33,58,54,50,44,28,62,39,31,57,57,14,30,4,19,6,26,45,70,59,62,57,37,1,2,44,1,34:20,1,2021-22
2021-22,1626157,Karl-Anthony Towns,Karl-Anthony,1610612750,MIN,Minnesota Timberwolves,0022100706,2022-01-23T00:00:00,MIN vs. BKN,W,32.348333333333336,7,18,0.389,2,7,0.286,7,9,0.778,0,7,7,2,3,2,2,0,3,11,23,2,43.4,0,0,42.0,1,1,1,1,46,48,23,68,26,11,53,16,14,49,68,30,58,53,24,6,11,1,15,1,41,39,40,41,2,41,1,32:21,1,2021-22
2021-22,1626157,Karl-Anthony Towns,Karl-Anthony,1610612750,MIN,Minnesota Timberwolves,0022100721,2022-01-25T00:00:00,MIN @ POR,W,37.4,4,7,0.571,3,4,0.75,6,6,1.0,3,14,17,2,3,0,4,0,2,5,17,13,49.4,1,0,47.0,1,1,1,1,14,69,73,27,13,37,3,20,31,1,20,2,1,53,24,47,1,1,6,43,62,23,22,1,2,25,1,37:24,1,2021-22
2021-22,1626157,Karl-Anthony Towns,Karl-Anthony,1610612750,MIN,Minnesota Timberwolves,0022100734,2022-01-27T00:00:00,MIN @ GSW,L,35.88333333333333,12,22,0.545,2,6,0.333,5,6,0.833,4,8,12,6,2,1,0,1,4,6,31,-16,55.4,1,0,53.0,1,45,45,45,24,6,8,33,26,17,38,28,31,37,12,23,16,9,46,21,48,26,34,19,12,68,10,1,2,10,1,35:53,1,2021-22
2021-22,1626157,Karl-Anthony Towns,Karl-Anthony,1610612750,MIN,Minnesota Timberwolves,0022100743,2022-01-28T00:00:00,MIN @ PHX,L,30.601666666666667,8,20,0.4,2,7,0.286,5,8,0.625,3,6,9,5,3,0,0,1,5,6,23,-15,38.3,0,0,39.0,1,45,45,45,56,38,12,65,26,11,53,28,16,64,20,42,41,14,24,47,48,26,56,19,41,65,53,41,2,53,1,30:36,1,2021-22
2021-22,1626157,Karl-Anthony Towns,Karl-Anthony,1610612750,MIN,Minnesota Timberwolves,0022100757,2022-01-30T00:00:00,MIN vs. UTA,W,33.7,10,17,0.588,3,4,0.75,8,9,0.889,4,7,11,10,1,2,0,2,3,6,31,20,64.2,1,1,59.0,1,1,1,1,39,21,29,26,13,37,3,12,14,31,12,30,20,1,59,6,48,45,15,19,12,12,5,1,1,6,1,33:42,1,2021-22
2021-22,1626157,Karl-Anthony Towns,Karl-Anthony,1610612750,MIN,Minnesota Timberwolves,0022100770,2022-02-01T00:00:00,MIN vs. DEN,W,27.683333333333334,8,12,0.667,1,3,0.333,7,8,0.875,2,8,10,7,1,2,1,0,4,6,24,12,54.5,1,0,48.0,1,1,1,1,67,38,60,10,44,55,38,16,16,32,34,23,30,4,59,6,26,1,34,19,37,25,12,1,2,21,1,27:41,1,2021-22
2021-22,1626157,Karl-Anthony Towns,Karl-Anthony,1610612750,MIN,Minnesota Timberwolves,0022100782,2022-02-03T00:00:00,MIN @ DET,W,36.185,6,15,0.4,0,4,0.0,9,10,0.9,3,11,14,4,5,0,2,3,0,9,21,4,44.8,1,0,43.0,1,1,1,1,21,58,42,65,66,37,66,9,12,29,20,8,8,24,11,47,11,65,1,4,49,36,35,1,2,35,1,36:11,1,2021-22
2021-22,1626157,Karl-Anthony Towns,Karl-Anthony,1610612750,MIN,Minnesota Timberwolves,0022100803,2022-02-06T00:00:00,MIN vs. DET,W,37.72,11,18,0.611,2,3,0.667,0,0,0.0,3,9,12,2,3,0,1,3,2,4,24,8,41.4,1,0,42.0,1,1,1,1,11,11,23,22,26,55,8,73,73,73,20,14,16,53,24,47,26,65,6,59,37,28,45,1,2,41,1,37:43,1,2021-22
2021-22,1626157,Karl-Anthony Towns,Karl-Anthony,1610612750,MIN,Minnesota Timberwolves,0022100824,2022-02-08T00:00:00,MIN @ SAC,W,28.433333333333334,10,14,0.714,2,3,0.667,3,3,1.0,3,6,9,3,3,0,0,0,4,5,25,13,37.3,0,0,39.0,1,1,1,1,65,21,48,6,26,55,8,52,59,1,20,42,41,35,24,47,48,1,34,43,28,23,55,41,2,53,1,28:26,1,2021-22
2021-22,1626157,Karl-Anthony Towns,Karl-Anthony,1610612750,MIN,Minnesota Timberwolves,0022100830,2022-02-09T00:00:00,MIN @ SAC,L,34.458333333333336,9,17,0.529,1,4,0.25,2,2,1.0,2,5,7,8,3,0,1,2,3,4,21,4,41.4,0,0,39.0,1,45,45,45,31,28,29,40,44,37,55,63,68,1,34,51,58,2,24,47,26,45,15,59,49,36,45,41,2,53,1,34:28,1,2021-22
2021-22,1626157,Karl-Anthony Towns,Karl-Anthony,1610612750,MIN,Minnesota Timberwolves,0022100843,2022-02-11T00:00:00,MIN @ CHI,L,37.083333333333336,12,19,0.632,1,3,0.333,2,3,0.667,3,5,8,8,0,2,1,0,3,5,27,-3,57.6,0,0,50.0,1,45,45,45,17,6,17,20,44,55,38,63,59,57,20,51,48,2,67,6,26,1,15,43,22,51,8,41,2,18,1,37:05,1,2021-22
2021-22,1626157,Karl-Anthony Towns,Karl-Anthony,1610612750,MIN,Minnesota Timberwolves,0022100857,2022-02-13T00:00:00,MIN @ IND,W,22.3,5,12,0.417,1,1,1.0,4,4,1.0,5,8,13,3,6,0,0,3,5,4,15,-1,29.1,1,0,32.0,1,1,1,1,74,68,60,61,44,71,1,39,53,1,7,23,11,35,5,47,48,65,56,59,68,46,70,1,2,67,1,22:18,1,2021-22
2021-22,1626157,Karl-Anthony Towns,Karl-Anthony,1610612750,MIN,Minnesota Timberwolves,0022100871,2022-02-15T00:00:00,MIN vs. CHA,W,41.68333333333333,12,26,0.462,4,11,0.364,11,13,0.846,3,12,15,3,3,1,1,1,4,8,39,8,64.5,1,0,65.0,1,1,1,1,2,6,2,50,4,1,37,3,3,35,20,4,6,35,24,21,26,26,34,8,3,28,4,1,2,2,1,41:41,1,2021-22
2021-22,1626157,Karl-Anthony Towns,Karl-Anthony,1610612750,MIN,Minnesota Timberwolves,0022100880,2022-02-16T00:00:00,MIN vs. TOR,L,34.0,9,14,0.643,2,3,0.667,4,5,0.8,0,11,11,3,2,3,0,2,3,4,24,2,48.7,1,0,46.0,1,45,45,45,36,28,48,14,26,55,8,39,40,42,68,8,20,35,46,2,48,45,15,59,37,39,26,1,2,29,1,34:00,1,2021-22
2021-22,1626157,Karl-Anthony Towns,Karl-Anthony,1610612750,MIN,Minnesota Timberwolves,0022100892,2022-02-24T00:00:00,MIN vs. MEM,W,27.876666666666665,9,19,0.474,2,4,0.5,2,4,0.5,2,9,11,3,0,0,3,1,5,2,22,-4,48.7,1,0,44.0,1,1,1,1,66,28,17,47,26,37,21,63,53,69,34,14,20,35,67,47,2,26,56,72,45,55,26,1,2,33,1,27:53,1,2021-22
2021-22,1626157,Karl-Anthony Towns,Karl-Anthony,1610612750,MIN,Minnesota Timberwolves,0022100901,2022-02-25T00:00:00,MIN vs. PHI,L,33.61666666666667,8,19,0.421,2,6,0.333,7,7,1.0,1,6,7,3,1,0,0,0,3,6,25,-32,36.9,0,0,37.0,1,45,45,45,40,38,17,59,26,17,38,16,25,1,57,42,58,35,59,47,48,1,15,19,28,74,56,41,2,58,1,33:37,1,2021-22
2021-22,1626157,Karl-Anthony Towns,Karl-Anthony,1610612750,MIN,Minnesota Timberwolves,0022100920,2022-02-28T00:00:00,MIN @ CLE,W,34.233333333333334,7,13,0.538,1,4,0.25,2,2,1.0,1,3,4,3,1,1,1,1,4,2,17,0,31.3,0,0,29.0,1,1,1,1,34,48,54,34,44,37,55,63,68,1,57,70,70,35,59,21,26,26,34,72,62,44,68,41,2,70,1,34:14,1,2021-22
2021-22,1626157,Karl-Anthony Towns,Karl-Anthony,1610612750,MIN,Minnesota Timberwolves,0022100930,2022-03-01T00:00:00,MIN vs. GSW,W,32.085,14,22,0.636,3,6,0.5,8,11,0.727,0,9,9,1,2,0,0,1,2,8,39,10,49.3,0,0,52.0,1,1,1,1,49,3,8,16,13,17,21,12,6,54,68,14,41,65,46,47,48,26,6,8,3,27,24,41,2,13,1,32:05,1,2021-22
2021-22,1626157,Karl-Anthony Towns,Karl-Anthony,1610612750,MIN,Minnesota Timberwolves,0022100951,2022-03-04T00:00:00,MIN @ OKC,W,25.27,7,13,0.538,1,3,0.333,5,7,0.714,2,6,8,3,3,3,1,2,2,6,20,0,43.1,0,0,40.0,1,1,1,1,71,48,54,34,44,55,38,28,25,55,34,42,48,35,24,2,26,45,6,19,55,44,41,41,2,49,1,25:16,1,2021-22
2021-22,1626157,Karl-Anthony Towns,Karl-Anthony,1610612750,MIN,Minnesota Timberwolves,0022100958,2022-03-05T00:00:00,MIN vs. POR,W,34.4,13,17,0.765,0,4,0.0,10,11,0.909,1,14,15,5,0,0,3,0,2,6,36,14,70.5,1,0,62.0,1,1,1,1,32,4,29,2,66,37,66,5,6,26,57,2,6,14,67,47,2,1,6,19,5,21,2,1,2,4,1,34:24,1,2021-22
2021-22,1626157,Karl-Anthony Towns,Karl-Anthony,1610612750,MIN,Minnesota Timberwolves,0022100971,2022-03-07T00:00:00,MIN vs. POR,W,24.05,8,14,0.571,1,1,1.0,10,15,0.667,7,6,13,1,2,1,2,2,2,10,27,34,51.1,1,0,48.0,1,1,1,1,72,38,48,27,44,71,1,5,2,57,1,42,11,65,46,21,11,45,6,2,22,1,18,1,2,21,1,24:03,1,2021-22
2021-22,1626157,Karl-Anthony Towns,Karl-Anthony,1610612750,MIN,Minnesota Timberwolves,0022100986,2022-03-09T00:00:00,MIN vs. OKC,W,29.233333333333334,4,5,0.8,0,0,0.0,5,6,0.833,2,9,11,4,5,0,3,0,2,5,13,20,36.2,1,0,34.0,1,1,1,1,62,69,74,1,66,74,66,28,31,37,34,14,20,24,11,47,2,1,6,43,72,12,59,1,2,62,1,29:14,1,2021-22
2021-22,1626157,Karl-Anthony Towns,Karl-Anthony,1610612750,MIN,Minnesota Timberwolves,0022100995,2022-03-11T00:00:00,MIN @ ORL,L,33.86666666666667,6,14,0.429,1,5,0.2,8,8,1.0,2,11,13,4,3,2,2,0,5,5,21,2,51.6,1,0,47.0,1,45,45,45,37,58,48,57,44,28,62,12,16,1,34,8,11,24,24,6,11,1,56,43,49,39,17,1,2,25,1,33:52,1,2021-22
2021-22,1626157,Karl-Anthony Towns,Karl-Anthony,1610612750,MIN,Minnesota Timberwolves,0022101005,2022-03-12T00:00:00,MIN @ MIA,W,25.283333333333335,4,9,0.444,1,3,0.333,6,8,0.75,1,9,10,0,3,0,0,0,4,6,15,14,24.0,1,0,26.0,1,1,1,1,70,69,72,55,44,55,38,20,16,50,57,14,30,71,24,47,48,1,34,19,68,21,74,1,2,72,1,25:17,1,2021-22
2021-22,1626157,Karl-Anthony Towns,Karl-Anthony,1610612750,MIN,Minnesota Timberwolves,0022101024,2022-03-14T00:00:00,MIN @ SAS,W,36.18333333333333,19,31,0.613,7,11,0.636,15,16,0.938,2,15,17,3,6,1,0,3,5,9,60,16,81.9,1,0,89.0,1,1,1,1,22,1,1,21,1,1,14,1,1,25,34,1,1,35,5,21,48,65,56,4,1,18,1,1,2,1,1,36:11,1,2021-22
2021-22,1626157,Karl-Anthony Towns,Karl-Anthony,1610612750,MIN,Minnesota Timberwolves,0022101039,2022-03-16T00:00:00,MIN vs. LAL,W,26.166666666666668,8,15,0.533,1,3,0.333,13,13,1.0,2,6,8,1,6,0,1,2,4,10,30,17,38.1,0,0,42.0,1,1,1,1,69,38,42,37,44,55,38,2,3,1,34,42,48,65,5,47,26,45,34,2,15,17,54,41,2,41,1,26:10,1,2021-22
2021-22,1626157,Karl-Anthony Towns,Karl-Anthony,1610612750,MIN,Minnesota Timberwolves,0022101058,2022-03-19T00:00:00,MIN vs. MIL,W,31.705,6,12,0.5,4,6,0.667,9,11,0.818,2,9,11,5,3,2,0,2,3,8,25,26,48.7,1,0,49.0,1,1,1,1,51,58,60,42,4,17,8,9,6,41,34,14,20,14,24,6,48,45,15,8,28,5,26,1,2,19,1,31:42,1,2021-22
2021-22,1626157,Karl-Anthony Towns,Karl-Anthony,1610612750,MIN,Minnesota Timberwolves,0022101079,2022-03-21T00:00:00,MIN @ DAL,L,37.5,8,17,0.471,2,5,0.4,4,4,1.0,2,6,8,3,2,2,1,1,1,5,22,11,43.1,0,0,41.0,1,45,45,45,13,38,29,48,26,28,33,39,53,1,34,42,48,35,46,6,26,26,2,43,45,26,41,41,2,44,1,37:30,1,2021-22
2021-22,1626157,Karl-Anthony Towns,Karl-Anthony,1610612750,MIN,Minnesota Timberwolves,0022101090,2022-03-23T00:00:00,MIN vs. PHX,L,30.85,6,13,0.462,0,3,0.0,3,3,1.0,4,7,11,2,1,0,3,1,5,3,15,-12,39.2,1,0,34.0,1,45,45,45,55,58,54,50,66,55,66,52,59,1,12,30,20,53,59,47,2,26,56,66,68,59,51,1,2,62,1,30:51,1,2021-22
2021-22,1626157,Karl-Anthony Towns,Karl-Anthony,1610612750,MIN,Minnesota Timberwolves,0022101104,2022-03-25T00:00:00,MIN vs. DAL,W,29.628333333333334,7,10,0.7,2,4,0.5,4,4,1.0,2,7,9,1,1,1,0,0,4,4,20,16,34.3,0,0,34.0,1,1,1,1,60,48,71,7,26,37,21,39,53,1,34,30,41,65,59,21,48,1,34,59,55,18,65,41,2,62,1,29:38,1,2021-22
2021-22,1626157,Karl-Anthony Towns,Karl-Anthony,1610612750,MIN,Minnesota Timberwolves,0022101116,2022-03-27T00:00:00,MIN @ BOS,L,34.766666666666666,8,15,0.533,1,3,0.333,2,4,0.5,0,4,4,5,3,1,0,2,4,6,19,-16,31.3,0,0,31.0,1,45,45,45,29,38,42,37,44,55,38,63,53,69,68,64,70,14,24,21,48,45,34,19,59,68,68,41,2,69,1,34:46,1,2021-22
2021-22,1626157,Karl-Anthony Towns,Karl-Anthony,1610612750,MIN,Minnesota Timberwolves,0022101141,2022-03-30T00:00:00,MIN @ TOR,L,32.391666666666666,7,13,0.538,0,1,0.0,2,3,0.667,4,6,10,3,7,2,1,1,5,6,16,-13,34.5,1,0,35.0,1,45,45,45,45,48,54,34,66,71,66,63,59,57,12,42,30,35,2,6,26,26,56,19,67,62,64,1,2,61,1,32:24,1,2021-22
2021-22,1626157,Karl-Anthony Towns,Karl-Anthony,1610612750,MIN,Minnesota Timberwolves,0022101159,2022-04-01T00:00:00,MIN @ DEN,W,31.185,11,18,0.611,4,7,0.571,6,6,1.0,2,7,9,0,3,1,2,2,5,3,32,3,48.8,0,0,51.0,1,1,1,1,53,11,23,22,4,11,18,20,31,1,34,30,41,71,24,21,11,45,56,66,8,38,25,41,2,15,1,31:11,1,2021-22
2021-22,1626157,Karl-Anthony Towns,Karl-Anthony,1610612750,MIN,Minnesota Timberwolves,0022101173,2022-04-03T00:00:00,MIN @ HOU,W,35.416666666666664,12,16,0.75,1,3,0.333,3,5,0.6,2,9,11,5,3,1,0,0,5,6,28,2,48.7,1,0,47.0,1,1,1,1,26,6,37,3,44,55,38,52,40,66,34,14,20,14,24,21,48,1,56,19,18,39,26,1,2,25,1,35:25,1,2021-22
2021-22,1626157,Karl-Anthony Towns,Karl-Anthony,1610612750,MIN,Minnesota Timberwolves,0022101184,2022-04-05T00:00:00,MIN vs. WAS,L,34.56666666666667,10,24,0.417,2,8,0.25,4,5,0.8,3,7,10,4,0,0,2,1,2,6,26,-14,50.0,1,0,46.0,1,45,45,45,30,21,5,61,26,7,55,39,40,42,20,30,30,24,67,47,11,26,6,19,24,64,20,1,2,29,1,34:34,1,2021-22
2021-22,1626157,Karl-Anthony Towns,Karl-Anthony,1610612750,MIN,Minnesota Timberwolves,0022101199,2022-04-07T00:00:00,MIN vs. SAS,W,32.68333333333333,7,18,0.389,4,7,0.571,3,5,0.6,4,9,13,3,2,0,0,1,5,6,21,7,39.1,1,0,41.0,1,1,1,1,44,48,23,68,4,11,18,52,40,66,12,14,11,35,46,47,48,26,56,19,49,31,52,1,2,44,1,32:41,1,2021-22
2022-23,1626157,Karl-Anthony Towns,Karl-Anthony,1610612750,MIN,Minnesota Timberwolves,0022200010,2022-10-19T00:00:00,MIN vs. OKC,W,35.50666666666667,2,10,0.2,2,7,0.286,6,6,1.0,0,6,6,7,3,0,0,0,4,4,12,-4,26.7,0,0,27.0,1,1,1,1,13,27,24,29,10,7,21,5,9,1,22,14,22,4,7,15,13,1,13,13,25,19,25,10,1,25,1,35:30,1,2022-23
2022-23,1626157,Karl-Anthony Towns,Karl-Anthony,1610612750,MIN,Minnesota Timberwolves,0022200025,2022-10-21T00:00:00,MIN vs. UTA,L,33.33166666666666,9,25,0.36,2,6,0.333,7,8,0.875,4,4,8,2,5,0,0,1,5,9,27,-3,34.6,0,0,39.0,1,16,16,16,17,6,1,23,10,13,13,2,1,15,2,22,12,27,3,15,13,17,19,1,4,18,18,10,1,17,1,33:20,1,2022-23
2022-23,1626157,Karl-Anthony Towns,Karl-Anthony,1610612750,MIN,Minnesota Timberwolves,0022200041,2022-10-23T00:00:00,MIN @ OKC,W,30.333333333333332,5,9,0.556,1,3,0.333,4,4,1.0,1,7,8,5,3,1,0,0,2,3,15,14,32.1,0,0,31.0,1,1,1,1,22,22,25,8,19,22,13,14,17,1,15,11,12,10,7,7,13,1,3,21,22,4,20,10,1,22,1,30:20,1,2022-23
2022-23,1626157,Karl-Anthony Towns,Karl-Anthony,1610612750,MIN,Minnesota Timberwolves,0022200050,2022-10-24T00:00:00,MIN vs. SAS,L,39.31666666666667,9,17,0.529,2,6,0.333,7,7,1.0,1,10,11,5,4,0,0,0,5,8,27,-4,43.7,1,0,45.0,1,16,16,16,1,6,10,11,10,13,13,2,6,1,15,4,4,10,5,15,13,1,19,2,4,19,11,1,1,9,1,39:19,1,2022-23
2022-23,1626157,Karl-Anthony Towns,Karl-Anthony,1610612750,MIN,Minnesota Timberwolves,0022200062,2022-10-26T00:00:00,MIN vs. SAS,W,37.71666666666667,9,14,0.643,3,5,0.6,0,0,0.0,0,4,4,7,3,2,1,0,3,0,21,5,42.3,0,0,41.0,1,1,1,1,3,6,18,5,4,18,5,26,26,26,22,22,25,4,7,1,6,1,6,29,18,10,13,10,1,13,1,37:43,1,2022-23
2022-23,1626157,Karl-Anthony Towns,Karl-Anthony,1610612750,MIN,Minnesota Timberwolves,0022200076,2022-10-28T00:00:00,MIN vs. LAL,W,36.9,8,17,0.471,3,7,0.429,2,2,1.0,2,6,8,7,2,1,0,0,1,3,21,11,42.1,0,0,41.0,1,1,1,1,6,14,10,18,4,7,10,23,23,1,9,14,12,4,20,7,13,1,1,21,18,8,14,10,1,13,1,36:54,1,2022-23
2022-23,1626157,Karl-Anthony Towns,Karl-Anthony,1610612750,MIN,Minnesota Timberwolves,0022200092,2022-10-30T00:00:00,MIN @ SAS,L,34.3,10,19,0.526,1,7,0.143,5,8,0.625,3,8,11,4,3,1,2,0,3,7,26,-22,51.2,1,0,48.0,1,16,16,16,15,2,3,13,19,7,27,9,1,24,5,6,4,16,7,7,1,1,6,4,6,28,4,1,1,5,1,34:18,1,2022-23
2022-23,1626157,Karl-Anthony Towns,Karl-Anthony,1610612750,MIN,Minnesota Timberwolves,0022200106,2022-11-01T00:00:00,MIN @ PHX,L,36.88333333333333,9,18,0.5,3,7,0.429,3,3,1.0,5,5,10,7,4,0,1,1,4,3,24,-12,45.5,1,0,46.0,1,16,16,16,7,6,7,16,4,7,10,22,22,1,1,19,8,4,5,15,6,17,13,21,11,26,8,1,1,8,1,36:53,1,2022-23
2022-23,1626157,Karl-Anthony Towns,Karl-Anthony,1610612750,MIN,Minnesota Timberwolves,0022200129,2022-11-04T00:00:00,MIN vs. MIL,L,37.1,9,19,0.474,3,9,0.333,1,1,1.0,2,9,11,5,2,0,0,1,6,4,22,-17,40.7,1,0,41.0,1,16,16,16,4,6,3,17,4,3,13,25,25,1,9,5,4,10,20,15,13,17,27,13,14,27,15,1,1,13,1,37:06,1,2022-23
2022-23,1626157,Karl-Anthony Towns,Karl-Anthony,1610612750,MIN,Minnesota Timberwolves,0022200137,2022-11-05T00:00:00,MIN vs. HOU,W,30.25,9,14,0.643,3,6,0.5,4,5,0.8,3,6,9,6,3,1,2,0,5,4,25,-1,50.8,0,0,49.0,1,1,1,1,23,6,18,5,4,13,6,14,15,21,5,14,10,9,7,7,1,1,19,13,7,17,6,10,1,4,1,30:15,1,2022-23
2022-23,1626157,Karl-Anthony Towns,Karl-Anthony,1610612750,MIN,Minnesota Timberwolves,0022200153,2022-11-07T00:00:00,MIN vs. NYK,L,38.095,9,12,0.75,1,3,0.333,6,6,1.0,0,13,13,7,3,2,1,0,1,7,25,-9,57.1,1,0,52.0,1,16,16,16,2,6,22,1,19,22,13,5,9,1,22,1,2,4,7,1,6,1,1,4,7,25,1,1,1,1,1,38:06,1,2022-23
2022-23,1626157,Karl-Anthony Towns,Karl-Anthony,1610612750,MIN,Minnesota Timberwolves,0022200167,2022-11-09T00:00:00,MIN vs. PHX,L,27.666666666666668,3,7,0.429,1,3,0.333,4,4,1.0,0,8,8,4,3,0,1,0,4,2,11,4,26.6,0,0,26.0,1,16,16,16,25,26,27,22,19,22,13,14,17,1,22,6,12,16,7,15,6,1,13,26,27,11,26,10,1,27,1,27:40,1,2022-23
2022-23,1626157,Karl-Anthony Towns,Karl-Anthony,1610612750,MIN,Minnesota Timberwolves,0022200181,2022-11-11T00:00:00,MIN @ MEM,L,26.183333333333334,4,9,0.444,1,4,0.25,4,4,1.0,4,6,10,4,1,0,0,1,6,4,13,-5,30.0,1,0,28.0,1,16,16,16,26,25,25,19,19,21,24,14,17,1,2,14,8,16,27,15,13,17,27,13,24,22,23,1,1,24,1,26:11,1,2022-23
2022-23,1626157,Karl-Anthony Towns,Karl-Anthony,1610612750,MIN,Minnesota Timberwolves,0022200193,2022-11-13T00:00:00,MIN @ CLE,W,36.596666666666664,11,16,0.688,3,6,0.5,4,6,0.667,2,11,13,3,2,1,1,0,5,5,29,15,53.1,1,0,52.0,1,1,1,1,9,1,13,3,4,13,6,14,9,22,9,3,2,21,20,7,6,1,19,10,3,3,3,1,1,1,1,36:36,1,2022-23
2022-23,1626157,Karl-Anthony Towns,Karl-Anthony,1610612750,MIN,Minnesota Timberwolves,0022200212,2022-11-16T00:00:00,MIN @ ORL,W,36.23,10,15,0.667,2,5,0.4,8,8,1.0,1,4,5,5,2,1,0,2,3,6,30,12,44.5,0,0,44.0,1,1,1,1,10,2,15,4,10,18,12,1,1,1,15,22,23,10,20,7,13,25,6,9,1,7,10,10,1,10,1,36:14,1,2022-23
2022-23,1626157,Karl-Anthony Towns,Karl-Anthony,1610612750,MIN,Minnesota Timberwolves,0022200237,2022-11-19T00:00:00,MIN @ PHI,W,31.648333333333333,5,14,0.357,2,7,0.286,0,0,0.0,0,8,8,3,3,1,0,1,4,4,12,2,26.1,0,0,27.0,1,1,1,1,19,22,18,24,10,7,21,26,26,26,22,6,12,21,7,7,13,17,13,13,25,14,27,10,1,25,1,31:39,1,2022-23
2022-23,1626157,Karl-Anthony Towns,Karl-Anthony,1610612750,MIN,Minnesota Timberwolves,0022200252,2022-11-21T00:00:00,MIN vs. MIA,W,34.44,8,15,0.533,2,8,0.25,7,8,0.875,1,7,8,9,3,1,1,0,6,7,25,14,51.1,0,0,48.0,1,1,1,1,14,14,15,9,10,5,24,2,1,15,15,11,12,1,7,7,6,1,27,4,7,4,5,10,1,5,1,34:26,1,2022-23
2022-23,1626157,Karl-Anthony Towns,Karl-Anthony,1610612750,MIN,Minnesota Timberwolves,0022200262,2022-11-23T00:00:00,MIN @ IND,W,36.81333333333333,8,11,0.727,1,1,1.0,6,7,0.857,3,8,11,8,5,2,2,1,3,5,23,19,55.2,1,0,51.0,1,1,1,1,8,14,23,2,19,27,1,5,6,17,5,6,4,2,3,1,1,17,6,10,12,2,2,1,1,3,1,36:49,1,2022-23
2022-23,1626157,Karl-Anthony Towns,Karl-Anthony,1610612750,MIN,Minnesota Timberwolves,0022200272,2022-11-25T00:00:00,MIN @ CHA,L,36.92666666666667,6,22,0.273,1,11,0.091,6,7,0.857,2,2,4,5,2,0,2,3,5,8,19,-4,35.3,0,0,33.0,1,16,16,16,5,21,2,28,19,1,28,5,6,17,9,28,25,10,20,15,1,29,19,2,21,19,17,10,1,21,1,36:56,1,2022-23
2022-23,1626157,Karl-Anthony Towns,Karl-Anthony,1610612750,MIN,Minnesota Timberwolves,0022200291,2022-11-27T00:00:00,MIN vs. GSW,L,30.85,8,14,0.571,1,5,0.2,4,4,1.0,0,4,4,4,6,2,0,0,4,4,21,-26,31.8,0,0,34.0,1,16,16,16,21,14,18,7,19,18,26,14,17,1,22,22,25,16,1,1,13,1,13,13,18,29,21,10,1,20,1,30:51,1,2022-23
2022-23,1626157,Karl-Anthony Towns,Karl-Anthony,1610612750,MIN,Minnesota Timberwolves,0022200300,2022-11-28T00:00:00,MIN @ WAS,L,21.966666666666665,2,6,0.333,0,1,0.0,4,6,0.667,1,1,2,4,3,0,0,1,3,4,8,-6,13.4,0,0,14.0,1,16,16,16,29,27,28,25,29,27,29,14,9,22,15,29,29,16,7,15,13,17,6,13,28,23,29,10,1,29,1,21:58,1,2022-23
2022-23,1626157,Karl-Anthony Towns,Karl-Anthony,1610612750,MIN,Minnesota Timberwolves,0022201090,2023-03-22T00:00:00,MIN vs. ATL,W,26.09,8,18,0.444,2,3,0.667,4,4,1.0,1,3,4,3,3,2,0,2,4,3,22,13,34.3,0,0,35.0,1,1,1,1,27,14,7,19,10,22,3,14,17,1,15,27,25,21,7,1,13,25,13,21,14,6,19,10,1,19,1,26:05,1,2022-23
2022-23,1626157,Karl-Anthony Towns,Karl-Anthony,1610612750,MIN,Minnesota Timberwolves,0022201121,2023-03-26T00:00:00,MIN @ GSW,W,32.11833333333333,5,16,0.313,4,9,0.444,0,0,0.0,0,5,5,3,3,2,0,2,2,3,14,7,27.5,0,0,30.0,1,1,1,1,18,22,13,27,3,3,9,26,26,26,22,19,23,21,7,1,13,25,3,21,23,9,24,10,1,23,1,32:07,1,2022-23
2022-23,1626157,Karl-Anthony Towns,Karl-Anthony,1610612750,MIN,Minnesota Timberwolves,0022201144,2023-03-29T00:00:00,MIN @ PHX,L,33.6,9,17,0.529,5,10,0.5,2,2,1.0,3,5,8,2,6,0,0,0,3,2,25,2,31.6,0,0,40.0,1,16,16,16,16,6,10,11,1,2,6,23,23,1,5,19,12,27,1,15,13,1,6,26,7,14,22,10,1,16,1,33:36,1,2022-23
2022-23,1626157,Karl-Anthony Towns,Karl-Anthony,1610612750,MIN,Minnesota Timberwolves,0022201157,2023-03-31T00:00:00,MIN vs. LAL,L,35.72666666666667,8,18,0.444,2,7,0.286,5,5,1.0,4,4,8,3,1,0,0,0,5,4,23,-6,36.1,0,0,36.0,1,16,16,16,12,14,7,19,10,7,21,9,15,1,2,22,12,21,27,15,13,1,19,13,12,23,16,10,1,18,1,35:44,1,2022-23
2022-23,1626157,Karl-Anthony Towns,Karl-Anthony,1610612750,MIN,Minnesota Timberwolves,0022201166,2023-04-02T00:00:00,MIN vs. POR,L,25.063333333333333,1,3,0.333,1,1,1.0,5,8,0.625,2,7,9,3,3,0,0,0,5,7,8,2,20.3,0,0,21.0,1,16,16,16,28,29,29,25,19,27,1,9,1,24,9,11,10,21,7,15,13,1,19,4,28,14,28,10,1,28,1,25:04,1,2022-23
2022-23,1626157,Karl-Anthony Towns,Karl-Anthony,1610612750,MIN,Minnesota Timberwolves,0022201180,2023-04-04T00:00:00,MIN @ BKN,W,30.876666666666665,8,15,0.533,1,3,0.333,5,6,0.833,1,13,14,5,1,0,0,2,3,5,22,4,45.3,1,0,42.0,1,1,1,1,20,14,15,9,19,22,13,9,9,19,15,1,1,10,27,15,13,25,6,10,14,11,9,1,1,12,1,30:53,1,2022-23
2022-23,1626157,Karl-Anthony Towns,Karl-Anthony,1610612750,MIN,Minnesota Timberwolves,0022201214,2023-04-08T00:00:00,MIN @ SAS,W,28.398333333333333,10,19,0.526,2,6,0.333,0,0,0.0,0,8,8,8,2,0,2,1,2,1,22,30,47.6,0,0,44.0,1,1,1,1,24,2,3,13,10,13,13,26,26,26,22,6,12,2,20,15,1,17,3,28,14,1,7,10,1,10,1,28:24,1,2022-23
2022-23,1626157,Karl-Anthony Towns,Karl-Anthony,1610612750,MIN,Minnesota Timberwolves,0022201225,2023-04-09T00:00:00,MIN vs. NOP,W,36.12166666666667,10,19,0.526,5,8,0.625,5,6,0.833,2,6,8,2,2,0,1,0,5,7,30,4,43.6,0,0,47.0,1,1,1,1,11,2,3,13,1,5,4,9,9,19,9,14,12,27,20,15,6,1,19,4,1,11,12,10,1,7,1,36:07,1,2022-23
2023-24,1626157,Karl-Anthony Towns,Karl-Anthony,1610612750,MIN,Minnesota Timberwolves,0022300069,2023-10-25T00:00:00,MIN @ TOR,L,35.96666666666667,8,25,0.32,2,10,0.2,1,1,1.0,2,8,10,3,4,0,4,3,2,1,19,-1,43.5,1,0,42.0,1,43,43,43,18,22,3,58,19,4,53,50,56,1,11,20,15,22,12,28,1,55,8,57,37,41,15,1,1,18,1,35:58,1,2023-24
2023-24,1626157,Karl-Anthony Towns,Karl-Anthony,1610612750,MIN,Minnesota Timberwolves,0022300093,2023-10-28T00:00:00,MIN vs. MIA,W,31.0,5,12,0.417,1,4,0.25,1,2,0.5,0,10,10,2,1,1,0,0,3,2,12,6,29.0,1,0,27.0,1,1,1,1,42,47,41,42,37,31,45,50,46,52,46,6,15,35,44,13,27,1,24,48,57,34,47,1,1,52,1,31:00,1,2023-24
2023-24,1626157,Karl-Anthony Towns,Karl-Anthony,1610612750,MIN,Minnesota Timberwolves,0022300104,2023-10-30T00:00:00,MIN @ ATL,L,36.18333333333333,7,17,0.412,1,3,0.333,1,1,1.0,2,8,10,3,0,1,0,2,2,2,16,-8,35.5,1,0,32.0,1,43,43,43,15,32,17,45,37,44,30,50,56,1,11,20,15,22,59,13,27,43,8,48,48,51,37,1,1,42,1,36:11,1,2023-24
2023-24,1626157,Karl-Anthony Towns,Karl-Anthony,1610612750,MIN,Minnesota Timberwolves,0022300123,2023-11-01T00:00:00,MIN vs. DEN,W,30.833333333333332,7,19,0.368,1,4,0.25,6,6,1.0,2,6,8,4,1,2,0,3,2,6,21,22,41.6,0,0,38.0,1,1,1,1,44,32,11,55,37,31,45,13,17,1,11,32,28,12,44,5,27,55,8,8,31,6,20,23,1,32,1,30:50,1,2023-24
2023-24,1626157,Karl-Anthony Towns,Karl-Anthony,1610612750,MIN,Minnesota Timberwolves,0022300138,2023-11-04T00:00:00,MIN vs. UTA,W,32.055,7,14,0.5,2,6,0.333,9,10,0.9,0,7,7,1,2,2,0,2,4,6,25,24,38.9,0,0,39.0,1,1,1,1,33,32,33,26,19,17,30,3,2,29,46,24,36,51,38,5,27,43,37,8,17,5,28,23,1,26,1,32:03,1,2023-24
2023-24,1626157,Karl-Anthony Towns,Karl-Anthony,1610612750,MIN,Minnesota Timberwolves,0022300154,2023-11-06T00:00:00,MIN vs. BOS,W,27.77166666666667,3,10,0.3,1,7,0.143,0,0,0.0,0,10,10,3,7,0,0,0,6,1,7,-5,16.5,0,0,21.0,1,1,1,1,52,57,53,59,37,10,58,59,60,59,46,6,15,22,1,28,27,1,56,57,62,46,61,23,1,60,1,27:46,1,2023-24
2023-24,1626157,Karl-Anthony Towns,Karl-Anthony,1610612750,MIN,Minnesota Timberwolves,0022300166,2023-11-08T00:00:00,MIN vs. NOP,W,27.733333333333334,9,12,0.75,4,5,0.8,1,2,0.5,0,3,3,0,3,0,1,0,6,6,23,12,26.6,0,0,32.0,1,1,1,1,54,16,41,5,6,24,5,50,46,52,46,58,61,61,21,28,14,1,56,8,23,18,51,23,1,42,1,27:44,1,2023-24
2023-24,1626157,Karl-Anthony Towns,Karl-Anthony,1610612750,MIN,Minnesota Timberwolves,0022300013,2023-11-10T00:00:00,MIN @ SAS,W,34.28333333333333,11,21,0.524,3,7,0.429,4,4,1.0,1,11,12,2,3,0,0,1,1,5,29,1,43.4,1,0,46.0,1,1,1,1,26,7,10,24,13,10,26,27,35,1,31,4,6,35,21,28,27,27,1,18,6,36,16,1,1,11,1,34:17,1,2023-24
2023-24,1626157,Karl-Anthony Towns,Karl-Anthony,1610612750,MIN,Minnesota Timberwolves,0022300186,2023-11-12T00:00:00,MIN @ GSW,W,37.35333333333333,8,14,0.571,2,3,0.667,3,3,1.0,2,12,14,3,1,2,1,0,1,3,21,11,50.3,1,0,46.0,1,1,1,1,9,22,33,19,19,44,7,36,39,1,11,1,2,22,44,5,14,1,1,36,31,23,8,1,1,11,1,37:21,1,2023-24
2023-24,1626157,Karl-Anthony Towns,Karl-Anthony,1610612750,MIN,Minnesota Timberwolves,0022300025,2023-11-14T00:00:00,MIN @ GSW,W,41.69,12,26,0.462,5,12,0.417,4,4,1.0,1,10,11,2,5,2,0,0,1,5,33,8,50.2,1,0,55.0,1,1,1,1,2,3,2,37,3,3,28,27,35,1,31,6,9,35,7,5,27,1,1,18,3,29,9,1,1,4,1,41:41,1,2023-24
2023-24,1626157,Karl-Anthony Towns,Karl-Anthony,1610612750,MIN,Minnesota Timberwolves,0022300197,2023-11-15T00:00:00,MIN @ PHX,L,31.116666666666667,10,17,0.588,0,4,0.0,5,5,1.0,1,6,7,2,1,0,0,1,3,3,25,-14,35.4,0,0,34.0,1,43,43,43,41,12,17,15,59,31,59,21,24,1,31,32,36,35,44,28,27,27,24,36,17,56,38,23,1,38,1,31:07,1,2023-24
2023-24,1626157,Karl-Anthony Towns,Karl-Anthony,1610612750,MIN,Minnesota Timberwolves,0022300203,2023-11-18T00:00:00,MIN @ NOP,W,33.22666666666667,10,11,0.909,2,2,1.0,7,8,0.875,2,4,6,9,0,0,2,0,5,8,29,9,55.7,0,0,50.0,1,1,1,1,29,12,49,1,19,58,1,9,5,31,11,47,42,1,59,28,2,1,48,3,6,26,4,23,1,7,1,33:14,1,2023-24
2023-24,1626157,Karl-Anthony Towns,Karl-Anthony,1610612750,MIN,Minnesota Timberwolves,0022300221,2023-11-20T00:00:00,MIN vs. NYK,W,35.75,6,10,0.6,2,3,0.667,6,7,0.857,0,5,5,4,3,3,2,1,6,7,20,14,44.0,0,0,41.0,1,1,1,1,20,45,53,11,19,44,7,13,12,34,46,40,53,12,21,1,2,27,56,5,36,14,14,23,1,21,1,35:45,1,2023-24
2023-24,1626157,Karl-Anthony Towns,Karl-Anthony,1610612750,MIN,Minnesota Timberwolves,0022300232,2023-11-22T00:00:00,MIN vs. PHI,W,36.15,9,19,0.474,1,2,0.5,4,5,0.8,0,11,11,3,4,2,2,5,5,8,23,18,48.7,1,0,46.0,1,1,1,1,17,16,11,32,37,58,17,27,24,40,46,4,9,22,12,5,2,62,48,3,23,10,11,1,1,11,1,36:09,1,2023-24
2023-24,1626157,Karl-Anthony Towns,Karl-Anthony,1610612750,MIN,Minnesota Timberwolves,0022300050,2023-11-24T00:00:00,MIN vs. SAC,L,38.28333333333333,9,15,0.6,4,5,0.8,5,5,1.0,1,10,11,4,4,0,0,0,3,3,27,-8,42.2,1,0,46.0,1,43,43,43,5,16,28,11,6,24,5,21,24,1,31,6,9,12,12,28,27,1,24,36,13,51,18,1,1,11,1,38:17,1,2023-24
2023-24,1626157,Karl-Anthony Towns,Karl-Anthony,1610612750,MIN,Minnesota Timberwolves,0022300249,2023-11-26T00:00:00,MIN @ MEM,W,25.946666666666665,7,11,0.636,1,3,0.333,3,3,1.0,0,8,8,2,4,1,1,0,5,2,18,7,32.6,0,0,33.0,1,1,1,1,60,32,49,9,37,44,30,36,39,1,46,20,28,35,12,13,14,1,48,48,43,32,42,23,1,40,1,25:57,1,2023-24
2023-24,1626157,Karl-Anthony Towns,Karl-Anthony,1610612750,MIN,Minnesota Timberwolves,0022300058,2023-11-28T00:00:00,MIN vs. OKC,W,31.825,2,8,0.25,1,3,0.333,8,8,1.0,0,10,10,3,6,0,0,1,4,6,13,12,23.5,1,0,27.0,1,1,1,1,36,61,57,61,37,44,30,4,5,1,46,6,15,22,3,28,27,27,37,8,54,18,56,1,1,52,1,31:50,1,2023-24
2023-24,1626157,Karl-Anthony Towns,Karl-Anthony,1610612750,MIN,Minnesota Timberwolves,0022300270,2023-11-30T00:00:00,MIN vs. UTA,W,36.50666666666667,12,22,0.545,4,7,0.571,4,5,0.8,4,7,11,4,4,2,1,2,3,7,32,9,56.2,1,0,57.0,1,1,1,1,13,3,7,23,6,10,16,27,24,40,4,24,9,12,12,5,14,43,24,5,5,26,3,1,1,3,1,36:30,1,2023-24
2023-24,1626157,Karl-Anthony Towns,Karl-Anthony,1610612750,MIN,Minnesota Timberwolves,0022300281,2023-12-02T00:00:00,MIN @ CHA,W,32.02333333333333,12,23,0.522,4,8,0.5,0,0,0.0,3,4,7,5,3,0,0,1,3,2,28,12,40.9,0,0,44.0,1,1,1,1,34,3,6,25,6,8,17,59,60,59,7,47,36,7,21,28,27,27,24,48,10,18,22,23,1,15,1,32:01,1,2023-24
2023-24,1626157,Karl-Anthony Towns,Karl-Anthony,1610612750,MIN,Minnesota Timberwolves,0022301210,2023-12-06T00:00:00,MIN vs. SAS,W,32.07833333333333,5,6,0.833,2,3,0.667,2,3,0.667,1,9,10,2,6,0,1,0,2,3,14,-14,26.0,1,0,30.0,1,1,1,1,32,47,62,3,19,44,7,43,39,48,31,14,15,35,3,28,14,1,8,36,50,56,52,1,1,46,1,32:05,1,2023-24
2023-24,1626157,Karl-Anthony Towns,Karl-Anthony,1610612750,MIN,Minnesota Timberwolves,0022301221,2023-12-08T00:00:00,MIN @ MEM,W,29.416666666666668,7,14,0.5,2,4,0.5,8,9,0.889,2,5,7,5,1,1,0,0,4,9,24,17,41.9,0,0,40.0,1,1,1,1,47,32,33,26,19,31,17,4,4,30,11,40,36,7,44,13,27,1,37,2,20,12,19,23,1,24,1,29:25,1,2023-24
2023-24,1626157,Karl-Anthony Towns,Karl-Anthony,1610612750,MIN,Minnesota Timberwolves,0022300301,2023-12-11T00:00:00,MIN @ NOP,L,32.62166666666667,5,11,0.455,1,3,0.333,6,7,0.857,3,9,12,1,1,0,0,1,6,7,17,-12,31.9,1,0,31.0,1,43,43,43,30,47,49,39,37,44,30,13,12,34,7,14,6,51,44,28,27,27,56,5,46,55,44,1,1,44,1,32:37,1,2023-24
2023-24,1626157,Karl-Anthony Towns,Karl-Anthony,1610612750,MIN,Minnesota Timberwolves,0022300321,2023-12-14T00:00:00,MIN @ DAL,W,31.133333333333333,8,14,0.571,1,3,0.333,4,5,0.8,5,12,17,2,3,0,0,2,1,3,21,11,41.4,1,0,41.0,1,1,1,1,40,22,33,19,37,44,30,27,24,40,1,1,1,35,21,28,27,43,1,36,31,23,21,1,1,21,1,31:08,1,2023-24
2023-24,1626157,Karl-Anthony Towns,Karl-Anthony,1610612750,MIN,Minnesota Timberwolves,0022300338,2023-12-16T00:00:00,MIN vs. IND,W,34.95,15,25,0.6,2,3,0.667,8,8,1.0,5,7,12,4,3,3,2,1,2,5,40,18,72.4,1,0,68.0,1,1,1,1,22,2,3,11,19,44,7,4,5,1,1,24,6,12,21,1,2,27,8,18,2,10,1,1,1,2,1,34:57,1,2023-24
2023-24,1626157,Karl-Anthony Towns,Karl-Anthony,1610612750,MIN,Minnesota Timberwolves,0022300353,2023-12-18T00:00:00,MIN @ MIA,W,31.596666666666668,7,14,0.5,1,4,0.25,3,3,1.0,4,4,8,2,1,1,0,3,3,6,18,-3,32.6,0,0,31.0,1,1,1,1,37,32,33,26,37,31,45,36,39,1,4,47,28,35,44,13,27,55,24,8,43,44,42,23,1,44,1,31:36,1,2023-24
2023-24,1626157,Karl-Anthony Towns,Karl-Anthony,1610612750,MIN,Minnesota Timberwolves,0022300367,2023-12-20T00:00:00,MIN @ PHI,L,37.63333333333333,9,14,0.643,1,2,0.5,4,5,0.8,3,10,13,2,4,0,0,0,4,6,23,8,37.6,1,0,39.0,1,43,43,43,7,16,33,8,37,58,17,27,24,40,7,6,4,35,12,28,27,1,37,8,23,29,31,1,1,26,1,37:38,1,2023-24
2023-24,1626157,Karl-Anthony Towns,Karl-Anthony,1610612750,MIN,Minnesota Timberwolves,0022300380,2023-12-21T00:00:00,MIN vs. LAL,W,33.483333333333334,7,17,0.412,2,6,0.333,5,6,0.833,0,6,6,4,0,1,0,2,3,4,21,12,37.2,0,0,35.0,1,1,1,1,28,32,17,45,19,17,30,21,17,38,46,32,42,12,59,13,27,43,24,32,31,18,33,23,1,35,1,33:29,1,2023-24
2023-24,1626157,Karl-Anthony Towns,Karl-Anthony,1610612750,MIN,Minnesota Timberwolves,0022300411,2023-12-26T00:00:00,MIN @ OKC,L,29.221666666666668,5,10,0.5,0,2,0.0,6,6,1.0,2,4,6,1,5,0,0,1,2,6,16,-11,19.7,0,0,23.0,1,43,43,43,49,47,53,26,59,58,59,13,17,1,11,47,42,51,7,28,27,27,8,8,48,54,58,23,1,56,1,29:13,1,2023-24
2023-24,1626157,Karl-Anthony Towns,Karl-Anthony,1610612750,MIN,Minnesota Timberwolves,0022300423,2023-12-28T00:00:00,MIN vs. DAL,W,27.166666666666668,3,12,0.25,2,6,0.333,2,4,0.5,2,6,8,3,5,0,0,2,5,5,10,14,19.1,0,0,23.0,1,1,1,1,58,57,41,61,19,17,30,43,35,52,11,32,28,22,7,28,27,43,48,18,59,14,59,23,1,56,1,27:10,1,2023-24
2023-24,1626157,Karl-Anthony Towns,Karl-Anthony,1610612750,MIN,Minnesota Timberwolves,0022300443,2023-12-30T00:00:00,MIN vs. LAL,W,28.843333333333334,3,7,0.429,1,4,0.25,2,2,1.0,2,7,9,2,5,0,0,0,5,1,9,-23,17.8,0,0,21.0,1,1,1,1,51,57,60,40,37,31,45,43,46,1,11,24,24,35,7,28,27,1,48,57,61,62,60,23,1,60,1,28:51,1,2023-24
2023-24,1626157,Karl-Anthony Towns,Karl-Anthony,1610612750,MIN,Minnesota Timberwolves,0022300451,2024-01-01T00:00:00,MIN @ NYK,L,31.866666666666667,10,18,0.556,3,5,0.6,6,6,1.0,1,5,6,3,3,0,0,0,5,5,29,5,37.7,0,0,41.0,1,43,43,43,35,12,15,22,13,24,15,13,17,1,31,40,42,22,21,28,27,1,48,18,6,35,30,23,1,21,1,31:52,1,2023-24
2023-24,1626157,Karl-Anthony Towns,Karl-Anthony,1610612750,MIN,Minnesota Timberwolves,0022300471,2024-01-03T00:00:00,MIN vs. NOP,L,36.16,8,19,0.421,0,4,0.0,6,7,0.857,2,4,6,2,1,0,0,1,2,5,22,-18,31.2,0,0,30.0,1,43,43,43,16,22,11,41,59,31,59,13,12,34,11,47,42,35,44,28,27,27,8,18,28,59,45,23,1,46,1,36:10,1,2023-24
2023-24,1626157,Karl-Anthony Towns,Karl-Anthony,1610612750,MIN,Minnesota Timberwolves,0022300485,2024-01-05T00:00:00,MIN @ HOU,W,31.333333333333332,8,17,0.471,1,4,0.25,5,5,1.0,2,6,8,6,4,0,1,0,2,4,22,11,39.6,0,0,39.0,1,1,1,1,38,22,17,33,37,31,45,21,24,1,11,32,28,4,12,28,14,1,8,32,28,23,26,23,1,26,1,31:20,1,2023-24
2023-24,1626157,Karl-Anthony Towns,Karl-Anthony,1610612750,MIN,Minnesota Timberwolves,0022300501,2024-01-07T00:00:00,MIN @ DAL,L,27.433333333333334,8,16,0.5,3,9,0.333,5,6,0.833,0,7,7,1,3,0,2,0,5,5,24,-6,36.9,0,0,39.0,1,43,43,43,56,22,26,26,13,6,30,21,17,38,46,24,36,51,21,28,2,1,48,18,20,49,36,23,1,26,1,27:26,1,2023-24
2023-24,1626157,Karl-Anthony Towns,Karl-Anthony,1610612750,MIN,Minnesota Timberwolves,0022300513,2024-01-09T00:00:00,MIN @ ORL,W,33.75,11,19,0.579,5,5,1.0,1,1,1.0,1,5,6,5,2,3,0,3,2,2,28,28,49.7,0,0,50.0,1,1,1,1,27,7,11,18,3,24,1,50,56,1,31,40,42,7,38,1,27,55,8,48,10,2,10,23,1,7,1,33:45,1,2023-24
2023-24,1626157,Karl-Anthony Towns,Karl-Anthony,1610612750,MIN,Minnesota Timberwolves,0022300517,2024-01-10T00:00:00,MIN @ BOS,L,44.32,8,17,0.471,2,7,0.286,7,7,1.0,1,12,13,6,1,2,0,0,6,6,25,-5,54.6,1,0,50.0,1,43,43,43,1,22,17,33,19,10,42,9,12,1,31,1,4,4,44,5,27,1,56,8,17,46,5,1,1,7,1,44:19,1,2023-24
2023-24,1626157,Karl-Anthony Towns,Karl-Anthony,1610612750,MIN,Minnesota Timberwolves,0022300538,2024-01-12T00:00:00,MIN vs. POR,W,27.761666666666667,7,8,0.875,3,3,1.0,6,7,0.857,1,7,8,1,0,2,0,0,2,5,23,38,40.1,0,0,39.0,1,1,1,1,53,32,57,2,13,44,1,13,12,34,31,24,28,51,59,5,27,1,8,18,23,1,24,23,1,26,1,27:46,1,2023-24
2023-24,1626157,Karl-Anthony Towns,Karl-Anthony,1610612750,MIN,Minnesota Timberwolves,0022300553,2024-01-14T00:00:00,MIN vs. LAC,W,36.61333333333334,7,12,0.583,2,4,0.5,1,2,0.5,0,6,6,5,4,0,0,1,4,1,17,12,27.7,0,0,30.0,1,1,1,1,11,32,41,17,19,31,17,50,46,52,46,32,42,7,12,28,27,27,37,57,46,18,49,23,1,46,1,36:37,1,2023-24
2023-24,1626157,Karl-Anthony Towns,Karl-Anthony,1610612750,MIN,Minnesota Timberwolves,0022300569,2024-01-17T00:00:00,MIN @ DET,W,30.933333333333334,10,17,0.588,5,5,1.0,2,2,1.0,2,4,6,4,1,0,0,3,2,3,27,7,39.2,0,0,42.0,1,1,1,1,43,12,17,15,3,24,1,43,46,1,11,47,42,12,44,28,27,55,8,36,13,32,27,23,1,18,1,30:56,1,2023-24
2023-24,1626157,Karl-Anthony Towns,Karl-Anthony,1610612750,MIN,Minnesota Timberwolves,0022300582,2024-01-18T00:00:00,MIN vs. MEM,W,29.373333333333335,5,12,0.417,2,5,0.4,2,3,0.667,0,7,7,2,1,0,1,0,2,4,14,-1,27.4,0,0,27.0,1,1,1,1,48,47,41,42,19,24,29,43,39,48,46,24,36,35,44,28,14,1,8,32,50,41,50,23,1,52,1,29:22,1,2023-24
2023-24,1626157,Karl-Anthony Towns,Karl-Anthony,1610612750,MIN,Minnesota Timberwolves,0022300599,2024-01-20T00:00:00,MIN vs. OKC,L,35.775,4,10,0.4,1,4,0.25,10,10,1.0,1,10,11,2,3,0,1,0,6,6,19,-19,35.2,1,0,35.0,1,43,43,43,19,54,53,50,37,31,45,1,2,1,31,6,9,35,21,28,14,1,56,8,37,61,40,1,1,35,1,35:47,1,2023-24
2023-24,1626157,Karl-Anthony Towns,Karl-Anthony,1610612750,MIN,Minnesota Timberwolves,0022300610,2024-01-22T00:00:00,MIN vs. CHA,L,37.90833333333333,21,35,0.6,10,15,0.667,10,14,0.714,3,5,8,2,7,0,0,4,2,10,62,0,67.6,0,0,82.0,1,43,43,43,6,1,1,11,1,2,7,1,1,47,7,40,28,35,1,28,27,61,8,1,1,40,2,23,1,1,1,37:55,1,2023-24
2023-24,1626157,Karl-Anthony Towns,Karl-Anthony,1610612750,MIN,Minnesota Timberwolves,0022300620,2024-01-24T00:00:00,MIN @ WAS,W,34.58166666666666,11,24,0.458,2,10,0.2,3,3,1.0,0,6,6,3,1,0,1,1,4,2,27,26,40.7,0,0,40.0,1,1,1,1,24,7,5,38,19,4,53,36,39,1,46,32,42,22,44,28,14,27,37,48,13,3,23,23,1,24,1,34:35,1,2023-24
2023-24,1626157,Karl-Anthony Towns,Karl-Anthony,1610612750,MIN,Minnesota Timberwolves,0022300629,2024-01-25T00:00:00,MIN @ BKN,W,37.20166666666667,12,15,0.8,2,3,0.667,1,2,0.5,1,9,10,3,6,0,0,0,3,1,27,-6,37.5,1,0,42.0,1,1,1,1,10,3,28,4,19,44,7,50,46,52,31,14,15,22,3,28,27,1,24,57,13,49,32,1,1,18,1,37:12,1,2023-24
2023-24,1626157,Karl-Anthony Towns,Karl-Anthony,1610612750,MIN,Minnesota Timberwolves,0022300649,2024-01-27T00:00:00,MIN @ SAS,L,32.233333333333334,9,16,0.563,1,4,0.25,0,1,0.0,0,5,5,4,3,1,2,1,3,3,19,-14,37.0,0,0,35.0,1,43,43,43,31,16,26,21,37,31,45,59,56,59,46,40,53,12,21,13,2,27,24,36,37,56,35,23,1,35,1,32:14,1,2023-24
2023-24,1626157,Karl-Anthony Towns,Karl-Anthony,1610612750,MIN,Minnesota Timberwolves,0022300664,2024-01-29T00:00:00,MIN @ OKC,W,38.95,6,15,0.4,2,4,0.5,7,8,0.875,1,9,10,6,2,1,1,2,2,5,21,8,46.0,1,0,43.0,1,1,1,1,3,45,28,50,19,31,17,9,5,31,31,14,15,4,38,13,14,43,8,18,31,29,12,1,1,17,1,38:57,1,2023-24
2023-24,1626157,Karl-Anthony Towns,Karl-Anthony,1610612750,MIN,Minnesota Timberwolves,0022300680,2024-01-31T00:00:00,MIN vs. DAL,W,31.17,11,15,0.733,4,6,0.667,3,5,0.6,2,7,9,4,3,1,0,0,2,3,29,14,45.8,0,0,48.0,1,1,1,1,39,7,28,6,6,17,7,36,24,51,11,24,24,12,21,13,27,1,8,36,6,14,13,23,1,10,1,31:10,1,2023-24
2023-24,1626157,Karl-Anthony Towns,Karl-Anthony,1610612750,MIN,Minnesota Timberwolves,0022300694,2024-02-02T00:00:00,MIN vs. ORL,L,35.42,7,17,0.412,2,7,0.286,3,3,1.0,0,3,3,1,6,0,2,2,1,3,19,-8,24.1,0,0,29.0,1,43,43,43,21,32,17,45,19,10,42,36,39,1,46,58,61,51,3,28,2,43,1,36,37,51,55,23,1,49,1,35:25,1,2023-24
2023-24,1626157,Karl-Anthony Towns,Karl-Anthony,1610612750,MIN,Minnesota Timberwolves,0022300709,2024-02-04T00:00:00,MIN vs. HOU,W,27.328333333333333,4,12,0.333,1,3,0.333,5,5,1.0,2,8,10,0,2,0,2,2,4,5,14,26,30.0,1,0,29.0,1,1,1,1,57,54,41,57,37,44,30,21,24,1,11,20,15,61,38,28,2,43,37,18,50,3,46,1,1,49,1,27:20,1,2023-24
2023-24,1626157,Karl-Anthony Towns,Karl-Anthony,1610612750,MIN,Minnesota Timberwolves,0022300723,2024-02-06T00:00:00,MIN @ CHI,L,38.61,11,22,0.5,7,16,0.438,4,5,0.8,1,4,5,3,2,1,2,3,4,6,33,1,50.5,0,0,54.0,1,43,43,43,4,7,7,26,2,1,25,27,24,40,31,47,53,22,38,13,2,55,37,8,3,36,7,23,1,5,1,38:37,1,2023-24
2023-24,1626157,Karl-Anthony Towns,Karl-Anthony,1610612750,MIN,Minnesota Timberwolves,0022300738,2024-02-08T00:00:00,MIN @ MIL,W,29.638333333333332,7,15,0.467,4,6,0.667,1,2,0.5,2,3,5,1,1,0,0,1,4,1,19,21,25.5,0,0,29.0,1,1,1,1,46,32,28,36,6,17,7,50,46,52,11,58,53,51,44,28,27,27,37,57,37,8,53,23,1,49,1,29:38,1,2023-24
2023-24,1626157,Karl-Anthony Towns,Karl-Anthony,1610612750,MIN,Minnesota Timberwolves,0022300770,2024-02-12T00:00:00,MIN @ LAC,W,27.033333333333335,8,12,0.667,1,5,0.2,7,8,0.875,0,4,4,3,1,0,1,0,3,5,24,17,35.3,0,0,34.0,1,1,1,1,59,22,41,7,37,24,53,9,5,31,46,47,59,22,44,28,14,1,24,18,20,12,39,23,1,38,1,27:02,1,2023-24
2023-24,1626157,Karl-Anthony Towns,Karl-Anthony,1610612750,MIN,Minnesota Timberwolves,0022300775,2024-02-13T00:00:00,MIN @ POR,W,19.216666666666665,2,7,0.286,1,3,0.333,8,8,1.0,2,3,5,1,3,1,0,0,3,5,13,-5,20.5,0,0,22.0,1,1,1,1,62,61,60,60,37,44,30,4,5,1,11,58,53,51,21,13,27,1,24,18,54,46,57,23,1,59,1,19:13,1,2023-24
2023-24,1626157,Karl-Anthony Towns,Karl-Anthony,1610612750,MIN,Minnesota Timberwolves,0022300791,2024-02-15T00:00:00,MIN @ POR,W,29.731666666666666,8,13,0.615,1,2,0.5,6,6,1.0,2,6,8,1,3,1,2,0,3,4,23,22,40.1,0,0,39.0,1,1,1,1,45,22,39,10,37,58,17,13,17,1,11,32,28,51,21,13,2,1,24,32,23,6,24,23,1,26,1,29:44,1,2023-24
2023-24,1626157,Karl-Anthony Towns,Karl-Anthony,1610612750,MIN,Minnesota Timberwolves,0022300808,2024-02-23T00:00:00,MIN vs. MIL,L,34.75,9,22,0.409,3,9,0.333,1,2,0.5,5,9,14,3,3,1,0,1,1,3,22,-2,43.3,1,0,44.0,1,43,43,43,23,16,7,49,13,6,30,50,46,52,1,14,2,22,21,13,27,27,1,36,28,43,17,1,1,15,1,34:45,1,2023-24
2023-24,1626157,Karl-Anthony Towns,Karl-Anthony,1610612750,MIN,Minnesota Timberwolves,0022300815,2024-02-24T00:00:00,MIN vs. BKN,W,36.31666666666667,8,17,0.471,4,8,0.5,8,8,1.0,0,9,9,4,2,1,2,1,3,5,28,20,51.8,0,0,51.0,1,1,1,1,14,22,17,33,6,8,17,4,5,1,46,14,24,12,38,13,2,27,24,18,10,9,6,23,1,6,1,36:19,1,2023-24
2023-24,1626157,Karl-Anthony Towns,Karl-Anthony,1610612750,MIN,Minnesota Timberwolves,0022300845,2024-02-28T00:00:00,MIN vs. MEM,W,37.38333333333333,5,13,0.385,3,7,0.429,0,0,0.0,1,10,11,2,4,3,1,2,1,2,13,9,37.2,1,0,37.0,1,1,1,1,8,47,39,53,13,10,26,59,60,59,31,6,9,35,12,1,14,43,1,48,54,26,33,1,1,33,1,37:23,1,2023-24
2023-24,1626157,Karl-Anthony Towns,Karl-Anthony,1610612750,MIN,Minnesota Timberwolves,0022300862,2024-03-01T00:00:00,MIN vs. SAC,L,36.51833333333333,7,17,0.412,1,6,0.167,4,5,0.8,2,4,6,5,3,1,0,1,6,3,19,1,33.7,0,0,33.0,1,43,43,43,12,32,17,45,37,17,56,27,24,40,11,47,42,7,21,13,27,27,56,36,37,36,41,23,1,40,1,36:31,1,2023-24
2023-24,1626157,Karl-Anthony Towns,Karl-Anthony,1610612750,MIN,Minnesota Timberwolves,0022300873,2024-03-03T00:00:00,MIN vs. LAC,L,34.35666666666667,7,18,0.389,2,7,0.286,2,2,1.0,4,5,9,8,3,0,0,2,5,2,18,14,37.8,0,0,37.0,1,43,43,43,25,32,15,52,19,10,42,43,46,1,4,40,24,2,21,28,27,43,48,48,43,14,29,23,1,33,1,34:21,1,2023-24
2023-24,1626157,Karl-Anthony Towns,Karl-Anthony,1610612750,MIN,Minnesota Timberwolves,0022300881,2024-03-04T00:00:00,MIN vs. POR,W,21.315,5,12,0.417,0,3,0.0,4,6,0.667,2,2,4,1,1,0,2,2,4,5,14,1,25.3,0,0,23.0,1,1,1,1,61,47,41,42,59,44,59,27,17,48,11,62,59,51,44,28,2,43,37,18,50,36,54,23,1,56,1,21:19,1,2023-24
2023-24,1626157,Karl-Anthony Towns,Karl-Anthony,1610612750,MIN,Minnesota Timberwolves,0022301178,2024-04-12T00:00:00,MIN vs. ATL,W,27.538333333333334,4,11,0.364,1,6,0.167,2,2,1.0,1,4,5,8,3,0,1,0,2,3,11,-4,29.0,0,0,27.0,1,1,1,1,55,54,49,56,37,17,56,43,46,1,31,47,53,2,21,28,14,1,8,36,58,45,47,23,1,52,1,27:32,1,2023-24
2023-24,1626157,Karl-Anthony Towns,Karl-Anthony,1610612750,MIN,Minnesota Timberwolves,0022301194,2024-04-14T00:00:00,MIN vs. PHX,L,29.2,3,8,0.375,1,4,0.25,3,4,0.75,2,4,6,2,5,0,0,0,4,2,10,-18,15.2,0,0,19.0,1,43,43,43,50,57,57,54,37,31,45,36,35,46,11,47,42,35,7,28,27,1,37,48,59,59,62,23,1,62,1,29:12,1,2023-24
2024-25,1626157,Karl-Anthony Towns,Karl-Anthony,1610612752,NYK,New York Knicks,0022400061,2024-10-22T00:00:00,NYK @ BOS,L,23.616666666666667,5,9,0.556,1,2,0.5,1,1,1.0,0,7,7,3,0,0,0,1,1,1,12,-18,24.9,0,0,23.0,1,47,47,47,72,62,70,30,44,61,16,67,68,1,69,55,67,28,68,47,38,21,1,70,66,68,69,59,2,70,1,23:37,1,2024-25
2024-25,1626157,Karl-Anthony Towns,Karl-Anthony,1610612752,NYK,New York Knicks,0022400081,2024-10-25T00:00:00,NYK vs. IND,W,32.29666666666667,5,11,0.455,2,2,1.0,9,10,0.9,4,11,15,0,0,1,2,1,2,6,21,17,48.0,1,0,44.0,1,1,1,1,49,62,65,52,21,61,1,2,3,29,13,19,18,66,68,19,3,21,11,15,47,16,34,1,2,39,1,32:18,1,2024-25
2024-25,1626157,Karl-Anthony Towns,Karl-Anthony,1610612752,NYK,New York Knicks,0022400106,2024-10-28T00:00:00,NYK vs. CLE,L,32.288333333333334,4,8,0.5,1,2,0.5,4,4,1.0,1,9,10,3,3,1,0,0,6,4,13,-1,29.5,1,0,29.0,1,47,47,47,50,65,71,42,44,61,16,37,43,1,56,36,47,28,18,19,38,1,68,40,64,46,66,1,2,66,1,32:17,1,2024-25
2024-25,1626157,Karl-Anthony Towns,Karl-Anthony,1610612752,NYK,New York Knicks,0022400122,2024-10-30T00:00:00,NYK @ MIA,W,38.77166666666667,17,25,0.68,4,5,0.8,6,6,1.0,3,10,13,2,2,0,0,0,5,6,44,15,60.6,1,0,63.0,1,1,1,1,16,2,4,6,5,21,6,21,29,1,25,29,29,41,37,47,38,1,55,15,2,24,9,1,2,7,1,38:46,1,2024-25
2024-25,1626157,Karl-Anthony Towns,Karl-Anthony,1610612752,NYK,New York Knicks,0022400134,2024-11-01T00:00:00,NYK @ DET,W,27.47833333333333,8,18,0.444,3,6,0.5,2,3,0.667,3,8,11,7,1,2,1,4,1,3,21,28,52.7,1,0,48.0,1,1,1,1,68,40,27,55,9,14,16,56,55,59,25,44,41,2,55,8,12,71,1,51,47,2,26,1,2,30,1,27:29,1,2024-25
2024-25,1626157,Karl-Anthony Towns,Karl-Anthony,1610612752,NYK,New York Knicks,0022400161,2024-11-04T00:00:00,NYK @ HOU,L,32.42,7,17,0.412,0,2,0.0,3,4,0.75,9,10,19,0,3,0,1,2,4,7,17,-26,39.8,1,0,38.0,1,47,47,47,48,47,32,59,65,61,65,47,43,51,1,29,6,66,18,47,12,50,34,8,57,70,53,1,2,53,1,32:25,1,2024-25
2024-25,1626157,Karl-Anthony Towns,Karl-Anthony,1610612752,NYK,New York Knicks,0022400171,2024-11-06T00:00:00,NYK @ ATL,L,38.02166666666667,11,23,0.478,5,9,0.556,7,7,1.0,5,11,16,1,3,1,3,3,2,4,34,-12,63.7,1,0,64.0,1,47,47,47,24,14,6,47,3,4,15,14,22,1,6,19,12,56,18,19,1,67,11,40,6,61,6,1,2,6,1,38:01,1,2024-25
2024-25,1626157,Karl-Anthony Towns,Karl-Anthony,1610612752,NYK,New York Knicks,0022400189,2024-11-08T00:00:00,NYK vs. MIL,W,32.05,12,20,0.6,4,8,0.5,4,5,0.8,3,8,11,5,2,0,0,1,4,6,32,24,50.7,1,0,52.0,1,1,1,1,53,10,13,17,5,7,16,37,35,42,25,44,41,10,37,47,38,21,34,15,10,8,29,1,2,21,1,32:03,1,2024-25
2024-25,1626157,Karl-Anthony Towns,Karl-Anthony,1610612752,NYK,New York Knicks,0022400203,2024-11-10T00:00:00,NYK @ IND,L,38.86666666666667,11,19,0.579,2,5,0.4,6,8,0.75,1,8,9,0,2,0,1,0,4,6,30,-13,41.8,0,0,43.0,1,47,47,47,15,14,19,23,21,21,34,21,18,51,56,44,59,66,37,47,12,1,34,15,18,62,46,59,2,42,1,38:52,1,2024-25
2024-25,1626157,Karl-Anthony Towns,Karl-Anthony,1610612752,NYK,New York Knicks,0022400004,2024-11-12T00:00:00,NYK @ PHI,W,38.428333333333335,7,16,0.438,2,6,0.333,5,6,0.833,3,10,13,6,2,1,1,2,3,6,21,11,49.6,1,0,46.0,1,1,1,1,22,47,36,57,21,14,45,27,29,39,25,29,29,5,37,19,12,50,20,15,47,29,31,1,2,35,1,38:26,1,2024-25
2024-25,1626157,Karl-Anthony Towns,Karl-Anthony,1610612752,NYK,New York Knicks,0022400219,2024-11-13T00:00:00,NYK vs. CHI,L,39.06666666666667,18,30,0.6,6,12,0.5,4,8,0.5,1,9,10,3,4,3,0,1,5,6,46,4,67.5,1,0,71.0,1,47,47,47,14,1,1,17,2,1,16,37,18,66,56,36,47,28,10,1,38,21,55,15,1,40,3,1,2,1,1,39:04,1,2024-25
2024-25,1626157,Karl-Anthony Towns,Karl-Anthony,1610612752,NYK,New York Knicks,0022400240,2024-11-17T00:00:00,NYK vs. BKN,W,29.916666666666668,10,16,0.625,1,3,0.333,5,5,1.0,4,11,15,6,1,1,1,0,5,6,26,14,58.0,1,0,52.0,1,1,1,1,58,20,36,13,44,48,45,27,35,1,13,19,18,5,55,19,12,1,55,15,27,25,18,1,2,21,1,29:55,1,2024-25
2024-25,1626157,Karl-Anthony Towns,Karl-Anthony,1610612752,NYK,New York Knicks,0022400246,2024-11-18T00:00:00,NYK vs. WAS,W,24.683333333333334,8,14,0.571,3,4,0.75,5,5,1.0,1,11,12,3,0,0,0,2,1,5,24,22,42.9,1,0,42.0,1,1,1,1,70,40,53,24,9,39,7,27,35,1,56,19,35,28,68,47,38,50,1,30,35,12,42,1,2,43,1,24:41,1,2024-25
2024-25,1626157,Karl-Anthony Towns,Karl-Anthony,1610612752,NYK,New York Knicks,0022400257,2024-11-20T00:00:00,NYK @ PHX,W,34.155,12,19,0.632,3,8,0.375,7,8,0.875,1,9,10,2,3,1,0,1,4,5,34,23,49.0,1,0,51.0,1,1,1,1,41,10,19,12,9,7,43,14,18,35,56,36,47,41,18,19,38,21,34,30,6,9,32,1,2,24,1,34:09,1,2024-25
2024-25,1626157,Karl-Anthony Towns,Karl-Anthony,1610612752,NYK,New York Knicks,0022400264,2024-11-23T00:00:00,NYK @ UTA,L,38.75,6,19,0.316,1,9,0.111,3,3,1.0,8,8,16,5,2,0,1,2,2,4,16,-34,43.7,1,0,40.0,1,47,47,47,18,57,19,67,44,4,64,47,55,1,3,44,12,10,37,47,12,50,11,40,59,72,40,1,2,47,1,38:45,1,2024-25
2024-25,1626157,Karl-Anthony Towns,Karl-Anthony,1610612752,NYK,New York Knicks,0022400283,2024-11-25T00:00:00,NYK @ DEN,W,33.87,12,15,0.8,2,2,1.0,4,6,0.667,1,14,15,4,4,3,0,0,4,5,30,21,59.0,1,0,57.0,1,1,1,1,43,10,45,2,21,61,1,37,29,59,56,8,18,19,10,1,38,1,34,30,18,13,14,1,2,11,1,33:52,1,2024-25
2024-25,1626157,Karl-Anthony Towns,Karl-Anthony,1610612752,NYK,New York Knicks,0022400292,2024-11-27T00:00:00,NYK @ DAL,L,34.9,7,16,0.438,2,4,0.5,9,10,0.9,1,13,14,4,1,0,1,3,4,7,25,-7,49.8,1,0,47.0,1,47,47,47,38,47,36,57,21,39,16,2,3,29,56,9,24,19,55,47,12,67,34,8,31,56,30,1,2,32,1,34:54,1,2024-25
2024-25,1626157,Karl-Anthony Towns,Karl-Anthony,1610612752,NYK,New York Knicks,0022400040,2024-11-29T00:00:00,NYK @ CHA,W,39.473333333333336,8,16,0.5,2,5,0.4,1,1,1.0,4,8,12,5,6,1,2,0,4,2,19,5,43.9,1,0,44.0,1,1,1,1,11,40,36,42,21,21,34,67,68,1,13,44,35,10,4,19,3,1,34,59,52,39,38,1,2,39,1,39:28,1,2024-25
2024-25,1626157,Karl-Anthony Towns,Karl-Anthony,1610612752,NYK,New York Knicks,0022400308,2024-12-01T00:00:00,NYK vs. NOP,W,24.566666666666666,4,12,0.333,1,5,0.2,5,5,1.0,3,16,19,2,2,1,1,3,1,5,14,17,43.8,1,0,40.0,1,1,1,1,71,65,60,66,44,21,56,27,35,1,25,5,6,41,37,19,12,67,1,30,61,16,39,1,2,47,1,24:34,1,2024-25
2024-25,1626157,Karl-Anthony Towns,Karl-Anthony,1610612752,NYK,New York Knicks,0022400053,2024-12-03T00:00:00,NYK vs. ORL,W,35.71666666666667,8,18,0.444,2,5,0.4,5,5,1.0,2,13,15,0,5,0,2,1,4,3,23,25,42.0,1,0,44.0,1,1,1,1,34,40,27,55,21,21,34,27,35,1,41,9,18,66,7,47,3,21,34,51,40,5,44,1,2,39,1,35:43,1,2024-25
2024-25,1626157,Karl-Anthony Towns,Karl-Anthony,1610612752,NYK,New York Knicks,0022400327,2024-12-05T00:00:00,NYK vs. CHA,W,39.416666666666664,9,15,0.6,2,5,0.4,7,9,0.778,3,13,16,2,2,0,2,1,4,8,27,25,53.2,1,0,51.0,1,1,1,1,12,32,45,17,21,21,34,14,10,47,25,9,12,41,37,47,3,21,34,6,24,5,24,1,2,24,1,39:25,1,2024-25
2024-25,1626157,Karl-Anthony Towns,Karl-Anthony,1610612752,NYK,New York Knicks,0022400359,2024-12-09T00:00:00,NYK @ TOR,W,35.805,7,13,0.538,2,5,0.4,8,10,0.8,2,13,15,6,3,2,2,1,3,7,24,10,60.0,1,0,55.0,1,1,1,1,33,47,55,33,21,21,34,6,3,42,41,9,18,5,18,8,3,21,20,8,35,32,10,1,2,15,1,35:48,1,2024-25
2024-25,1626157,Karl-Anthony Towns,Karl-Anthony,1610612752,NYK,New York Knicks,0022401202,2024-12-11T00:00:00,NYK vs. ATL,L,36.593333333333334,7,15,0.467,2,6,0.333,3,6,0.5,4,15,19,5,4,3,3,2,6,5,19,-11,63.3,1,0,57.0,1,47,47,47,29,47,45,49,21,14,45,47,29,66,13,7,6,10,10,1,1,50,68,30,52,60,7,1,2,11,1,36:36,1,2024-25
2024-25,1626157,Karl-Anthony Towns,Karl-Anthony,1610612752,NYK,New York Knicks,0022401227,2024-12-15T00:00:00,NYK @ ORL,W,43.29,7,15,0.467,1,3,0.333,7,7,1.0,4,18,22,5,6,0,1,1,4,4,22,9,52.9,1,0,52.0,1,1,1,1,3,47,45,49,44,48,45,14,22,1,13,2,1,10,4,47,12,21,34,40,45,34,25,1,2,21,1,43:17,1,2024-25
2024-25,1626157,Karl-Anthony Towns,Karl-Anthony,1610612752,NYK,New York Knicks,0022400367,2024-12-19T00:00:00,NYK @ MIN,W,37.63333333333333,10,12,0.833,5,5,1.0,7,9,0.778,3,17,20,6,4,2,0,0,2,6,32,31,67.0,1,0,67.0,1,1,1,1,25,20,60,1,3,21,1,14,10,47,25,4,4,5,10,8,38,1,11,15,10,1,4,1,2,4,1,37:38,1,2024-25
2024-25,1626157,Karl-Anthony Towns,Karl-Anthony,1610612752,NYK,New York Knicks,0022400384,2024-12-21T00:00:00,NYK @ NOP,W,27.233333333333334,3,10,0.3,2,5,0.4,3,3,1.0,2,8,10,4,5,0,1,1,5,2,11,1,27.0,1,0,29.0,1,1,1,1,69,69,68,69,21,21,34,47,55,1,41,44,47,19,7,47,12,21,55,59,68,43,67,1,2,66,1,27:14,1,2024-25
2024-25,1626157,Karl-Anthony Towns,Karl-Anthony,1610612752,NYK,New York Knicks,0022400397,2024-12-23T00:00:00,NYK vs. TOR,W,32.11666666666667,11,15,0.733,1,3,0.333,8,10,0.8,3,7,10,7,1,1,0,0,6,9,31,17,55.5,1,0,51.0,1,1,1,1,51,14,45,3,44,48,45,6,3,42,25,55,47,2,55,19,38,1,68,3,15,16,21,1,2,24,1,32:07,1,2024-25
2024-25,1626157,Karl-Anthony Towns,Karl-Anthony,1610612752,NYK,New York Knicks,0022400405,2024-12-25T00:00:00,NYK vs. SAS,W,29.56,9,16,0.563,1,5,0.2,2,2,1.0,2,7,9,2,1,0,0,0,5,1,21,-13,33.8,0,0,33.0,1,1,1,1,61,32,36,26,44,21,56,56,63,1,41,55,59,41,55,47,38,1,55,70,47,62,62,59,2,60,1,29:34,1,2024-25
2024-25,1626157,Karl-Anthony Towns,Karl-Anthony,1610612752,NYK,New York Knicks,0022400419,2024-12-27T00:00:00,NYK @ ORL,W,32.586666666666666,6,10,0.6,2,4,0.5,2,4,0.5,1,7,8,0,4,1,0,1,4,5,16,17,24.6,0,0,28.0,1,1,1,1,47,57,68,17,21,39,16,56,43,66,56,55,66,66,10,19,38,21,34,30,59,16,70,59,2,68,1,32:35,1,2024-25
2024-25,1626157,Karl-Anthony Towns,Karl-Anthony,1610612752,NYK,New York Knicks,0022400429,2024-12-28T00:00:00,NYK @ WAS,W,43.62,13,19,0.684,2,5,0.4,2,3,0.667,3,11,14,3,3,0,2,0,3,4,30,8,54.3,1,0,53.0,1,1,1,1,2,8,19,4,21,21,34,56,55,59,25,19,24,28,18,47,3,1,20,40,18,36,23,1,2,18,1,43:37,1,2024-25
2024-25,1626157,Karl-Anthony Towns,Karl-Anthony,1610612752,NYK,New York Knicks,0022400443,2024-12-30T00:00:00,NYK @ WAS,W,31.833333333333332,13,19,0.684,0,3,0.0,6,7,0.857,5,8,13,1,1,1,0,1,4,7,32,21,51.1,1,0,48.0,1,1,1,1,54,8,19,4,65,48,65,21,22,36,6,44,29,56,55,19,38,21,34,8,10,13,28,1,2,30,1,31:50,1,2024-25
2024-25,1626157,Karl-Anthony Towns,Karl-Anthony,1610612752,NYK,New York Knicks,0022400458,2025-01-01T00:00:00,NYK vs. UTA,W,37.385,10,20,0.5,3,6,0.5,8,9,0.889,2,19,21,4,2,1,1,1,3,6,31,11,66.2,1,0,63.0,1,1,1,1,26,20,13,42,9,14,16,6,10,31,41,1,3,19,37,19,12,21,20,15,15,29,5,1,2,7,1,37:23,1,2024-25
2024-25,1626157,Karl-Anthony Towns,Karl-Anthony,1610612752,NYK,New York Knicks,0022400473,2025-01-03T00:00:00,NYK @ OKC,L,42.285,7,13,0.538,0,0,0.0,3,4,0.75,4,18,22,4,2,3,0,2,4,2,17,-6,56.4,1,0,49.0,1,47,47,47,7,47,55,33,65,72,65,47,43,51,13,2,1,19,37,1,38,50,34,59,57,55,20,1,2,28,1,42:17,1,2024-25
2024-25,1626157,Karl-Anthony Towns,Karl-Anthony,1610612752,NYK,New York Knicks,0022400482,2025-01-04T00:00:00,NYK @ CHI,L,37.26,17,29,0.586,3,7,0.429,7,10,0.7,6,10,16,5,3,1,0,1,3,8,44,-5,70.7,1,0,70.0,1,47,47,47,27,2,3,22,9,10,32,14,3,58,4,29,12,10,18,19,38,21,20,6,2,53,1,1,2,2,1,37:16,1,2024-25
2024-25,1626157,Karl-Anthony Towns,Karl-Anthony,1610612752,NYK,New York Knicks,0022400511,2025-01-08T00:00:00,NYK vs. TOR,W,34.23833333333334,9,14,0.643,3,3,1.0,6,6,1.0,4,9,13,2,2,3,2,2,3,3,27,25,58.6,1,0,55.0,1,1,1,1,40,32,53,11,9,48,1,21,29,1,13,36,29,41,37,1,3,50,20,51,24,5,16,1,2,15,1,34:14,1,2024-25
2024-25,1626157,Karl-Anthony Towns,Karl-Anthony,1610612752,NYK,New York Knicks,0022400529,2025-01-10T00:00:00,NYK vs. OKC,L,29.47,9,16,0.563,1,2,0.5,4,4,1.0,3,7,10,1,3,1,0,1,3,5,23,-10,36.5,1,0,37.0,1,47,47,47,62,32,36,26,44,61,16,37,43,1,25,55,47,56,18,19,38,21,20,30,40,58,57,1,2,57,1,29:28,1,2024-25
2024-25,1626157,Karl-Anthony Towns,Karl-Anthony,1610612752,NYK,New York Knicks,0022400539,2025-01-12T00:00:00,NYK vs. MIL,W,35.53666666666667,10,16,0.625,2,5,0.4,8,9,0.889,5,13,18,4,2,1,0,1,3,7,30,28,58.6,1,0,56.0,1,1,1,1,35,20,36,13,21,21,34,6,10,31,6,9,9,19,37,19,38,21,20,8,18,2,16,1,2,14,1,35:32,1,2024-25
2024-25,1626157,Karl-Anthony Towns,Karl-Anthony,1610612752,NYK,New York Knicks,0022400549,2025-01-13T00:00:00,NYK vs. DET,L,43.03333333333333,7,17,0.412,4,9,0.444,8,10,0.8,0,12,12,3,6,1,0,1,5,6,26,-4,41.9,1,0,47.0,1,47,47,47,4,47,32,59,5,4,31,6,3,42,69,16,35,28,4,19,38,21,55,15,27,52,45,1,2,32,1,43:02,1,2024-25
2024-25,1626157,Karl-Anthony Towns,Karl-Anthony,1610612752,NYK,New York Knicks,0022400602,2025-01-20T00:00:00,NYK vs. ATL,W,36.53666666666667,5,18,0.278,1,6,0.167,2,2,1.0,0,9,9,7,1,0,1,2,2,3,13,11,36.3,0,0,32.0,1,1,1,1,30,62,27,70,44,14,62,56,63,1,69,36,59,2,55,47,12,50,11,51,64,29,59,59,2,61,1,36:32,1,2024-25
2024-25,1626157,Karl-Anthony Towns,Karl-Anthony,1610612752,NYK,New York Knicks,0022400606,2025-01-21T00:00:00,NYK @ BKN,W,39.38333333333333,11,18,0.611,0,3,0.0,3,4,0.75,5,11,16,6,5,3,2,0,4,3,25,16,63.2,1,0,57.0,1,1,1,1,13,14,27,15,65,48,65,47,43,51,6,19,12,5,7,1,3,1,34,51,31,20,8,1,2,11,1,39:23,1,2024-25
2024-25,1626157,Karl-Anthony Towns,Karl-Anthony,1610612752,NYK,New York Knicks,0022400641,2025-01-25T00:00:00,NYK vs. SAC,W,27.805,7,18,0.389,0,1,0.0,4,4,1.0,5,10,15,2,1,1,0,1,1,2,18,-3,41.0,1,0,37.0,1,1,1,1,65,47,27,61,65,70,65,37,43,1,6,29,18,41,55,19,38,21,1,59,56,51,49,1,2,57,1,27:48,1,2024-25
2024-25,1626157,Karl-Anthony Towns,Karl-Anthony,1610612752,NYK,New York Knicks,0022400653,2025-01-27T00:00:00,NYK vs. MEM,W,32.833333333333336,9,17,0.529,2,4,0.5,4,4,1.0,6,5,11,1,2,2,0,2,1,4,24,23,42.7,1,0,42.0,1,1,1,1,46,32,32,37,21,39,16,37,43,1,4,67,41,56,37,8,38,50,1,40,35,9,43,1,2,43,1,32:50,1,2024-25
2024-25,1626157,Karl-Anthony Towns,Karl-Anthony,1610612752,NYK,New York Knicks,0022400668,2025-01-29T00:00:00,NYK vs. DEN,W,29.85,6,12,0.5,0,4,0.0,2,3,0.667,3,7,10,5,0,0,1,1,4,4,14,-1,36.5,1,0,31.0,1,1,1,1,59,57,60,42,65,39,65,56,55,59,25,55,47,10,68,47,12,21,34,40,61,46,57,1,2,62,1,29:51,1,2024-25
2024-25,1626157,Karl-Anthony Towns,Karl-Anthony,1610612752,NYK,New York Knicks,0022400692,2025-02-01T00:00:00,NYK vs. LAL,L,35.13333333333333,3,12,0.25,1,2,0.5,4,4,1.0,2,4,6,3,3,0,0,1,5,2,11,-15,19.7,0,0,21.0,1,47,47,47,37,69,60,71,44,61,16,37,43,1,41,70,72,28,18,47,38,21,55,59,68,65,72,59,2,72,1,35:08,1,2024-25
2024-25,1626157,Karl-Anthony Towns,Karl-Anthony,1610612752,NYK,New York Knicks,0022400702,2025-02-03T00:00:00,NYK vs. HOU,W,38.486666666666665,9,20,0.45,1,5,0.2,3,5,0.6,2,7,9,2,1,1,1,1,6,4,22,16,40.8,0,0,38.0,1,1,1,1,21,32,13,53,44,21,56,47,35,65,41,55,59,41,55,19,12,21,68,40,45,20,51,59,2,53,1,38:29,1,2024-25
2024-25,1626157,Karl-Anthony Towns,Karl-Anthony,1610612752,NYK,New York Knicks,0022400713,2025-02-04T00:00:00,NYK @ TOR,W,38.76,10,19,0.526,2,3,0.667,5,5,1.0,9,11,20,2,2,0,1,0,1,5,27,13,55.0,1,0,53.0,1,1,1,1,17,20,19,38,21,48,10,27,35,1,1,19,4,41,37,47,12,1,1,30,24,27,22,1,2,18,1,38:46,1,2024-25
2024-25,1626157,Karl-Anthony Towns,Karl-Anthony,1610612752,NYK,New York Knicks,0022400748,2025-02-08T00:00:00,NYK vs. BOS,L,27.696666666666665,3,8,0.375,2,2,1.0,1,2,0.5,1,8,9,1,2,1,1,1,4,2,9,-26,25.3,0,0,25.0,1,47,47,47,66,69,71,63,21,61,1,67,63,66,56,44,59,56,37,19,12,21,34,59,72,70,68,59,2,69,1,27:42,1,2024-25
2024-25,1626157,Karl-Anthony Towns,Karl-Anthony,1610612752,NYK,New York Knicks,0022400765,2025-02-11T00:00:00,NYK @ IND,W,38.276666666666664,14,23,0.609,3,8,0.375,9,9,1.0,4,8,12,5,2,3,0,1,5,6,40,14,68.9,1,0,66.0,1,1,1,1,23,4,6,16,9,7,43,2,10,1,13,44,35,10,37,1,38,21,55,15,5,25,2,1,2,5,1,38:17,1,2024-25
2024-25,1626157,Karl-Anthony Towns,Karl-Anthony,1610612752,NYK,New York Knicks,0022400773,2025-02-12T00:00:00,NYK vs. ATL,W,47.263333333333335,14,25,0.56,7,10,0.7,9,11,0.818,1,9,10,3,7,2,0,4,4,10,44,7,59.5,1,0,68.0,1,1,1,1,1,4,4,29,1,2,9,2,2,41,56,36,47,28,1,8,38,71,34,1,2,38,13,1,2,3,1,47:16,1,2024-25
2024-25,1626157,Karl-Anthony Towns,Karl-Anthony,1610612752,NYK,New York Knicks,0022400792,2025-02-20T00:00:00,NYK vs. CHI,W,42.626666666666665,14,30,0.467,2,10,0.2,2,4,0.5,2,16,18,2,3,2,0,2,2,5,32,2,59.6,1,0,58.0,1,1,1,1,5,4,1,49,21,2,56,56,43,66,41,5,9,41,18,8,38,50,11,30,10,41,12,1,2,10,1,42:38,1,2024-25
2024-25,1626157,Karl-Anthony Towns,Karl-Anthony,1610612752,NYK,New York Knicks,0022400797,2025-02-21T00:00:00,NYK @ CLE,L,28.533333333333335,10,15,0.667,1,3,0.333,2,3,0.667,2,5,7,4,4,1,1,0,1,3,23,-21,39.4,0,0,39.0,1,47,47,47,64,20,45,7,44,48,45,56,55,59,41,67,67,19,10,19,12,1,1,51,40,69,55,59,2,51,1,28:32,1,2024-25
2024-25,1626157,Karl-Anthony Towns,Karl-Anthony,1610612752,NYK,New York Knicks,0022400811,2025-02-23T00:00:00,NYK @ BOS,L,41.325,9,20,0.45,3,4,0.75,3,3,1.0,5,13,18,0,1,0,0,2,4,2,24,-1,44.6,1,0,45.0,1,47,47,47,9,32,13,53,9,39,7,47,55,1,6,9,9,66,55,47,38,50,34,59,35,46,37,1,2,37,1,41:20,1,2024-25
2024-25,1626157,Karl-Anthony Towns,Karl-Anthony,1610612752,NYK,New York Knicks,0022400856,2025-02-28T00:00:00,NYK @ MEM,W,31.286666666666665,4,11,0.364,1,5,0.2,2,3,0.667,1,6,7,2,1,0,1,3,5,3,11,-10,24.4,0,0,23.0,1,1,1,1,56,65,65,65,44,21,56,56,55,59,56,64,67,41,55,47,12,67,55,51,68,58,71,59,2,70,1,31:17,1,2024-25
2024-25,1626157,Karl-Anthony Towns,Karl-Anthony,1610612752,NYK,New York Knicks,0022400869,2025-03-02T00:00:00,NYK @ MIA,W,39.745,6,11,0.545,1,4,0.25,6,7,0.857,4,12,16,0,3,0,1,0,4,4,19,10,38.2,1,0,38.0,1,1,1,1,10,57,65,32,44,39,55,21,22,36,13,16,12,66,18,47,12,1,34,40,52,32,56,1,2,53,1,39:45,1,2024-25
2024-25,1626157,Karl-Anthony Towns,Karl-Anthony,1610612752,NYK,New York Knicks,0022400903,2025-03-06T00:00:00,NYK @ LAL,L,42.265,3,13,0.231,1,6,0.167,5,7,0.714,3,11,14,1,2,1,0,2,5,4,12,-1,31.3,1,0,30.0,1,47,47,47,8,69,55,72,44,14,62,27,22,56,25,19,24,56,37,19,38,50,55,40,66,46,64,1,2,63,1,42:16,1,2024-25
2024-25,1626157,Karl-Anthony Towns,Karl-Anthony,1610612752,NYK,New York Knicks,0022400911,2025-03-07T00:00:00,NYK @ LAC,L,34.075,8,21,0.381,3,7,0.429,4,4,1.0,2,8,10,2,3,2,0,2,3,2,23,-17,41.0,1,0,42.0,1,47,47,47,42,40,8,62,9,10,32,37,43,1,41,44,47,41,18,8,38,50,20,59,40,67,49,1,2,43,1,34:05,1,2024-25
2024-25,1626157,Karl-Anthony Towns,Karl-Anthony,1610612752,NYK,New York Knicks,0022400939,2025-03-10T00:00:00,NYK @ SAC,W,27.69,8,15,0.533,3,6,0.5,7,9,0.778,2,7,9,3,4,1,1,1,5,6,26,8,43.3,0,0,45.0,1,1,1,1,67,40,45,36,9,14,16,14,10,47,41,55,59,28,10,19,12,21,55,15,27,36,41,59,2,37,1,27:41,1,2024-25
2024-25,1626157,Karl-Anthony Towns,Karl-Anthony,1610612752,NYK,New York Knicks,0022400953,2025-03-12T00:00:00,NYK @ POR,W,38.586666666666666,8,12,0.667,2,4,0.5,3,4,0.75,3,4,7,4,3,2,1,2,3,6,21,12,41.4,0,0,40.0,1,1,1,1,20,40,60,7,21,39,16,47,43,51,25,70,67,19,18,8,12,50,20,15,47,28,47,59,2,47,1,38:35,1,2024-25
2024-25,1626157,Karl-Anthony Towns,Karl-Anthony,1610612752,NYK,New York Knicks,0022400974,2025-03-15T00:00:00,NYK @ GSW,L,29.84,12,21,0.571,3,5,0.6,2,2,1.0,5,7,12,3,2,0,1,0,6,2,29,-1,48.9,1,0,49.0,1,47,47,47,60,10,8,24,9,21,12,56,63,1,6,55,35,28,37,47,12,1,68,59,23,46,33,1,2,28,1,29:50,1,2024-25
2024-25,1626157,Karl-Anthony Towns,Karl-Anthony,1610612752,NYK,New York Knicks,0022400984,2025-03-17T00:00:00,NYK vs. MIA,W,31.043333333333333,10,17,0.588,3,5,0.6,0,0,0.0,3,4,7,3,3,0,1,0,3,1,23,16,35.9,0,0,38.0,1,1,1,1,57,20,32,21,9,21,12,72,72,72,25,70,67,28,18,47,12,1,20,70,40,20,60,59,2,53,1,31:03,1,2024-25
2024-25,1626157,Karl-Anthony Towns,Karl-Anthony,1610612752,NYK,New York Knicks,0022401003,2025-03-19T00:00:00,NYK @ SAS,L,35.175,11,21,0.524,2,5,0.4,8,9,0.889,4,5,9,2,3,1,0,0,1,7,32,-13,45.8,0,0,47.0,1,47,47,47,36,14,8,41,21,21,34,6,10,31,13,67,59,41,18,19,38,1,1,8,10,62,35,59,2,32,1,35:11,1,2024-25
2024-25,1626157,Karl-Anthony Towns,Karl-Anthony,1610612752,NYK,New York Knicks,0022401010,2025-03-20T00:00:00,NYK @ CHA,L,35.81666666666667,10,21,0.476,2,4,0.5,2,2,1.0,1,9,10,3,1,0,0,1,2,3,24,-15,39.5,1,0,39.0,1,47,47,47,32,20,8,48,21,39,16,56,63,1,56,36,47,28,55,47,38,21,11,51,35,65,54,1,2,51,1,35:49,1,2024-25
2024-25,1626157,Karl-Anthony Towns,Karl-Anthony,1610612752,NYK,New York Knicks,0022401026,2025-03-22T00:00:00,NYK vs. WAS,W,36.67,10,20,0.5,1,5,0.2,10,13,0.769,0,11,11,1,3,2,1,1,2,10,31,20,51.7,1,0,50.0,1,1,1,1,28,20,13,42,44,21,56,1,1,50,69,19,41,56,18,8,12,21,11,1,15,15,27,1,2,27,1,36:40,1,2024-25
2024-25,1626157,Karl-Anthony Towns,Karl-Anthony,1610612752,NYK,New York Knicks,0022401048,2025-03-25T00:00:00,NYK vs. DAL,W,34.49,10,19,0.526,2,7,0.286,4,8,0.5,2,10,12,11,3,1,0,0,3,5,26,23,56.9,1,1,53.0,1,1,1,1,39,20,19,38,21,10,54,37,18,66,41,29,35,1,18,19,38,1,20,30,27,9,19,1,1,18,1,34:29,1,2024-25
2024-25,1626157,Karl-Anthony Towns,Karl-Anthony,1610612752,NYK,New York Knicks,0022401056,2025-03-26T00:00:00,NYK vs. LAC,L,38.61666666666667,11,20,0.55,4,7,0.571,8,10,0.8,1,13,14,4,4,2,0,1,2,7,34,2,58.8,1,0,60.0,1,47,47,47,19,14,13,31,5,10,14,6,3,42,56,9,24,19,10,8,38,21,11,8,6,41,15,1,2,9,1,38:37,1,2024-25
2024-25,1626157,Karl-Anthony Towns,Karl-Anthony,1610612752,NYK,New York Knicks,0022401070,2025-03-28T00:00:00,NYK @ MIL,W,32.108333333333334,6,16,0.375,1,3,0.333,1,1,1.0,4,6,10,1,3,2,0,2,5,2,14,9,30.5,1,0,30.0,1,1,1,1,52,57,36,63,44,48,45,67,68,1,13,64,47,56,18,8,38,50,55,59,61,34,65,1,2,63,1,32:07,1,2024-25
2024-25,1626157,Karl-Anthony Towns,Karl-Anthony,1610612752,NYK,New York Knicks,0022401082,2025-03-30T00:00:00,NYK vs. POR,W,31.595,4,13,0.308,1,2,0.5,1,1,1.0,3,8,11,2,2,1,2,2,3,2,10,1,33.2,1,0,30.0,1,1,1,1,55,65,55,68,44,61,16,67,68,1,25,44,41,41,37,19,3,50,20,59,71,43,63,1,2,63,1,31:36,1,2024-25
2024-25,1626157,Karl-Anthony Towns,Karl-Anthony,1610612752,NYK,New York Knicks,0022401103,2025-04-02T00:00:00,NYK @ CLE,L,33.53666666666667,9,16,0.563,1,3,0.333,6,7,0.857,3,10,13,1,7,0,0,2,5,6,25,-9,35.1,1,0,40.0,1,47,47,47,44,32,36,26,44,48,45,21,22,36,25,29,29,56,1,47,38,50,55,15,31,57,61,1,2,47,1,33:32,1,2024-25
2024-25,1626157,Karl-Anthony Towns,Karl-Anthony,1610612752,NYK,New York Knicks,0022401128,2025-04-05T00:00:00,NYK @ ATL,W,32.98833333333334,10,15,0.667,2,3,0.667,8,9,0.889,2,9,11,3,3,0,0,1,1,9,30,27,44.7,1,0,46.0,1,1,1,1,45,20,45,7,21,48,10,6,10,31,41,36,41,28,18,47,38,21,1,3,18,4,36,1,2,35,1,32:59,1,2024-25
2024-25,1626157,Karl-Anthony Towns,Karl-Anthony,1610612752,NYK,New York Knicks,0022401140,2025-04-06T00:00:00,NYK vs. PHX,W,36.416666666666664,7,13,0.538,0,3,0.0,5,6,0.833,2,11,13,1,1,1,1,0,3,4,19,16,41.1,1,0,37.0,1,1,1,1,31,47,55,33,65,48,65,27,29,39,41,19,29,56,55,19,12,1,20,40,52,20,48,1,2,57,1,36:25,1,2024-25
2024-25,1626157,Karl-Anthony Towns,Karl-Anthony,1610612752,NYK,New York Knicks,0022401151,2025-04-08T00:00:00,NYK vs. BOS,L,42.61666666666667,14,21,0.667,1,3,0.333,5,7,0.714,2,12,14,2,0,1,1,1,4,9,34,1,59.8,1,0,55.0,1,47,47,47,6,4,8,7,44,48,45,27,22,56,41,16,24,41,68,19,12,21,34,3,6,43,11,1,2,15,1,42:37,1,2024-25
2024-25,1626157,Karl-Anthony Towns,Karl-Anthony,1610612752,NYK,New York Knicks,0022401167,2025-04-10T00:00:00,NYK @ DET,L,29.415,10,19,0.526,0,1,0.0,5,5,1.0,4,6,10,5,7,1,0,0,4,6,25,-5,40.5,1,0,42.0,1,47,47,47,63,20,19,38,65,70,65,27,35,1,13,64,47,10,1,19,38,1,34,15,31,53,52,1,2,43,1,29:25,1,2024-25
2025-26,1626157,Karl-Anthony Towns,Karl-Anthony,1610612752,NYK,New York Knicks,0022500003,2025-10-22T00:00:00,NYK vs. CLE,W,30.991666666666667,5,12,0.417,1,4,0.25,8,9,0.889,1,10,11,2,3,0,0,0,4,5,19,2,32.2,1,0,33.0,1,1,1,1,22,21,21,20,16,17,17,7,6,16,26,7,18,17,8,18,15,1,14,14,18,21,26,1,1,24,1,30:60,1,2025-26
2025-26,1626157,Karl-Anthony Towns,Karl-Anthony,1610612752,NYK,New York Knicks,0022500018,2025-10-24T00:00:00,NYK vs. BOS,W,33.071666666666665,6,16,0.375,4,6,0.667,10,12,0.833,6,7,13,3,5,1,1,2,2,12,26,6,47.1,1,0,50.0,1,1,1,1,14,14,10,24,2,7,3,2,2,19,1,21,9,13,1,8,8,20,3,1,10,14,11,1,1,8,1,33:04,1,2025-26
2025-26,1626157,Karl-Anthony Towns,Karl-Anthony,1610612752,NYK,New York Knicks,0022500108,2025-10-26T00:00:00,NYK @ MIA,L,35.85666666666667,6,14,0.429,2,8,0.25,1,2,0.5,1,17,18,2,3,1,2,0,5,1,15,2,45.6,1,0,43.0,1,22,22,22,6,14,16,17,10,2,17,28,26,28,26,1,1,17,8,8,1,1,24,29,22,21,13,1,1,12,1,35:51,1,2025-26
2025-26,1626157,Karl-Anthony Towns,Karl-Anthony,1610612752,NYK,New York Knicks,0022500125,2025-10-28T00:00:00,NYK @ MIL,L,35.388333333333335,2,12,0.167,0,3,0.0,4,4,1.0,5,7,12,1,3,1,1,2,5,4,8,0,26.9,0,0,25.0,1,22,22,22,8,28,21,30,26,23,26,20,22,1,2,21,13,25,8,8,8,20,24,19,29,23,29,23,1,29,1,35:23,1,2025-26
2025-26,1626157,Karl-Anthony Towns,Karl-Anthony,1610612752,NYK,New York Knicks,0022500023,2025-10-31T00:00:00,NYK @ CHI,L,31.711666666666666,6,14,0.429,1,5,0.2,9,9,1.0,2,8,10,4,2,0,1,1,2,6,22,7,41.0,1,0,39.0,1,22,22,22,18,14,16,17,16,13,21,4,6,1,19,17,21,5,16,18,8,10,3,9,12,12,16,1,1,16,1,31:43,1,2025-26
2025-26,1626157,Karl-Anthony Towns,Karl-Anthony,1610612752,NYK,New York Knicks,0022500153,2025-11-02T00:00:00,NYK vs. CHI,W,36.13333333333333,5,11,0.455,2,2,1.0,8,8,1.0,3,12,15,5,1,0,2,1,1,6,20,12,50.5,1,0,46.0,1,1,1,1,5,21,23,13,10,25,1,7,11,1,12,3,4,2,23,18,1,10,1,9,17,9,8,1,1,9,1,36:08,1,2025-26
2025-26,1626157,Karl-Anthony Towns,Karl-Anthony,1610612752,NYK,New York Knicks,0022500159,2025-11-03T00:00:00,NYK vs. WAS,W,30.483333333333334,12,24,0.5,3,8,0.375,6,7,0.857,5,8,13,5,3,2,0,2,4,7,33,13,59.1,1,0,58.0,1,1,1,1,24,5,2,9,4,2,14,14,13,17,2,17,9,2,8,2,15,20,14,7,6,7,4,1,1,5,1,30:29,1,2025-26
2025-26,1626157,Karl-Anthony Towns,Karl-Anthony,1610612752,NYK,New York Knicks,0022500175,2025-11-05T00:00:00,NYK vs. MIN,W,31.26,5,11,0.455,1,5,0.2,4,4,1.0,3,7,10,4,4,0,2,0,5,3,15,15,35.0,1,0,34.0,1,1,1,1,20,21,23,13,16,13,21,20,22,1,12,21,21,5,3,18,1,1,24,23,22,6,21,1,1,21,1,31:16,1,2025-26
2025-26,1626157,Karl-Anthony Towns,Karl-Anthony,1610612752,NYK,New York Knicks,0022500192,2025-11-09T00:00:00,NYK vs. BKN,W,28.333333333333332,10,17,0.588,0,2,0.0,8,8,1.0,3,9,12,2,2,2,0,3,5,6,28,21,49.4,1,0,46.0,1,1,1,1,28,7,8,4,26,25,26,7,11,1,12,12,13,17,16,2,15,27,24,9,9,2,9,1,1,9,1,28:20,1,2025-26
2025-26,1626157,Karl-Anthony Towns,Karl-Anthony,1610612752,NYK,New York Knicks,0022500208,2025-11-11T00:00:00,NYK vs. MEM,W,31.671666666666667,7,17,0.412,3,8,0.375,4,5,0.8,4,9,13,4,2,3,2,1,4,4,21,0,55.6,1,0,51.0,1,1,1,1,19,11,8,21,4,2,14,20,20,22,7,12,9,5,16,1,1,10,14,19,16,23,5,1,1,7,1,31:40,1,2025-26
2025-26,1626157,Karl-Anthony Towns,Karl-Anthony,1610612752,NYK,New York Knicks,0022500215,2025-11-12T00:00:00,NYK vs. ORL,L,34.51833333333333,6,15,0.4,1,4,0.25,2,2,1.0,2,10,12,4,2,1,0,0,5,2,15,-2,36.4,1,0,34.0,1,22,22,22,11,14,12,22,16,17,17,26,26,1,19,7,13,5,16,8,15,1,24,26,22,27,20,1,1,21,1,34:31,1,2025-26
2025-26,1626157,Karl-Anthony Towns,Karl-Anthony,1610612752,NYK,New York Knicks,0022500039,2025-11-14T00:00:00,NYK vs. MIA,W,38.031666666666666,13,26,0.5,6,14,0.429,7,9,0.778,2,9,11,4,0,1,0,3,3,8,39,13,61.2,1,0,62.0,1,1,1,1,2,3,1,9,1,1,11,10,6,24,19,12,18,5,28,8,15,27,8,3,2,7,3,1,1,2,1,38:02,1,2025-26
2025-26,1626157,Karl-Anthony Towns,Karl-Anthony,1610612752,NYK,New York Knicks,0022500244,2025-11-17T00:00:00,NYK @ MIA,L,32.61666666666667,7,19,0.368,1,7,0.143,7,7,1.0,4,11,15,2,4,0,1,2,5,6,22,3,42.0,1,0,42.0,1,22,22,22,16,11,6,26,16,5,25,10,13,1,7,5,4,17,3,18,8,20,24,9,12,19,15,1,1,14,1,32:37,1,2025-26
2025-26,1626157,Karl-Anthony Towns,Karl-Anthony,1610612752,NYK,New York Knicks,0022500262,2025-11-19T00:00:00,NYK @ DAL,W,34.82666666666667,6,16,0.375,1,6,0.167,5,9,0.556,4,10,14,6,3,2,0,0,4,5,18,4,46.8,1,0,43.0,1,1,1,1,10,14,10,24,16,7,24,17,6,27,7,7,7,1,8,2,15,1,14,14,20,18,12,1,1,12,1,34:50,1,2025-26
2025-26,1626157,Karl-Anthony Towns,Karl-Anthony,1610612752,NYK,New York Knicks,0022500269,2025-11-22T00:00:00,NYK @ ORL,L,37.17166666666667,6,14,0.429,2,6,0.333,10,11,0.909,2,6,8,3,4,0,0,1,3,8,24,-14,34.1,0,0,37.0,1,22,22,22,4,14,16,17,10,7,16,2,3,14,19,26,26,13,3,18,15,10,8,3,11,30,22,23,1,18,1,37:10,1,2025-26
2025-26,1626157,Karl-Anthony Towns,Karl-Anthony,1610612752,NYK,New York Knicks,0022500285,2025-11-24T00:00:00,NYK @ BKN,W,32.96666666666667,14,20,0.7,3,4,0.75,6,6,1.0,3,9,12,3,1,1,2,1,3,4,37,25,63.9,1,0,61.0,1,1,1,1,15,1,5,2,4,17,2,14,18,1,12,12,13,13,23,8,1,10,8,19,3,1,2,1,1,3,1,32:58,1,2025-26
2025-26,1626157,Karl-Anthony Towns,Karl-Anthony,1610612752,NYK,New York Knicks,0022500061,2025-11-26T00:00:00,NYK @ CHA,W,32.36666666666667,6,13,0.462,0,3,0.0,7,7,1.0,4,6,10,3,3,0,0,1,2,6,19,6,32.5,1,0,32.0,1,1,1,1,17,14,19,12,26,23,26,10,13,1,7,26,21,13,8,18,15,10,3,9,18,14,25,1,1,26,1,32:22,1,2025-26
2025-26,1626157,Karl-Anthony Towns,Karl-Anthony,1610612752,NYK,New York Knicks,0022500074,2025-11-28T00:00:00,NYK vs. MIL,W,35.678333333333335,2,8,0.25,1,2,0.5,4,5,0.8,3,7,10,4,2,0,1,1,4,3,9,0,28.0,0,0,26.0,1,1,1,1,7,28,29,28,16,25,5,20,20,22,12,21,21,5,16,18,8,10,14,23,28,23,28,23,1,28,1,35:41,1,2025-26
2025-26,1626157,Karl-Anthony Towns,Karl-Anthony,1610612752,NYK,New York Knicks,0022500303,2025-11-30T00:00:00,NYK vs. TOR,W,31.033333333333335,8,15,0.533,1,4,0.25,5,7,0.714,3,5,8,2,4,0,0,2,3,5,22,3,30.6,0,0,33.0,1,1,1,1,21,9,12,7,16,17,17,17,13,26,12,28,26,17,3,18,15,20,8,14,12,19,27,23,1,24,1,31:02,1,2025-26
2025-26,1626157,Karl-Anthony Towns,Karl-Anthony,1610612752,NYK,New York Knicks,0022500320,2025-12-02T00:00:00,NYK @ BOS,L,33.233333333333334,12,19,0.632,2,5,0.4,3,3,1.0,2,5,7,2,4,0,1,1,2,7,29,10,39.4,0,0,42.0,1,22,22,22,13,5,6,3,10,13,13,25,25,1,19,28,29,17,3,18,8,10,3,7,7,11,17,23,1,14,1,33:14,1,2025-26
2025-26,1626157,Karl-Anthony Towns,Karl-Anthony,1610612752,NYK,New York Knicks,0022500328,2025-12-03T00:00:00,NYK vs. CHA,W,39.19,13,23,0.565,3,7,0.429,6,7,0.857,5,13,18,5,1,2,0,3,2,5,35,21,69.1,1,0,65.0,1,1,1,1,1,3,4,6,4,5,11,14,13,17,2,2,1,2,23,2,15,27,3,14,5,2,1,1,1,1,1,39:11,1,2025-26
2025-26,1626157,Karl-Anthony Towns,Karl-Anthony,1610612752,NYK,New York Knicks,0022500343,2025-12-05T00:00:00,NYK vs. UTA,W,22.283333333333335,5,11,0.455,4,6,0.667,4,4,1.0,1,8,9,4,1,1,0,0,1,2,18,21,36.8,0,0,37.0,1,1,1,1,30,21,23,13,2,7,3,20,22,1,26,17,25,5,23,8,15,1,1,26,20,2,19,23,1,18,1,22:17,1,2025-26
2025-26,1626157,Karl-Anthony Towns,Karl-Anthony,1610612752,NYK,New York Knicks,0022501202,2025-12-09T00:00:00,NYK @ TOR,W,30.798333333333332,4,11,0.364,1,2,0.5,5,6,0.833,5,11,16,1,1,1,2,2,4,3,14,21,42.7,1,0,38.0,1,1,1,1,23,26,23,27,16,25,5,17,18,19,2,5,3,25,23,8,1,20,14,23,25,2,14,1,1,17,1,30:48,1,2025-26
2025-26,1626157,Karl-Anthony Towns,Karl-Anthony,1610612752,NYK,New York Knicks,0022501229,2025-12-13T00:00:00,NYK @ ORL,W,37.185,9,11,0.818,2,4,0.5,9,10,0.9,1,7,8,2,0,1,1,0,3,8,29,12,47.6,0,0,45.0,1,1,1,1,3,8,23,1,10,17,5,4,5,15,26,21,26,17,28,8,8,1,8,3,7,9,10,23,1,11,1,37:11,1,2025-26
2025-26,1626157,Karl-Anthony Towns,Karl-Anthony,1610612752,NYK,New York Knicks,0022500382,2025-12-19T00:00:00,NYK vs. PHI,L,35.333333333333336,7,15,0.467,1,5,0.2,7,9,0.778,3,8,11,1,3,0,0,1,4,8,22,-7,33.7,1,0,35.0,1,22,22,22,9,11,12,11,16,13,21,10,6,24,12,17,18,25,8,18,15,10,14,3,12,28,23,1,1,20,1,35:20,1,2025-26
2025-26,1626157,Karl-Anthony Towns,Karl-Anthony,1610612752,NYK,New York Knicks,0022500398,2025-12-21T00:00:00,NYK vs. MIA,W,28.783333333333335,1,5,0.2,0,0,0.0,0,2,0.0,1,5,6,2,3,2,0,1,4,2,2,-1,15.2,0,0,14.0,1,1,1,1,27,30,30,29,26,30,26,30,26,30,26,28,30,17,8,2,15,10,14,26,30,26,30,23,1,30,1,28:47,1,2025-26
2025-26,1626157,Karl-Anthony Towns,Karl-Anthony,1610612752,NYK,New York Knicks,0022500416,2025-12-23T00:00:00,NYK @ MIN,L,34.51833333333333,14,24,0.583,3,6,0.5,9,11,0.818,4,9,13,1,5,1,0,0,6,5,40,6,55.1,1,0,59.0,1,22,22,22,11,1,2,5,4,7,5,4,3,21,7,12,9,25,1,8,15,1,30,14,1,14,6,1,1,4,1,34:31,1,2025-26
2025-26,1626157,Karl-Anthony Towns,Karl-Anthony,1610612752,NYK,New York Knicks,0022500009,2025-12-25T00:00:00,NYK vs. CLE,W,27.385,5,13,0.385,0,2,0.0,1,2,0.5,2,12,14,1,2,2,0,0,4,4,11,7,33.3,1,0,30.0,1,1,1,1,29,21,19,23,26,25,26,28,26,28,19,3,7,25,16,2,15,1,14,19,27,12,24,1,1,27,1,27:23,1,2025-26
2025-26,1626157,Karl-Anthony Towns,Karl-Anthony,1610612752,NYK,New York Knicks,0022500435,2025-12-27T00:00:00,NYK @ ATL,W,29.8,8,15,0.533,3,6,0.5,17,18,0.944,5,10,15,1,2,0,0,2,3,9,36,-7,53.5,1,0,55.0,1,1,1,1,26,9,12,7,4,7,5,1,1,13,2,7,4,25,16,18,15,20,8,2,4,28,7,1,1,6,1,29:48,1,2025-26
2025-26,1626157,Karl-Anthony Towns,Karl-Anthony,1610612752,NYK,New York Knicks,0022500454,2025-12-29T00:00:00,NYK @ NOP,W,29.971666666666668,4,9,0.444,2,4,0.5,2,2,1.0,2,10,12,4,0,0,2,3,4,1,12,6,38.4,1,0,34.0,1,1,1,1,25,26,28,16,10,17,5,26,26,1,19,7,13,5,28,18,1,27,14,29,26,14,18,1,1,21,1,29:58,1,2025-26
