SEASON_YEAR,PLAYER_ID,PLAYER_NAME,NICKNAME,TEAM_ID,TEAM_ABBREVIATION,TEAM_NAME,GAME_ID,GAME_DATE,MATCHUP,WL,MIN,FGM,FGA,FG_PCT,FG3M,FG3A,FG3_PCT,FTM,FTA,FT_PCT,OREB,DREB,REB,AST,TOV,STL,BLK,BLKA,PF,PFD,PTS,PLUS_MINUS,NBA_FANTASY_PTS,DD2,TD3,WNBA_FANTASY_PTS,GP_RANK,W_RANK,L_RANK,W_PCT_RANK,MIN_RANK,FGM_RANK,FGA_RANK,FG_PCT_RANK,FG3M_RANK,FG3A_RANK,FG3_PCT_RANK,FTM_RANK,FTA_RANK,FT_PCT_RANK,OREB_RANK,DREB_RANK,REB_RANK,AST_RANK,TOV_RANK,STL_RANK,BLK_RANK,BLKA_RANK,PF_RANK,PFD_RANK,PTS_RANK,PLUS_MINUS_RANK,NBA_FANTASY_PTS_RANK,DD2_RANK,TD3_RANK,WNBA_FANTASY_PTS_RANK,AVAILABLE_FLAG,MIN_SEC,TEAM_COUNT,SEASON
2018-19,1629011,Mitchell Robinson,Mitchell,1610612752,NYK,New York Knicks,0021800007,2018-10-17T00:00:00,NYK vs. ATL,W,1.3,1,1,1.0,0,0,0.0,0,0,0.0,0,0,0,0,0,0,0,0,0,0,2,-2,2.0,0,0,2.0,1,1,1,1,66,52,62,1,1,1,1,37,49,37,61,58,66,29,29,35,60,1,1,54,53,34,66,12,1,66,1,1:18,1,2018-19
2018-19,1629011,Mitchell Robinson,Mitchell,1610612752,NYK,New York Knicks,0021800028,2018-10-20T00:00:00,NYK vs. BOS,L,9.418333333333333,0,1,0.0,0,0,0.0,1,2,0.5,1,1,2,0,0,0,0,0,1,1,1,5,3.4,0,0,3.0,1,17,17,17,62,58,62,58,1,1,1,24,18,22,47,48,51,29,29,35,60,1,2,37,60,12,65,12,1,65,1,9:25,1,2018-19
2018-19,1629011,Mitchell Robinson,Mitchell,1610612752,NYK,New York Knicks,0021800054,2018-10-24T00:00:00,NYK @ MIA,L,12.0,2,3,0.667,0,0,0.0,0,0,0.0,3,0,3,0,0,0,1,0,1,0,4,4,10.6,0,0,9.0,1,17,17,17,59,41,40,33,1,1,1,37,49,37,24,58,47,29,29,35,49,1,2,54,45,16,56,12,1,55,1,12:00,1,2018-19
2018-19,1629011,Mitchell Robinson,Mitchell,1610612752,NYK,New York Knicks,0021800068,2018-10-26T00:00:00,NYK vs. GSW,L,29.416666666666668,3,5,0.6,0,0,0.0,1,2,0.5,4,2,6,0,1,2,0,1,2,1,7,-12,19.2,0,0,17.0,1,17,17,17,12,25,19,42,1,1,1,24,18,22,7,40,31,29,8,7,60,46,11,37,31,55,44,12,1,43,1,29:25,1,2018-19
2018-19,1629011,Mitchell Robinson,Mitchell,1610612752,NYK,New York Knicks,0021800090,2018-10-29T00:00:00,NYK vs. BKN,W,15.116666666666667,5,5,1.0,0,0,0.0,1,2,0.5,2,1,3,1,0,1,1,0,3,1,11,6,22.1,0,0,19.0,1,1,1,1,49,9,19,1,1,1,1,24,18,22,35,48,47,6,29,13,49,1,22,37,16,11,39,12,1,35,1,15:07,1,2018-19
2018-19,1629011,Mitchell Robinson,Mitchell,1610612752,NYK,New York Knicks,0021800105,2018-10-31T00:00:00,NYK vs. IND,L,17.683333333333334,0,3,0.0,0,0,0.0,0,0,0.0,1,3,4,0,1,0,2,1,1,0,0,4,9.8,0,0,8.0,1,17,17,17,40,58,40,58,1,1,1,37,49,37,47,32,43,29,8,35,31,46,2,54,61,16,57,12,1,58,1,17:41,1,2018-19
2018-19,1629011,Mitchell Robinson,Mitchell,1610612752,NYK,New York Knicks,0021800121,2018-11-02T00:00:00,NYK @ DAL,W,34.016666666666666,5,6,0.833,0,0,0.0,3,4,0.75,5,5,10,3,0,3,1,0,5,3,13,9,41.5,1,0,34.0,1,1,1,1,4,9,12,18,1,1,1,8,8,16,4,17,10,2,29,1,49,1,52,8,10,3,8,1,1,8,1,34:01,1,2018-19
2018-19,1629011,Mitchell Robinson,Mitchell,1610612752,NYK,New York Knicks,0021800135,2018-11-04T00:00:00,NYK @ WAS,L,26.3,3,6,0.5,0,0,0.0,4,4,1.0,4,2,6,0,0,0,1,1,4,3,10,-15,20.2,0,0,18.0,1,17,17,17,17,25,12,48,1,1,1,5,8,1,7,40,31,29,29,35,49,46,39,8,20,59,42,12,1,40,1,26:18,1,2018-19
2018-19,1629011,Mitchell Robinson,Mitchell,1610612752,NYK,New York Knicks,0021800143,2018-11-05T00:00:00,NYK vs. CHI,L,11.073333333333334,0,2,0.0,0,0,0.0,0,0,0.0,1,2,3,0,0,0,2,1,4,0,0,-9,9.6,0,0,7.0,1,17,17,17,60,58,50,58,1,1,1,37,49,37,47,40,47,29,29,35,31,46,39,54,61,48,58,12,1,60,1,11:04,1,2018-19
2018-19,1629011,Mitchell Robinson,Mitchell,1610612752,NYK,New York Knicks,0021800155,2018-11-07T00:00:00,NYK @ ATL,W,14.885,2,2,1.0,0,0,0.0,1,2,0.5,3,3,6,0,1,1,2,0,2,1,5,3,20.2,0,0,17.0,1,1,1,1,51,41,50,1,1,1,1,24,18,22,24,32,31,29,8,13,31,1,11,37,42,19,42,12,1,43,1,14:53,1,2018-19
2018-19,1629011,Mitchell Robinson,Mitchell,1610612752,NYK,New York Knicks,0021800174,2018-11-10T00:00:00,NYK @ TOR,L,28.416666666666668,2,3,0.667,0,0,0.0,0,2,0.0,2,3,5,0,1,2,3,0,3,2,4,5,24.0,0,0,19.0,1,17,17,17,13,41,40,33,1,1,1,37,18,37,35,32,38,29,8,7,14,1,22,18,45,12,33,12,1,35,1,28:25,1,2018-19
2018-19,1629011,Mitchell Robinson,Mitchell,1610612752,NYK,New York Knicks,0021800186,2018-11-11T00:00:00,NYK vs. ORL,L,22.216666666666665,2,3,0.667,0,0,0.0,0,0,0.0,0,4,4,0,0,0,9,1,2,0,4,-7,35.8,0,0,26.0,1,17,17,17,27,41,40,33,1,1,1,37,49,37,61,25,43,29,29,35,1,46,11,54,45,45,14,12,1,19,1,22:13,1,2018-19
2018-19,1629011,Mitchell Robinson,Mitchell,1610612752,NYK,New York Knicks,0021800209,2018-11-14T00:00:00,NYK @ OKC,L,17.75,3,4,0.75,0,0,0.0,0,0,0.0,0,1,1,1,0,1,3,0,4,0,6,-12,20.7,0,0,16.0,1,17,17,17,39,25,30,26,1,1,1,37,49,37,61,48,60,6,29,13,14,1,39,54,35,55,41,12,1,45,1,17:45,1,2018-19
2018-19,1629011,Mitchell Robinson,Mitchell,1610612752,NYK,New York Knicks,0021800222,2018-11-16T00:00:00,NYK @ NOP,L,24.316666666666666,3,6,0.5,0,0,0.0,1,2,0.5,4,3,7,1,1,1,1,0,5,1,7,2,21.9,0,0,19.0,1,17,17,17,18,25,12,48,1,1,1,24,18,22,7,32,23,6,8,13,49,1,52,37,31,21,40,12,1,35,1,24:19,1,2018-19
2018-19,1629011,Mitchell Robinson,Mitchell,1610612752,NYK,New York Knicks,0021800236,2018-11-18T00:00:00,NYK @ ORL,L,8.7,0,1,0.0,0,0,0.0,0,0,0.0,2,0,2,0,0,1,0,0,5,0,0,-3,5.4,0,0,4.0,1,17,17,17,64,58,62,58,1,1,1,37,49,37,35,58,51,29,29,13,60,1,52,54,61,36,63,12,1,63,1,8:42,1,2018-19
2018-19,1629011,Mitchell Robinson,Mitchell,1610612752,NYK,New York Knicks,0021800251,2018-11-20T00:00:00,NYK vs. POR,L,18.05,3,3,1.0,0,0,0.0,0,1,0.0,4,1,5,1,2,2,2,0,2,1,6,-11,23.5,0,0,20.0,1,17,17,17,38,25,40,1,1,1,1,37,39,37,7,48,38,6,1,7,31,1,11,37,35,54,35,12,1,31,1,18:03,1,2018-19
2018-19,1629011,Mitchell Robinson,Mitchell,1610612752,NYK,New York Knicks,0021800255,2018-11-21T00:00:00,NYK @ BOS,W,16.416666666666668,4,4,1.0,0,0,0.0,0,0,0.0,1,3,4,0,0,0,6,0,4,2,8,7,30.8,0,0,24.0,1,1,1,1,44,18,30,1,1,1,1,37,49,37,47,32,43,29,29,35,2,1,39,18,24,7,21,12,1,23,1,16:25,1,2018-19
2018-19,1629011,Mitchell Robinson,Mitchell,1610612752,NYK,New York Knicks,0021800269,2018-11-23T00:00:00,NYK vs. NOP,W,9.266666666666667,2,2,1.0,0,0,0.0,1,2,0.5,0,1,1,1,0,0,2,0,6,1,5,-3,13.7,0,0,11.0,1,1,1,1,63,41,50,1,1,1,1,24,18,22,61,48,60,6,29,35,31,1,59,37,42,36,54,12,1,52,1,9:16,1,2018-19
2018-19,1629011,Mitchell Robinson,Mitchell,1610612752,NYK,New York Knicks,0021800291,2018-11-25T00:00:00,NYK @ MEM,W,13.3,0,2,0.0,0,0,0.0,0,0,0.0,2,0,2,0,0,1,0,2,3,0,0,-5,5.4,0,0,4.0,1,1,1,1,55,58,50,58,1,1,1,37,49,37,35,58,51,29,29,13,60,65,22,54,61,40,63,12,1,63,1,13:18,1,2018-19
2018-19,1629011,Mitchell Robinson,Mitchell,1610612752,NYK,New York Knicks,0021800301,2018-11-27T00:00:00,NYK @ DET,L,16.733333333333334,1,3,0.333,0,0,0.0,0,0,0.0,3,2,5,0,2,0,1,1,6,2,2,-13,9.0,0,0,9.0,1,17,17,17,43,52,40,57,1,1,1,37,49,37,24,40,38,29,1,35,49,46,59,18,53,57,60,12,1,55,1,16:44,1,2018-19
2018-19,1629011,Mitchell Robinson,Mitchell,1610612752,NYK,New York Knicks,0021800307,2018-11-28T00:00:00,NYK @ PHI,L,17.386666666666667,2,3,0.667,0,0,0.0,1,1,1.0,2,4,6,1,2,0,4,0,4,2,5,-7,23.7,0,0,20.0,1,17,17,17,41,41,40,33,1,1,1,24,39,1,35,25,31,6,1,35,6,1,39,18,42,45,34,12,1,31,1,17:23,1,2018-19
2018-19,1629011,Mitchell Robinson,Mitchell,1610612752,NYK,New York Knicks,0021800330,2018-12-01T00:00:00,NYK vs. MIL,W,19.696666666666665,3,4,0.75,0,0,0.0,0,1,0.0,4,1,5,0,1,0,1,0,6,2,6,-1,14.0,0,0,13.0,1,1,1,1,33,25,30,26,1,1,1,37,39,37,7,48,38,29,8,35,49,1,59,18,35,28,52,12,1,49,1,19:42,1,2018-19
2018-19,1629011,Mitchell Robinson,Mitchell,1610612752,NYK,New York Knicks,0021800346,2018-12-03T00:00:00,NYK vs. WAS,L,14.2,1,2,0.5,0,0,0.0,2,2,1.0,1,0,1,2,1,0,3,0,2,1,4,0,16.2,0,0,13.0,1,17,17,17,53,52,50,48,1,1,1,11,18,1,47,58,60,4,8,35,14,1,11,37,45,27,49,12,1,49,1,14:12,1,2018-19
2018-19,1629011,Mitchell Robinson,Mitchell,1610612752,NYK,New York Knicks,0021800365,2018-12-06T00:00:00,NYK @ BOS,L,20.61,3,4,0.75,0,0,0.0,1,2,0.5,4,4,8,1,1,0,2,0,4,1,7,-16,23.1,0,0,20.0,1,17,17,17,31,25,30,26,1,1,1,24,18,22,7,25,19,6,8,35,31,1,39,37,31,60,37,12,1,31,1,20:37,1,2018-19
2018-19,1629011,Mitchell Robinson,Mitchell,1610612752,NYK,New York Knicks,0021800382,2018-12-08T00:00:00,NYK vs. BKN,L,20.983333333333334,2,3,0.667,0,0,0.0,0,3,0.0,4,2,6,3,0,3,1,1,5,3,4,-1,27.7,0,0,21.0,1,17,17,17,30,41,40,33,1,1,1,37,15,37,7,40,31,2,29,1,49,46,52,8,45,28,27,12,1,27,1,20:59,1,2018-19
2018-19,1629011,Mitchell Robinson,Mitchell,1610612752,NYK,New York Knicks,0021800389,2018-12-09T00:00:00,NYK vs. CHA,L,18.743333333333332,3,4,0.75,0,0,0.0,0,0,0.0,1,1,2,1,1,0,2,0,3,0,6,8,14.9,0,0,13.0,1,17,17,17,35,25,30,26,1,1,1,37,49,37,47,48,51,6,8,35,31,1,22,54,35,5,51,12,1,49,1,18:45,1,2018-19
2018-19,1629011,Mitchell Robinson,Mitchell,1610612752,NYK,New York Knicks,0021800406,2018-12-12T00:00:00,NYK @ CLE,L,15.513333333333334,1,2,0.5,0,0,0.0,0,0,0.0,1,0,1,1,0,1,0,0,1,2,2,-17,7.7,0,0,6.0,1,17,17,17,47,52,50,48,1,1,1,37,49,37,47,58,60,6,29,13,60,1,2,18,53,63,61,12,1,61,1,15:31,1,2018-19
2018-19,1629011,Mitchell Robinson,Mitchell,1610612752,NYK,New York Knicks,0021800421,2018-12-14T00:00:00,NYK @ CHA,W,7.766666666666667,1,2,0.5,0,0,0.0,0,0,0.0,0,1,1,1,1,0,1,1,1,1,2,-1,6.7,0,0,6.0,1,1,1,1,65,52,50,48,1,1,1,37,49,37,61,48,60,6,8,35,49,46,2,37,53,28,62,12,1,61,1,7:46,1,2018-19
2018-19,1629011,Mitchell Robinson,Mitchell,1610612752,NYK,New York Knicks,0021800665,2019-01-17T00:00:00,NYK @ WAS,L,9.96,2,2,1.0,0,0,0.0,0,0,0.0,2,0,2,0,0,0,1,0,1,0,4,1,9.4,0,0,8.0,1,17,17,17,61,41,50,1,1,1,1,37,49,37,35,58,51,29,29,35,49,1,2,54,45,25,59,12,1,58,1,9:58,1,2018-19
2018-19,1629011,Mitchell Robinson,Mitchell,1610612752,NYK,New York Knicks,0021800691,2019-01-21T00:00:00,NYK vs. OKC,L,15.533333333333333,4,4,1.0,0,0,0.0,0,1,0.0,1,5,6,1,0,1,2,0,6,2,8,-1,25.7,0,0,21.0,1,17,17,17,46,18,30,1,1,1,1,37,39,37,47,17,31,6,29,13,31,1,59,18,24,28,29,12,1,27,1,15:32,1,2018-19
2018-19,1629011,Mitchell Robinson,Mitchell,1610612752,NYK,New York Knicks,0021800710,2019-01-23T00:00:00,NYK vs. HOU,L,17.383333333333333,5,5,1.0,0,0,0.0,2,2,1.0,1,0,1,0,0,1,3,0,6,1,12,12,25.2,0,0,21.0,1,17,17,17,42,9,19,1,1,1,1,11,18,1,47,58,60,29,29,13,14,1,59,37,12,1,31,12,1,27,1,17:23,1,2018-19
2018-19,1629011,Mitchell Robinson,Mitchell,1610612752,NYK,New York Knicks,0021800721,2019-01-25T00:00:00,NYK @ BKN,L,15.76,3,5,0.6,0,0,0.0,0,2,0.0,2,2,4,0,0,0,4,1,2,3,6,-7,22.8,0,0,18.0,1,17,17,17,45,25,19,42,1,1,1,37,18,37,35,40,43,29,29,35,6,46,11,8,35,45,38,12,1,40,1,15:46,1,2018-19
2018-19,1629011,Mitchell Robinson,Mitchell,1610612752,NYK,New York Knicks,0021800741,2019-01-27T00:00:00,NYK vs. MIA,L,22.816666666666666,3,5,0.6,0,0,0.0,0,2,0.0,4,3,7,1,0,3,2,0,2,2,6,2,30.9,0,0,24.0,1,17,17,17,22,25,19,42,1,1,1,37,18,37,7,32,23,6,29,1,31,1,11,18,35,21,20,12,1,23,1,22:49,1,2018-19
2018-19,1629011,Mitchell Robinson,Mitchell,1610612752,NYK,New York Knicks,0021800744,2019-01-28T00:00:00,NYK @ CHA,L,12.866666666666667,4,5,0.8,0,0,0.0,2,4,0.5,2,0,2,0,0,1,3,0,1,3,10,-16,24.4,0,0,20.0,1,17,17,17,58,18,19,22,1,1,1,11,8,22,35,58,51,29,29,13,14,1,2,8,20,60,32,12,1,31,1,12:52,1,2018-19
2018-19,1629011,Mitchell Robinson,Mitchell,1610612752,NYK,New York Knicks,0021800758,2019-01-30T00:00:00,NYK vs. DAL,L,24.183333333333334,2,2,1.0,0,0,0.0,0,4,0.0,2,5,7,0,1,1,4,0,1,3,4,-9,26.4,0,0,21.0,1,17,17,17,19,41,50,1,1,1,1,37,8,37,35,17,23,29,8,13,6,1,2,8,45,48,28,12,1,27,1,24:11,1,2018-19
2018-19,1629011,Mitchell Robinson,Mitchell,1610612752,NYK,New York Knicks,0021800771,2019-02-01T00:00:00,NYK vs. BOS,L,18.166666666666668,3,4,0.75,0,0,0.0,2,2,1.0,3,5,8,0,2,0,1,1,2,2,8,1,18.6,0,0,18.0,1,17,17,17,37,25,30,26,1,1,1,11,18,1,24,17,19,29,1,35,49,46,11,18,24,25,45,12,1,40,1,18:10,1,2018-19
2018-19,1629011,Mitchell Robinson,Mitchell,1610612752,NYK,New York Knicks,0021800799,2019-02-05T00:00:00,NYK vs. DET,L,23.55,6,7,0.857,0,0,0.0,1,1,1.0,4,6,10,0,0,0,2,0,3,2,13,-1,31.0,1,0,27.0,1,17,17,17,21,5,9,17,1,1,1,24,39,1,7,11,10,29,29,35,31,1,22,18,10,28,19,1,1,18,1,23:33,1,2018-19
2018-19,1629011,Mitchell Robinson,Mitchell,1610612752,NYK,New York Knicks,0021800817,2019-02-08T00:00:00,NYK @ DET,L,15.066666666666666,3,5,0.6,0,0,0.0,5,7,0.714,3,3,6,1,0,0,3,0,2,4,11,-6,28.7,0,0,24.0,1,17,17,17,50,25,19,42,1,1,1,2,2,18,24,32,31,6,29,35,14,1,11,2,16,43,25,12,1,23,1,15:04,1,2018-19
2018-19,1629011,Mitchell Robinson,Mitchell,1610612752,NYK,New York Knicks,0021800828,2019-02-09T00:00:00,NYK vs. TOR,L,22.483333333333334,7,9,0.778,0,0,0.0,1,1,1.0,4,3,7,0,0,0,3,0,3,1,15,5,32.4,0,0,28.0,1,17,17,17,26,2,4,25,1,1,1,24,39,1,7,32,23,29,29,35,14,1,22,37,5,12,17,12,1,16,1,22:29,1,2018-19
2018-19,1629011,Mitchell Robinson,Mitchell,1610612752,NYK,New York Knicks,0021800839,2019-02-11T00:00:00,NYK @ CLE,L,23.683333333333334,5,6,0.833,0,0,0.0,0,1,0.0,4,4,8,1,0,1,2,0,3,1,10,3,30.1,0,0,25.0,1,17,17,17,20,9,12,18,1,1,1,37,39,37,7,25,19,6,29,13,31,1,22,37,20,19,22,12,1,20,1,23:41,1,2018-19
2018-19,1629011,Mitchell Robinson,Mitchell,1610612752,NYK,New York Knicks,0021800856,2019-02-13T00:00:00,NYK vs. PHI,L,28.416666666666668,5,8,0.625,0,0,0.0,4,7,0.571,5,8,13,1,0,2,4,0,2,5,14,9,49.1,1,0,40.0,1,17,17,17,13,9,7,41,1,1,1,5,2,21,4,5,6,6,29,7,6,1,11,1,7,3,3,1,1,3,1,28:25,1,2018-19
2018-19,1629011,Mitchell Robinson,Mitchell,1610612752,NYK,New York Knicks,0021800865,2019-02-14T00:00:00,NYK @ ATL,W,19.133333333333333,3,5,0.6,0,0,0.0,0,0,0.0,3,4,7,0,1,1,4,0,3,0,6,7,28.4,0,0,23.0,1,1,1,1,34,25,19,42,1,1,1,37,49,37,24,25,23,29,8,13,6,1,22,54,35,7,26,12,1,26,1,19:08,1,2018-19
2018-19,1629011,Mitchell Robinson,Mitchell,1610612752,NYK,New York Knicks,0021800878,2019-02-22T00:00:00,NYK vs. MIN,L,13.0,0,2,0.0,0,0,0.0,0,0,0.0,1,1,2,1,0,1,3,1,4,0,0,-16,15.9,0,0,11.0,1,17,17,17,56,58,50,58,1,1,1,37,49,37,47,48,51,6,29,13,14,46,39,54,61,60,50,12,1,52,1,13:00,1,2018-19
2018-19,1629011,Mitchell Robinson,Mitchell,1610612752,NYK,New York Knicks,0021800896,2019-02-24T00:00:00,NYK vs. SAS,W,30.038333333333334,5,7,0.714,0,0,0.0,5,7,0.714,6,8,14,1,1,0,5,1,4,4,15,7,47.3,1,0,40.0,1,1,1,1,10,9,9,31,1,1,1,2,2,18,3,5,3,6,8,35,4,46,39,2,5,7,4,1,1,3,1,30:02,1,2018-19
2018-19,1629011,Mitchell Robinson,Mitchell,1610612752,NYK,New York Knicks,0021800908,2019-02-26T00:00:00,NYK vs. ORL,W,32.50833333333333,6,9,0.667,0,0,0.0,5,6,0.833,8,6,14,0,0,3,6,1,3,3,17,5,60.8,1,0,49.0,1,1,1,1,8,5,4,33,1,1,1,2,5,15,2,11,3,29,29,1,2,46,22,8,2,12,1,1,1,1,1,32:31,1,2018-19
2018-19,1629011,Mitchell Robinson,Mitchell,1610612752,NYK,New York Knicks,0021800924,2019-02-28T00:00:00,NYK vs. CLE,L,28.395,5,5,1.0,0,0,0.0,2,2,1.0,2,5,7,0,0,1,2,0,6,2,12,-1,29.4,0,0,25.0,1,17,17,17,15,9,19,1,1,1,1,11,18,1,35,17,23,29,29,13,31,1,59,18,12,28,24,12,1,20,1,28:24,1,2018-19
2018-19,1629011,Mitchell Robinson,Mitchell,1610612752,NYK,New York Knicks,0021800947,2019-03-03T00:00:00,NYK @ LAC,L,22.716666666666665,7,8,0.875,0,0,0.0,2,2,1.0,5,8,13,1,2,0,4,1,3,1,16,-17,43.1,1,0,38.0,1,17,17,17,23,2,7,16,1,1,1,11,18,1,4,5,6,6,1,35,6,46,22,37,3,63,6,1,1,5,1,22:43,1,2018-19
2018-19,1629011,Mitchell Robinson,Mitchell,1610612752,NYK,New York Knicks,0021800957,2019-03-04T00:00:00,NYK @ SAC,L,18.586666666666666,2,2,1.0,0,0,0.0,0,1,0.0,2,5,7,0,2,0,2,0,6,2,4,-13,16.4,0,0,15.0,1,17,17,17,36,41,50,1,1,1,1,37,39,37,35,17,23,29,1,35,31,1,59,18,45,57,47,12,1,46,1,18:35,1,2018-19
2018-19,1629011,Mitchell Robinson,Mitchell,1610612752,NYK,New York Knicks,0021800972,2019-03-06T00:00:00,NYK @ PHX,L,22.183333333333334,3,7,0.429,0,0,0.0,2,3,0.667,4,4,8,1,2,2,4,2,3,2,8,-5,35.1,0,0,29.0,1,17,17,17,28,25,9,56,1,1,1,11,15,20,7,25,19,6,1,7,6,65,22,18,24,40,16,12,1,15,1,22:11,1,2018-19
2018-19,1629011,Mitchell Robinson,Mitchell,1610612752,NYK,New York Knicks,0021800986,2019-03-09T00:00:00,NYK vs. SAC,L,21.95,2,4,0.5,0,0,0.0,4,4,1.0,3,6,9,0,1,1,3,1,4,4,8,-4,29.8,0,0,25.0,1,17,17,17,29,41,30,48,1,1,1,5,8,1,24,11,16,29,8,13,14,46,39,2,24,38,23,12,1,20,1,21:57,1,2018-19
2018-19,1629011,Mitchell Robinson,Mitchell,1610612752,NYK,New York Knicks,0021800998,2019-03-10T00:00:00,NYK @ MIN,L,32.85,4,5,0.8,0,0,0.0,0,1,0.0,3,7,10,1,0,1,5,0,4,2,8,4,39.5,0,0,31.0,1,17,17,17,7,18,19,22,1,1,1,37,39,37,24,9,10,6,29,13,4,1,39,18,24,16,10,12,1,11,1,32:51,1,2018-19
2018-19,1629011,Mitchell Robinson,Mitchell,1610612752,NYK,New York Knicks,0021801007,2019-03-12T00:00:00,NYK @ IND,L,12.883333333333333,3,3,1.0,0,0,0.0,1,2,0.5,0,2,2,0,0,0,3,0,5,2,7,-4,18.4,0,0,15.0,1,17,17,17,57,25,40,1,1,1,1,24,18,22,61,40,51,29,29,35,14,1,52,18,31,38,46,12,1,46,1,12:53,1,2018-19
2018-19,1629011,Mitchell Robinson,Mitchell,1610612752,NYK,New York Knicks,0021801032,2019-03-15T00:00:00,NYK @ SAS,L,20.6,0,3,0.0,0,0,0.0,2,4,0.5,4,6,10,1,1,1,2,1,1,3,2,-9,23.5,0,0,19.0,1,17,17,17,32,58,40,58,1,1,1,11,8,22,7,11,10,6,8,13,31,46,2,8,53,48,35,12,1,35,2,20:36,1,2018-19
2018-19,1629011,Mitchell Robinson,Mitchell,1610612752,NYK,New York Knicks,0021801042,2019-03-17T00:00:00,NYK vs. LAL,W,15.2,1,2,0.5,0,0,0.0,0,1,0.0,1,2,3,0,0,0,2,1,3,2,2,2,11.6,0,0,9.0,1,1,1,1,48,52,50,48,1,1,1,37,39,37,47,40,47,29,29,35,31,46,22,18,53,21,55,12,1,55,2,15:12,1,2018-19
2018-19,1629011,Mitchell Robinson,Mitchell,1610612752,NYK,New York Knicks,0021801053,2019-03-18T00:00:00,NYK @ TOR,L,14.483333333333333,0,1,0.0,0,0,0.0,0,0,0.0,1,4,5,0,1,0,3,0,6,0,0,-9,14.0,0,0,11.0,1,17,17,17,52,58,62,58,1,1,1,37,49,37,47,25,38,29,8,35,14,1,59,54,61,48,52,12,1,52,1,14:29,1,2018-19
2018-19,1629011,Mitchell Robinson,Mitchell,1610612752,NYK,New York Knicks,0021801068,2019-03-20T00:00:00,NYK vs. UTA,L,29.816666666666666,6,10,0.6,0,0,0.0,2,5,0.4,4,8,12,1,0,1,3,0,5,4,14,-2,41.9,1,0,35.0,1,17,17,17,11,5,2,42,1,1,1,11,7,36,7,5,8,6,29,13,14,1,52,2,7,34,7,1,1,7,1,29:49,1,2018-19
2018-19,1629011,Mitchell Robinson,Mitchell,1610612752,NYK,New York Knicks,0021801082,2019-03-22T00:00:00,NYK vs. DEN,L,22.616666666666667,7,10,0.7,0,0,0.0,2,2,1.0,4,6,10,0,0,0,3,1,4,2,16,-6,37.0,1,0,32.0,1,17,17,17,24,2,2,32,1,1,1,11,18,1,7,11,10,29,29,35,14,46,39,18,3,43,12,1,1,10,1,22:37,1,2018-19
2018-19,1629011,Mitchell Robinson,Mitchell,1610612752,NYK,New York Knicks,0021801095,2019-03-24T00:00:00,NYK vs. LAC,L,13.816666666666666,0,0,0.0,0,0,0.0,2,2,1.0,1,6,7,2,0,2,2,0,2,1,2,8,25.4,0,0,19.0,1,17,17,17,54,58,66,58,1,1,1,11,18,1,47,11,23,4,29,7,31,1,11,37,53,5,30,12,1,35,1,13:49,1,2018-19
2018-19,1629011,Mitchell Robinson,Mitchell,1610612752,NYK,New York Knicks,0021801125,2019-03-28T00:00:00,NYK vs. TOR,L,30.983333333333334,8,12,0.667,0,0,0.0,3,6,0.5,9,12,21,0,0,1,2,0,3,4,19,-10,53.2,1,0,46.0,1,17,17,17,9,1,1,33,1,1,1,8,5,22,1,2,1,29,29,13,31,1,22,2,1,52,2,1,1,2,1,30:59,1,2018-19
2018-19,1629011,Mitchell Robinson,Mitchell,1610612752,NYK,New York Knicks,0021801141,2019-03-30T00:00:00,NYK vs. MIA,L,36.81666666666667,4,4,1.0,0,0,0.0,1,2,0.5,3,11,14,0,1,3,4,0,3,2,9,-10,45.8,0,0,37.0,1,17,17,17,2,18,30,1,1,1,1,24,18,22,24,3,3,29,8,1,6,1,22,18,23,52,5,12,1,6,1,36:49,1,2018-19
2018-19,1629011,Mitchell Robinson,Mitchell,1610612752,NYK,New York Knicks,0021801155,2019-04-01T00:00:00,NYK vs. CHI,W,33.03333333333333,4,4,1.0,0,0,0.0,6,8,0.75,3,7,10,4,1,0,3,0,3,4,14,2,40.0,1,0,34.0,1,1,1,1,6,18,30,1,1,1,1,1,1,16,24,9,10,1,8,35,14,1,22,2,7,21,9,1,1,8,1,33:02,1,2018-19
2018-19,1629011,Mitchell Robinson,Mitchell,1610612752,NYK,New York Knicks,0021801166,2019-04-03T00:00:00,NYK @ ORL,L,33.81666666666667,6,9,0.667,0,0,0.0,0,0,0.0,4,5,9,0,0,3,2,1,3,1,12,7,37.8,0,0,31.0,1,17,17,17,5,5,4,33,1,1,1,37,49,37,7,17,16,29,29,1,31,46,22,37,12,7,11,12,1,11,1,33:49,1,2018-19
2018-19,1629011,Mitchell Robinson,Mitchell,1610612752,NYK,New York Knicks,0021801184,2019-04-05T00:00:00,NYK @ HOU,L,27.883333333333333,5,6,0.833,0,0,0.0,2,4,0.5,4,5,9,1,1,1,3,0,5,3,12,-33,35.3,0,0,30.0,1,17,17,17,16,9,12,18,1,1,1,11,8,22,7,17,16,6,8,13,14,1,52,8,12,66,15,12,1,14,1,27:53,1,2018-19
2018-19,1629011,Mitchell Robinson,Mitchell,1610612752,NYK,New York Knicks,0021801204,2019-04-07T00:00:00,NYK vs. WAS,W,37.53333333333333,4,5,0.8,0,0,0.0,3,3,1.0,2,9,11,0,1,0,3,0,4,2,11,-5,32.2,1,0,28.0,1,1,1,1,1,18,19,22,1,1,1,8,15,1,35,4,9,29,8,35,14,1,39,18,16,40,18,1,1,16,1,37:32,1,2018-19
2018-19,1629011,Mitchell Robinson,Mitchell,1610612752,NYK,New York Knicks,0021801213,2019-04-09T00:00:00,NYK @ CHI,W,35.016666666666666,3,6,0.5,0,0,0.0,2,2,1.0,3,14,17,0,1,0,3,0,3,1,8,10,36.4,0,0,31.0,1,1,1,1,3,25,12,48,1,1,1,11,18,1,24,1,2,29,8,35,14,1,22,37,24,2,13,12,1,11,1,35:01,1,2018-19
2018-19,1629011,Mitchell Robinson,Mitchell,1610612752,NYK,New York Knicks,0021801223,2019-04-10T00:00:00,NYK vs. DET,L,22.5,5,6,0.833,0,0,0.0,1,2,0.5,1,1,2,0,0,1,0,0,4,3,11,-21,16.4,0,0,15.0,1,17,17,17,25,9,12,18,1,1,1,24,18,22,47,48,51,29,29,13,60,1,39,8,16,65,47,12,1,46,1,22:30,1,2018-19
2019-20,1629011,Mitchell Robinson,Mitchell,1610612752,NYK,New York Knicks,0021900019,2019-10-25T00:00:00,NYK @ BKN,L,16.583333333333332,3,4,0.75,0,0,0.0,0,0,0.0,2,5,7,1,3,4,1,0,5,1,6,-4,27.9,0,0,24.0,1,21,21,21,55,35,40,30,1,1,1,40,42,40,34,14,27,9,1,1,35,1,47,42,40,32,26,9,1,25,1,16:35,1,2019-20
2019-20,1629011,Mitchell Robinson,Mitchell,1610612752,NYK,New York Knicks,0021900029,2019-10-26T00:00:00,NYK vs. BOS,L,19.85,7,7,1.0,0,0,0.0,3,3,1.0,4,2,6,0,1,0,3,0,4,3,17,-9,32.2,0,0,29.0,1,21,21,21,42,5,14,1,1,1,1,8,22,1,15,43,35,27,7,35,8,1,37,11,5,48,17,9,1,14,1,19:51,1,2019-20
2019-20,1629011,Mitchell Robinson,Mitchell,1610612752,NYK,New York Knicks,0021900042,2019-10-28T00:00:00,NYK vs. CHI,W,18.341666666666665,4,9,0.444,0,0,0.0,2,4,0.5,6,3,9,0,0,0,2,0,4,2,10,-24,26.8,0,0,23.0,1,1,1,1,51,22,4,57,1,1,1,9,10,20,4,34,13,27,29,35,23,1,37,22,23,61,31,9,1,29,1,18:21,1,2019-20
2019-20,1629011,Mitchell Robinson,Mitchell,1610612752,NYK,New York Knicks,0021900056,2019-10-30T00:00:00,NYK @ ORL,L,19.466666666666665,4,6,0.667,0,0,0.0,4,4,1.0,2,3,5,2,0,0,3,2,1,2,12,-9,30.0,0,0,25.0,1,21,21,21,44,22,22,41,1,1,1,3,10,1,34,34,40,2,29,35,8,58,4,22,15,48,22,9,1,21,1,19:28,1,2019-20
2019-20,1629011,Mitchell Robinson,Mitchell,1610612752,NYK,New York Knicks,0021900072,2019-11-01T00:00:00,NYK @ BOS,L,16.265,3,5,0.6,0,0,0.0,0,1,0.0,2,4,6,0,1,0,2,2,3,3,6,-4,18.2,0,0,16.0,1,21,21,21,56,35,29,50,1,1,1,40,41,40,34,22,35,27,7,35,23,58,22,11,40,32,48,9,1,46,1,16:16,1,2019-20
2019-20,1629011,Mitchell Robinson,Mitchell,1610612752,NYK,New York Knicks,0021900087,2019-11-03T00:00:00,NYK vs. SAC,L,24.566666666666666,4,4,1.0,0,0,0.0,2,3,0.667,3,2,5,0,0,1,2,0,4,4,10,5,25.0,0,0,21.0,1,21,21,21,27,22,40,1,1,1,1,9,22,15,24,43,40,27,29,12,23,1,37,6,23,11,34,9,1,35,1,24:34,1,2019-20
2019-20,1629011,Mitchell Robinson,Mitchell,1610612752,NYK,New York Knicks,0021900103,2019-11-06T00:00:00,NYK @ DET,L,7.916666666666667,3,4,0.75,0,0,0.0,0,0,0.0,2,2,4,1,0,0,0,0,1,1,6,0,12.3,0,0,11.0,1,21,21,21,61,35,40,30,1,1,1,40,42,40,34,43,46,9,29,35,53,1,4,42,40,22,58,9,1,58,1,7:55,1,2019-20
2019-20,1629011,Mitchell Robinson,Mitchell,1610612752,NYK,New York Knicks,0021900162,2019-11-14T00:00:00,NYK vs. DAL,W,22.335,7,8,0.875,0,0,0.0,2,2,1.0,3,5,8,0,1,0,1,0,6,3,16,3,27.6,0,0,26.0,1,1,1,1,34,5,8,18,1,1,1,9,28,1,24,14,18,27,7,35,35,1,55,11,8,19,28,9,1,19,1,22:20,1,2019-20
2019-20,1629011,Mitchell Robinson,Mitchell,1610612752,NYK,New York Knicks,0021900177,2019-11-16T00:00:00,NYK vs. CHA,L,26.701666666666668,6,8,0.75,0,0,0.0,5,7,0.714,6,6,12,1,1,1,1,0,0,6,17,-3,37.9,1,0,34.0,1,21,21,21,18,10,8,30,1,1,1,1,2,14,4,10,6,9,7,12,35,1,1,1,5,29,9,1,1,6,1,26:42,1,2019-20
2019-20,1629011,Mitchell Robinson,Mitchell,1610612752,NYK,New York Knicks,0021900189,2019-11-18T00:00:00,NYK vs. CLE,W,16.705,3,7,0.429,0,0,0.0,1,2,0.5,4,4,8,0,1,0,4,0,5,2,7,-4,27.6,0,0,23.0,1,1,1,1,54,35,14,58,1,1,1,29,28,20,15,22,18,27,7,35,4,1,47,22,37,32,28,9,1,29,1,16:42,1,2019-20
2019-20,1629011,Mitchell Robinson,Mitchell,1610612752,NYK,New York Knicks,0021900202,2019-11-20T00:00:00,NYK @ PHI,L,13.236666666666666,2,2,1.0,0,0,0.0,0,0,0.0,0,2,2,0,0,0,3,0,4,0,4,-10,15.4,0,0,12.0,1,21,21,21,59,47,54,1,1,1,1,40,42,40,57,43,58,27,29,35,8,1,37,53,53,52,53,9,1,56,1,13:14,1,2019-20
2019-20,1629011,Mitchell Robinson,Mitchell,1610612752,NYK,New York Knicks,0021900229,2019-11-23T00:00:00,NYK vs. SAS,L,23.866666666666667,2,3,0.667,0,0,0.0,2,2,1.0,2,2,4,4,0,2,2,0,2,2,6,-6,28.8,0,0,22.0,1,21,21,21,31,47,48,41,1,1,1,9,28,1,34,43,46,1,29,7,23,1,13,22,40,40,23,9,1,31,1,23:52,1,2019-20
2019-20,1629011,Mitchell Robinson,Mitchell,1610612752,NYK,New York Knicks,0021900236,2019-11-24T00:00:00,NYK vs. BKN,L,19.016666666666666,2,2,1.0,0,0,0.0,2,4,0.5,2,1,3,0,3,0,3,0,6,2,6,-1,15.6,0,0,15.0,1,21,21,21,47,47,54,1,1,1,1,9,10,20,34,54,53,27,1,35,8,1,55,22,40,24,52,9,1,48,1,19:01,1,2019-20
2019-20,1629011,Mitchell Robinson,Mitchell,1610612752,NYK,New York Knicks,0021900258,2019-11-27T00:00:00,NYK @ TOR,L,30.666666666666668,2,3,0.667,0,0,0.0,4,5,0.8,1,7,8,0,2,1,1,0,2,5,8,-11,21.6,0,0,20.0,1,21,21,21,4,47,48,41,1,1,1,3,6,13,51,7,18,27,4,12,35,1,13,4,32,53,43,9,1,38,1,30:40,1,2019-20
2019-20,1629011,Mitchell Robinson,Mitchell,1610612752,NYK,New York Knicks,0021900271,2019-11-29T00:00:00,NYK vs. PHI,L,29.366666666666667,1,5,0.2,0,0,0.0,1,6,0.167,4,3,7,0,0,0,2,2,6,4,3,-1,17.4,0,0,14.0,1,21,21,21,9,59,29,60,1,1,1,29,5,39,15,34,27,27,29,35,23,58,55,6,59,24,50,9,1,51,1,29:22,1,2019-20
2019-20,1629011,Mitchell Robinson,Mitchell,1610612752,NYK,New York Knicks,0021900285,2019-12-01T00:00:00,NYK vs. BOS,L,19.51,2,2,1.0,0,0,0.0,2,2,1.0,1,4,5,0,2,0,0,0,6,1,6,-4,10.0,0,0,11.0,1,21,21,21,43,47,54,1,1,1,1,9,28,1,51,22,40,27,4,35,53,1,55,42,40,32,59,9,1,58,1,19:31,1,2019-20
2019-20,1629011,Mitchell Robinson,Mitchell,1610612752,NYK,New York Knicks,0021900297,2019-12-02T00:00:00,NYK @ MIL,L,23.473333333333333,2,5,0.4,0,0,0.0,0,4,0.0,6,8,14,1,0,1,3,0,5,3,4,-12,34.3,0,0,27.0,1,21,21,21,32,47,29,59,1,1,1,40,10,40,4,4,2,9,29,12,8,1,47,11,53,56,14,9,1,16,1,23:28,1,2019-20
2019-20,1629011,Mitchell Robinson,Mitchell,1610612752,NYK,New York Knicks,0021900317,2019-12-05T00:00:00,NYK vs. DEN,L,29.933333333333334,6,8,0.75,0,0,0.0,5,8,0.625,3,4,7,1,0,2,1,0,0,6,17,-21,35.9,0,0,31.0,1,21,21,21,6,10,8,30,1,1,1,1,1,18,24,22,27,9,29,7,35,1,1,1,5,60,12,9,1,11,1,29:56,1,2019-20
2019-20,1629011,Mitchell Robinson,Mitchell,1610612752,NYK,New York Knicks,0021900331,2019-12-07T00:00:00,NYK vs. IND,L,25.033333333333335,6,9,0.667,0,0,0.0,2,2,1.0,2,5,7,1,1,2,3,1,1,2,14,-8,37.9,0,0,32.0,1,21,21,21,24,10,4,41,1,1,1,9,28,1,34,14,27,9,7,7,8,46,4,22,11,46,9,9,1,10,1,25:02,1,2019-20
2019-20,1629011,Mitchell Robinson,Mitchell,1610612752,NYK,New York Knicks,0021900355,2019-12-10T00:00:00,NYK @ POR,L,27.316666666666666,5,8,0.625,0,0,0.0,4,7,0.571,4,1,5,0,1,0,1,1,3,4,14,-6,22.0,0,0,21.0,1,21,21,21,17,15,8,48,1,1,1,3,2,19,15,54,40,27,7,35,35,46,22,6,11,40,41,9,1,35,1,27:19,1,2019-20
2019-20,1629011,Mitchell Robinson,Mitchell,1610612752,NYK,New York Knicks,0021900366,2019-12-11T00:00:00,NYK @ GSW,W,29.885,4,7,0.571,0,0,0.0,1,2,0.5,5,4,9,1,0,0,3,0,3,2,9,-4,30.3,0,0,25.0,1,1,1,1,7,22,14,52,1,1,1,29,28,20,8,22,13,9,29,35,8,1,22,22,29,32,20,9,1,21,1,29:53,1,2019-20
2019-20,1629011,Mitchell Robinson,Mitchell,1610612752,NYK,New York Knicks,0021900378,2019-12-13T00:00:00,NYK @ SAC,W,25.25,7,9,0.778,0,0,0.0,0,0,0.0,5,4,9,0,0,1,0,1,2,2,14,5,27.8,0,0,25.0,1,1,1,1,23,5,4,29,1,1,1,40,42,40,8,22,13,27,29,12,53,46,13,22,11,11,27,9,1,21,1,25:15,1,2019-20
2019-20,1629011,Mitchell Robinson,Mitchell,1610612752,NYK,New York Knicks,0021900392,2019-12-15T00:00:00,NYK @ DEN,L,24.57,4,5,0.8,0,0,0.0,0,0,0.0,3,4,7,0,1,1,1,0,4,0,8,-16,21.4,0,0,19.0,1,21,21,21,26,22,29,23,1,1,1,40,42,40,24,22,27,27,7,12,35,1,37,53,32,58,44,9,1,42,1,24:34,1,2019-20
2019-20,1629011,Mitchell Robinson,Mitchell,1610612752,NYK,New York Knicks,0021900403,2019-12-17T00:00:00,NYK vs. ATL,W,29.233333333333334,9,13,0.692,0,0,0.0,4,4,1.0,6,7,13,0,1,1,2,2,4,2,22,25,45.6,1,0,41.0,1,1,1,1,10,3,2,39,1,1,1,3,10,1,4,7,3,27,7,12,23,58,37,22,2,1,3,1,1,1,1,29:14,1,2019-20
2019-20,1629011,Mitchell Robinson,Mitchell,1610612752,NYK,New York Knicks,0021900424,2019-12-20T00:00:00,NYK @ MIA,L,28.0,8,9,0.889,0,0,0.0,2,2,1.0,3,1,4,1,0,1,1,0,6,3,18,-4,30.3,0,0,27.0,1,21,21,21,13,4,4,17,1,1,1,9,28,1,24,54,46,9,29,12,35,1,55,11,4,32,20,9,1,16,1,28:00,1,2019-20
2019-20,1629011,Mitchell Robinson,Mitchell,1610612752,NYK,New York Knicks,0021900434,2019-12-21T00:00:00,NYK vs. MIL,L,22.166666666666668,2,4,0.5,0,0,0.0,2,3,0.667,0,1,1,0,0,3,1,1,6,2,6,-2,19.2,0,0,15.0,1,21,21,21,37,47,40,54,1,1,1,9,22,15,57,54,61,27,29,2,35,46,55,22,40,27,47,9,1,48,1,22:10,1,2019-20
2019-20,1629011,Mitchell Robinson,Mitchell,1610612752,NYK,New York Knicks,0021900447,2019-12-23T00:00:00,NYK vs. WAS,L,22.886666666666667,3,6,0.5,0,0,0.0,0,0,0.0,4,9,13,0,0,0,6,1,5,1,6,6,39.6,0,0,31.0,1,21,21,21,33,35,22,54,1,1,1,40,42,40,15,2,3,27,29,35,1,46,47,42,40,10,7,9,1,11,1,22:53,1,2019-20
2019-20,1629011,Mitchell Robinson,Mitchell,1610612752,NYK,New York Knicks,0021900461,2019-12-26T00:00:00,NYK @ BKN,W,28.333333333333332,4,6,0.667,0,0,0.0,2,5,0.4,5,5,10,1,0,1,2,1,2,3,10,12,32.5,1,0,27.0,1,1,1,1,12,22,22,41,1,1,1,9,6,30,8,14,10,9,29,12,23,46,13,11,23,3,16,1,1,16,1,28:20,1,2019-20
2019-20,1629011,Mitchell Robinson,Mitchell,1610612752,NYK,New York Knicks,0021900476,2019-12-28T00:00:00,NYK @ WAS,W,12.95,4,5,0.8,0,0,0.0,1,4,0.25,3,6,9,0,0,1,2,0,4,3,9,12,28.8,0,0,24.0,1,1,1,1,60,22,29,23,1,1,1,29,10,36,24,10,13,27,29,12,23,1,37,11,29,3,23,9,1,25,1,12:57,1,2019-20
2019-20,1629011,Mitchell Robinson,Mitchell,1610612752,NYK,New York Knicks,0021900505,2020-01-01T00:00:00,NYK vs. POR,W,27.416666666666668,11,11,1.0,0,0,0.0,0,0,0.0,4,4,8,0,0,1,1,0,1,0,22,22,37.6,0,0,34.0,1,1,1,1,15,1,3,1,1,1,1,40,42,40,15,22,18,27,29,12,35,1,4,53,2,2,11,9,1,6,1,27:25,1,2019-20
2019-20,1629011,Mitchell Robinson,Mitchell,1610612752,NYK,New York Knicks,0021900521,2020-01-03T00:00:00,NYK @ PHX,L,21.266666666666666,4,7,0.571,0,0,0.0,1,2,0.5,2,5,7,0,1,0,3,1,3,2,9,-6,25.4,0,0,22.0,1,21,21,21,41,22,14,52,1,1,1,29,28,20,34,14,27,27,7,35,8,46,22,22,29,40,32,9,1,31,1,21:16,1,2019-20
2019-20,1629011,Mitchell Robinson,Mitchell,1610612752,NYK,New York Knicks,0021900534,2020-01-05T00:00:00,NYK @ LAC,L,21.883333333333333,4,5,0.8,0,0,0.0,0,0,0.0,0,2,2,1,0,1,1,1,3,0,8,-3,17.9,0,0,15.0,1,21,21,21,40,22,29,23,1,1,1,40,42,40,57,43,58,9,29,12,35,46,22,53,32,29,49,9,1,48,1,21:53,1,2019-20
2019-20,1629011,Mitchell Robinson,Mitchell,1610612752,NYK,New York Knicks,0021900553,2020-01-07T00:00:00,NYK @ LAL,L,25.516666666666666,3,3,1.0,0,0,0.0,2,2,1.0,1,5,6,0,1,3,0,0,3,2,8,-19,23.2,0,0,20.0,1,21,21,21,22,35,48,1,1,1,1,9,28,1,51,14,35,27,7,2,53,1,22,22,32,59,38,9,1,38,1,25:31,1,2019-20
2019-20,1629011,Mitchell Robinson,Mitchell,1610612752,NYK,New York Knicks,0021900561,2020-01-08T00:00:00,NYK @ UTA,L,22.233333333333334,3,4,0.75,0,0,0.0,0,0,0.0,1,3,4,1,1,0,1,0,2,0,6,-7,14.3,0,0,13.0,1,21,21,21,36,35,40,30,1,1,1,40,42,40,51,34,46,9,7,35,35,1,13,53,40,45,55,9,1,53,1,22:14,1,2019-20
2019-20,1629011,Mitchell Robinson,Mitchell,1610612752,NYK,New York Knicks,0021900569,2020-01-10T00:00:00,NYK vs. NOP,L,22.316666666666666,6,7,0.857,0,0,0.0,0,0,0.0,3,1,4,1,1,1,0,0,3,0,12,-11,20.3,0,0,19.0,1,21,21,21,35,10,14,20,1,1,1,40,42,40,24,54,46,9,7,12,53,1,22,53,15,53,45,9,1,42,1,22:19,1,2019-20
2019-20,1629011,Mitchell Robinson,Mitchell,1610612752,NYK,New York Knicks,0021900584,2020-01-12T00:00:00,NYK vs. MIA,W,14.6,1,1,1.0,0,0,0.0,0,0,0.0,0,3,3,0,3,0,1,0,5,0,2,-6,5.6,0,0,7.0,1,1,1,1,58,59,60,1,1,1,1,40,42,40,57,34,53,27,1,35,35,1,47,53,60,40,61,9,1,61,1,14:36,1,2019-20
2019-20,1629011,Mitchell Robinson,Mitchell,1610612752,NYK,New York Knicks,0021900601,2020-01-14T00:00:00,NYK @ MIL,L,18.356666666666666,3,5,0.6,0,0,0.0,1,4,0.25,1,2,3,0,0,2,1,0,5,2,7,-4,19.6,0,0,16.0,1,21,21,21,50,35,29,50,1,1,1,29,10,36,51,43,53,27,29,7,35,1,47,22,37,32,46,9,1,46,1,18:21,1,2019-20
2019-20,1629011,Mitchell Robinson,Mitchell,1610612752,NYK,New York Knicks,0021900614,2020-01-16T00:00:00,NYK vs. PHX,L,30.116666666666667,5,7,0.714,0,0,0.0,2,3,0.667,4,4,8,0,1,3,2,0,2,3,12,-8,35.6,0,0,30.0,1,21,21,21,5,15,14,37,1,1,1,9,22,15,15,22,18,27,7,2,23,1,13,11,15,46,13,9,1,13,1,30:07,1,2019-20
2019-20,1629011,Mitchell Robinson,Mitchell,1610612752,NYK,New York Knicks,0021900630,2020-01-18T00:00:00,NYK vs. PHI,L,24.421666666666667,2,4,0.5,0,0,0.0,2,4,0.5,3,4,7,1,0,0,3,1,0,2,6,-3,24.9,0,0,20.0,1,21,21,21,28,47,40,54,1,1,1,9,10,20,24,22,27,9,29,35,8,46,1,22,40,29,35,9,1,38,1,24:25,1,2019-20
2019-20,1629011,Mitchell Robinson,Mitchell,1610612752,NYK,New York Knicks,0021900643,2020-01-20T00:00:00,NYK @ CLE,W,27.416666666666668,0,1,0.0,0,0,0.0,2,2,1.0,1,5,6,0,1,1,4,0,1,1,2,0,23.2,0,0,18.0,1,1,1,1,15,61,60,61,1,1,1,9,28,1,51,14,35,27,7,12,4,1,4,42,60,22,38,9,1,45,1,27:25,1,2019-20
2019-20,1629011,Mitchell Robinson,Mitchell,1610612752,NYK,New York Knicks,0021900659,2020-01-22T00:00:00,NYK vs. LAL,L,23.991666666666667,2,3,0.667,0,0,0.0,0,0,0.0,2,10,12,1,1,0,1,0,4,3,4,5,21.9,0,0,19.0,1,21,21,21,30,47,48,41,1,1,1,40,42,40,34,1,6,9,7,35,35,1,37,11,53,11,42,9,1,42,1,23:60,1,2019-20
2019-20,1629011,Mitchell Robinson,Mitchell,1610612752,NYK,New York Knicks,0021900672,2020-01-24T00:00:00,NYK vs. TOR,L,22.05,3,3,1.0,0,0,0.0,0,0,0.0,2,1,3,1,0,0,1,0,2,2,6,-12,14.1,0,0,12.0,1,21,21,21,39,35,48,1,1,1,1,40,42,40,34,54,53,9,29,35,35,1,13,22,40,56,56,9,1,56,1,22:03,1,2019-20
2019-20,1629011,Mitchell Robinson,Mitchell,1610612752,NYK,New York Knicks,0021900688,2020-01-26T00:00:00,NYK vs. BKN,W,17.116666666666667,6,6,1.0,0,0,0.0,0,0,0.0,2,3,5,1,1,0,2,0,6,1,12,12,24.5,0,0,22.0,1,1,1,1,53,10,22,1,1,1,1,40,42,40,34,34,40,9,7,35,23,1,55,42,15,3,36,9,1,31,1,17:07,1,2019-20
2019-20,1629011,Mitchell Robinson,Mitchell,1610612752,NYK,New York Knicks,0021900699,2020-01-28T00:00:00,NYK @ CHA,L,25.895,2,2,1.0,0,0,0.0,0,0,0.0,2,8,10,0,0,1,5,0,4,1,4,-9,34.0,0,0,26.0,1,21,21,21,20,47,54,1,1,1,1,40,42,40,34,4,10,27,29,12,2,1,37,42,53,48,15,9,1,19,1,25:54,1,2019-20
2019-20,1629011,Mitchell Robinson,Mitchell,1610612752,NYK,New York Knicks,0021900710,2020-01-29T00:00:00,NYK vs. MEM,L,30.8,4,6,0.667,0,0,0.0,2,5,0.4,5,4,9,2,0,3,4,0,1,4,10,2,44.8,0,0,35.0,1,21,21,21,3,22,22,41,1,1,1,9,6,30,8,22,13,2,29,2,4,1,4,6,23,21,5,9,1,5,1,30:48,1,2019-20
2019-20,1629011,Mitchell Robinson,Mitchell,1610612752,NYK,New York Knicks,0021900728,2020-02-01T00:00:00,NYK @ IND,W,19.335,2,2,1.0,0,0,0.0,0,0,0.0,2,5,7,2,0,0,0,0,2,1,4,-6,15.4,0,0,13.0,1,1,1,1,45,47,54,1,1,1,1,40,42,40,34,14,27,2,29,35,53,1,13,42,53,40,53,9,1,53,1,19:20,1,2019-20
2019-20,1629011,Mitchell Robinson,Mitchell,1610612752,NYK,New York Knicks,0021900742,2020-02-03T00:00:00,NYK @ CLE,W,14.7,2,2,1.0,0,0,0.0,0,0,0.0,0,2,2,1,1,1,0,0,3,0,4,9,9.9,0,0,9.0,1,1,1,1,57,47,54,1,1,1,1,40,42,40,57,43,58,9,7,12,53,1,22,53,53,8,60,9,1,60,1,14:42,1,2019-20
2019-20,1629011,Mitchell Robinson,Mitchell,1610612752,NYK,New York Knicks,0021900764,2020-02-06T00:00:00,NYK vs. ORL,W,18.5,3,4,0.75,0,0,0.0,0,0,0.0,3,1,4,0,0,1,1,0,3,0,6,-5,16.8,0,0,14.0,1,1,1,1,48,35,40,30,1,1,1,40,42,40,24,54,46,27,29,12,35,1,22,53,40,39,51,9,1,51,1,18:30,1,2019-20
2019-20,1629011,Mitchell Robinson,Mitchell,1610612752,NYK,New York Knicks,0021900779,2020-02-08T00:00:00,NYK @ DET,W,19.083333333333332,3,4,0.75,0,0,0.0,1,2,0.5,3,2,5,0,2,1,3,1,4,3,7,12,23.0,0,0,20.0,1,1,1,1,46,35,40,30,1,1,1,29,28,20,24,43,40,27,4,12,8,46,37,11,37,3,40,9,1,38,1,19:05,1,2019-20
2019-20,1629011,Mitchell Robinson,Mitchell,1610612752,NYK,New York Knicks,0021900787,2020-02-09T00:00:00,NYK @ ATL,L,35.166666666666664,7,8,0.875,0,0,0.0,1,3,0.333,7,4,11,0,0,3,3,0,3,2,15,5,46.2,1,0,38.0,1,21,21,21,1,5,8,18,1,1,1,29,22,33,1,22,8,27,29,2,8,1,22,22,10,11,2,1,1,3,1,35:10,1,2019-20
2019-20,1629011,Mitchell Robinson,Mitchell,1610612752,NYK,New York Knicks,0021900811,2020-02-12T00:00:00,NYK vs. WAS,L,18.383333333333333,5,6,0.833,0,0,0.0,1,4,0.25,5,3,8,1,0,0,1,0,5,2,11,-9,25.1,0,0,22.0,1,21,21,21,49,15,22,21,1,1,1,29,10,36,8,34,18,9,29,35,35,1,47,22,21,48,33,9,1,31,1,18:23,1,2019-20
2019-20,1629011,Mitchell Robinson,Mitchell,1610612752,NYK,New York Knicks,0021900828,2020-02-21T00:00:00,NYK vs. IND,L,17.183333333333334,4,5,0.8,0,0,0.0,0,0,0.0,2,6,8,0,1,0,4,1,5,1,8,4,28.6,0,0,24.0,1,21,21,21,52,22,29,23,1,1,1,40,42,40,34,10,18,27,7,35,4,46,47,42,32,18,25,9,1,25,1,17:11,1,2019-20
2019-20,1629011,Mitchell Robinson,Mitchell,1610612752,NYK,New York Knicks,0021900853,2020-02-24T00:00:00,NYK @ HOU,L,25.78,4,5,0.8,0,0,0.0,2,4,0.5,5,3,8,2,1,2,5,0,3,5,10,5,42.6,0,0,34.0,1,21,21,21,21,22,29,23,1,1,1,9,10,20,8,34,18,2,7,7,2,1,22,4,23,11,6,9,1,6,1,25:47,1,2019-20
2019-20,1629011,Mitchell Robinson,Mitchell,1610612752,NYK,New York Knicks,0021900864,2020-02-26T00:00:00,NYK @ CHA,L,29.883333333333333,5,7,0.714,0,0,0.0,2,5,0.4,7,9,16,2,1,1,3,0,1,6,12,9,45.2,1,0,38.0,1,21,21,21,8,15,14,37,1,1,1,9,6,30,1,2,1,2,7,12,8,1,4,1,15,8,4,1,1,3,1,29:53,1,2019-20
2019-20,1629011,Mitchell Robinson,Mitchell,1610612752,NYK,New York Knicks,0021900873,2020-02-27T00:00:00,NYK @ PHI,L,31.601666666666667,3,3,1.0,0,0,0.0,0,0,0.0,2,6,8,2,0,1,3,0,2,2,6,-1,30.6,0,0,24.0,1,21,21,21,2,35,48,1,1,1,1,40,42,40,34,10,18,2,29,12,8,1,13,22,40,24,19,9,1,25,1,31:36,1,2019-20
2019-20,1629011,Mitchell Robinson,Mitchell,1610612752,NYK,New York Knicks,0021900887,2020-02-29T00:00:00,NYK vs. CHI,W,28.95,11,16,0.688,0,0,0.0,1,3,0.333,7,3,10,2,0,1,2,0,3,3,23,-2,47.0,1,0,41.0,1,1,1,1,11,1,1,40,1,1,1,29,22,33,1,34,10,2,29,12,23,1,22,11,1,27,1,1,1,1,1,28:57,1,2019-20
2019-20,1629011,Mitchell Robinson,Mitchell,1610612752,NYK,New York Knicks,0021900903,2020-03-02T00:00:00,NYK vs. HOU,W,24.301666666666666,5,8,0.625,0,0,0.0,2,4,0.5,5,8,13,0,0,0,0,1,1,2,12,5,27.6,1,0,25.0,1,1,1,1,29,15,8,48,1,1,1,9,10,20,8,4,3,27,29,35,53,46,4,22,15,11,28,1,1,21,1,24:18,1,2019-20
2019-20,1629011,Mitchell Robinson,Mitchell,1610612752,NYK,New York Knicks,0021900932,2020-03-06T00:00:00,NYK vs. OKC,L,22.166666666666668,5,5,1.0,0,0,0.0,1,2,0.5,2,2,4,0,1,0,3,0,3,1,11,-11,23.8,0,0,21.0,1,21,21,21,37,15,29,1,1,1,1,29,28,20,34,43,46,27,7,35,8,1,22,42,21,53,37,9,1,35,1,22:10,1,2019-20
2019-20,1629011,Mitchell Robinson,Mitchell,1610612752,NYK,New York Knicks,0021900955,2020-03-08T00:00:00,NYK vs. DET,W,27.466666666666665,5,6,0.833,0,0,0.0,4,4,1.0,4,7,11,0,0,1,3,0,1,2,14,12,39.2,1,0,33.0,1,1,1,1,14,15,22,21,1,1,1,3,10,1,15,7,8,27,29,12,8,1,4,22,11,3,8,1,1,9,1,27:28,1,2019-20
2019-20,1629011,Mitchell Robinson,Mitchell,1610612752,NYK,New York Knicks,0021900961,2020-03-10T00:00:00,NYK @ WAS,L,24.836666666666666,4,5,0.8,0,0,0.0,2,2,1.0,2,1,3,0,0,0,0,0,3,1,10,3,13.6,0,0,13.0,1,21,21,21,25,22,29,23,1,1,1,9,28,1,34,54,53,27,29,35,53,1,22,42,23,19,57,9,1,53,1,24:50,1,2019-20
2019-20,1629011,Mitchell Robinson,Mitchell,1610612752,NYK,New York Knicks,0021900969,2020-03-11T00:00:00,NYK @ ATL,W,26.161666666666665,7,7,1.0,0,0,0.0,2,7,0.286,4,2,6,0,0,1,2,0,3,4,16,5,32.2,0,0,28.0,1,1,1,1,19,5,14,1,1,1,1,9,2,35,15,43,35,27,29,12,23,1,22,6,8,11,17,9,1,15,1,26:10,1,2019-20
2020-21,1629011,Mitchell Robinson,Mitchell,1610612752,NYK,New York Knicks,0022000011,2020-12-23T00:00:00,NYK @ IND,L,21.166666666666668,1,2,0.5,0,0,0.0,1,2,0.5,2,4,6,0,0,0,3,1,3,2,3,-17,19.2,0,0,15.0,1,16,16,16,27,29,29,23,1,1,1,9,6,8,22,13,23,14,19,20,1,22,13,6,29,28,25,6,1,27,1,21:10,1,2020-21
2020-21,1629011,Mitchell Robinson,Mitchell,1610612752,NYK,New York Knicks,0022000025,2020-12-26T00:00:00,NYK vs. PHI,L,24.983333333333334,5,8,0.625,0,0,0.0,1,2,0.5,5,4,9,0,0,1,2,0,3,1,11,-19,30.8,0,0,26.0,1,16,16,16,23,5,6,18,1,1,1,9,6,8,6,13,11,14,19,13,6,1,13,16,6,29,9,6,1,9,1,24:59,1,2020-21
2020-21,1629011,Mitchell Robinson,Mitchell,1610612752,NYK,New York Knicks,0022000036,2020-12-27T00:00:00,NYK vs. MIL,W,34.666666666666664,4,6,0.667,0,0,0.0,1,1,1.0,0,6,6,1,1,2,1,0,2,1,9,16,25.7,0,0,22.0,1,1,1,1,2,10,10,13,1,1,1,9,21,1,30,6,23,5,6,4,16,1,6,16,10,2,14,6,1,14,1,34:40,1,2020-21
2020-21,1629011,Mitchell Robinson,Mitchell,1610612752,NYK,New York Knicks,0022000046,2020-12-29T00:00:00,NYK @ CLE,W,31.566666666666666,4,9,0.444,0,0,0.0,1,2,0.5,4,6,10,0,1,1,2,2,4,1,9,8,29.0,0,0,25.0,1,1,1,1,9,10,3,27,1,1,1,9,6,8,11,6,7,14,6,13,6,29,24,16,10,10,10,6,1,10,1,31:34,1,2020-21
2020-21,1629011,Mitchell Robinson,Mitchell,1610612752,NYK,New York Knicks,0022000066,2020-12-31T00:00:00,NYK @ TOR,L,25.205,2,4,0.5,0,0,0.0,0,0,0.0,2,5,7,0,1,2,0,0,4,2,4,0,17.4,0,0,15.0,1,16,16,16,22,22,23,23,1,1,1,19,23,19,22,8,17,14,6,4,26,1,24,6,27,16,28,6,1,27,1,25:12,1,2020-21
2020-21,1629011,Mitchell Robinson,Mitchell,1610612752,NYK,New York Knicks,0022000080,2021-01-02T00:00:00,NYK @ IND,W,29.143333333333334,8,10,0.8,0,0,0.0,0,0,0.0,6,3,9,1,0,0,2,0,3,0,16,10,34.3,0,0,30.0,1,1,1,1,13,1,2,5,1,1,1,19,23,19,4,21,11,5,19,20,6,1,13,29,2,6,5,6,1,5,1,29:09,1,2020-21
2020-21,1629011,Mitchell Robinson,Mitchell,1610612752,NYK,New York Knicks,0022000095,2021-01-04T00:00:00,NYK @ ATL,W,28.293333333333333,4,7,0.571,0,0,0.0,0,0,0.0,4,3,7,0,1,4,2,0,3,0,8,-5,33.4,0,0,27.0,1,1,1,1,16,10,8,20,1,1,1,19,23,19,11,21,17,14,6,1,6,1,13,29,15,20,6,6,1,8,1,28:18,1,2020-21
2020-21,1629011,Mitchell Robinson,Mitchell,1610612752,NYK,New York Knicks,0022000112,2021-01-06T00:00:00,NYK vs. UTA,W,41.44166666666667,4,6,0.667,0,0,0.0,1,2,0.5,4,10,14,2,3,2,3,1,2,1,9,12,40.8,0,0,35.0,1,1,1,1,1,10,10,13,1,1,1,9,6,8,11,1,1,1,2,4,1,22,6,16,10,5,1,6,1,2,1,41:27,1,2020-21
2020-21,1629011,Mitchell Robinson,Mitchell,1610612752,NYK,New York Knicks,0022000125,2021-01-08T00:00:00,NYK vs. OKC,L,26.716666666666665,3,4,0.75,0,0,0.0,0,2,0.0,3,2,5,1,1,2,3,0,3,1,6,6,27.5,0,0,22.0,1,16,16,16,20,18,23,8,1,1,1,19,6,19,18,27,28,5,6,4,1,1,13,16,20,11,11,6,1,14,1,26:43,1,2020-21
2020-21,1629011,Mitchell Robinson,Mitchell,1610612752,NYK,New York Knicks,0022000144,2021-01-10T00:00:00,NYK vs. DEN,L,34.38333333333333,5,5,1.0,0,0,0.0,1,2,0.5,2,3,5,0,0,1,1,0,0,3,11,-7,23.0,0,0,20.0,1,16,16,16,4,5,15,1,1,1,1,9,6,8,22,21,28,14,19,13,16,1,1,3,6,22,20,6,1,16,1,34:23,1,2020-21
2020-21,1629011,Mitchell Robinson,Mitchell,1610612752,NYK,New York Knicks,0022000149,2021-01-11T00:00:00,NYK @ CHA,L,33.05,5,5,1.0,0,0,0.0,2,4,0.5,7,4,11,0,1,2,2,0,1,2,12,-27,36.2,1,0,31.0,1,16,16,16,7,5,15,1,1,1,1,1,2,8,2,13,5,14,6,4,6,1,2,6,4,31,4,1,1,4,1,33:03,1,2020-21
2020-21,1629011,Mitchell Robinson,Mitchell,1610612752,NYK,New York Knicks,0022000168,2021-01-13T00:00:00,NYK vs. BKN,L,33.18333333333333,5,9,0.556,0,0,0.0,0,0,0.0,8,4,12,2,1,0,2,1,2,1,10,5,32.4,1,0,28.0,1,16,16,16,6,5,3,22,1,1,1,19,23,19,1,13,3,1,6,20,6,22,6,16,8,14,8,1,1,7,1,33:11,1,2020-21
2020-21,1629011,Mitchell Robinson,Mitchell,1610612752,NYK,New York Knicks,0022000181,2021-01-15T00:00:00,NYK @ CLE,L,28.016666666666666,2,5,0.4,0,0,0.0,1,2,0.5,2,4,6,0,0,3,1,0,4,2,5,-19,24.2,0,0,19.0,1,16,16,16,18,22,15,28,1,1,1,9,6,8,22,13,23,14,19,2,16,1,24,6,26,29,17,6,1,19,1,28:01,1,2020-21
2020-21,1629011,Mitchell Robinson,Mitchell,1610612752,NYK,New York Knicks,0022000196,2021-01-17T00:00:00,NYK @ BOS,W,24.211666666666666,4,5,0.8,0,0,0.0,0,0,0.0,4,3,7,0,1,0,2,0,4,1,8,28,21.4,0,0,19.0,1,1,1,1,24,10,15,5,1,1,1,19,23,19,11,21,17,14,6,20,6,1,24,16,15,1,24,6,1,19,1,24:13,1,2020-21
2020-21,1629011,Mitchell Robinson,Mitchell,1610612752,NYK,New York Knicks,0022000203,2021-01-18T00:00:00,NYK vs. ORL,W,34.45,2,5,0.4,0,0,0.0,2,6,0.333,5,5,10,0,0,1,1,2,3,3,6,13,24.0,0,0,20.0,1,1,1,1,3,22,15,28,1,1,1,1,1,17,6,8,7,14,19,13,16,29,13,3,20,4,19,6,1,16,1,34:27,1,2020-21
2020-21,1629011,Mitchell Robinson,Mitchell,1610612752,NYK,New York Knicks,0022000228,2021-01-21T00:00:00,NYK @ GSW,W,27.388333333333332,8,11,0.727,0,0,0.0,2,2,1.0,4,4,8,1,0,1,2,1,4,2,18,9,38.1,0,0,33.0,1,1,1,1,19,1,1,12,1,1,1,1,6,1,11,13,14,5,19,13,6,22,24,6,1,7,3,6,1,3,1,27:23,1,2020-21
2020-21,1629011,Mitchell Robinson,Mitchell,1610612752,NYK,New York Knicks,0022000241,2021-01-22T00:00:00,NYK @ SAC,L,28.7,6,8,0.75,0,0,0.0,0,1,0.0,5,5,10,0,2,0,1,1,1,2,12,-13,25.0,1,0,24.0,1,16,16,16,15,4,6,8,1,1,1,19,21,19,6,8,7,14,3,20,16,22,2,6,4,24,15,1,1,12,1,28:42,1,2020-21
2020-21,1629011,Mitchell Robinson,Mitchell,1610612752,NYK,New York Knicks,0022000256,2021-01-24T00:00:00,NYK @ POR,L,25.633333333333333,4,7,0.571,0,0,0.0,0,0,0.0,5,4,9,0,0,0,0,2,3,1,8,0,18.8,0,0,17.0,1,16,16,16,21,10,8,20,1,1,1,19,23,19,6,13,11,14,19,20,26,29,13,16,15,16,27,6,1,25,1,25:38,1,2020-21
2020-21,1629011,Mitchell Robinson,Mitchell,1610612752,NYK,New York Knicks,0022000270,2021-01-26T00:00:00,NYK @ UTA,L,30.683333333333334,3,4,0.75,0,0,0.0,1,4,0.25,1,7,8,1,0,0,2,0,2,2,7,-15,24.1,0,0,20.0,1,16,16,16,11,18,23,8,1,1,1,9,2,18,28,5,14,5,19,20,6,1,6,6,19,27,18,6,1,16,1,30:41,1,2020-21
2020-21,1629011,Mitchell Robinson,Mitchell,1610612752,NYK,New York Knicks,0022000291,2021-01-29T00:00:00,NYK vs. CLE,W,22.258333333333333,2,3,0.667,0,0,0.0,2,2,1.0,2,2,4,1,2,1,3,0,5,1,6,-6,22.3,0,0,19.0,1,1,1,1,25,22,28,13,1,1,1,1,6,1,22,27,30,5,3,13,1,1,29,16,20,21,22,6,1,19,1,22:16,1,2020-21
2020-21,1629011,Mitchell Robinson,Mitchell,1610612752,NYK,New York Knicks,0022000308,2021-01-31T00:00:00,NYK vs. LAC,L,29.65,4,6,0.667,0,0,0.0,1,2,0.5,3,3,6,0,0,0,1,0,2,1,9,-3,19.2,0,0,17.0,1,16,16,16,12,10,10,13,1,1,1,9,6,8,18,21,23,14,19,20,16,1,6,16,10,18,25,6,1,25,1,29:39,1,2020-21
2020-21,1629011,Mitchell Robinson,Mitchell,1610612752,NYK,New York Knicks,0022000315,2021-02-01T00:00:00,NYK @ CHI,L,20.366666666666667,4,6,0.667,0,0,0.0,1,2,0.5,6,2,8,0,0,0,1,0,3,1,9,2,21.6,0,0,19.0,1,16,16,16,28,10,10,13,1,1,1,9,6,8,4,27,14,14,19,20,16,1,13,16,10,15,23,6,1,19,1,20:22,1,2020-21
2020-21,1629011,Mitchell Robinson,Mitchell,1610612752,NYK,New York Knicks,0022000332,2021-02-03T00:00:00,NYK @ CHI,W,28.123333333333335,3,5,0.6,0,0,0.0,2,2,1.0,3,8,11,0,1,2,0,0,3,2,8,9,26.2,0,0,23.0,1,1,1,1,17,18,15,19,1,1,1,1,6,1,18,4,5,14,6,4,26,1,13,6,15,7,13,6,1,13,1,28:07,1,2020-21
2020-21,1629011,Mitchell Robinson,Mitchell,1610612752,NYK,New York Knicks,0022000351,2021-02-06T00:00:00,NYK vs. POR,W,33.76,3,4,0.75,0,0,0.0,0,0,0.0,0,10,10,1,4,2,2,0,3,2,6,6,27.5,0,0,25.0,1,1,1,1,5,18,23,8,1,1,1,19,23,19,30,1,7,5,1,4,6,1,13,6,20,11,11,6,1,10,1,33:46,1,2020-21
2020-21,1629011,Mitchell Robinson,Mitchell,1610612752,NYK,New York Knicks,0022000364,2021-02-07T00:00:00,NYK vs. MIA,L,31.901666666666667,2,4,0.5,0,0,0.0,2,2,1.0,3,4,7,0,0,0,1,0,5,1,6,-10,17.4,0,0,15.0,1,16,16,16,8,22,23,23,1,1,1,1,6,1,18,13,17,14,19,20,16,1,29,16,20,23,28,6,1,27,1,31:54,1,2020-21
2020-21,1629011,Mitchell Robinson,Mitchell,1610612752,NYK,New York Knicks,0022000376,2021-02-09T00:00:00,NYK @ MIA,L,28.913333333333334,1,2,0.5,0,0,0.0,0,0,0.0,2,5,7,2,1,3,1,0,5,2,2,-14,24.4,0,0,19.0,1,16,16,16,14,29,29,23,1,1,1,19,23,19,22,8,17,1,6,2,16,1,29,6,30,25,16,6,1,19,1,28:55,1,2020-21
2020-21,1629011,Mitchell Robinson,Mitchell,1610612752,NYK,New York Knicks,0022000396,2021-02-12T00:00:00,NYK @ WAS,W,19.8,5,6,0.833,0,0,0.0,0,4,0.0,5,9,14,1,1,2,0,0,1,3,10,16,33.3,1,0,29.0,1,1,1,1,29,5,10,4,1,1,1,19,2,19,6,3,1,5,6,4,26,1,2,3,8,2,7,1,1,6,1,19:48,1,2020-21
2020-21,1629011,Mitchell Robinson,Mitchell,1610612752,NYK,New York Knicks,0022000650,2021-03-21T00:00:00,NYK vs. PHI,L,16.661666666666665,2,5,0.4,0,0,0.0,0,2,0.0,4,2,6,1,0,0,0,0,2,1,4,-3,12.7,0,0,11.0,1,16,16,16,30,22,15,28,1,1,1,19,6,19,11,27,23,5,19,20,26,1,6,16,27,18,30,6,1,30,1,16:40,1,2020-21
2020-21,1629011,Mitchell Robinson,Mitchell,1610612752,NYK,New York Knicks,0022000662,2021-03-23T00:00:00,NYK vs. WAS,W,30.7,7,9,0.778,0,0,0.0,2,2,1.0,7,5,12,2,2,0,3,1,3,4,16,9,40.4,1,0,36.0,1,1,1,1,10,3,3,7,1,1,1,1,6,1,2,8,3,1,3,20,1,22,13,1,2,7,2,1,1,1,1,30:42,1,2020-21
2020-21,1629011,Mitchell Robinson,Mitchell,1610612752,NYK,New York Knicks,0022000679,2021-03-25T00:00:00,NYK vs. WAS,W,21.266666666666666,2,5,0.4,0,0,0.0,2,3,0.667,4,3,7,0,1,2,1,1,2,4,6,-14,22.4,0,0,19.0,1,1,1,1,26,22,15,28,1,1,1,1,5,7,11,21,17,14,6,4,16,22,6,1,20,25,21,6,1,19,1,21:16,1,2020-21
2020-21,1629011,Mitchell Robinson,Mitchell,1610612752,NYK,New York Knicks,0022000695,2021-03-27T00:00:00,NYK @ MIL,W,6.233333333333333,1,1,1.0,0,0,0.0,0,0,0.0,1,0,1,0,1,1,0,0,1,0,2,6,5.2,0,0,5.0,1,1,1,1,31,29,31,1,1,1,1,19,23,19,28,31,31,14,6,13,26,1,2,29,30,11,31,6,1,31,1,6:14,1,2020-21
2021-22,1629011,Mitchell Robinson,Mitchell,1610612752,NYK,New York Knicks,0022100005,2021-10-20T00:00:00,NYK vs. BOS,W,34.46666666666667,5,5,1.0,0,0,0.0,1,4,0.25,5,12,17,3,1,0,2,0,2,2,11,3,40.9,1,0,35.0,1,1,1,1,6,15,24,1,1,1,1,26,12,44,20,1,3,2,14,36,26,1,21,24,17,25,11,1,1,10,1,34:28,1,2021-22
2021-22,1629011,Mitchell Robinson,Mitchell,1610612752,NYK,New York Knicks,0022100018,2021-10-22T00:00:00,NYK @ ORL,W,28.216666666666665,3,5,0.6,0,0,0.0,0,0,0.0,4,5,9,0,1,0,0,1,5,1,6,4,15.8,0,0,15.0,1,1,1,1,29,35,24,53,1,1,1,48,58,48,29,25,29,27,14,36,52,48,63,45,50,22,59,21,1,55,1,28:13,1,2021-22
2021-22,1629011,Mitchell Robinson,Mitchell,1610612752,NYK,New York Knicks,0022100036,2021-10-24T00:00:00,NYK vs. ORL,L,33.35333333333333,4,5,0.8,0,0,0.0,2,5,0.4,4,6,10,1,1,2,3,1,6,3,10,4,37.5,1,0,31.0,1,33,33,33,9,20,24,31,1,1,1,13,10,40,29,16,24,9,14,7,13,48,69,10,23,22,16,1,1,17,1,33:21,1,2021-22
2021-22,1629011,Mitchell Robinson,Mitchell,1610612752,NYK,New York Knicks,0022100050,2021-10-26T00:00:00,NYK vs. PHI,W,28.983333333333334,3,3,1.0,0,0,0.0,1,2,0.5,3,3,6,1,1,1,0,0,5,1,7,0,17.7,0,0,16.0,1,1,1,1,24,35,48,1,1,1,1,26,28,19,43,45,47,9,14,16,52,1,63,45,40,32,54,21,1,51,1,28:59,1,2021-22
2021-22,1629011,Mitchell Robinson,Mitchell,1610612752,NYK,New York Knicks,0022100067,2021-10-28T00:00:00,NYK @ CHI,W,28.75,4,4,1.0,0,0,0.0,1,2,0.5,2,4,6,0,1,0,2,0,3,2,9,-4,21.2,0,0,19.0,1,1,1,1,25,20,37,1,1,1,1,26,28,19,49,34,47,27,14,36,26,1,33,24,27,41,43,21,1,38,1,28:45,1,2021-22
2021-22,1629011,Mitchell Robinson,Mitchell,1610612752,NYK,New York Knicks,0022100080,2021-10-30T00:00:00,NYK @ NOP,W,27.1,3,3,1.0,0,0,0.0,2,2,1.0,1,4,5,0,1,0,0,0,3,2,8,2,13.0,0,0,13.0,1,1,1,1,34,35,48,1,1,1,1,13,28,1,62,34,60,27,14,36,52,1,33,24,33,26,66,21,1,62,1,27:06,1,2021-22
2021-22,1629011,Mitchell Robinson,Mitchell,1610612752,NYK,New York Knicks,0022100099,2021-11-01T00:00:00,NYK vs. TOR,L,27.65,2,4,0.5,0,0,0.0,2,2,1.0,5,7,12,3,1,0,1,0,1,1,6,-10,26.9,0,0,23.0,1,33,33,33,31,52,37,56,1,1,1,13,28,1,20,12,12,2,14,36,36,1,5,45,50,55,30,21,1,27,1,27:39,1,2021-22
2021-22,1629011,Mitchell Robinson,Mitchell,1610612752,NYK,New York Knicks,0022100109,2021-11-03T00:00:00,NYK @ IND,L,27.65,1,1,1.0,0,0,0.0,1,2,0.5,1,5,6,2,0,0,3,0,2,1,3,-15,22.2,0,0,17.0,1,33,33,33,31,59,67,1,1,1,1,26,28,19,62,25,47,4,44,36,13,1,21,45,63,66,36,21,1,45,1,27:39,1,2021-22
2021-22,1629011,Mitchell Robinson,Mitchell,1610612752,NYK,New York Knicks,0022100128,2021-11-05T00:00:00,NYK @ MIL,W,21.15,1,2,0.5,0,0,0.0,2,3,0.667,2,4,6,1,1,2,0,1,1,2,4,-1,17.7,0,0,15.0,1,1,1,1,57,59,59,56,1,1,1,13,22,16,49,34,47,9,14,7,52,48,5,24,55,35,54,21,1,55,1,21:09,1,2021-22
2021-22,1629011,Mitchell Robinson,Mitchell,1610612752,NYK,New York Knicks,0022100140,2021-11-07T00:00:00,NYK vs. CLE,L,16.933333333333334,3,3,1.0,0,0,0.0,2,2,1.0,4,3,7,1,0,0,5,0,2,1,8,-11,32.9,0,0,26.0,1,33,33,33,66,35,48,1,1,1,1,13,28,1,29,45,42,9,44,36,2,1,21,45,33,60,21,21,1,24,1,16:56,1,2021-22
2021-22,1629011,Mitchell Robinson,Mitchell,1610612752,NYK,New York Knicks,0022100161,2021-11-10T00:00:00,NYK vs. MIL,L,23.083333333333332,1,1,1.0,0,0,0.0,1,2,0.5,0,6,6,0,1,0,2,0,3,2,3,-15,15.2,0,0,13.0,1,33,33,33,48,59,67,1,1,1,1,26,28,19,68,16,47,27,14,36,26,1,33,24,63,66,61,21,1,62,1,23:05,1,2021-22
2021-22,1629011,Mitchell Robinson,Mitchell,1610612752,NYK,New York Knicks,0022100174,2021-11-12T00:00:00,NYK @ CHA,L,23.066666666666666,4,5,0.8,0,0,0.0,3,4,0.75,3,3,6,0,1,0,1,0,2,4,11,-9,20.2,0,0,19.0,1,33,33,33,49,20,24,31,1,1,1,3,12,13,43,45,47,27,14,36,36,1,21,6,17,54,47,21,1,38,1,23:04,1,2021-22
2021-22,1629011,Mitchell Robinson,Mitchell,1610612752,NYK,New York Knicks,0022100203,2021-11-15T00:00:00,NYK vs. IND,W,15.85,1,2,0.5,0,0,0.0,0,0,0.0,0,2,2,0,0,0,3,1,3,0,2,-14,13.4,0,0,10.0,1,1,1,1,69,59,59,56,1,1,1,48,58,48,68,54,67,27,44,36,13,48,33,63,66,63,65,21,1,68,1,15:51,1,2021-22
2021-22,1629011,Mitchell Robinson,Mitchell,1610612752,NYK,New York Knicks,0022100218,2021-11-17T00:00:00,NYK vs. ORL,L,30.583333333333332,5,6,0.833,0,0,0.0,3,5,0.6,8,3,11,0,0,0,1,1,2,3,13,8,29.2,1,0,26.0,1,33,33,33,14,15,18,29,1,1,1,3,10,17,5,45,16,27,44,36,36,48,21,10,13,14,26,1,1,24,1,30:35,1,2021-22
2021-22,1629011,Mitchell Robinson,Mitchell,1610612752,NYK,New York Knicks,0022100239,2021-11-20T00:00:00,NYK vs. HOU,W,17.985,3,4,0.75,0,0,0.0,0,0,0.0,1,4,5,0,0,1,2,0,3,1,6,5,21.0,0,0,17.0,1,1,1,1,65,35,37,39,1,1,1,48,58,48,62,34,60,27,44,16,26,1,33,45,50,21,44,21,1,45,1,17:59,1,2021-22
2021-22,1629011,Mitchell Robinson,Mitchell,1610612752,NYK,New York Knicks,0022100282,2021-11-26T00:00:00,NYK vs. PHX,L,21.15,3,4,0.75,0,0,0.0,1,3,0.333,5,3,8,0,0,1,0,0,0,3,7,-10,19.6,0,0,17.0,1,33,33,33,57,35,37,39,1,1,1,26,22,41,20,45,33,27,44,16,52,1,1,10,40,55,50,21,1,45,1,21:09,1,2021-22
2021-22,1629011,Mitchell Robinson,Mitchell,1610612752,NYK,New York Knicks,0022100293,2021-11-27T00:00:00,NYK @ ATL,W,26.666666666666668,1,2,0.5,0,0,0.0,0,0,0.0,4,7,11,1,0,0,1,0,4,0,2,-5,19.7,0,0,16.0,1,1,1,1,35,59,59,56,1,1,1,48,58,48,29,12,16,9,44,36,36,1,52,63,66,45,49,21,1,51,1,26:40,1,2021-22
2021-22,1629011,Mitchell Robinson,Mitchell,1610612752,NYK,New York Knicks,0022100314,2021-11-30T00:00:00,NYK @ BKN,L,25.116666666666667,4,5,0.8,0,0,0.0,0,0,0.0,2,5,7,1,0,0,1,1,4,0,8,-10,20.9,0,0,18.0,1,33,33,33,41,20,24,31,1,1,1,48,58,48,49,25,42,9,44,36,36,48,52,63,33,55,45,21,1,42,1,25:07,1,2021-22
2021-22,1629011,Mitchell Robinson,Mitchell,1610612752,NYK,New York Knicks,0022100328,2021-12-02T00:00:00,NYK vs. CHI,L,29.525,3,5,0.6,0,0,0.0,3,3,1.0,3,5,8,0,2,0,5,1,3,3,9,7,31.6,0,0,27.0,1,33,33,33,19,35,24,53,1,1,1,3,22,1,43,25,33,27,5,36,2,48,33,10,27,17,23,21,1,22,1,29:32,1,2021-22
2021-22,1629011,Mitchell Robinson,Mitchell,1610612752,NYK,New York Knicks,0022100342,2021-12-04T00:00:00,NYK vs. DEN,L,21.49,2,5,0.4,0,0,0.0,0,1,0.0,4,2,6,1,0,1,2,1,2,2,4,-4,21.7,0,0,17.0,1,33,33,33,55,52,24,67,1,1,1,48,50,48,29,54,47,9,44,16,26,48,21,24,55,41,38,21,1,45,1,21:29,1,2021-22
2021-22,1629011,Mitchell Robinson,Mitchell,1610612752,NYK,New York Knicks,0022100364,2021-12-07T00:00:00,NYK @ SAS,W,22.016666666666666,4,6,0.667,0,0,0.0,3,4,0.75,8,6,14,0,1,2,3,0,1,2,11,13,41.8,1,0,35.0,1,1,1,1,52,20,18,47,1,1,1,3,12,13,5,16,8,27,14,7,13,1,5,24,17,6,10,1,1,10,1,22:01,1,2021-22
2021-22,1629011,Mitchell Robinson,Mitchell,1610612752,NYK,New York Knicks,0022100369,2021-12-08T00:00:00,NYK @ IND,L,19.4,1,1,1.0,0,0,0.0,2,2,1.0,1,1,2,0,0,0,2,0,3,2,4,-6,12.4,0,0,10.0,1,33,33,33,62,59,67,1,1,1,1,13,28,1,62,62,67,27,44,36,26,1,33,24,55,46,67,21,1,68,1,19:24,1,2021-22
2021-22,1629011,Mitchell Robinson,Mitchell,1610612752,NYK,New York Knicks,0022100385,2021-12-10T00:00:00,NYK @ TOR,L,18.033333333333335,1,3,0.333,0,0,0.0,2,2,1.0,2,6,8,0,1,0,2,2,3,2,4,6,18.6,0,0,16.0,1,33,33,33,64,59,48,69,1,1,1,13,28,1,49,16,33,27,14,36,26,70,33,24,55,19,51,21,1,51,1,18:02,1,2021-22
2021-22,1629011,Mitchell Robinson,Mitchell,1610612752,NYK,New York Knicks,0022100398,2021-12-12T00:00:00,NYK vs. MIL,L,18.2,4,5,0.8,0,0,0.0,1,2,0.5,3,5,8,0,0,0,0,1,3,2,9,-14,18.6,0,0,17.0,1,33,33,33,63,20,24,31,1,1,1,26,28,19,43,25,33,27,44,36,52,48,33,24,27,63,51,21,1,45,1,18:12,1,2021-22
2021-22,1629011,Mitchell Robinson,Mitchell,1610612752,NYK,New York Knicks,0022100414,2021-12-14T00:00:00,NYK vs. GSW,L,14.15,1,2,0.5,0,0,0.0,0,0,0.0,0,2,2,0,0,0,1,0,0,0,2,-8,7.4,0,0,6.0,1,33,33,33,71,59,59,56,1,1,1,48,58,48,68,54,67,27,44,36,36,1,1,63,66,50,71,21,1,71,1,14:09,1,2021-22
2021-22,1629011,Mitchell Robinson,Mitchell,1610612752,NYK,New York Knicks,0022100431,2021-12-16T00:00:00,NYK @ HOU,W,30.433333333333334,8,8,1.0,0,0,0.0,1,1,1.0,6,3,9,0,0,1,3,0,4,3,17,21,39.8,0,0,34.0,1,1,1,1,15,2,7,1,1,1,1,26,50,1,14,45,29,27,44,16,13,1,52,10,3,4,12,21,1,13,1,30:26,1,2021-22
2021-22,1629011,Mitchell Robinson,Mitchell,1610612752,NYK,New York Knicks,0022100445,2021-12-18T00:00:00,NYK @ BOS,L,21.766666666666666,1,2,0.5,0,0,0.0,1,3,0.333,4,4,8,0,0,2,0,1,2,2,3,-10,18.6,0,0,15.0,1,33,33,33,53,59,59,56,1,1,1,26,22,41,29,34,33,27,44,7,52,48,21,24,63,55,51,21,1,55,1,21:46,1,2021-22
2021-22,1629011,Mitchell Robinson,Mitchell,1610612752,NYK,New York Knicks,0022100466,2021-12-21T00:00:00,NYK vs. DET,W,24.6,8,9,0.889,0,0,0.0,1,2,0.5,6,8,14,0,1,1,3,0,4,2,17,24,44.8,1,0,39.0,1,1,1,1,45,2,4,24,1,1,1,26,28,19,14,5,8,27,14,16,13,1,52,24,3,1,8,1,1,6,1,24:36,1,2021-22
2021-22,1629011,Mitchell Robinson,Mitchell,1610612752,NYK,New York Knicks,0022100480,2021-12-23T00:00:00,NYK vs. WAS,L,24.968333333333334,4,4,1.0,0,0,0.0,0,0,0.0,2,1,3,0,1,0,0,0,6,0,8,1,10.6,0,0,11.0,1,33,33,33,43,20,37,1,1,1,1,48,58,48,49,62,65,27,14,36,52,1,69,63,33,29,70,21,1,66,1,24:58,1,2021-22
2021-22,1629011,Mitchell Robinson,Mitchell,1610612752,NYK,New York Knicks,0022100488,2021-12-25T00:00:00,NYK vs. ATL,W,30.416666666666668,2,2,1.0,0,0,0.0,0,2,0.0,2,6,8,1,1,0,5,0,3,1,4,18,29.1,0,0,23.0,1,1,1,1,16,52,59,1,1,1,1,48,28,48,49,16,33,9,14,36,2,1,33,45,55,5,27,21,1,27,1,30:25,1,2021-22
2021-22,1629011,Mitchell Robinson,Mitchell,1610612752,NYK,New York Knicks,0022100512,2021-12-28T00:00:00,NYK @ MIN,W,32.028333333333336,7,8,0.875,0,0,0.0,0,2,0.0,6,12,18,0,1,2,1,1,2,3,14,2,43.6,1,0,38.0,1,1,1,1,10,7,7,26,1,1,1,48,28,48,14,1,2,27,14,7,36,48,21,10,9,26,9,1,1,7,1,32:02,1,2021-22
2021-22,1629011,Mitchell Robinson,Mitchell,1610612752,NYK,New York Knicks,0022100516,2021-12-29T00:00:00,NYK @ DET,W,20.033333333333335,3,7,0.429,0,0,0.0,1,3,0.333,6,1,7,1,3,0,0,0,1,2,7,-22,13.9,0,0,15.0,1,1,1,1,60,35,16,66,1,1,1,26,22,41,14,62,42,9,1,36,52,1,5,24,40,71,63,21,1,55,1,20:02,1,2021-22
2021-22,1629011,Mitchell Robinson,Mitchell,1610612752,NYK,New York Knicks,0022100536,2021-12-31T00:00:00,NYK @ OKC,L,24.716666666666665,4,5,0.8,0,0,0.0,1,2,0.5,2,10,12,0,1,0,1,0,1,1,9,-8,25.4,0,0,23.0,1,33,33,33,44,20,24,31,1,1,1,26,28,19,49,4,12,27,14,36,36,1,5,45,27,50,33,21,1,27,1,24:43,1,2021-22
2021-22,1629011,Mitchell Robinson,Mitchell,1610612752,NYK,New York Knicks,0022100564,2022-01-04T00:00:00,NYK vs. IND,W,25.383333333333333,4,5,0.8,0,0,0.0,0,0,0.0,4,4,8,0,0,0,0,0,3,0,8,9,17.6,0,0,16.0,1,1,1,1,40,20,24,31,1,1,1,48,58,48,29,34,33,27,44,36,52,1,33,63,33,10,56,21,1,51,1,25:23,1,2021-22
2021-22,1629011,Mitchell Robinson,Mitchell,1610612752,NYK,New York Knicks,0022100578,2022-01-06T00:00:00,NYK vs. BOS,W,27.208333333333332,3,3,1.0,0,0,0.0,1,1,1.0,3,1,4,0,2,2,0,0,3,1,7,-2,15.8,0,0,15.0,1,1,1,1,33,35,48,1,1,1,1,26,50,1,43,62,63,27,5,7,52,1,33,45,40,38,59,21,1,55,1,27:13,1,2021-22
2021-22,1629011,Mitchell Robinson,Mitchell,1610612752,NYK,New York Knicks,0022100595,2022-01-08T00:00:00,NYK @ BOS,L,28.266666666666666,5,5,1.0,0,0,0.0,1,4,0.25,6,2,8,0,2,0,1,0,1,2,11,-15,21.6,0,0,21.0,1,33,33,33,28,15,24,1,1,1,1,26,12,44,14,54,33,27,5,36,36,1,5,24,17,66,40,21,1,32,1,28:16,1,2021-22
2021-22,1629011,Mitchell Robinson,Mitchell,1610612752,NYK,New York Knicks,0022100610,2022-01-10T00:00:00,NYK vs. SAS,W,31.84,4,4,1.0,0,0,0.0,5,9,0.556,4,7,11,0,2,1,4,0,2,6,13,10,39.2,1,0,34.0,1,1,1,1,11,20,37,1,1,1,1,1,2,18,29,12,16,27,5,16,8,1,21,1,13,8,13,1,1,13,1,31:50,1,2021-22
2021-22,1629011,Mitchell Robinson,Mitchell,1610612752,NYK,New York Knicks,0022100622,2022-01-12T00:00:00,NYK vs. DAL,W,25.616666666666667,9,10,0.9,0,0,0.0,1,1,1.0,4,6,10,0,1,1,2,0,3,3,19,22,39.0,1,0,35.0,1,1,1,1,37,1,2,23,1,1,1,26,50,1,29,16,24,27,14,16,26,1,33,10,1,3,14,1,1,10,1,25:37,1,2021-22
2021-22,1629011,Mitchell Robinson,Mitchell,1610612752,NYK,New York Knicks,0022100643,2022-01-15T00:00:00,NYK @ ATL,W,31.133333333333333,6,8,0.75,0,0,0.0,2,4,0.5,5,8,13,0,1,1,0,1,1,2,14,9,31.6,1,0,29.0,1,1,1,1,12,9,7,39,1,1,1,13,12,19,20,5,10,27,14,16,52,48,5,24,9,10,23,1,1,18,1,31:08,1,2021-22
2021-22,1629011,Mitchell Robinson,Mitchell,1610612752,NYK,New York Knicks,0022100655,2022-01-17T00:00:00,NYK vs. CHA,L,25.5,4,6,0.667,0,0,0.0,2,4,0.5,3,3,6,0,1,1,1,1,1,2,10,-25,22.2,0,0,20.0,1,33,33,33,39,20,18,47,1,1,1,13,12,19,43,45,47,27,14,16,36,48,5,24,23,72,36,21,1,35,1,25:30,1,2021-22
2021-22,1629011,Mitchell Robinson,Mitchell,1610612752,NYK,New York Knicks,0022100666,2022-01-18T00:00:00,NYK vs. MIN,L,20.333333333333332,4,5,0.8,0,0,0.0,0,0,0.0,2,4,6,0,0,0,0,1,6,1,8,0,15.2,0,0,14.0,1,33,33,33,59,20,24,31,1,1,1,48,58,48,49,34,47,27,44,36,52,48,69,45,33,32,61,21,1,61,1,20:20,1,2021-22
2021-22,1629011,Mitchell Robinson,Mitchell,1610612752,NYK,New York Knicks,0022100681,2022-01-20T00:00:00,NYK vs. NOP,L,30.05,6,7,0.857,0,0,0.0,5,10,0.5,7,8,15,0,1,0,1,0,3,5,17,-1,37.0,1,0,34.0,1,33,33,33,17,9,16,28,1,1,1,1,1,19,12,5,6,27,14,36,36,1,33,2,3,35,17,1,1,13,1,30:03,1,2021-22
2021-22,1629011,Mitchell Robinson,Mitchell,1610612752,NYK,New York Knicks,0022100698,2022-01-23T00:00:00,NYK vs. LAC,W,16.116666666666667,3,6,0.5,0,0,0.0,2,4,0.5,4,4,8,2,0,0,0,1,1,3,8,6,20.6,0,0,18.0,1,1,1,1,68,35,18,56,1,1,1,13,12,19,29,34,33,4,44,36,52,48,5,10,33,19,46,21,1,42,1,16:07,1,2021-22
2021-22,1629011,Mitchell Robinson,Mitchell,1610612752,NYK,New York Knicks,0022100727,2022-01-26T00:00:00,NYK @ MIA,L,29.461666666666666,3,4,0.75,0,0,0.0,1,2,0.5,5,5,10,1,1,1,0,0,4,5,7,-18,22.5,0,0,20.0,1,33,33,33,21,35,37,39,1,1,1,26,28,19,20,25,24,9,14,16,52,1,52,2,40,70,35,21,1,35,1,29:28,1,2021-22
2021-22,1629011,Mitchell Robinson,Mitchell,1610612752,NYK,New York Knicks,0022100744,2022-01-28T00:00:00,NYK @ MIL,L,25.05,3,3,1.0,0,0,0.0,1,6,0.167,4,2,6,0,1,0,1,0,4,4,7,-2,16.2,0,0,15.0,1,33,33,33,42,35,48,1,1,1,1,26,3,46,29,54,47,27,14,36,36,1,52,6,40,38,58,21,1,55,1,25:03,1,2021-22
2021-22,1629011,Mitchell Robinson,Mitchell,1610612752,NYK,New York Knicks,0022100763,2022-01-31T00:00:00,NYK vs. SAC,W,21.583333333333332,3,3,1.0,0,0,0.0,3,6,0.5,5,8,13,1,1,1,2,0,3,5,9,13,34.1,0,0,29.0,1,1,1,1,54,35,48,1,1,1,1,3,3,19,20,5,10,9,14,16,26,1,33,2,27,6,19,21,1,18,1,21:35,1,2021-22
2021-22,1629011,Mitchell Robinson,Mitchell,1610612752,NYK,New York Knicks,0022100776,2022-02-02T00:00:00,NYK vs. MEM,L,29.9,7,8,0.875,0,0,0.0,0,1,0.0,7,4,11,1,3,0,8,0,1,1,14,1,49.7,1,0,42.0,1,33,33,33,18,7,7,26,1,1,1,48,50,48,12,34,16,9,1,36,1,1,5,45,9,29,5,1,1,5,1,29:54,1,2021-22
2021-22,1629011,Mitchell Robinson,Mitchell,1610612752,NYK,New York Knicks,0022100799,2022-02-05T00:00:00,NYK @ LAL,L,29.505,2,4,0.5,0,0,0.0,0,1,0.0,4,7,11,0,0,3,0,1,4,1,4,8,26.2,0,0,21.0,1,33,33,33,20,52,37,56,1,1,1,48,50,48,29,12,16,27,44,3,52,48,52,45,55,14,31,21,1,32,1,29:30,1,2021-22
2021-22,1629011,Mitchell Robinson,Mitchell,1610612752,NYK,New York Knicks,0022100814,2022-02-07T00:00:00,NYK @ UTA,L,36.18333333333333,8,11,0.727,0,0,0.0,3,6,0.5,10,11,21,1,0,2,3,0,1,3,19,7,60.7,1,0,51.0,1,33,33,33,3,2,1,46,1,1,1,3,3,19,1,3,1,9,44,7,13,1,5,10,1,17,1,1,1,1,1,36:11,1,2021-22
2021-22,1629011,Mitchell Robinson,Mitchell,1610612752,NYK,New York Knicks,0022100837,2022-02-10T00:00:00,NYK @ GSW,W,27.75,3,8,0.375,0,0,0.0,1,1,1.0,8,3,11,0,0,0,0,2,3,3,7,-1,20.2,0,0,18.0,1,1,1,1,30,35,7,68,1,1,1,26,50,1,5,45,16,27,44,36,52,70,33,10,40,35,47,21,1,42,1,27:45,1,2021-22
2021-22,1629011,Mitchell Robinson,Mitchell,1610612752,NYK,New York Knicks,0022100845,2022-02-12T00:00:00,NYK @ POR,L,14.425,1,1,1.0,0,0,0.0,0,0,0.0,0,0,0,0,0,0,3,0,3,2,2,-6,11.0,0,0,8.0,1,33,33,33,70,59,67,1,1,1,1,48,58,48,68,69,71,27,44,36,13,1,33,24,66,46,69,21,1,70,1,14:26,1,2021-22
2021-22,1629011,Mitchell Robinson,Mitchell,1610612752,NYK,New York Knicks,0022100860,2022-02-14T00:00:00,NYK vs. OKC,L,40.53333333333333,6,9,0.667,0,0,0.0,2,4,0.5,9,8,17,0,2,4,4,0,1,3,14,1,56.4,1,0,47.0,1,33,33,33,1,9,4,47,1,1,1,13,12,19,3,5,3,27,5,1,8,1,5,10,9,29,3,1,1,2,1,40:32,1,2021-22
2021-22,1629011,Mitchell Robinson,Mitchell,1610612752,NYK,New York Knicks,0022100877,2022-02-16T00:00:00,NYK vs. BKN,L,22.586666666666666,1,2,0.5,0,0,0.0,0,0,0.0,2,5,7,0,0,2,3,0,5,0,2,8,25.4,0,0,19.0,1,33,33,33,50,59,59,56,1,1,1,48,58,48,49,25,42,27,44,7,13,1,63,63,66,14,33,21,1,38,1,22:35,1,2021-22
2021-22,1629011,Mitchell Robinson,Mitchell,1610612752,NYK,New York Knicks,0022100900,2022-02-25T00:00:00,NYK vs. MIA,L,29.066666666666666,0,1,0.0,0,0,0.0,0,0,0.0,1,8,9,0,3,1,1,0,5,1,0,-8,13.8,0,0,13.0,1,33,33,33,23,71,67,71,1,1,1,48,58,48,62,5,29,27,1,16,36,1,63,45,71,50,64,21,1,62,1,29:04,1,2021-22
2021-22,1629011,Mitchell Robinson,Mitchell,1610612752,NYK,New York Knicks,0022100912,2022-02-27T00:00:00,NYK vs. PHI,L,16.583333333333332,3,3,1.0,0,0,0.0,0,1,0.0,2,2,4,1,1,0,0,0,6,1,6,-11,11.3,0,0,11.0,1,33,33,33,67,35,48,1,1,1,1,48,50,48,49,54,63,9,14,36,52,1,69,45,50,60,68,21,1,66,1,16:35,1,2021-22
2021-22,1629011,Mitchell Robinson,Mitchell,1610612752,NYK,New York Knicks,0022100934,2022-03-02T00:00:00,NYK @ PHI,L,21.35,5,6,0.833,0,0,0.0,0,2,0.0,2,5,7,0,0,0,1,0,4,1,10,-13,21.4,0,0,19.0,1,33,33,33,56,15,18,29,1,1,1,48,28,48,49,25,42,27,44,36,36,1,52,45,23,62,41,21,1,38,1,21:21,1,2021-22
2021-22,1629011,Mitchell Robinson,Mitchell,1610612752,NYK,New York Knicks,0022100953,2022-03-04T00:00:00,NYK @ PHX,L,36.86666666666667,8,8,1.0,0,0,0.0,1,2,0.5,9,6,15,1,1,4,3,0,3,2,17,-2,56.5,1,0,47.0,1,33,33,33,2,2,7,1,1,1,1,26,28,19,3,16,6,9,14,1,13,1,33,24,3,38,2,1,1,2,1,36:52,1,2021-22
2021-22,1629011,Mitchell Robinson,Mitchell,1610612752,NYK,New York Knicks,0022100966,2022-03-06T00:00:00,NYK @ LAC,W,25.85,6,8,0.75,0,0,0.0,0,6,0.0,8,3,11,0,1,1,2,1,0,4,12,0,33.2,1,0,29.0,1,1,1,1,36,9,7,39,1,1,1,48,3,48,5,45,16,27,14,16,26,48,1,6,15,32,20,1,1,18,1,25:51,1,2021-22
2021-22,1629011,Mitchell Robinson,Mitchell,1610612752,NYK,New York Knicks,0022100974,2022-03-07T00:00:00,NYK @ SAC,W,1.6666666666666667,0,0,0.0,0,0,0.0,0,0,0.0,0,0,0,0,0,0,0,0,2,0,0,-8,0.0,0,0,0.0,1,1,1,1,72,71,72,71,1,1,1,48,58,48,68,69,71,27,44,36,52,1,21,63,71,50,72,21,1,72,1,1:40,1,2021-22
2021-22,1629011,Mitchell Robinson,Mitchell,1610612752,NYK,New York Knicks,0022100988,2022-03-09T00:00:00,NYK @ DAL,W,23.766666666666666,4,4,1.0,0,0,0.0,3,4,0.75,5,6,11,0,1,2,3,0,1,3,11,9,38.2,1,0,32.0,1,1,1,1,47,20,37,1,1,1,1,3,12,13,20,16,16,27,14,7,13,1,5,10,17,10,15,1,1,16,1,23:46,1,2021-22
2021-22,1629011,Mitchell Robinson,Mitchell,1610612752,NYK,New York Knicks,0022101000,2022-03-11T00:00:00,NYK @ MEM,L,33.666666666666664,5,8,0.625,0,0,0.0,0,2,0.0,8,8,16,4,3,3,4,3,5,1,10,-4,53.2,1,0,44.0,1,33,33,33,8,15,7,52,1,1,1,48,28,48,5,5,5,1,1,3,8,72,63,45,23,41,4,1,1,4,1,33:40,1,2021-22
2021-22,1629011,Mitchell Robinson,Mitchell,1610612752,NYK,New York Knicks,0022101012,2022-03-13T00:00:00,NYK @ BKN,L,22.49,3,4,0.75,0,0,0.0,1,2,0.5,5,0,5,1,1,0,4,1,4,1,7,-17,25.5,0,0,21.0,1,33,33,33,51,35,37,39,1,1,1,26,28,19,20,69,60,9,14,36,8,48,52,45,40,69,32,21,1,32,1,22:29,1,2021-22
2021-22,1629011,Mitchell Robinson,Mitchell,1610612752,NYK,New York Knicks,0022101037,2022-03-16T00:00:00,NYK vs. POR,W,24.1,3,3,1.0,0,0,0.0,1,2,0.5,2,4,6,0,2,0,5,0,1,2,7,9,27.2,0,0,23.0,1,1,1,1,46,35,48,1,1,1,1,26,28,19,49,34,47,27,5,36,2,1,5,24,40,10,28,21,1,27,1,24:06,1,2021-22
2021-22,1629011,Mitchell Robinson,Mitchell,1610612752,NYK,New York Knicks,0022101050,2022-03-18T00:00:00,NYK vs. WAS,W,30.716666666666665,6,10,0.6,0,0,0.0,3,3,1.0,10,2,12,0,0,0,0,0,3,3,15,4,29.4,1,0,27.0,1,1,1,1,13,9,2,53,1,1,1,3,22,1,1,54,12,27,44,36,52,1,33,10,8,22,25,1,1,22,1,30:43,1,2021-22
2021-22,1629011,Mitchell Robinson,Mitchell,1610612752,NYK,New York Knicks,0022101067,2022-03-20T00:00:00,NYK vs. UTA,L,25.533333333333335,2,3,0.667,0,0,0.0,0,0,0.0,2,1,3,2,0,1,1,1,1,0,4,-6,16.6,0,0,13.0,1,33,33,33,38,52,48,47,1,1,1,48,58,48,49,62,65,4,44,16,36,48,5,63,55,46,57,21,1,62,1,25:32,1,2021-22
2021-22,1629011,Mitchell Robinson,Mitchell,1610612752,NYK,New York Knicks,0022101081,2022-03-22T00:00:00,NYK vs. ATL,L,34.53333333333333,4,6,0.667,0,0,0.0,1,6,0.167,5,1,6,0,2,3,4,0,4,3,9,-6,35.2,0,0,29.0,1,33,33,33,5,20,18,47,1,1,1,26,3,46,20,62,47,27,5,3,8,1,52,10,27,46,18,21,1,18,1,34:32,1,2021-22
2021-22,1629011,Mitchell Robinson,Mitchell,1610612752,NYK,New York Knicks,0022101103,2022-03-25T00:00:00,NYK @ MIA,W,19.483333333333334,4,5,0.8,0,0,0.0,3,6,0.5,6,0,6,1,1,1,0,1,1,5,11,-14,21.7,0,0,20.0,1,1,1,1,61,20,24,31,1,1,1,3,3,19,14,69,47,9,14,16,52,48,5,2,17,63,38,21,1,35,1,19:29,1,2021-22
2021-22,1629011,Mitchell Robinson,Mitchell,1610612752,NYK,New York Knicks,0022101115,2022-03-27T00:00:00,NYK @ DET,W,29.333333333333332,1,3,0.333,0,0,0.0,2,2,1.0,4,5,9,1,2,1,5,0,4,2,4,-4,32.3,0,0,26.0,1,1,1,1,22,59,48,69,1,1,1,13,28,1,29,25,29,9,5,16,2,1,52,24,55,41,22,21,1,24,1,29:20,1,2021-22
2021-22,1629011,Mitchell Robinson,Mitchell,1610612752,NYK,New York Knicks,0022101126,2022-03-28T00:00:00,NYK vs. CHI,W,34.555,8,9,0.889,0,0,0.0,0,2,0.0,8,4,12,2,0,1,3,0,5,1,16,10,45.4,1,0,38.0,1,1,1,1,4,2,4,24,1,1,1,48,28,48,5,34,12,4,44,16,13,1,63,45,7,8,7,1,1,7,1,34:33,1,2021-22
2021-22,1629011,Mitchell Robinson,Mitchell,1610612752,NYK,New York Knicks,0022101140,2022-03-30T00:00:00,NYK vs. CHA,L,33.733333333333334,2,4,0.5,0,0,0.0,2,4,0.5,8,2,10,2,0,1,1,1,0,2,6,2,27.0,0,0,22.0,1,33,33,33,7,52,37,56,1,1,1,13,12,19,5,54,24,4,44,16,36,48,1,24,50,26,29,21,1,31,1,33:44,1,2021-22
2021-22,1629011,Mitchell Robinson,Mitchell,1610612752,NYK,New York Knicks,0022101162,2022-04-02T00:00:00,NYK vs. CLE,L,28.55,2,2,1.0,0,0,0.0,3,6,0.5,1,1,2,0,0,1,3,0,2,4,7,-10,21.4,0,0,17.0,1,33,33,33,27,52,59,1,1,1,1,3,3,19,62,62,67,27,44,16,13,1,21,6,40,55,41,21,1,45,1,28:33,1,2021-22
2021-22,1629011,Mitchell Robinson,Mitchell,1610612752,NYK,New York Knicks,0022101171,2022-04-03T00:00:00,NYK @ ORL,W,28.561666666666667,6,8,0.75,0,0,0.0,0,0,0.0,4,6,10,0,2,3,5,1,2,0,12,24,46.0,1,0,38.0,1,1,1,1,26,9,7,39,1,1,1,48,58,48,29,16,24,27,5,3,2,48,21,63,15,1,6,1,1,7,1,28:34,1,2021-22
2022-23,1629011,Mitchell Robinson,Mitchell,1610612752,NYK,New York Knicks,0022200009,2022-10-19T00:00:00,NYK @ MEM,L,12.678333333333333,2,3,0.667,0,0,0.0,0,1,0.0,2,0,2,0,0,0,2,0,5,2,4,-7,12.4,0,0,10.0,1,36,36,36,57,35,41,31,1,1,1,32,38,32,47,58,56,35,29,35,17,1,49,14,40,45,54,14,1,51,1,12:41,1,2022-23
2022-23,1629011,Mitchell Robinson,Mitchell,1610612752,NYK,New York Knicks,0022200023,2022-10-21T00:00:00,NYK vs. DET,W,23.416666666666668,3,3,1.0,0,0,0.0,2,4,0.5,4,1,5,1,2,0,2,0,2,3,8,5,19.5,0,0,18.0,1,1,1,1,42,28,41,1,1,1,1,6,7,12,28,51,49,14,3,35,17,1,15,10,27,24,44,14,1,42,1,23:25,1,2022-23
2022-23,1629011,Mitchell Robinson,Mitchell,1610612752,NYK,New York Knicks,0022200046,2022-10-24T00:00:00,NYK vs. ORL,W,29.683333333333334,6,7,0.857,0,0,0.0,2,5,0.4,5,1,6,0,0,1,3,0,3,5,14,7,33.2,0,0,28.0,1,1,1,1,23,4,11,18,1,1,1,6,6,28,19,51,43,35,29,17,6,1,31,3,4,19,18,14,1,17,1,29:41,1,2022-23
2022-23,1629011,Mitchell Robinson,Mitchell,1610612752,NYK,New York Knicks,0022200058,2022-10-26T00:00:00,NYK vs. CHA,W,37.02166666666667,4,4,1.0,0,0,0.0,1,2,0.5,2,6,8,1,0,0,6,0,2,5,9,8,38.1,0,0,30.0,1,1,1,1,4,16,30,1,1,1,1,21,18,12,47,16,34,14,29,35,3,1,15,3,23,17,11,14,1,13,1,37:01,1,2022-23
2022-23,1629011,Mitchell Robinson,Mitchell,1610612752,NYK,New York Knicks,0022200075,2022-10-28T00:00:00,NYK @ MIL,L,20.4,2,5,0.4,0,0,0.0,1,2,0.5,5,4,9,1,0,0,2,1,5,2,5,-7,23.3,0,0,19.0,1,36,36,36,48,35,22,48,1,1,1,21,18,12,19,33,28,14,29,35,17,40,49,14,38,45,40,14,1,40,1,20:24,1,2022-23
2022-23,1629011,Mitchell Robinson,Mitchell,1610612752,NYK,New York Knicks,0022200090,2022-10-30T00:00:00,NYK @ CLE,L,20.766666666666666,2,6,0.333,0,0,0.0,0,0,0.0,6,1,7,2,2,1,0,1,5,1,4,-7,16.4,0,0,15.0,1,36,36,36,47,35,16,50,1,1,1,32,39,32,13,51,41,5,3,17,50,40,49,33,40,45,46,14,1,45,1,20:46,1,2022-23
2022-23,1629011,Mitchell Robinson,Mitchell,1610612752,NYK,New York Knicks,0022200110,2022-11-02T00:00:00,NYK vs. ATL,L,18.433333333333334,4,5,0.8,0,0,0.0,0,0,0.0,3,9,12,2,1,1,3,0,4,0,8,-15,36.4,0,0,30.0,1,36,36,36,53,16,22,22,1,1,1,32,39,32,37,4,15,5,12,17,6,1,43,52,27,56,14,14,1,13,1,18:26,1,2022-23
2022-23,1629011,Mitchell Robinson,Mitchell,1610612752,NYK,New York Knicks,0022200122,2022-11-04T00:00:00,NYK @ PHI,W,11.766666666666667,0,0,0.0,0,0,0.0,0,0,0.0,1,1,2,1,0,0,0,0,3,1,0,-2,3.9,0,0,3.0,1,1,1,1,58,56,58,56,1,1,1,32,39,32,55,51,56,14,29,35,50,1,31,33,56,39,59,14,1,59,1,11:46,1,2022-23
2022-23,1629011,Mitchell Robinson,Mitchell,1610612752,NYK,New York Knicks,0022200240,2022-11-20T00:00:00,NYK @ PHX,L,16.633333333333333,1,2,0.5,0,0,0.0,0,0,0.0,0,4,4,0,0,1,2,1,1,0,2,0,15.8,0,0,12.0,1,36,36,36,54,46,48,37,1,1,1,32,39,32,58,33,53,35,29,17,17,40,6,52,48,32,48,14,1,49,1,16:38,1,2022-23
2022-23,1629011,Mitchell Robinson,Mitchell,1610612752,NYK,New York Knicks,0022200254,2022-11-21T00:00:00,NYK @ OKC,W,13.166666666666666,1,1,1.0,0,0,0.0,1,2,0.5,0,2,2,1,0,1,0,0,2,2,3,5,9.9,0,0,8.0,1,1,1,1,56,46,53,1,1,1,1,21,18,12,58,47,56,14,29,17,50,1,15,14,46,24,58,14,1,58,1,13:10,1,2022-23
2022-23,1629011,Mitchell Robinson,Mitchell,1610612752,NYK,New York Knicks,0022200274,2022-11-25T00:00:00,NYK vs. POR,L,23.081666666666667,6,7,0.857,0,0,0.0,0,2,0.0,5,3,8,0,1,0,2,0,6,2,12,7,26.6,0,0,24.0,1,36,36,36,43,4,11,18,1,1,1,32,18,32,19,40,34,35,12,35,17,1,56,14,9,19,34,14,1,29,1,23:05,1,2022-23
2022-23,1629011,Mitchell Robinson,Mitchell,1610612752,NYK,New York Knicks,0022200296,2022-11-27T00:00:00,NYK vs. MEM,L,31.553333333333335,6,7,0.857,0,0,0.0,4,7,0.571,4,3,7,0,0,0,5,0,4,6,16,2,39.4,0,0,33.0,1,36,36,36,18,4,11,18,1,1,1,1,2,11,28,40,41,35,29,35,4,1,43,2,2,29,9,14,1,8,1,31:33,1,2022-23
2022-23,1629011,Mitchell Robinson,Mitchell,1610612752,NYK,New York Knicks,0022200309,2022-11-29T00:00:00,NYK @ DET,W,26.233333333333334,3,6,0.5,0,0,0.0,0,0,0.0,5,8,13,2,2,2,1,1,1,2,6,31,31.6,0,0,27.0,1,1,1,1,34,28,16,37,1,1,1,32,39,32,19,9,10,5,3,5,31,40,6,14,33,1,22,14,1,19,1,26:14,1,2022-23
2022-23,1629011,Mitchell Robinson,Mitchell,1610612752,NYK,New York Knicks,0022200316,2022-11-30T00:00:00,NYK vs. MIL,L,33.07666666666667,7,9,0.778,0,0,0.0,1,2,0.5,11,9,20,1,0,0,1,0,2,1,15,4,43.5,1,0,38.0,1,36,36,36,13,2,3,26,1,1,1,21,18,12,2,4,1,14,29,35,31,1,15,33,3,27,5,1,1,4,1,33:05,1,2022-23
2022-23,1629011,Mitchell Robinson,Mitchell,1610612752,NYK,New York Knicks,0022200337,2022-12-03T00:00:00,NYK vs. DAL,L,22.616666666666667,1,2,0.5,0,0,0.0,0,2,0.0,2,4,6,0,1,0,1,1,2,1,2,-15,11.2,0,0,10.0,1,36,36,36,44,46,48,37,1,1,1,32,18,32,47,33,43,35,12,35,31,40,15,33,48,56,55,14,1,51,1,22:37,1,2022-23
2022-23,1629011,Mitchell Robinson,Mitchell,1610612752,NYK,New York Knicks,0022200348,2022-12-04T00:00:00,NYK vs. CLE,W,33.56333333333333,2,2,1.0,0,0,0.0,1,2,0.5,3,8,11,0,1,3,1,0,3,2,5,-7,29.2,0,0,24.0,1,1,1,1,11,35,48,1,1,1,1,21,18,12,37,9,20,35,12,2,31,1,31,14,38,45,26,14,1,29,1,33:34,1,2022-23
2022-23,1629011,Mitchell Robinson,Mitchell,1610612752,NYK,New York Knicks,0022200365,2022-12-07T00:00:00,NYK vs. ATL,W,25.89666666666667,4,4,1.0,0,0,0.0,0,0,0.0,9,1,10,2,0,0,0,0,0,1,8,17,23.0,0,0,20.0,1,1,1,1,36,16,30,1,1,1,1,32,39,32,3,51,23,5,29,35,50,1,1,33,27,9,41,14,1,37,1,25:54,1,2022-23
2022-23,1629011,Mitchell Robinson,Mitchell,1610612752,NYK,New York Knicks,0022200377,2022-12-09T00:00:00,NYK @ CHA,W,29.95,3,7,0.429,0,0,0.0,0,0,0.0,7,6,13,0,0,1,3,0,2,1,6,6,33.6,0,0,27.0,1,1,1,1,22,28,11,47,1,1,1,32,39,32,7,16,10,35,29,17,6,1,15,33,33,23,16,14,1,19,1,29:57,1,2022-23
2022-23,1629011,Mitchell Robinson,Mitchell,1610612752,NYK,New York Knicks,0022200397,2022-12-11T00:00:00,NYK vs. SAC,W,19.4,5,5,1.0,0,0,0.0,2,2,1.0,4,5,9,0,2,0,2,0,6,2,12,-3,26.8,0,0,25.0,1,1,1,1,51,9,22,1,1,1,1,6,18,1,28,26,28,35,3,35,17,1,56,14,9,40,33,14,1,27,1,19:24,1,2022-23
2022-23,1629011,Mitchell Robinson,Mitchell,1610612752,NYK,New York Knicks,0022200418,2022-12-14T00:00:00,NYK @ CHI,W,35.666666666666664,4,8,0.5,0,0,0.0,0,0,0.0,6,4,10,1,0,0,2,1,2,0,8,7,27.5,0,0,23.0,1,1,1,1,7,16,5,37,1,1,1,32,39,32,13,33,23,14,29,35,17,40,15,52,27,19,32,14,1,33,1,35:40,1,2022-23
2022-23,1629011,Mitchell Robinson,Mitchell,1610612752,NYK,New York Knicks,0022200434,2022-12-16T00:00:00,NYK @ CHI,W,27.816666666666666,2,3,0.667,0,0,0.0,2,2,1.0,4,5,9,2,1,2,1,0,2,2,6,25,27.8,0,0,23.0,1,1,1,1,32,35,41,31,1,1,1,6,18,1,28,26,28,5,12,5,31,1,15,14,33,4,29,14,1,33,1,27:49,1,2022-23
2022-23,1629011,Mitchell Robinson,Mitchell,1610612752,NYK,New York Knicks,0022200446,2022-12-18T00:00:00,NYK @ IND,W,31.84,4,5,0.8,0,0,0.0,2,4,0.5,5,8,13,1,1,1,4,1,3,3,10,5,41.1,1,0,34.0,1,1,1,1,15,16,22,22,1,1,1,6,7,12,19,9,10,14,12,17,5,40,31,10,13,24,7,1,1,6,1,31:50,1,2022-23
2022-23,1629011,Mitchell Robinson,Mitchell,1610612752,NYK,New York Knicks,0022200463,2022-12-20T00:00:00,NYK vs. GSW,W,28.981666666666666,3,3,1.0,0,0,0.0,3,4,0.75,5,6,11,1,1,3,0,0,1,2,9,19,31.7,0,0,27.0,1,1,1,1,24,28,41,1,1,1,1,4,7,8,19,16,20,14,12,2,50,1,6,14,23,6,21,14,1,19,1,28:59,1,2022-23
2022-23,1629011,Mitchell Robinson,Mitchell,1610612752,NYK,New York Knicks,0022200471,2022-12-21T00:00:00,NYK vs. TOR,L,25.15,4,4,1.0,0,0,0.0,2,2,1.0,2,1,3,1,0,0,3,0,2,1,10,9,24.1,0,0,20.0,1,36,36,36,38,16,30,1,1,1,1,6,18,1,47,51,55,14,29,35,6,1,15,33,13,15,38,14,1,37,1,25:09,1,2022-23
2022-23,1629011,Mitchell Robinson,Mitchell,1610612752,NYK,New York Knicks,0022200485,2022-12-23T00:00:00,NYK vs. CHI,L,28.85,1,3,0.333,0,0,0.0,0,0,0.0,3,3,6,1,0,0,0,1,3,1,2,-9,10.7,0,0,9.0,1,36,36,36,25,46,41,50,1,1,1,32,39,32,37,40,43,14,29,35,50,40,31,33,48,52,56,14,1,56,1,28:51,1,2022-23
2022-23,1629011,Mitchell Robinson,Mitchell,1610612752,NYK,New York Knicks,0022200493,2022-12-25T00:00:00,NYK vs. PHI,L,30.833333333333332,4,5,0.8,0,0,0.0,2,2,1.0,7,9,16,4,1,1,3,0,3,2,10,8,46.2,1,0,38.0,1,36,36,36,19,16,22,22,1,1,1,6,18,1,7,4,4,1,12,17,6,1,31,14,13,17,4,1,1,4,1,30:50,1,2022-23
2022-23,1629011,Mitchell Robinson,Mitchell,1610612752,NYK,New York Knicks,0022200512,2022-12-27T00:00:00,NYK @ DAL,L,36.125,8,9,0.889,0,0,0.0,4,8,0.5,7,9,16,1,0,2,0,0,3,7,20,-3,46.7,1,0,41.0,1,36,36,36,6,1,3,16,1,1,1,1,1,12,7,4,4,14,29,5,50,1,31,1,1,40,3,1,1,3,1,36:08,1,2022-23
2022-23,1629011,Mitchell Robinson,Mitchell,1610612752,NYK,New York Knicks,0022200527,2022-12-29T00:00:00,NYK @ SAS,L,27.878333333333334,0,2,0.0,0,0,0.0,0,0,0.0,3,3,6,2,0,0,1,0,3,2,0,9,13.2,0,0,10.0,1,36,36,36,30,56,48,56,1,1,1,32,39,32,37,40,43,5,29,35,31,1,31,14,56,15,51,14,1,51,1,27:53,1,2022-23
2022-23,1629011,Mitchell Robinson,Mitchell,1610612752,NYK,New York Knicks,0022200541,2022-12-31T00:00:00,NYK @ HOU,W,33.166666666666664,2,4,0.5,0,0,0.0,2,4,0.5,6,6,12,1,0,3,3,1,5,2,6,24,39.9,0,0,31.0,1,1,1,1,12,35,30,37,1,1,1,6,7,12,13,16,15,14,29,2,6,40,49,14,33,5,8,14,1,11,1,33:10,1,2022-23
2022-23,1629011,Mitchell Robinson,Mitchell,1610612752,NYK,New York Knicks,0022200550,2023-01-02T00:00:00,NYK vs. PHX,W,34.81666666666667,5,7,0.714,0,0,0.0,0,0,0.0,4,6,10,2,0,0,1,0,1,2,10,27,28.0,1,0,24.0,1,1,1,1,8,9,11,30,1,1,1,32,39,32,28,16,23,5,29,35,31,1,6,14,13,2,28,1,1,29,1,34:49,1,2022-23
2022-23,1629011,Mitchell Robinson,Mitchell,1610612752,NYK,New York Knicks,0022200568,2023-01-04T00:00:00,NYK vs. SAS,W,13.483333333333333,2,3,0.667,0,0,0.0,0,0,0.0,1,4,5,0,0,0,0,0,5,0,4,-1,10.0,0,0,9.0,1,1,1,1,55,35,41,31,1,1,1,32,39,32,55,33,49,35,29,35,50,1,49,52,40,34,57,14,1,56,1,13:29,1,2022-23
2022-23,1629011,Mitchell Robinson,Mitchell,1610612752,NYK,New York Knicks,0022200582,2023-01-06T00:00:00,NYK @ TOR,W,34.8,4,8,0.5,0,0,0.0,2,4,0.5,8,10,18,0,0,0,2,2,6,4,10,-1,37.6,1,0,32.0,1,1,1,1,9,16,5,37,1,1,1,6,7,12,5,2,3,35,29,35,17,56,56,6,13,34,12,1,1,10,1,34:48,1,2022-23
2022-23,1629011,Mitchell Robinson,Mitchell,1610612752,NYK,New York Knicks,0022200607,2023-01-09T00:00:00,NYK vs. MIL,L,37.48166666666667,1,4,0.25,0,0,0.0,0,0,0.0,3,5,8,3,1,2,1,2,3,0,2,-1,24.1,0,0,19.0,1,36,36,36,3,46,30,54,1,1,1,32,39,32,37,26,34,3,12,5,31,56,31,52,48,34,38,14,1,40,1,37:29,1,2022-23
2022-23,1629011,Mitchell Robinson,Mitchell,1610612752,NYK,New York Knicks,0022200622,2023-01-11T00:00:00,NYK vs. IND,W,37.516666666666666,3,4,0.75,0,0,0.0,4,6,0.667,5,4,9,1,0,5,2,0,2,5,10,3,43.3,0,0,34.0,1,1,1,1,2,28,30,27,1,1,1,1,4,9,19,33,28,14,29,1,17,1,15,3,13,28,6,14,1,6,1,37:31,1,2022-23
2022-23,1629011,Mitchell Robinson,Mitchell,1610612752,NYK,New York Knicks,0022200634,2023-01-13T00:00:00,NYK @ WAS,W,28.408333333333335,2,4,0.5,0,0,0.0,0,2,0.0,5,5,10,0,0,0,3,2,6,1,4,-7,25.0,0,0,20.0,1,1,1,1,26,35,30,37,1,1,1,32,18,32,19,26,23,35,29,35,6,56,56,33,40,45,37,14,1,37,1,28:25,1,2022-23
2022-23,1629011,Mitchell Robinson,Mitchell,1610612752,NYK,New York Knicks,0022200648,2023-01-15T00:00:00,NYK @ DET,W,34.115,2,6,0.333,0,0,0.0,0,0,0.0,6,6,12,0,0,2,3,1,1,1,4,14,33.4,0,0,26.0,1,1,1,1,10,35,16,50,1,1,1,32,39,32,13,16,15,35,29,5,6,40,6,33,40,11,17,14,1,23,1,34:07,1,2022-23
2022-23,1629011,Mitchell Robinson,Mitchell,1610612752,NYK,New York Knicks,0022200659,2023-01-16T00:00:00,NYK vs. TOR,L,36.69166666666667,5,8,0.625,0,0,0.0,1,2,0.5,5,3,8,2,1,0,1,1,2,1,11,-7,25.6,0,0,23.0,1,36,36,36,5,9,5,35,1,1,1,21,18,12,19,40,34,5,12,35,31,40,15,33,11,45,36,14,1,33,1,36:42,1,2022-23
2022-23,1629011,Mitchell Robinson,Mitchell,1610612752,NYK,New York Knicks,0022200669,2023-01-18T00:00:00,NYK vs. WAS,L,9.066666666666666,0,0,0.0,0,0,0.0,0,4,0.0,2,0,2,0,0,2,2,0,0,2,0,-12,14.4,0,0,10.0,1,36,36,36,59,56,58,56,1,1,1,32,7,32,47,58,56,35,29,5,17,1,1,14,56,55,50,14,1,51,1,9:04,1,2022-23
2022-23,1629011,Mitchell Robinson,Mitchell,1610612752,NYK,New York Knicks,0022200895,2023-02-24T00:00:00,NYK @ WAS,W,27.888333333333332,5,6,0.833,0,0,0.0,0,0,0.0,4,8,12,0,0,1,1,0,4,1,10,13,30.4,1,0,26.0,1,1,1,1,29,9,16,21,1,1,1,32,39,32,28,9,15,35,29,17,31,1,43,33,13,12,23,1,1,23,1,27:53,1,2022-23
2022-23,1629011,Mitchell Robinson,Mitchell,1610612752,NYK,New York Knicks,0022200906,2023-02-25T00:00:00,NYK vs. NOP,W,28.05,5,5,1.0,0,0,0.0,1,2,0.5,3,10,13,0,2,0,1,0,4,3,11,19,27.6,1,0,26.0,1,1,1,1,27,9,22,1,1,1,1,21,18,12,37,2,10,35,3,35,31,1,43,10,11,6,30,1,1,23,1,28:03,1,2022-23
2022-23,1629011,Mitchell Robinson,Mitchell,1610612752,NYK,New York Knicks,0022200921,2023-02-27T00:00:00,NYK vs. BOS,W,31.683333333333334,5,5,1.0,0,0,0.0,0,4,0.0,2,11,13,0,1,2,2,0,1,2,10,7,36.6,1,0,31.0,1,1,1,1,16,9,22,1,1,1,1,32,7,32,47,1,10,35,12,5,17,1,6,14,13,19,13,1,1,11,1,31:41,1,2022-23
2022-23,1629011,Mitchell Robinson,Mitchell,1610612752,NYK,New York Knicks,0022200937,2023-03-01T00:00:00,NYK vs. BKN,W,25.616666666666667,6,6,1.0,0,0,0.0,1,3,0.333,3,7,10,1,0,1,1,0,2,4,13,12,32.5,1,0,28.0,1,1,1,1,37,4,16,1,1,1,1,21,16,29,37,13,23,14,29,17,31,1,15,6,7,13,19,1,1,17,1,25:37,1,2022-23
2022-23,1629011,Mitchell Robinson,Mitchell,1610612752,NYK,New York Knicks,0022200949,2023-03-03T00:00:00,NYK @ MIA,W,32.61833333333333,1,1,1.0,0,0,0.0,0,0,0.0,2,3,5,0,1,2,1,0,4,0,2,-23,16.0,0,0,13.0,1,1,1,1,14,46,53,1,1,1,1,32,39,32,47,40,49,35,12,5,31,1,43,52,48,59,47,14,1,47,1,32:37,1,2022-23
2022-23,1629011,Mitchell Robinson,Mitchell,1610612752,NYK,New York Knicks,0022200969,2023-03-05T00:00:00,NYK @ BOS,W,43.958333333333336,5,8,0.625,0,0,0.0,3,6,0.5,7,7,14,0,3,1,0,1,3,4,13,-1,29.8,1,0,29.0,1,1,1,1,1,9,5,35,1,1,1,4,4,12,7,13,7,35,1,17,50,40,31,6,7,34,25,1,1,15,1,43:58,1,2022-23
2022-23,1629011,Mitchell Robinson,Mitchell,1610612752,NYK,New York Knicks,0022200979,2023-03-07T00:00:00,NYK vs. CHA,L,31.68166666666667,7,8,0.875,0,0,0.0,0,0,0.0,3,5,8,0,2,1,1,0,3,1,14,-8,27.6,0,0,26.0,1,36,36,36,17,2,5,17,1,1,1,32,39,32,37,26,34,35,3,17,31,1,31,33,4,51,30,14,1,23,1,31:41,1,2022-23
2022-23,1629011,Mitchell Robinson,Mitchell,1610612752,NYK,New York Knicks,0022200997,2023-03-09T00:00:00,NYK @ SAC,L,19.55,4,6,0.667,0,0,0.0,1,2,0.5,6,2,8,1,0,0,0,0,4,1,9,-11,20.1,0,0,18.0,1,36,36,36,50,16,16,31,1,1,1,21,18,12,13,47,34,14,29,35,50,1,43,33,23,54,43,14,1,42,1,19:33,1,2022-23
2022-23,1629011,Mitchell Robinson,Mitchell,1610612752,NYK,New York Knicks,0022201004,2023-03-11T00:00:00,NYK @ LAC,L,28.003333333333334,2,8,0.25,0,0,0.0,2,2,1.0,8,6,14,1,1,1,2,1,0,2,6,-10,32.3,0,0,27.0,1,36,36,36,28,35,5,54,1,1,1,6,18,1,5,16,7,14,12,17,17,40,1,14,33,53,20,14,1,19,1,28:00,1,2022-23
2022-23,1629011,Mitchell Robinson,Mitchell,1610612752,NYK,New York Knicks,0022201019,2023-03-12T00:00:00,NYK @ LAL,W,24.266666666666666,2,4,0.5,0,0,0.0,0,0,0.0,4,1,5,0,1,1,1,0,2,0,4,-15,15.0,0,0,13.0,1,1,1,1,40,35,30,37,1,1,1,32,39,32,28,51,49,35,12,17,31,1,15,52,40,56,49,14,1,47,1,24:16,1,2022-23
2022-23,1629011,Mitchell Robinson,Mitchell,1610612752,NYK,New York Knicks,0022201034,2023-03-14T00:00:00,NYK @ POR,W,21.45,1,2,0.5,0,0,0.0,0,2,0.0,2,2,4,0,0,1,1,0,0,1,2,-4,12.8,0,0,10.0,1,1,1,1,46,46,48,37,1,1,1,32,18,32,47,47,53,35,29,17,31,1,1,33,48,44,52,14,1,51,1,21:27,1,2022-23
2022-23,1629011,Mitchell Robinson,Mitchell,1610612752,NYK,New York Knicks,0022201055,2023-03-18T00:00:00,NYK vs. DEN,W,24.133333333333333,3,4,0.75,0,0,0.0,2,2,1.0,7,2,9,3,1,1,1,0,2,2,8,11,28.3,0,0,24.0,1,1,1,1,41,28,30,27,1,1,1,6,18,1,7,47,28,3,12,17,31,1,15,14,27,14,27,14,1,29,1,24:08,1,2022-23
2022-23,1629011,Mitchell Robinson,Mitchell,1610612752,NYK,New York Knicks,0022201073,2023-03-20T00:00:00,NYK vs. MIN,L,27.85,0,1,0.0,0,0,0.0,0,0,0.0,3,6,9,0,2,2,2,1,1,0,0,0,20.8,0,0,17.0,1,36,36,36,31,56,53,56,1,1,1,32,39,32,37,16,28,35,3,5,17,40,6,52,56,32,42,14,1,44,1,27:51,1,2022-23
2022-23,1629011,Mitchell Robinson,Mitchell,1610612752,NYK,New York Knicks,0022201084,2023-03-22T00:00:00,NYK @ MIA,L,24.863333333333333,4,4,1.0,0,0,0.0,2,4,0.5,4,4,8,1,0,0,3,0,5,2,10,2,30.1,0,0,25.0,1,36,36,36,39,16,30,1,1,1,1,6,7,12,28,33,34,14,29,35,6,1,49,14,13,29,24,14,1,27,1,24:52,1,2022-23
2022-23,1629011,Mitchell Robinson,Mitchell,1610612752,NYK,New York Knicks,0022201093,2023-03-23T00:00:00,NYK @ ORL,L,30.633333333333333,1,1,1.0,0,0,0.0,0,0,0.0,6,6,12,0,2,1,3,0,0,1,2,-3,26.4,0,0,22.0,1,36,36,36,20,46,53,1,1,1,1,32,39,32,13,16,15,35,3,17,6,1,1,33,48,40,35,14,1,36,1,30:38,1,2022-23
2022-23,1629011,Mitchell Robinson,Mitchell,1610612752,NYK,New York Knicks,0022201124,2023-03-27T00:00:00,NYK vs. HOU,W,19.705,1,1,1.0,0,0,0.0,1,2,0.5,1,5,6,0,0,0,3,0,3,1,3,1,19.2,0,0,15.0,1,1,1,1,49,46,53,1,1,1,1,21,18,12,55,26,43,35,29,35,6,1,31,33,46,31,45,14,1,45,1,19:42,1,2022-23
2022-23,1629011,Mitchell Robinson,Mitchell,1610612752,NYK,New York Knicks,0022201138,2023-03-29T00:00:00,NYK vs. MIA,W,19.05,1,3,0.333,0,0,0.0,0,0,0.0,3,3,6,1,1,0,1,0,1,1,2,-3,12.7,0,0,11.0,1,1,1,1,52,46,41,50,1,1,1,32,39,32,37,40,43,14,12,35,31,1,6,33,48,40,53,14,1,50,1,19:03,1,2022-23
2022-23,1629011,Mitchell Robinson,Mitchell,1610612752,NYK,New York Knicks,0022201154,2023-03-31T00:00:00,NYK @ CLE,W,22.25,4,5,0.8,0,0,0.0,2,3,0.667,9,5,14,1,1,2,2,1,1,2,10,-1,39.3,1,0,33.0,1,1,1,1,45,16,22,22,1,1,1,6,16,9,3,26,7,14,12,5,17,40,6,14,13,34,10,1,1,8,1,22:15,1,2022-23
2022-23,1629011,Mitchell Robinson,Mitchell,1610612752,NYK,New York Knicks,0022201168,2023-04-02T00:00:00,NYK vs. WAS,W,25.916666666666668,3,4,0.75,0,0,0.0,2,2,1.0,4,7,11,4,0,2,1,0,2,1,8,16,36.2,0,0,29.0,1,1,1,1,35,28,30,27,1,1,1,6,18,1,28,13,20,1,29,5,31,1,15,33,27,10,15,14,1,15,1,25:55,1,2022-23
2022-23,1629011,Mitchell Robinson,Mitchell,1610612752,NYK,New York Knicks,0022201190,2023-04-05T00:00:00,NYK @ IND,W,30.45,6,13,0.462,0,0,0.0,2,7,0.286,7,9,16,1,2,2,7,5,5,4,14,27,59.7,1,0,49.0,1,1,1,1,21,4,1,46,1,1,1,6,2,30,7,4,4,14,3,5,1,59,49,6,4,2,1,1,1,1,1,30:27,1,2022-23
2022-23,1629011,Mitchell Robinson,Mitchell,1610612752,NYK,New York Knicks,0022201220,2023-04-09T00:00:00,NYK vs. IND,L,27.183333333333334,4,10,0.4,0,0,0.0,1,4,0.25,14,6,20,2,3,1,7,1,2,3,9,18,57.0,0,0,47.0,1,36,36,36,33,16,2,48,1,1,1,21,7,31,1,16,1,5,1,17,1,40,15,10,23,8,2,14,1,2,1,27:11,1,2022-23
2023-24,1629011,Mitchell Robinson,Mitchell,1610612752,NYK,New York Knicks,0022300065,2023-10-25T00:00:00,NYK vs. BOS,L,22.098333333333333,1,4,0.25,0,0,0.0,0,2,0.0,3,3,6,1,1,2,0,2,4,1,2,1,15.7,0,0,13.0,1,20,20,20,20,22,11,25,1,1,1,15,10,15,19,16,21,4,7,5,18,29,29,16,24,16,25,3,1,24,1,22:06,1,2023-24
2023-24,1629011,Mitchell Robinson,Mitchell,1610612752,NYK,New York Knicks,0022300079,2023-10-27T00:00:00,NYK @ ATL,W,37.70166666666667,2,6,0.333,0,0,0.0,3,4,0.75,6,7,13,1,0,4,4,0,1,2,7,11,48.1,0,0,37.0,1,1,1,1,1,15,6,22,1,1,1,3,5,4,7,4,7,4,16,1,2,1,6,11,10,5,1,3,1,1,1,37:42,1,2023-24
2023-24,1629011,Mitchell Robinson,Mitchell,1610612752,NYK,New York Knicks,0022300090,2023-10-28T00:00:00,NYK @ NOP,L,28.95,4,8,0.5,0,0,0.0,0,0,0.0,10,5,15,0,0,1,2,1,1,0,8,-11,35.0,0,0,29.0,1,20,20,20,14,6,3,14,1,1,1,15,21,15,2,8,2,15,16,11,5,21,6,26,6,26,4,3,1,4,1,28:57,1,2023-24
2023-24,1629011,Mitchell Robinson,Mitchell,1610612752,NYK,New York Knicks,0022300112,2023-10-31T00:00:00,NYK @ CLE,W,22.316666666666666,4,4,1.0,0,0,0.0,0,0,0.0,3,4,7,0,1,1,0,0,0,0,8,6,18.4,0,0,17.0,1,1,1,1,19,6,11,1,1,1,1,15,21,15,19,12,18,15,7,11,18,1,1,26,6,10,21,3,1,17,1,22:19,1,2023-24
2023-24,1629011,Mitchell Robinson,Mitchell,1610612752,NYK,New York Knicks,0022300120,2023-11-01T00:00:00,NYK vs. CLE,L,32.06666666666667,1,3,0.333,0,0,0.0,4,8,0.5,8,8,16,0,1,0,2,1,3,7,6,-1,30.2,0,0,26.0,1,20,20,20,7,22,19,22,1,1,1,2,1,6,4,3,1,15,7,21,5,21,24,1,12,17,8,3,1,8,1,32:04,1,2023-24
2023-24,1629011,Mitchell Robinson,Mitchell,1610612752,NYK,New York Knicks,0022300002,2023-11-03T00:00:00,NYK @ MIL,L,29.445,0,4,0.0,0,0,0.0,0,0,0.0,6,9,15,1,0,0,0,2,4,0,0,-4,19.5,0,0,16.0,1,20,20,20,13,26,11,26,1,1,1,15,21,15,7,1,2,4,16,21,18,29,29,26,28,19,19,3,1,20,1,29:27,1,2023-24
2023-24,1629011,Mitchell Robinson,Mitchell,1610612752,NYK,New York Knicks,0022300151,2023-11-06T00:00:00,NYK vs. LAC,W,34.8,6,10,0.6,0,0,0.0,1,1,1.0,9,6,15,0,0,4,0,0,2,1,13,4,43.0,1,0,36.0,1,1,1,1,2,1,1,13,1,1,1,8,18,1,3,6,2,15,16,1,18,1,14,16,2,13,2,1,1,2,1,34:48,1,2023-24
2023-24,1629011,Mitchell Robinson,Mitchell,1610612752,NYK,New York Knicks,0022300161,2023-11-08T00:00:00,NYK vs. SAS,W,31.216666666666665,3,4,0.75,0,0,0.0,2,6,0.333,5,7,12,1,0,0,0,0,3,5,8,30,23.9,0,0,21.0,1,1,1,1,9,8,11,8,1,1,1,4,3,10,12,4,8,4,16,21,18,1,24,2,6,1,12,3,1,12,1,31:13,1,2023-24
2023-24,1629011,Mitchell Robinson,Mitchell,1610612752,NYK,New York Knicks,0022300177,2023-11-12T00:00:00,NYK vs. CHA,W,23.916666666666668,5,7,0.714,0,0,0.0,0,2,0.0,5,4,9,0,0,1,0,0,2,3,10,4,23.8,0,0,21.0,1,1,1,1,18,2,4,10,1,1,1,15,10,15,12,12,13,15,16,11,18,1,14,6,3,13,13,3,1,12,1,23:55,1,2023-24
2023-24,1629011,Mitchell Robinson,Mitchell,1610612752,NYK,New York Knicks,0022300188,2023-11-13T00:00:00,NYK @ BOS,L,33.17,2,2,1.0,0,0,0.0,0,2,0.0,3,3,6,1,1,1,2,0,2,2,4,-14,20.7,0,0,17.0,1,20,20,20,5,15,24,1,1,1,1,15,10,15,19,16,21,4,7,11,5,1,14,11,21,29,16,3,1,17,1,33:10,1,2023-24
2023-24,1629011,Mitchell Robinson,Mitchell,1610612752,NYK,New York Knicks,0022300193,2023-11-15T00:00:00,NYK @ ATL,W,30.655,3,3,1.0,0,0,0.0,0,0,0.0,6,9,15,0,1,3,1,0,0,4,6,8,35.0,0,0,29.0,1,1,1,1,11,8,19,1,1,1,1,15,21,15,7,1,2,15,7,4,11,1,1,4,12,7,4,3,1,4,1,30:39,1,2023-24
2023-24,1629011,Mitchell Robinson,Mitchell,1610612752,NYK,New York Knicks,0022300028,2023-11-17T00:00:00,NYK @ WAS,W,27.216666666666665,3,4,0.75,0,0,0.0,0,1,0.0,3,5,8,1,0,0,1,0,1,3,6,16,20.1,0,0,17.0,1,1,1,1,15,8,11,8,1,1,1,15,18,15,19,8,15,4,16,21,11,1,6,6,12,3,18,3,1,17,1,27:13,1,2023-24
2023-24,1629011,Mitchell Robinson,Mitchell,1610612752,NYK,New York Knicks,0022300202,2023-11-18T00:00:00,NYK @ CHA,W,33.31333333333333,2,5,0.4,0,0,0.0,0,0,0.0,11,3,14,1,3,0,3,2,0,2,4,9,28.3,0,0,25.0,1,1,1,1,4,15,10,21,1,1,1,15,21,15,1,16,6,4,2,21,3,29,1,11,21,6,9,3,1,9,1,33:19,1,2023-24
2023-24,1629011,Mitchell Robinson,Mitchell,1610612752,NYK,New York Knicks,0022300221,2023-11-20T00:00:00,NYK @ MIN,L,30.45,5,7,0.714,0,0,0.0,0,0,0.0,7,4,11,0,2,2,2,1,3,1,10,-11,33.2,1,0,29.0,1,20,20,20,12,2,4,10,1,1,1,15,21,15,5,12,10,15,4,5,5,21,24,16,3,26,6,1,1,4,1,30:27,1,2023-24
2023-24,1629011,Mitchell Robinson,Mitchell,1610612752,NYK,New York Knicks,0022300045,2023-11-24T00:00:00,NYK vs. MIA,W,20.083333333333332,2,4,0.5,0,0,0.0,1,4,0.25,3,4,7,0,0,2,0,0,2,3,5,-17,19.4,0,0,16.0,1,1,1,1,21,15,11,14,1,1,1,8,5,13,19,12,18,15,16,5,18,1,14,6,18,30,20,3,1,20,1,20:05,1,2023-24
2023-24,1629011,Mitchell Robinson,Mitchell,1610612752,NYK,New York Knicks,0022300247,2023-11-26T00:00:00,NYK vs. PHX,L,34.45,1,2,0.5,0,0,0.0,1,4,0.25,5,6,11,1,1,1,1,0,2,3,3,-1,22.7,0,0,19.0,1,20,20,20,3,22,24,14,1,1,1,8,5,13,12,6,10,4,7,11,11,1,14,6,23,17,15,3,1,15,1,34:27,1,2023-24
2023-24,1629011,Mitchell Robinson,Mitchell,1610612752,NYK,New York Knicks,0022300057,2023-11-28T00:00:00,NYK vs. CHA,W,32.733333333333334,3,6,0.5,0,0,0.0,0,0,0.0,5,5,10,0,4,2,6,0,1,0,6,18,38.0,0,0,32.0,1,1,1,1,6,8,6,14,1,1,1,15,21,15,12,8,12,15,1,5,1,1,6,26,12,2,3,3,1,3,1,32:44,1,2023-24
2023-24,1629011,Mitchell Robinson,Mitchell,1610612752,NYK,New York Knicks,0022300268,2023-11-30T00:00:00,NYK vs. DET,W,30.933333333333334,2,4,0.5,0,0,0.0,2,2,1.0,6,3,9,1,1,1,1,1,2,1,6,8,23.3,0,0,20.0,1,1,1,1,10,15,11,14,1,1,1,4,10,1,7,16,13,4,7,11,11,21,14,16,12,7,14,3,1,14,1,30:56,1,2023-24
2023-24,1629011,Mitchell Robinson,Mitchell,1610612752,NYK,New York Knicks,0022300276,2023-12-01T00:00:00,NYK @ TOR,W,31.926666666666666,3,3,1.0,0,0,0.0,0,0,0.0,2,3,5,1,2,4,1,0,3,0,6,6,26.5,0,0,22.0,1,1,1,1,8,8,19,1,1,1,1,15,21,15,26,16,24,4,4,1,11,1,24,26,12,10,10,3,1,10,1,31:56,1,2023-24
2023-24,1629011,Mitchell Robinson,Mitchell,1610612752,NYK,New York Knicks,0022301201,2023-12-05T00:00:00,NYK @ MIL,L,27.2,1,2,0.5,0,0,0.0,0,0,0.0,1,3,4,3,2,2,1,1,2,0,2,-10,18.3,0,0,15.0,1,20,20,20,16,22,24,14,1,1,1,15,21,15,27,16,26,1,4,5,11,21,14,26,24,24,22,3,1,22,1,27:12,1,2023-24
2023-24,1629011,Mitchell Robinson,Mitchell,1610612752,NYK,New York Knicks,0022301227,2023-12-08T00:00:00,NYK @ BOS,L,18.7,5,6,0.833,0,0,0.0,0,2,0.0,5,3,8,2,1,1,0,0,2,1,10,-19,24.6,0,0,22.0,1,20,20,20,25,2,6,6,1,1,1,15,10,15,12,16,15,2,7,11,18,1,14,16,3,31,11,3,1,10,1,18:42,1,2023-24
2023-24,1629011,Mitchell Robinson,Mitchell,1610612752,NYK,New York Knicks,0022301053,2024-03-27T00:00:00,NYK @ TOR,W,12.433333333333334,3,3,1.0,0,0,0.0,2,4,0.5,1,1,2,0,3,0,2,0,2,4,8,14,13.4,0,0,14.0,1,1,1,1,28,8,19,1,1,1,1,4,5,6,27,27,28,15,2,21,5,1,14,4,6,4,27,3,1,23,1,12:26,1,2023-24
2023-24,1629011,Mitchell Robinson,Mitchell,1610612752,NYK,New York Knicks,0022301070,2024-03-29T00:00:00,NYK @ SAS,L,19.636666666666667,3,9,0.333,0,0,0.0,1,2,0.5,7,5,12,0,1,0,0,0,1,1,7,-10,20.4,0,0,19.0,1,20,20,20,23,8,2,22,1,1,1,8,10,6,5,8,8,15,7,21,18,1,6,16,10,24,17,3,1,15,1,19:38,1,2023-24
2023-24,1629011,Mitchell Robinson,Mitchell,1610612752,NYK,New York Knicks,0022301096,2024-04-02T00:00:00,NYK @ MIA,L,10.148333333333333,0,1,0.0,0,0,0.0,0,2,0.0,1,0,1,0,0,1,0,0,2,2,0,-6,4.2,0,0,3.0,1,20,20,20,30,26,28,26,1,1,1,15,10,15,27,30,29,15,16,11,18,1,14,11,28,21,30,3,1,30,1,10:09,1,2023-24
2023-24,1629011,Mitchell Robinson,Mitchell,1610612752,NYK,New York Knicks,0022301112,2024-04-04T00:00:00,NYK vs. SAC,W,15.4,0,1,0.0,0,0,0.0,2,6,0.333,5,2,7,2,0,0,1,0,0,3,2,-5,16.4,0,0,13.0,1,1,1,1,26,26,28,26,1,1,1,4,3,10,12,24,18,2,16,21,11,1,1,6,24,20,24,3,1,24,1,15:24,1,2023-24
2023-24,1629011,Mitchell Robinson,Mitchell,1610612752,NYK,New York Knicks,0022301119,2024-04-05T00:00:00,NYK @ CHI,L,11.098333333333333,2,4,0.5,0,0,0.0,1,3,0.333,3,2,5,1,0,1,0,1,1,2,5,-11,15.5,0,0,13.0,1,20,20,20,29,15,11,14,1,1,1,8,9,10,19,24,24,4,16,11,18,21,6,11,18,26,26,3,1,24,1,11:06,1,2023-24
2023-24,1629011,Mitchell Robinson,Mitchell,1610612752,NYK,New York Knicks,0022301139,2024-04-07T00:00:00,NYK @ MIL,W,19.15,0,2,0.0,0,0,0.0,1,2,0.5,3,3,6,0,0,0,3,1,4,1,1,6,17.2,0,0,13.0,1,1,1,1,24,26,24,26,1,1,1,8,10,6,19,16,21,15,16,21,3,21,29,16,27,10,23,3,1,24,1,19:09,1,2023-24
2023-24,1629011,Mitchell Robinson,Mitchell,1610612752,NYK,New York Knicks,0022301149,2024-04-09T00:00:00,NYK @ CHI,W,19.65,0,0,0.0,0,0,0.0,0,0,0.0,0,1,1,0,0,2,0,0,1,1,0,2,7.2,0,0,5.0,1,1,1,1,22,26,30,26,1,1,1,15,21,15,30,27,29,15,16,5,18,1,6,16,28,15,29,3,1,29,1,19:39,1,2023-24
2023-24,1629011,Mitchell Robinson,Mitchell,1610612752,NYK,New York Knicks,0022301167,2024-04-11T00:00:00,NYK @ BOS,W,14.783333333333333,2,3,0.667,0,0,0.0,1,1,1.0,4,0,4,0,0,1,0,1,1,1,5,7,12.8,0,0,11.0,1,1,1,1,27,15,19,12,1,1,1,8,18,1,18,30,26,15,16,11,18,21,6,16,18,9,28,3,1,28,1,14:47,1,2023-24
2023-24,1629011,Mitchell Robinson,Mitchell,1610612752,NYK,New York Knicks,0022301175,2024-04-12T00:00:00,NYK vs. BKN,W,25.033333333333335,5,6,0.833,0,0,0.0,5,8,0.625,6,2,8,0,0,0,2,0,3,5,15,-9,30.6,0,0,27.0,1,1,1,1,17,2,6,6,1,1,1,1,1,5,7,24,15,15,16,21,5,1,24,2,1,23,7,3,1,7,1,25:02,1,2023-24
2023-24,1629011,Mitchell Robinson,Mitchell,1610612752,NYK,New York Knicks,0022301190,2024-04-14T00:00:00,NYK vs. CHI,W,7.433333333333334,0,0,0.0,0,0,0.0,0,0,0.0,0,1,1,0,0,0,0,0,0,1,0,-8,1.2,0,0,1.0,1,1,1,1,31,26,30,26,1,1,1,15,21,15,30,27,29,15,16,21,18,1,1,16,28,22,31,3,1,31,1,7:26,1,2023-24
2024-25,1629011,Mitchell Robinson,Mitchell,1610612752,NYK,New York Knicks,0022400856,2025-02-28T00:00:00,NYK @ MEM,W,12.346666666666668,3,4,0.75,0,0,0.0,0,0,0.0,1,4,5,1,0,0,0,0,1,0,6,11,13.5,0,0,12.0,1,1,1,1,17,4,5,6,1,1,1,7,7,7,14,4,7,3,8,11,13,1,4,12,6,3,11,3,1,9,1,12:21,1,2024-25
2024-25,1629011,Mitchell Robinson,Mitchell,1610612752,NYK,New York Knicks,0022400869,2025-03-02T00:00:00,NYK @ MIA,W,13.255,1,1,1.0,0,0,0.0,0,0,0.0,2,0,2,0,0,0,1,0,1,1,2,-6,7.4,0,0,6.0,1,1,1,1,13,10,13,1,1,1,1,7,7,7,11,17,15,12,8,11,7,1,4,4,11,13,16,3,1,16,1,13:15,1,2024-25
2024-25,1629011,Mitchell Robinson,Mitchell,1610612752,NYK,New York Knicks,0022400885,2025-03-04T00:00:00,NYK vs. GSW,L,15.316666666666666,3,6,0.5,0,0,0.0,1,1,1.0,4,1,5,0,1,0,0,0,2,1,7,-10,12.0,0,0,12.0,1,11,11,11,11,4,3,13,1,1,1,5,6,1,5,14,7,12,4,11,13,1,11,4,5,15,13,3,1,9,1,15:19,1,2024-25
2024-25,1629011,Mitchell Robinson,Mitchell,1610612752,NYK,New York Knicks,0022400903,2025-03-06T00:00:00,NYK @ LAL,L,13.051666666666666,2,3,0.667,0,0,0.0,2,2,1.0,2,2,4,0,0,1,0,0,1,1,6,2,13.8,0,0,12.0,1,11,11,11,14,7,7,9,1,1,1,3,4,1,11,9,12,12,8,5,13,1,4,4,6,9,9,3,1,9,1,13:03,1,2024-25
2024-25,1629011,Mitchell Robinson,Mitchell,1610612752,NYK,New York Knicks,0022400939,2025-03-10T00:00:00,NYK @ SAC,W,15.893333333333333,1,1,1.0,0,0,0.0,0,0,0.0,2,3,5,1,2,4,0,0,3,0,2,26,19.5,0,0,16.0,1,1,1,1,9,10,13,1,1,1,1,7,7,7,11,6,7,3,1,1,13,1,14,12,11,1,6,3,1,6,1,15:54,1,2024-25
2024-25,1629011,Mitchell Robinson,Mitchell,1610612752,NYK,New York Knicks,0022400953,2025-03-12T00:00:00,NYK @ POR,W,18.78,1,1,1.0,0,0,0.0,1,2,0.5,3,1,4,1,2,2,2,0,4,1,3,-10,19.3,0,0,16.0,1,1,1,1,4,10,13,1,1,1,1,5,4,4,8,14,12,3,1,2,1,1,17,4,10,15,7,3,1,6,1,18:47,1,2024-25
2024-25,1629011,Mitchell Robinson,Mitchell,1610612752,NYK,New York Knicks,0022400974,2025-03-15T00:00:00,NYK @ GSW,L,16.36,1,3,0.333,0,0,0.0,0,0,0.0,3,2,5,0,0,0,1,0,1,1,2,4,11.0,0,0,9.0,1,11,11,11,8,10,7,16,1,1,1,7,7,7,8,9,7,12,8,11,7,1,4,4,11,6,14,3,1,14,1,16:22,1,2024-25
2024-25,1629011,Mitchell Robinson,Mitchell,1610612752,NYK,New York Knicks,0022400984,2025-03-17T00:00:00,NYK vs. MIA,W,23.726666666666667,5,7,0.714,0,0,0.0,0,0,0.0,5,4,9,1,0,2,2,0,0,1,10,8,34.3,0,0,28.0,1,1,1,1,2,1,2,8,1,1,1,7,7,7,2,4,4,3,8,2,1,1,1,4,3,4,3,3,1,3,1,23:44,1,2024-25
2024-25,1629011,Mitchell Robinson,Mitchell,1610612752,NYK,New York Knicks,0022401003,2025-03-19T00:00:00,NYK @ SAS,L,17.233333333333334,5,6,0.833,0,0,0.0,3,6,0.5,5,6,11,0,0,1,2,1,1,3,13,3,35.2,1,0,30.0,1,11,11,11,7,1,3,5,1,1,1,2,1,4,2,2,2,12,8,5,1,17,4,1,2,7,2,1,1,2,1,17:14,1,2024-25
2024-25,1629011,Mitchell Robinson,Mitchell,1610612752,NYK,New York Knicks,0022401026,2025-03-22T00:00:00,NYK vs. WAS,W,17.366666666666667,2,3,0.667,0,0,0.0,0,0,0.0,3,2,5,1,1,0,1,0,1,1,4,-8,13.5,0,0,12.0,1,1,1,1,6,7,7,9,1,1,1,7,7,7,8,9,7,3,4,11,7,1,4,4,8,14,11,3,1,9,1,17:22,1,2024-25
2024-25,1629011,Mitchell Robinson,Mitchell,1610612752,NYK,New York Knicks,0022401056,2025-03-26T00:00:00,NYK vs. LAC,L,12.783333333333333,0,0,0.0,0,0,0.0,0,0,0.0,0,2,2,1,0,0,1,0,1,1,0,-22,6.9,0,0,5.0,1,11,11,11,15,17,17,17,1,1,1,7,7,7,17,9,15,3,8,11,7,1,4,4,17,17,17,3,1,17,1,12:47,1,2024-25
2024-25,1629011,Mitchell Robinson,Mitchell,1610612752,NYK,New York Knicks,0022401070,2025-03-28T00:00:00,NYK @ MIL,W,18.041666666666668,1,2,0.5,0,0,0.0,0,0,0.0,4,6,10,1,0,1,0,0,2,0,2,2,18.5,0,0,15.0,1,1,1,1,5,10,11,13,1,1,1,7,7,7,5,2,3,3,8,5,13,1,11,12,11,9,8,3,1,8,1,18:03,1,2024-25
2024-25,1629011,Mitchell Robinson,Mitchell,1610612752,NYK,New York Knicks,0022401082,2025-03-30T00:00:00,NYK vs. POR,W,13.993333333333334,1,1,1.0,0,0,0.0,0,0,0.0,1,3,4,2,2,0,2,0,0,0,2,19,13.8,0,0,12.0,1,1,1,1,12,10,13,1,1,1,1,7,7,7,14,6,12,1,1,11,1,1,1,12,11,2,9,3,1,9,1,13:60,1,2024-25
2024-25,1629011,Mitchell Robinson,Mitchell,1610612752,NYK,New York Knicks,0022401098,2025-04-01T00:00:00,NYK vs. PHI,W,20.733333333333334,5,9,0.556,0,0,0.0,4,4,1.0,7,7,14,0,1,1,2,0,2,3,14,6,38.8,1,0,34.0,1,1,1,1,3,1,1,12,1,1,1,1,2,1,1,1,1,12,4,5,1,1,11,1,1,5,1,1,1,1,1,20:44,1,2024-25
2024-25,1629011,Mitchell Robinson,Mitchell,1610612752,NYK,New York Knicks,0022401140,2025-04-06T00:00:00,NYK vs. PHX,W,12.716666666666667,1,2,0.5,0,0,0.0,0,0,0.0,1,1,2,1,1,1,1,0,3,0,2,-4,10.9,0,0,9.0,1,1,1,1,16,10,11,13,1,1,1,7,7,7,14,14,15,3,4,5,7,1,14,12,11,12,15,3,1,14,1,12:43,1,2024-25
2024-25,1629011,Mitchell Robinson,Mitchell,1610612752,NYK,New York Knicks,0022401151,2025-04-08T00:00:00,NYK vs. BOS,L,15.725,2,3,0.667,0,0,0.0,0,0,0.0,4,3,7,1,0,1,2,0,0,0,4,-1,22.9,0,0,18.0,1,11,11,11,10,7,7,9,1,1,1,7,7,7,5,6,5,3,8,5,1,1,1,12,8,11,5,3,1,5,1,15:44,1,2024-25
2024-25,1629011,Mitchell Robinson,Mitchell,1610612752,NYK,New York Knicks,0022401175,2025-04-11T00:00:00,NYK vs. CLE,L,32.8,3,4,0.75,0,0,0.0,2,4,0.5,5,2,7,2,0,2,1,0,3,3,8,3,28.4,0,0,23.0,1,11,11,11,1,4,5,6,1,1,1,3,2,4,2,9,5,1,8,2,7,1,14,1,4,7,4,3,1,4,1,32:48,1,2024-25
2025-26,1629011,Mitchell Robinson,Mitchell,1610612752,NYK,New York Knicks,0022500023,2025-10-31T00:00:00,NYK @ CHI,L,19.583333333333332,2,3,0.667,0,0,0.0,0,0,0.0,6,5,11,2,1,0,0,1,3,1,4,0,19.2,0,0,17.0,1,16,16,16,6,9,8,12,1,1,1,8,12,8,6,4,5,2,5,13,16,20,14,11,11,12,14,2,1,11,1,19:35,1,2025-26
2025-26,1629011,Mitchell Robinson,Mitchell,1610612752,NYK,New York Knicks,0022500153,2025-11-02T00:00:00,NYK vs. CHI,W,13.351666666666667,0,3,0.0,0,0,0.0,0,0,0.0,4,1,5,1,0,0,2,0,1,0,0,-1,13.5,0,0,10.0,1,1,1,1,22,17,8,17,1,1,1,8,12,8,11,18,18,7,14,13,3,1,3,20,19,14,19,2,1,20,1,13:21,1,2025-26
2025-26,1629011,Mitchell Robinson,Mitchell,1610612752,NYK,New York Knicks,0022500175,2025-11-05T00:00:00,NYK vs. MIN,W,16.2,4,5,0.8,0,0,0.0,0,1,0.0,9,1,10,1,1,1,3,0,1,1,8,7,32.5,0,0,27.0,1,1,1,1,17,2,2,9,1,1,1,8,11,8,1,18,7,7,5,7,2,1,3,11,3,7,2,2,1,2,1,16:12,1,2025-26
2025-26,1629011,Mitchell Robinson,Mitchell,1610612752,NYK,New York Knicks,0022500192,2025-11-09T00:00:00,NYK vs. BKN,W,16.591666666666665,4,4,1.0,0,0,0.0,0,0,0.0,3,5,8,0,0,2,2,0,3,1,8,40,29.6,0,0,24.0,1,1,1,1,16,2,3,1,1,1,1,8,12,8,16,4,11,17,14,2,3,1,14,11,3,1,3,2,1,4,1,16:36,1,2025-26
2025-26,1629011,Mitchell Robinson,Mitchell,1610612752,NYK,New York Knicks,0022500215,2025-11-12T00:00:00,NYK vs. ORL,L,17.198333333333334,1,2,0.5,0,0,0.0,0,0,0.0,5,3,8,0,0,0,0,0,4,1,2,-11,11.6,0,0,10.0,1,16,16,16,12,13,14,14,1,1,1,8,12,8,9,15,11,17,14,13,16,1,19,11,14,19,21,2,1,20,1,17:12,1,2025-26
2025-26,1629011,Mitchell Robinson,Mitchell,1610612752,NYK,New York Knicks,0022500039,2025-11-14T00:00:00,NYK vs. MIA,W,14.128333333333334,0,2,0.0,0,0,0.0,0,0,0.0,8,2,10,2,2,0,0,0,5,1,0,-5,13.0,0,0,12.0,1,1,1,1,21,17,14,17,1,1,1,8,12,8,2,16,7,2,1,13,16,1,21,11,19,17,20,2,1,19,1,14:08,1,2025-26
2025-26,1629011,Mitchell Robinson,Mitchell,1610612752,NYK,New York Knicks,0022500244,2025-11-17T00:00:00,NYK @ MIA,L,18.48,2,3,0.667,0,0,0.0,1,2,0.5,5,6,11,1,1,1,0,0,2,1,5,4,21.7,0,0,19.0,1,16,16,16,8,9,8,12,1,1,1,4,6,3,9,3,5,7,5,7,16,1,9,11,9,9,9,2,1,8,1,18:29,1,2025-26
2025-26,1629011,Mitchell Robinson,Mitchell,1610612752,NYK,New York Knicks,0022500262,2025-11-19T00:00:00,NYK @ DAL,W,21.543333333333333,1,1,1.0,0,0,0.0,1,6,0.167,3,5,8,1,1,0,1,0,2,4,3,-12,16.1,0,0,14.0,1,1,1,1,5,13,18,1,1,1,1,4,3,7,16,4,11,7,5,13,8,1,9,2,13,20,17,2,1,16,1,21:33,1,2025-26
2025-26,1629011,Mitchell Robinson,Mitchell,1610612752,NYK,New York Knicks,0022500269,2025-11-22T00:00:00,NYK @ ORL,L,16.688333333333333,3,3,1.0,0,0,0.0,0,0,0.0,1,2,3,0,1,0,2,0,4,0,6,-3,14.6,0,0,13.0,1,16,16,16,14,4,8,1,1,1,1,8,12,8,21,16,22,17,5,13,3,1,19,20,5,15,18,2,1,18,1,16:41,1,2025-26
2025-26,1629011,Mitchell Robinson,Mitchell,1610612752,NYK,New York Knicks,0022500061,2025-11-26T00:00:00,NYK @ CHA,W,17.2,0,0,0.0,0,0,0.0,0,0,0.0,0,5,5,1,0,3,1,0,1,0,0,18,19.5,0,0,14.0,1,1,1,1,11,17,20,17,1,1,1,8,12,8,22,4,18,7,14,1,8,1,3,20,19,2,13,2,1,16,1,17:12,1,2025-26
2025-26,1629011,Mitchell Robinson,Mitchell,1610612752,NYK,New York Knicks,0022500074,2025-11-28T00:00:00,NYK vs. MIL,W,18.988333333333333,3,3,1.0,0,0,0.0,0,2,0.0,3,4,7,1,2,2,0,0,2,2,6,-4,19.9,0,0,18.0,1,1,1,1,7,4,8,1,1,1,1,8,6,8,16,13,14,7,1,2,16,1,9,5,5,16,12,2,1,9,1,18:59,1,2025-26
2025-26,1629011,Mitchell Robinson,Mitchell,1610612752,NYK,New York Knicks,0022500303,2025-11-30T00:00:00,NYK vs. TOR,W,16.766666666666666,1,4,0.25,0,0,0.0,0,2,0.0,7,8,15,0,0,0,0,1,1,2,2,17,20.0,0,0,17.0,1,1,1,1,13,13,3,15,1,1,1,8,6,8,5,2,2,17,14,13,16,20,3,5,14,3,11,2,1,11,1,16:46,1,2025-26
2025-26,1629011,Mitchell Robinson,Mitchell,1610612752,NYK,New York Knicks,0022500320,2025-12-02T00:00:00,NYK @ BOS,L,15.95,0,0,0.0,0,0,0.0,1,4,0.25,4,1,5,0,0,0,0,0,0,4,1,-14,7.0,0,0,6.0,1,16,16,16,20,17,20,17,1,1,1,4,4,5,11,18,18,17,14,13,16,1,1,2,18,21,22,2,1,22,1,15:57,1,2025-26
2025-26,1629011,Mitchell Robinson,Mitchell,1610612752,NYK,New York Knicks,0022500343,2025-12-05T00:00:00,NYK vs. UTA,W,16.0,2,2,1.0,0,0,0.0,0,0,0.0,3,4,7,1,1,2,1,0,1,1,4,13,21.9,0,0,18.0,1,1,1,1,18,9,14,1,1,1,1,8,12,8,16,13,14,7,5,2,8,1,3,11,11,4,8,2,1,9,1,16:00,1,2025-26
2025-26,1629011,Mitchell Robinson,Mitchell,1610612752,NYK,New York Knicks,0022500357,2025-12-07T00:00:00,NYK vs. ORL,W,24.585,3,4,0.75,0,0,0.0,0,0,0.0,8,5,13,2,1,1,1,0,3,2,6,8,29.6,0,0,25.0,1,1,1,1,3,4,3,10,1,1,1,8,12,8,2,4,3,2,5,7,8,1,14,5,5,6,3,2,1,3,1,24:35,1,2025-26
2025-26,1629011,Mitchell Robinson,Mitchell,1610612752,NYK,New York Knicks,0022501202,2025-12-09T00:00:00,NYK @ TOR,W,15.985,0,0,0.0,0,0,0.0,2,8,0.25,4,1,5,4,2,1,1,0,5,4,2,-6,18.0,0,0,15.0,1,1,1,1,19,17,20,17,1,1,1,3,1,5,11,18,18,1,1,7,8,1,21,2,14,18,16,2,1,15,1,15:59,1,2025-26
2025-26,1629011,Mitchell Robinson,Mitchell,1610612752,NYK,New York Knicks,0022501229,2025-12-13T00:00:00,NYK @ ORL,W,17.441666666666666,2,2,1.0,0,0,0.0,1,2,0.5,4,5,9,0,0,0,4,0,0,1,5,4,27.8,0,0,22.0,1,1,1,1,10,9,14,1,1,1,1,4,6,3,11,4,9,17,14,13,1,1,1,11,9,9,6,2,1,6,1,17:27,1,2025-26
2025-26,1629011,Mitchell Robinson,Mitchell,1610612752,NYK,New York Knicks,0022500382,2025-12-19T00:00:00,NYK vs. PHI,L,26.05,7,8,0.875,0,0,0.0,7,8,0.875,6,10,16,1,1,1,2,1,2,5,21,2,49.7,1,0,44.0,1,16,16,16,1,1,1,8,1,1,1,1,1,2,6,1,1,7,5,7,3,20,9,1,1,11,1,1,1,1,1,26:03,1,2025-26
2025-26,1629011,Mitchell Robinson,Mitchell,1610612752,NYK,New York Knicks,0022500398,2025-12-21T00:00:00,NYK vs. MIA,W,22.366666666666667,3,4,0.75,0,0,0.0,3,3,1.0,2,5,7,2,0,2,1,0,3,2,9,6,29.4,0,0,24.0,1,1,1,1,4,4,3,10,1,1,1,2,5,1,20,4,14,2,14,2,8,1,14,5,2,8,5,2,1,4,1,22:22,1,2025-26
2025-26,1629011,Mitchell Robinson,Mitchell,1610612752,NYK,New York Knicks,0022500416,2025-12-23T00:00:00,NYK @ MIN,L,26.05,1,4,0.25,0,0,0.0,0,0,0.0,6,1,7,1,2,1,2,0,3,2,2,-15,18.9,0,0,16.0,1,16,16,16,1,13,3,15,1,1,1,8,12,8,6,18,14,7,1,7,3,1,14,5,14,22,15,2,1,14,1,26:03,1,2025-26
2025-26,1629011,Mitchell Robinson,Mitchell,1610612752,NYK,New York Knicks,0022500009,2025-12-25T00:00:00,NYK vs. CLE,W,16.615,0,1,0.0,0,0,0.0,0,2,0.0,8,5,13,2,1,0,1,0,2,2,0,0,20.6,0,0,17.0,1,1,1,1,15,17,18,17,1,1,1,8,6,8,2,4,3,2,5,13,8,1,9,5,19,12,10,2,1,11,1,16:37,1,2025-26
2025-26,1629011,Mitchell Robinson,Mitchell,1610612752,NYK,New York Knicks,0022500435,2025-12-27T00:00:00,NYK @ ATL,W,18.2,3,3,1.0,0,0,0.0,0,0,0.0,4,5,9,1,0,2,1,0,1,1,6,10,27.3,0,0,22.0,1,1,1,1,9,4,8,1,1,1,1,8,12,8,11,4,9,7,14,2,8,1,3,11,5,5,7,2,1,6,1,18:12,1,2025-26
