SEASON_YEAR,PLAYER_ID,PLAYER_NAME,NICKNAME,TEAM_ID,TEAM_ABBREVIATION,TEAM_NAME,GAME_ID,GAME_DATE,MATCHUP,WL,MIN,FGM,FGA,FG_PCT,FG3M,FG3A,FG3_PCT,FTM,FTA,FT_PCT,OREB,DREB,REB,AST,TOV,STL,BLK,BLKA,PF,PFD,PTS,PLUS_MINUS,NBA_FANTASY_PTS,DD2,TD3,WNBA_FANTASY_PTS,GP_RANK,W_RANK,L_RANK,W_PCT_RANK,MIN_RANK,FGM_RANK,FGA_RANK,FG_PCT_RANK,FG3M_RANK,FG3A_RANK,FG3_PCT_RANK,FTM_RANK,FTA_RANK,FT_PCT_RANK,OREB_RANK,DREB_RANK,REB_RANK,AST_RANK,TOV_RANK,STL_RANK,BLK_RANK,BLKA_RANK,PF_RANK,PFD_RANK,PTS_RANK,PLUS_MINUS_RANK,NBA_FANTASY_PTS_RANK,DD2_RANK,TD3_RANK,WNBA_FANTASY_PTS_RANK,AVAILABLE_FLAG,MIN_SEC,TEAM_COUNT,SEASON
2017-18,203497,Rudy Gobert,Rudy,1610612762,UTA,Utah Jazz,0021700010,2017-10-18T00:00:00,UTA vs. DEN,W,35.016666666666666,7,9,0.778,0,0,0.0,4,4,1.0,3,7,10,1,6,0,1,0,4,2,18,-14,28.5,1,0,31.0,1,1,1,1,21,6,18,9,1,1,1,18,33,1,18,31,29,22,1,29,42,1,41,50,12,51,43,1,1,28,1,35:01,1,2017-18
2017-18,203497,Rudy Gobert,Rudy,1610612762,UTA,Utah Jazz,0021700023,2017-10-20T00:00:00,UTA @ MIN,L,32.96666666666667,5,10,0.5,0,0,0.0,0,0,0.0,4,9,13,0,3,2,2,0,2,3,10,-15,34.6,1,0,31.0,1,38,38,38,29,24,11,39,1,1,1,48,51,48,10,15,13,45,10,4,23,1,12,41,40,52,29,1,1,28,1,32:58,1,2017-18
2017-18,203497,Rudy Gobert,Rudy,1610612762,UTA,Utah Jazz,0021700036,2017-10-21T00:00:00,UTA vs. OKC,W,32.485,8,11,0.727,0,0,0.0,0,0,0.0,3,10,13,2,1,1,0,2,4,4,16,-2,36.6,1,0,33.0,1,1,1,1,32,4,6,15,1,1,1,48,51,48,18,10,13,11,31,14,50,44,41,31,17,39,22,1,1,22,1,32:29,1,2017-18
2017-18,203497,Rudy Gobert,Rudy,1610612762,UTA,Utah Jazz,0021700054,2017-10-24T00:00:00,UTA @ LAC,L,31.283333333333335,5,5,1.0,0,0,0.0,2,3,0.667,2,5,7,2,1,0,3,0,1,3,12,-26,31.4,0,0,27.0,1,38,38,38,38,24,44,1,1,1,1,39,42,26,34,45,46,11,31,29,12,1,3,41,34,56,37,32,1,41,1,31:17,1,2017-18
2017-18,203497,Rudy Gobert,Rudy,1610612762,UTA,Utah Jazz,0021700062,2017-10-25T00:00:00,UTA @ PHX,L,36.218333333333334,5,9,0.556,0,0,0.0,6,8,0.75,1,13,14,1,4,0,5,1,2,6,16,0,45.3,1,0,41.0,1,38,38,38,13,24,18,35,1,1,1,8,10,15,48,3,10,22,5,29,2,24,12,12,17,33,14,1,1,13,1,36:13,1,2017-18
2017-18,203497,Rudy Gobert,Rudy,1610612762,UTA,Utah Jazz,0021700082,2017-10-28T00:00:00,UTA vs. LAL,W,35.45,3,5,0.6,0,0,0.0,0,2,0.0,3,5,8,0,1,0,3,0,3,5,6,22,23.6,0,0,20.0,1,1,1,1,18,41,44,29,1,1,1,48,44,48,18,45,43,45,31,29,12,1,25,22,47,8,50,32,1,52,1,35:27,1,2017-18
2017-18,203497,Rudy Gobert,Rudy,1610612762,UTA,Utah Jazz,0021700098,2017-10-30T00:00:00,UTA vs. DAL,W,33.23833333333334,4,6,0.667,0,0,0.0,9,12,0.75,3,9,12,6,3,2,6,1,2,10,17,32,61.4,1,0,51.0,1,1,1,1,28,35,39,21,1,1,1,2,4,15,18,15,19,1,10,4,1,24,12,2,14,3,1,1,1,2,2,33:14,1,2017-18
2017-18,203497,Rudy Gobert,Rudy,1610612762,UTA,Utah Jazz,0021700115,2017-11-01T00:00:00,UTA vs. POR,W,38.333333333333336,5,9,0.556,0,0,0.0,6,9,0.667,2,8,10,1,2,0,3,1,2,5,16,0,36.5,1,0,33.0,1,1,1,1,6,24,18,35,1,1,1,8,7,26,34,22,29,22,19,29,12,24,12,22,17,33,23,1,1,22,2,38:20,1,2017-18
2017-18,203497,Rudy Gobert,Rudy,1610612762,UTA,Utah Jazz,0021700128,2017-11-03T00:00:00,UTA vs. TOR,L,34.583333333333336,6,10,0.6,0,0,0.0,3,4,0.75,4,3,7,0,1,0,2,2,2,7,15,-5,28.4,0,0,26.0,1,38,38,38,23,16,11,29,1,1,1,26,33,15,10,52,46,45,31,29,23,44,12,9,23,43,44,32,1,42,1,34:35,1,2017-18
2017-18,203497,Rudy Gobert,Rudy,1610612762,UTA,Utah Jazz,0021700140,2017-11-05T00:00:00,UTA @ HOU,L,25.25,6,11,0.545,0,0,0.0,1,1,1.0,2,3,5,1,0,0,0,3,2,3,13,-16,20.5,0,0,19.0,1,38,38,38,54,16,6,37,1,1,1,45,49,1,34,52,54,22,46,29,50,54,12,41,29,53,53,32,1,53,1,25:15,1,2017-18
2017-18,203497,Rudy Gobert,Rudy,1610612762,UTA,Utah Jazz,0021700156,2017-11-07T00:00:00,UTA vs. PHI,L,35.71666666666667,4,8,0.5,0,0,0.0,8,12,0.667,6,9,15,1,2,2,3,0,4,11,16,-18,48.5,1,0,42.0,1,38,38,38,17,35,26,39,1,1,1,5,4,26,1,15,7,22,19,4,12,1,41,1,17,55,8,1,1,8,1,35:43,1,2017-18
2017-18,203497,Rudy Gobert,Rudy,1610612762,UTA,Utah Jazz,0021700175,2017-11-10T00:00:00,UTA vs. MIA,L,35.266666666666666,4,7,0.571,0,0,0.0,4,5,0.8,1,11,12,0,1,0,2,0,3,6,12,-12,31.4,1,0,28.0,1,38,38,38,20,35,34,33,1,1,1,18,26,12,48,8,19,45,31,29,23,1,25,12,34,50,37,1,1,38,1,35:16,1,2017-18
2017-18,203497,Rudy Gobert,Rudy,1610612762,UTA,Utah Jazz,0021700349,2017-12-04T00:00:00,UTA vs. WAS,W,21.15,2,4,0.5,0,0,0.0,0,0,0.0,4,6,10,3,2,1,2,0,3,5,4,18,27.5,0,0,23.0,1,1,1,1,55,48,51,39,1,1,1,48,51,48,10,38,29,3,19,14,23,1,25,22,53,14,45,32,1,47,1,21:09,1,2017-18
2017-18,203497,Rudy Gobert,Rudy,1610612762,UTA,Utah Jazz,0021700351,2017-12-05T00:00:00,UTA @ OKC,L,26.883333333333333,1,2,0.5,0,0,0.0,3,6,0.5,1,5,6,0,1,1,1,1,5,3,5,-3,17.2,0,0,15.0,1,38,38,38,51,54,55,39,1,1,1,26,17,36,48,45,50,45,31,14,42,24,51,41,52,42,55,32,1,55,1,26:53,1,2017-18
2017-18,203497,Rudy Gobert,Rudy,1610612762,UTA,Utah Jazz,0021700366,2017-12-07T00:00:00,UTA vs. HOU,L,27.683333333333334,2,5,0.4,0,0,0.0,2,2,1.0,2,7,9,1,5,1,2,1,1,5,6,-1,22.3,0,0,22.0,1,38,38,38,50,48,44,49,1,1,1,39,44,1,34,31,39,22,2,14,23,24,3,22,47,36,52,32,1,51,1,27:41,1,2017-18
2017-18,203497,Rudy Gobert,Rudy,1610612762,UTA,Utah Jazz,0021700381,2017-12-09T00:00:00,UTA @ MIL,L,28.883333333333333,6,8,0.75,0,0,0.0,8,14,0.571,3,6,9,1,2,0,1,0,1,10,20,-16,33.3,0,0,32.0,1,38,38,38,43,16,26,11,1,1,1,5,2,33,18,38,39,22,19,29,42,1,3,2,8,53,35,32,1,24,1,28:53,1,2017-18
2017-18,203497,Rudy Gobert,Rudy,1610612762,UTA,Utah Jazz,0021700409,2017-12-13T00:00:00,UTA @ CHI,L,26.298333333333332,3,7,0.429,0,0,0.0,0,0,0.0,3,8,11,1,0,0,5,1,0,3,6,14,35.7,0,0,28.0,1,38,38,38,52,41,34,47,1,1,1,48,51,48,18,22,25,22,46,29,2,24,1,41,47,20,27,32,1,38,1,26:18,1,2017-18
2017-18,203497,Rudy Gobert,Rudy,1610612762,UTA,Utah Jazz,0021700423,2017-12-15T00:00:00,UTA @ BOS,W,1.8166666666666667,0,1,0.0,0,0,0.0,0,0,0.0,0,1,1,0,0,0,0,1,0,0,0,-1,1.2,0,0,1.0,1,1,1,1,56,56,56,56,1,1,1,48,51,48,56,56,56,45,46,29,50,24,1,56,56,36,56,32,1,56,1,1:49,1,2017-18
2017-18,203497,Rudy Gobert,Rudy,1610612762,UTA,Utah Jazz,0021700672,2018-01-19T00:00:00,UTA vs. NYK,L,29.766666666666666,7,10,0.7,0,0,0.0,9,15,0.6,5,9,14,1,3,0,3,2,5,10,23,0,47.3,1,0,44.0,1,38,38,38,42,6,11,19,1,1,1,2,1,31,5,15,10,22,10,29,12,44,51,2,2,33,11,1,1,3,1,29:46,1,2017-18
2017-18,203497,Rudy Gobert,Rudy,1610612762,UTA,Utah Jazz,0021700681,2018-01-20T00:00:00,UTA vs. LAC,W,28.1,6,9,0.667,0,0,0.0,4,7,0.571,1,6,7,0,0,0,3,0,5,4,16,5,33.4,0,0,29.0,1,1,1,1,46,16,18,21,1,1,1,18,13,33,48,38,46,45,46,29,12,1,51,31,17,26,34,32,1,34,2,28:06,1,2017-18
2017-18,203497,Rudy Gobert,Rudy,1610612762,UTA,Utah Jazz,0021700688,2018-01-22T00:00:00,UTA @ ATL,L,27.95,2,6,0.333,0,0,0.0,2,3,0.667,2,8,10,1,3,3,3,1,3,2,6,-8,34.5,0,0,29.0,1,38,38,38,47,48,39,53,1,1,1,39,42,26,34,22,29,22,10,1,12,24,25,50,47,46,30,32,1,34,1,27:57,1,2017-18
2017-18,203497,Rudy Gobert,Rudy,1610612762,UTA,Utah Jazz,0021700702,2018-01-24T00:00:00,UTA @ DET,W,37.96666666666667,6,13,0.462,0,0,0.0,3,6,0.5,3,5,8,1,0,0,4,3,3,6,15,3,38.1,0,0,32.0,1,1,1,1,7,16,2,44,1,1,1,26,17,36,18,45,43,22,46,29,6,54,25,12,23,29,20,32,1,24,1,37:58,1,2017-18
2017-18,203497,Rudy Gobert,Rudy,1610612762,UTA,Utah Jazz,0021700716,2018-01-26T00:00:00,UTA @ TOR,W,31.3,7,13,0.538,0,0,0.0,4,5,0.8,5,10,15,3,3,1,2,2,1,6,18,2,46.5,1,0,42.0,1,1,1,1,37,6,2,38,1,1,1,18,26,12,5,10,7,3,10,14,23,44,3,12,12,30,12,1,1,8,1,31:18,1,2017-18
2017-18,203497,Rudy Gobert,Rudy,1610612762,UTA,Utah Jazz,0021700751,2018-01-30T00:00:00,UTA vs. GSW,W,27.783333333333335,4,7,0.571,0,0,0.0,1,2,0.5,3,3,6,1,0,3,1,2,1,3,9,26,29.7,0,0,24.0,1,1,1,1,48,35,34,33,1,1,1,45,44,36,18,52,50,22,46,1,42,44,3,41,44,5,41,32,1,45,1,27:47,1,2017-18
2017-18,203497,Rudy Gobert,Rudy,1610612762,UTA,Utah Jazz,0021700773,2018-02-02T00:00:00,UTA @ PHX,W,32.333333333333336,5,8,0.625,0,0,0.0,0,1,0.0,3,6,9,1,5,1,5,2,4,3,10,40,35.3,0,0,32.0,1,1,1,1,33,24,26,27,1,1,1,48,49,48,18,38,39,22,2,14,2,44,41,41,40,1,28,32,1,24,1,32:20,1,2017-18
2017-18,203497,Rudy Gobert,Rudy,1610612762,UTA,Utah Jazz,0021700781,2018-02-03T00:00:00,UTA @ SAS,W,31.966666666666665,3,7,0.429,0,0,0.0,5,7,0.714,2,8,10,3,0,0,3,0,4,6,11,13,36.5,1,0,30.0,1,1,1,1,35,41,34,47,1,1,1,13,13,25,34,22,29,3,46,29,12,1,41,12,38,22,23,1,1,30,1,31:58,1,2017-18
2017-18,203497,Rudy Gobert,Rudy,1610612762,UTA,Utah Jazz,0021700793,2018-02-05T00:00:00,UTA @ NOP,W,32.833333333333336,7,8,0.875,0,0,0.0,5,5,1.0,2,8,10,1,1,1,1,0,4,4,19,15,37.5,1,0,34.0,1,1,1,1,30,6,26,4,1,1,1,13,26,1,34,22,29,22,31,14,42,1,41,31,10,18,21,1,1,20,1,32:50,1,2017-18
2017-18,203497,Rudy Gobert,Rudy,1610612762,UTA,Utah Jazz,0021700808,2018-02-07T00:00:00,UTA @ MEM,W,37.72833333333333,1,5,0.2,0,0,0.0,6,8,0.75,3,9,12,2,4,0,2,1,5,5,8,-1,27.4,0,0,26.0,1,1,1,1,8,54,44,55,1,1,1,8,10,15,18,15,19,11,5,29,23,24,51,22,46,36,46,32,1,42,1,37:44,1,2017-18
2017-18,203497,Rudy Gobert,Rudy,1610612762,UTA,Utah Jazz,0021700824,2018-02-09T00:00:00,UTA vs. CHA,W,32.81666666666667,7,8,0.875,0,0,0.0,6,8,0.75,3,8,11,3,0,0,2,0,1,6,20,8,43.7,1,0,38.0,1,1,1,1,31,6,26,4,1,1,1,8,10,15,18,22,25,3,46,29,23,1,3,12,8,25,16,1,1,17,1,32:49,1,2017-18
2017-18,203497,Rudy Gobert,Rudy,1610612762,UTA,Utah Jazz,0021700840,2018-02-11T00:00:00,UTA @ POR,W,34.03333333333333,3,9,0.333,0,0,0.0,6,7,0.857,2,9,11,3,2,0,2,0,3,7,12,4,33.7,1,0,30.0,1,1,1,1,26,41,18,53,1,1,1,8,13,8,34,15,25,3,19,29,23,1,25,9,34,27,32,1,1,30,1,34:02,1,2017-18
2017-18,203497,Rudy Gobert,Rudy,1610612762,UTA,Utah Jazz,0021700845,2018-02-12T00:00:00,UTA vs. SAS,W,31.16,4,9,0.444,0,0,0.0,2,5,0.4,4,8,12,2,2,1,2,1,2,7,10,4,34.4,1,0,30.0,1,1,1,1,39,35,18,46,1,1,1,39,26,46,10,22,19,11,19,14,23,24,12,9,40,27,31,1,1,30,1,31:10,1,2017-18
2017-18,203497,Rudy Gobert,Rudy,1610612762,UTA,Utah Jazz,0021700863,2018-02-14T00:00:00,UTA vs. PHX,W,37.06666666666667,5,8,0.625,0,0,0.0,4,4,1.0,2,15,17,1,0,0,0,0,4,2,14,17,35.9,1,0,32.0,1,1,1,1,10,24,26,27,1,1,1,18,33,1,34,1,1,22,46,29,50,1,41,50,28,15,26,1,1,24,1,37:04,1,2017-18
2017-18,203497,Rudy Gobert,Rudy,1610612762,UTA,Utah Jazz,0021700882,2018-02-23T00:00:00,UTA vs. POR,L,34.3,6,9,0.667,0,0,0.0,3,4,0.75,2,7,9,3,2,2,4,2,2,5,15,-10,46.3,0,0,39.0,1,38,38,38,24,16,18,21,1,1,1,26,33,15,34,31,39,3,19,4,6,44,12,22,23,48,13,32,1,15,1,34:18,1,2017-18
2017-18,203497,Rudy Gobert,Rudy,1610612762,UTA,Utah Jazz,0021700890,2018-02-24T00:00:00,UTA vs. DAL,W,34.65,5,6,0.833,0,0,0.0,3,6,0.5,1,9,10,1,2,0,0,0,3,5,13,16,24.5,1,0,24.0,1,1,1,1,22,24,39,8,1,1,1,26,17,36,48,15,29,22,19,29,50,1,25,22,29,17,49,1,1,45,1,34:39,1,2017-18
2017-18,203497,Rudy Gobert,Rudy,1610612762,UTA,Utah Jazz,0021700905,2018-02-26T00:00:00,UTA vs. HOU,L,36.13333333333333,7,8,0.875,0,0,0.0,3,5,0.6,2,4,6,1,1,1,2,0,4,5,17,-9,33.7,0,0,30.0,1,38,38,38,14,6,26,4,1,1,1,26,26,31,34,51,50,22,31,14,23,1,41,22,14,47,32,32,1,30,1,36:08,1,2017-18
2017-18,203497,Rudy Gobert,Rudy,1610612762,UTA,Utah Jazz,0021700934,2018-03-02T00:00:00,UTA vs. MIN,W,35.916666666666664,7,9,0.778,0,0,0.0,12,14,0.857,3,13,16,1,1,1,4,0,3,9,26,10,60.7,1,0,53.0,1,1,1,1,15,6,18,9,1,1,1,1,2,8,18,3,3,22,31,14,6,1,25,5,1,23,2,1,1,1,1,35:55,1,2017-18
2017-18,203497,Rudy Gobert,Rudy,1610612762,UTA,Utah Jazz,0021700942,2018-03-03T00:00:00,UTA @ SAC,W,36.31666666666667,6,10,0.6,0,0,0.0,4,7,0.571,5,7,12,2,1,3,3,1,2,8,16,10,50.4,1,0,42.0,1,1,1,1,12,16,11,29,1,1,1,18,13,33,5,31,19,11,31,1,12,24,12,7,17,23,4,1,1,8,1,36:19,1,2017-18
2017-18,203497,Rudy Gobert,Rudy,1610612762,UTA,Utah Jazz,0021700955,2018-03-05T00:00:00,UTA vs. ORL,W,37.083333333333336,9,10,0.9,0,0,0.0,3,6,0.5,3,14,17,0,2,1,2,1,3,5,21,22,48.4,1,0,44.0,1,1,1,1,9,2,11,3,1,1,1,26,17,36,18,2,1,45,19,14,23,24,25,22,6,8,9,1,1,3,1,37:05,1,2017-18
2017-18,203497,Rudy Gobert,Rudy,1610612762,UTA,Utah Jazz,0021700965,2018-03-07T00:00:00,UTA @ IND,W,38.763333333333335,10,14,0.714,0,0,0.0,3,4,0.75,3,11,14,0,2,1,1,1,3,4,23,15,43.8,1,0,41.0,1,1,1,1,5,1,1,17,1,1,1,26,33,15,18,8,10,45,19,14,42,24,25,31,2,18,15,1,1,13,1,38:46,1,2017-18
2017-18,203497,Rudy Gobert,Rudy,1610612762,UTA,Utah Jazz,0021700980,2018-03-09T00:00:00,UTA @ MEM,W,34.13166666666667,2,5,0.4,0,0,0.0,0,0,0.0,4,6,10,1,3,2,2,1,3,3,4,22,26.5,0,0,23.0,1,1,1,1,25,48,44,49,1,1,1,48,51,48,10,38,29,22,10,4,23,24,25,41,53,8,47,32,1,47,1,34:08,1,2017-18
2017-18,203497,Rudy Gobert,Rudy,1610612762,UTA,Utah Jazz,0021700995,2018-03-11T00:00:00,UTA @ NOP,W,39.785,5,13,0.385,0,0,0.0,9,9,1.0,4,12,16,3,1,0,2,4,2,9,19,24,47.7,1,0,42.0,1,1,1,1,3,24,2,52,1,1,1,2,7,1,10,5,3,3,31,29,23,56,12,5,10,6,10,1,1,8,1,39:47,1,2017-18
2017-18,203497,Rudy Gobert,Rudy,1610612762,UTA,Utah Jazz,0021701013,2018-03-13T00:00:00,UTA vs. DET,W,30.566666666666666,9,12,0.75,0,0,0.0,4,9,0.444,5,7,12,1,3,0,2,1,3,6,22,28,40.9,1,0,39.0,1,1,1,1,41,2,5,11,1,1,1,18,7,45,5,31,19,22,10,29,23,24,25,12,4,4,18,1,1,15,1,30:34,1,2017-18
2017-18,203497,Rudy Gobert,Rudy,1610612762,UTA,Utah Jazz,0021701027,2018-03-15T00:00:00,UTA vs. PHX,W,34.03333333333333,8,11,0.727,0,0,0.0,5,6,0.833,6,7,13,2,0,1,2,2,4,4,21,24,48.6,1,0,42.0,1,1,1,1,26,4,6,15,1,1,1,13,17,10,1,31,13,11,46,14,23,44,41,31,6,6,6,1,1,8,1,34:02,1,2017-18
2017-18,203497,Rudy Gobert,Rudy,1610612762,UTA,Utah Jazz,0021701043,2018-03-17T00:00:00,UTA vs. SAC,W,39.266666666666666,7,8,0.875,0,0,0.0,8,10,0.8,3,10,13,0,1,0,4,0,2,6,22,19,48.6,1,0,43.0,1,1,1,1,4,6,26,4,1,1,1,5,6,12,18,10,13,45,31,29,6,1,12,12,4,13,6,1,1,5,1,39:16,1,2017-18
2017-18,203497,Rudy Gobert,Rudy,1610612762,UTA,Utah Jazz,0021701062,2018-03-20T00:00:00,UTA vs. ATL,L,35.42333333333333,7,10,0.7,0,0,0.0,1,2,0.5,6,10,16,0,4,0,2,1,5,2,15,-2,36.2,1,0,35.0,1,38,38,38,19,6,11,19,1,1,1,45,44,36,1,10,3,45,5,29,23,24,51,50,23,39,25,1,1,18,1,35:25,1,2017-18
2017-18,203497,Rudy Gobert,Rudy,1610612762,UTA,Utah Jazz,0021701076,2018-03-22T00:00:00,UTA @ DAL,W,35.733333333333334,3,4,0.75,0,0,0.0,5,5,1.0,2,5,7,2,0,2,5,1,3,4,11,-2,43.4,0,0,34.0,1,1,1,1,16,41,51,11,1,1,1,13,26,1,34,45,46,11,46,4,2,24,25,31,38,39,17,32,1,20,1,35:44,1,2017-18
2017-18,203497,Rudy Gobert,Rudy,1610612762,UTA,Utah Jazz,0021701085,2018-03-23T00:00:00,UTA @ SAS,L,40.22666666666667,4,6,0.667,0,0,0.0,5,6,0.833,2,6,8,1,1,2,0,0,5,6,13,-10,29.1,0,0,26.0,1,38,38,38,1,35,39,21,1,1,1,13,17,10,34,38,43,22,31,4,50,1,51,12,29,48,42,32,1,42,1,40:14,1,2017-18
2017-18,203497,Rudy Gobert,Rudy,1610612762,UTA,Utah Jazz,0021701102,2018-03-25T00:00:00,UTA @ GSW,W,31.133333333333333,7,11,0.636,0,0,0.0,3,4,0.75,5,10,15,3,1,0,4,1,2,6,17,14,50.5,1,0,43.0,1,1,1,1,40,6,6,26,1,1,1,26,33,15,5,10,7,3,31,29,6,24,12,12,14,20,3,1,1,5,1,31:08,1,2017-18
2017-18,203497,Rudy Gobert,Rudy,1610612762,UTA,Utah Jazz,0021701121,2018-03-28T00:00:00,UTA vs. BOS,L,39.88166666666667,3,5,0.6,0,0,0.0,4,6,0.667,3,8,11,2,4,1,2,0,1,3,10,-7,31.2,1,0,29.0,1,38,38,38,2,41,44,29,1,1,1,18,17,26,18,22,25,11,5,14,23,1,3,41,40,45,39,1,1,34,1,39:53,1,2017-18
2017-18,203497,Rudy Gobert,Rudy,1610612762,UTA,Utah Jazz,0021701135,2018-03-30T00:00:00,UTA vs. MEM,W,28.866666666666667,3,4,0.75,0,0,0.0,3,6,0.5,2,8,10,0,4,2,0,1,3,4,9,1,23.0,0,0,23.0,1,1,1,1,44,41,51,11,1,1,1,26,17,36,34,22,29,45,5,4,50,24,25,31,44,32,51,32,1,47,2,28:52,1,2017-18
2017-18,203497,Rudy Gobert,Rudy,1610612762,UTA,Utah Jazz,0021701151,2018-04-01T00:00:00,UTA @ MIN,W,32.266666666666666,2,3,0.667,0,0,0.0,2,4,0.5,1,12,13,1,3,0,4,0,1,2,6,22,32.1,0,0,28.0,1,1,1,1,34,48,54,21,1,1,1,39,33,36,48,5,13,22,10,29,6,1,3,50,47,8,36,32,1,38,1,32:16,1,2017-18
2017-18,203497,Rudy Gobert,Rudy,1610612762,UTA,Utah Jazz,0021701166,2018-04-03T00:00:00,UTA vs. LAL,W,36.4,5,10,0.5,0,0,0.0,2,5,0.4,4,12,16,5,5,2,3,2,3,4,12,17,48.7,1,0,43.0,1,1,1,1,11,24,11,39,1,1,1,39,26,46,10,5,3,2,2,4,12,44,25,31,34,15,5,1,1,5,1,36:24,1,2017-18
2017-18,203497,Rudy Gobert,Rudy,1610612762,UTA,Utah Jazz,0021701179,2018-04-05T00:00:00,UTA vs. LAC,W,27.716666666666665,6,6,1.0,0,0,0.0,3,6,0.5,4,6,10,2,2,1,3,0,1,8,15,22,40.0,1,0,35.0,1,1,1,1,49,16,39,1,1,1,1,26,17,36,10,38,29,11,19,14,12,1,3,7,23,8,19,1,1,18,1,27:43,1,2017-18
2017-18,203497,Rudy Gobert,Rudy,1610612762,UTA,Utah Jazz,0021701201,2018-04-08T00:00:00,UTA @ LAL,W,25.8,2,5,0.4,0,0,0.0,0,2,0.0,1,5,6,2,3,2,1,1,4,2,4,2,20.2,0,0,18.0,1,1,1,1,53,48,44,49,1,1,1,48,44,48,48,45,50,11,10,4,42,24,41,50,53,30,54,32,1,54,1,25:48,1,2017-18
2017-18,203497,Rudy Gobert,Rudy,1610612762,UTA,Utah Jazz,0021701217,2018-04-10T00:00:00,UTA vs. GSW,W,28.35,5,7,0.714,0,0,0.0,3,4,0.75,1,3,4,2,1,0,2,0,2,4,13,36,25.8,0,0,23.0,1,1,1,1,45,24,34,17,1,1,1,26,33,15,48,52,55,11,31,29,23,1,12,31,29,2,48,32,1,47,1,28:21,1,2017-18
2017-18,203497,Rudy Gobert,Rudy,1610612762,UTA,Utah Jazz,0021701229,2018-04-11T00:00:00,UTA @ POR,L,31.966666666666665,5,11,0.455,0,0,0.0,3,4,0.75,6,7,13,1,2,0,1,2,3,4,13,-6,31.1,1,0,29.0,1,38,38,38,35,24,6,45,1,1,1,26,33,15,1,31,13,22,19,29,42,44,25,31,29,44,40,1,1,34,1,31:58,1,2017-18
2018-19,203497,Rudy Gobert,Rudy,1610612762,UTA,Utah Jazz,0021800011,2018-10-17T00:00:00,UTA @ SAC,W,37.266666666666666,7,9,0.778,0,0,0.0,5,5,1.0,3,12,15,0,2,0,3,0,3,4,19,-9,44.0,1,0,40.0,1,1,1,1,6,20,31,21,1,1,1,18,52,1,41,12,20,71,19,46,19,1,33,64,20,65,36,1,1,34,1,37:16,1,2018-19
2018-19,203497,Rudy Gobert,Rudy,1610612762,UTA,Utah Jazz,0021800024,2018-10-19T00:00:00,UTA vs. GSW,L,34.68333333333333,4,6,0.667,0,0,0.0,8,11,0.727,2,9,11,2,4,3,1,1,2,9,16,5,40.2,1,0,37.0,1,51,51,51,22,57,68,40,1,1,1,4,3,28,62,36,52,25,2,1,57,41,13,2,39,44,48,1,1,42,1,34:41,1,2018-19
2018-19,203497,Rudy Gobert,Rudy,1610612762,UTA,Utah Jazz,0021800045,2018-10-22T00:00:00,UTA vs. MEM,L,33.483333333333334,4,6,0.667,0,0,0.0,3,5,0.6,2,10,12,1,1,1,2,0,4,6,11,-2,34.9,1,0,30.0,1,51,51,51,33,57,68,40,1,1,1,48,52,44,62,27,46,48,42,18,36,1,61,28,69,53,64,1,1,63,1,33:29,1,2018-19
2018-19,203497,Rudy Gobert,Rudy,1610612762,UTA,Utah Jazz,0021800057,2018-10-24T00:00:00,UTA @ HOU,W,34.35,4,5,0.8,0,0,0.0,4,6,0.667,5,8,13,0,4,2,3,0,5,6,12,15,38.6,1,0,35.0,1,1,1,1,24,57,76,15,1,1,1,33,35,31,16,43,34,71,2,5,19,1,69,28,57,20,50,1,1,46,1,34:21,1,2018-19
2018-19,203497,Rudy Gobert,Rudy,1610612762,UTA,Utah Jazz,0021800075,2018-10-27T00:00:00,UTA @ NOP,W,31.483333333333334,11,13,0.846,0,0,0.0,3,5,0.6,4,10,14,0,0,1,4,2,1,7,25,23,56.8,1,0,49.0,1,1,1,1,54,1,3,9,1,1,1,48,52,44,28,27,28,71,65,18,6,71,4,18,3,8,7,1,1,7,1,31:29,1,2018-19
2018-19,203497,Rudy Gobert,Rudy,1610612762,UTA,Utah Jazz,0021800084,2018-10-28T00:00:00,UTA @ DAL,W,33.05,9,13,0.692,0,0,0.0,5,6,0.833,6,10,16,2,3,2,3,1,3,5,23,-2,57.2,1,0,51.0,1,1,1,1,39,5,3,39,1,1,1,18,35,14,8,27,12,25,7,5,19,41,33,49,6,53,6,1,1,4,1,33:03,1,2018-19
2018-19,203497,Rudy Gobert,Rudy,1610612762,UTA,Utah Jazz,0021800107,2018-10-31T00:00:00,UTA @ MIN,L,33.5,9,12,0.75,0,0,0.0,4,9,0.444,4,9,13,3,1,1,3,0,3,6,22,13,53.1,1,0,46.0,1,51,51,51,32,5,5,25,1,1,1,33,13,66,28,36,34,11,42,18,19,1,33,28,10,27,11,1,1,12,1,33:30,1,2018-19
2018-19,203497,Rudy Gobert,Rudy,1610612762,UTA,Utah Jazz,0021800122,2018-11-02T00:00:00,UTA vs. MEM,L,36.53333333333333,3,5,0.6,0,0,0.0,3,6,0.5,4,12,16,1,2,0,1,0,3,6,9,3,30.7,0,0,28.0,1,51,51,51,9,76,76,56,1,1,1,48,35,53,28,12,12,48,19,46,57,1,33,28,76,47,72,67,1,71,1,36:32,1,2018-19
2018-19,203497,Rudy Gobert,Rudy,1610612762,UTA,Utah Jazz,0021800131,2018-11-03T00:00:00,UTA @ DEN,L,35.2,5,9,0.556,0,0,0.0,2,8,0.25,5,7,12,1,2,0,1,0,4,7,12,-13,28.9,1,0,27.0,1,51,51,51,18,42,31,64,1,1,1,62,19,76,16,60,46,48,19,46,57,1,61,18,57,70,74,1,1,74,1,35:12,1,2018-19
2018-19,203497,Rudy Gobert,Rudy,1610612762,UTA,Utah Jazz,0021800146,2018-11-05T00:00:00,UTA vs. TOR,L,29.516666666666666,6,9,0.667,0,0,0.0,2,4,0.5,3,9,12,2,2,1,1,0,2,5,14,-4,35.4,1,0,32.0,1,51,51,51,60,31,31,40,1,1,1,62,61,53,41,36,46,25,19,18,57,1,13,49,49,59,60,1,1,54,1,29:31,1,2018-19
2018-19,203497,Rudy Gobert,Rudy,1610612762,UTA,Utah Jazz,0021800160,2018-11-07T00:00:00,UTA vs. DAL,W,31.716666666666665,7,9,0.778,0,0,0.0,3,7,0.429,2,8,10,2,0,1,4,1,6,8,17,10,47.0,1,0,39.0,1,1,1,1,48,20,31,21,1,1,1,48,29,68,62,43,61,25,65,18,6,41,81,7,32,37,26,1,1,36,1,31:43,1,2018-19
2018-19,203497,Rudy Gobert,Rudy,1610612762,UTA,Utah Jazz,0021800172,2018-11-09T00:00:00,UTA vs. BOS,W,36.016666666666666,6,8,0.75,0,0,0.0,5,5,1.0,2,13,15,2,0,0,2,1,3,5,17,26,44.0,1,0,38.0,1,1,1,1,16,31,45,25,1,1,1,18,52,1,62,7,20,25,65,46,36,41,33,49,32,3,36,1,1,38,1,36:01,1,2018-19
2018-19,203497,Rudy Gobert,Rudy,1610612762,UTA,Utah Jazz,0021800194,2018-11-12T00:00:00,UTA @ MEM,W,32.016666666666666,5,7,0.714,0,0,0.0,5,7,0.714,3,13,16,2,3,0,3,0,4,6,15,15,43.2,1,0,39.0,1,1,1,1,47,42,56,32,1,1,1,18,29,29,41,7,12,25,7,46,19,1,61,28,43,20,42,1,1,36,1,32:01,1,2018-19
2018-19,203497,Rudy Gobert,Rudy,1610612762,UTA,Utah Jazz,0021800210,2018-11-14T00:00:00,UTA @ DAL,L,25.666666666666668,4,6,0.667,0,0,0.0,2,6,0.333,4,7,11,2,0,3,0,0,1,6,10,-20,35.2,1,0,29.0,1,51,51,51,73,57,68,40,1,1,1,62,35,72,28,60,52,25,65,1,72,1,4,28,71,77,61,1,1,66,1,25:40,1,2018-19
2018-19,203497,Rudy Gobert,Rudy,1610612762,UTA,Utah Jazz,0021800218,2018-11-16T00:00:00,UTA @ PHI,L,28.336666666666666,5,10,0.5,0,0,0.0,2,4,0.5,6,4,10,1,3,0,1,0,5,5,12,-26,25.5,1,0,25.0,1,51,51,51,66,42,21,69,1,1,1,62,61,53,8,74,61,48,7,46,57,1,69,49,57,79,78,1,1,75,1,28:20,1,2018-19
2018-19,203497,Rudy Gobert,Rudy,1610612762,UTA,Utah Jazz,0021800229,2018-11-17T00:00:00,UTA @ BOS,W,30.783333333333335,4,5,0.8,0,0,0.0,4,6,0.667,4,6,10,3,1,2,1,0,3,8,12,16,36.5,1,0,31.0,1,1,1,1,56,57,76,15,1,1,1,33,35,31,28,65,61,11,42,5,57,1,33,7,57,18,56,1,1,58,1,30:47,1,2018-19
2018-19,203497,Rudy Gobert,Rudy,1610612762,UTA,Utah Jazz,0021800241,2018-11-19T00:00:00,UTA @ IND,L,25.2,5,8,0.625,0,0,0.0,2,4,0.5,1,10,11,0,0,1,0,2,0,3,12,-18,28.2,1,0,25.0,1,51,51,51,77,42,45,51,1,1,1,62,61,53,77,27,52,71,65,18,72,71,1,72,57,76,76,1,1,75,1,25:12,1,2018-19
2018-19,203497,Rudy Gobert,Rudy,1610612762,UTA,Utah Jazz,0021800263,2018-11-21T00:00:00,UTA vs. SAC,L,34.766666666666666,4,7,0.571,0,0,0.0,5,8,0.625,4,11,15,1,0,1,2,0,2,6,13,-2,41.5,1,0,35.0,1,51,51,51,21,57,56,60,1,1,1,18,19,40,28,17,20,48,65,18,36,1,13,28,52,53,44,1,1,46,1,34:46,1,2018-19
2018-19,203497,Rudy Gobert,Rudy,1610612762,UTA,Utah Jazz,0021800278,2018-11-23T00:00:00,UTA @ LAL,L,33.733333333333334,5,7,0.714,0,0,0.0,3,5,0.6,2,5,7,0,2,1,1,0,1,7,13,-10,25.4,0,0,24.0,1,51,51,51,30,42,56,32,1,1,1,48,52,44,62,71,76,71,19,18,57,1,4,18,52,66,79,67,1,78,1,33:44,1,2018-19
2018-19,203497,Rudy Gobert,Rudy,1610612762,UTA,Utah Jazz,0021800292,2018-11-25T00:00:00,UTA @ SAC,W,28.746666666666666,7,11,0.636,0,0,0.0,4,6,0.667,7,8,15,5,2,1,1,1,3,5,18,13,47.5,1,0,42.0,1,1,1,1,63,20,15,50,1,1,1,33,35,31,3,43,20,3,19,18,57,41,33,49,23,27,24,1,1,24,1,28:45,1,2018-19
2018-19,203497,Rudy Gobert,Rudy,1610612762,UTA,Utah Jazz,0021800299,2018-11-26T00:00:00,UTA vs. IND,L,25.316666666666666,6,7,0.857,0,0,0.0,0,0,0.0,2,4,6,1,1,0,2,0,2,1,12,-24,25.7,0,0,23.0,1,51,51,51,76,31,56,7,1,1,1,79,80,79,62,74,79,48,42,46,36,1,13,80,57,78,77,67,1,79,1,25:19,1,2018-19
2018-19,203497,Rudy Gobert,Rudy,1610612762,UTA,Utah Jazz,0021800308,2018-11-28T00:00:00,UTA @ BKN,W,33.45,10,14,0.714,0,0,0.0,3,9,0.333,6,10,16,3,1,1,4,0,3,8,23,17,60.7,1,0,52.0,1,1,1,1,34,2,2,32,1,1,1,48,13,72,8,27,12,11,42,18,6,1,33,7,6,17,2,1,1,3,1,33:27,1,2018-19
2018-19,203497,Rudy Gobert,Rudy,1610612762,UTA,Utah Jazz,0021800320,2018-11-30T00:00:00,UTA @ CHA,W,38.26,8,12,0.667,0,0,0.0,4,6,0.667,2,15,17,2,2,0,4,0,5,3,20,11,53.4,1,0,47.0,1,1,1,1,5,12,5,40,1,1,1,33,35,31,62,4,8,25,19,46,6,1,69,72,16,34,10,1,1,9,1,38:16,1,2018-19
2018-19,203497,Rudy Gobert,Rudy,1610612762,UTA,Utah Jazz,0021800339,2018-12-02T00:00:00,UTA @ MIA,L,37.25,5,9,0.556,0,0,0.0,2,5,0.4,4,14,18,4,2,1,3,1,2,6,12,19,49.6,1,0,42.0,1,51,51,51,7,42,31,64,1,1,1,62,52,71,28,5,5,6,19,18,19,41,13,28,57,12,19,1,1,24,1,37:15,1,2018-19
2018-19,203497,Rudy Gobert,Rudy,1610612762,UTA,Utah Jazz,0021800354,2018-12-04T00:00:00,UTA vs. SAS,W,28.933333333333334,5,7,0.714,0,0,0.0,8,10,0.8,3,7,10,4,1,0,3,1,2,7,18,30,44.0,1,0,38.0,1,1,1,1,62,42,56,32,1,1,1,4,7,20,41,60,61,6,42,46,19,41,13,18,23,1,36,1,1,38,1,28:56,1,2018-19
2018-19,203497,Rudy Gobert,Rudy,1610612762,UTA,Utah Jazz,0021800367,2018-12-06T00:00:00,UTA vs. HOU,W,2.783333333333333,1,1,1.0,0,0,0.0,0,0,0.0,1,0,1,1,1,0,0,0,2,0,2,-2,3.7,0,0,4.0,1,1,1,1,81,81,81,1,1,1,1,79,80,79,77,81,81,48,42,46,72,1,13,81,81,53,81,67,1,81,1,2:47,1,2018-19
2018-19,203497,Rudy Gobert,Rudy,1610612762,UTA,Utah Jazz,0021800390,2018-12-09T00:00:00,UTA @ SAS,L,33.888333333333335,5,9,0.556,0,0,0.0,2,4,0.5,3,5,8,7,2,1,1,3,0,4,12,-8,36.1,0,0,31.0,1,51,51,51,28,42,31,64,1,1,1,62,61,53,41,71,74,2,19,18,57,79,1,64,57,62,57,67,1,58,1,33:53,1,2018-19
2018-19,203497,Rudy Gobert,Rudy,1610612762,UTA,Utah Jazz,0021800396,2018-12-10T00:00:00,UTA @ OKC,L,21.126666666666665,5,8,0.625,0,0,0.0,3,4,0.75,8,6,14,2,0,0,0,0,5,5,13,-17,32.8,1,0,29.0,1,51,51,51,79,42,45,51,1,1,1,48,61,24,2,65,28,25,65,46,72,1,69,49,52,75,68,1,1,66,1,21:08,1,2018-19
2018-19,203497,Rudy Gobert,Rudy,1610612762,UTA,Utah Jazz,0021800413,2018-12-12T00:00:00,UTA vs. MIA,W,25.566666666666666,4,7,0.571,0,0,0.0,2,4,0.5,0,11,11,2,0,2,2,1,3,5,10,25,38.2,1,0,31.0,1,1,1,1,74,57,56,60,1,1,1,62,61,53,81,17,52,25,65,5,36,41,33,49,71,6,51,1,1,58,1,25:34,1,2018-19
2018-19,203497,Rudy Gobert,Rudy,1610612762,UTA,Utah Jazz,0021800429,2018-12-15T00:00:00,UTA @ ORL,L,32.89333333333333,2,6,0.333,0,0,0.0,2,2,1.0,5,8,13,2,1,2,2,1,2,3,6,-3,35.6,0,0,29.0,1,51,51,51,41,79,68,80,1,1,1,62,77,1,16,43,34,25,42,5,36,41,13,72,79,58,59,67,1,66,1,32:54,1,2018-19
2018-19,203497,Rudy Gobert,Rudy,1610612762,UTA,Utah Jazz,0021800445,2018-12-17T00:00:00,UTA @ HOU,L,31.55,6,10,0.6,0,0,0.0,6,6,1.0,5,8,13,4,1,1,3,2,4,6,18,3,50.6,1,0,43.0,1,51,51,51,51,31,21,56,1,1,1,11,35,1,16,43,34,6,42,18,19,71,61,28,23,47,16,1,1,16,1,31:33,1,2018-19
2018-19,203497,Rudy Gobert,Rudy,1610612762,UTA,Utah Jazz,0021800464,2018-12-19T00:00:00,UTA vs. GSW,W,32.35,6,12,0.5,0,0,0.0,5,6,0.833,4,11,15,1,2,0,4,1,2,6,17,3,46.5,1,0,41.0,1,1,1,1,43,31,5,69,1,1,1,18,35,14,28,17,20,48,19,46,6,41,13,28,32,47,29,1,1,29,1,32:21,1,2018-19
2018-19,203497,Rudy Gobert,Rudy,1610612762,UTA,Utah Jazz,0021800476,2018-12-21T00:00:00,UTA @ POR,W,29.55,4,9,0.444,0,0,0.0,3,3,1.0,2,9,11,3,3,0,2,1,3,2,11,13,31.7,1,0,29.0,1,1,1,1,59,57,31,75,1,1,1,48,74,1,62,36,52,11,7,46,36,41,33,77,69,27,71,1,1,66,1,29:33,1,2018-19
2018-19,203497,Rudy Gobert,Rudy,1610612762,UTA,Utah Jazz,0021800485,2018-12-22T00:00:00,UTA vs. OKC,L,34.0,8,15,0.533,0,0,0.0,4,6,0.667,3,7,10,0,0,0,1,3,1,5,20,3,35.0,1,0,32.0,1,51,51,51,27,12,1,68,1,1,1,33,35,31,41,60,61,71,65,46,57,79,4,49,16,47,63,1,1,54,1,34:00,1,2018-19
2018-19,203497,Rudy Gobert,Rudy,1610612762,UTA,Utah Jazz,0021800501,2018-12-25T00:00:00,UTA vs. POR,W,33.083333333333336,7,10,0.7,0,0,0.0,4,9,0.444,4,10,14,0,3,1,7,1,3,8,18,10,55.8,1,0,48.0,1,1,1,1,38,20,21,37,1,1,1,33,13,66,28,27,28,71,7,18,1,41,33,7,23,37,8,1,1,8,1,33:05,1,2018-19
2018-19,203497,Rudy Gobert,Rudy,1610612762,UTA,Utah Jazz,0021800515,2018-12-27T00:00:00,UTA vs. PHI,L,36.36666666666667,5,9,0.556,0,0,0.0,7,8,0.875,5,10,15,5,3,2,0,0,2,7,17,-15,45.5,1,0,41.0,1,51,51,51,11,42,31,64,1,1,1,8,19,12,16,27,20,3,7,5,72,1,13,18,32,72,32,1,1,29,1,36:22,1,2018-19
2018-19,203497,Rudy Gobert,Rudy,1610612762,UTA,Utah Jazz,0021800532,2018-12-29T00:00:00,UTA vs. NYK,W,24.966666666666665,10,12,0.833,0,0,0.0,5,6,0.833,5,11,16,0,1,0,1,0,2,7,25,14,46.2,1,0,43.0,1,1,1,1,78,2,5,10,1,1,1,18,35,14,16,17,12,71,42,46,57,1,13,18,3,25,30,1,1,16,1,24:58,1,2018-19
2018-19,203497,Rudy Gobert,Rudy,1610612762,UTA,Utah Jazz,0021800549,2019-01-01T00:00:00,UTA @ TOR,L,32.25,6,7,0.857,0,0,0.0,4,5,0.8,3,6,9,2,0,2,0,1,3,5,16,-11,35.8,0,0,31.0,1,51,51,51,45,31,56,7,1,1,1,33,52,20,41,65,70,25,65,5,72,41,33,49,39,68,58,67,1,58,1,32:15,1,2018-19
2018-19,203497,Rudy Gobert,Rudy,1610612762,UTA,Utah Jazz,0021800567,2019-01-04T00:00:00,UTA @ CLE,W,30.833333333333332,4,4,1.0,0,0,0.0,4,4,1.0,1,6,7,2,1,1,5,0,1,5,12,25,40.4,0,0,33.0,1,1,1,1,55,57,80,1,1,1,1,33,61,1,77,65,76,25,42,18,2,1,4,49,57,6,47,67,1,52,1,30:50,1,2018-19
2018-19,203497,Rudy Gobert,Rudy,1610612762,UTA,Utah Jazz,0021800577,2019-01-05T00:00:00,UTA @ DET,W,26.683333333333334,4,7,0.571,0,0,0.0,1,4,0.25,3,8,11,3,1,0,1,0,4,4,9,6,28.7,0,0,25.0,1,1,1,1,69,57,56,60,1,1,1,76,61,76,41,43,52,11,42,46,57,1,61,64,76,43,75,67,1,75,1,26:41,1,2018-19
2018-19,203497,Rudy Gobert,Rudy,1610612762,UTA,Utah Jazz,0021800594,2019-01-07T00:00:00,UTA @ MIL,L,38.583333333333336,4,8,0.5,0,0,0.0,6,10,0.6,3,12,15,3,2,2,1,2,3,8,14,-14,43.5,1,0,38.0,1,51,51,51,4,57,45,69,1,1,1,11,7,44,41,12,20,11,19,5,57,71,33,7,49,71,40,1,1,38,1,38:35,1,2018-19
2018-19,203497,Rudy Gobert,Rudy,1610612762,UTA,Utah Jazz,0021800614,2019-01-09T00:00:00,UTA vs. ORL,W,36.083333333333336,4,8,0.5,0,0,0.0,4,4,1.0,2,12,14,2,1,1,1,0,4,5,12,12,36.8,1,0,32.0,1,1,1,1,14,57,45,69,1,1,1,33,61,1,62,12,28,25,42,18,57,1,61,49,57,31,55,1,1,54,1,36:05,1,2018-19
2018-19,203497,Rudy Gobert,Rudy,1610612762,UTA,Utah Jazz,0021800627,2019-01-11T00:00:00,UTA vs. LAL,W,31.65,4,10,0.4,0,0,0.0,4,8,0.5,7,11,18,2,2,2,2,2,4,8,12,18,46.6,1,0,40.0,1,1,1,1,49,57,21,76,1,1,1,33,19,53,3,17,5,25,19,5,36,71,61,7,57,16,28,1,1,34,1,31:39,1,2018-19
2018-19,203497,Rudy Gobert,Rudy,1610612762,UTA,Utah Jazz,0021800637,2019-01-12T00:00:00,UTA vs. CHI,W,39.65,5,6,0.833,0,0,0.0,5,9,0.556,5,11,16,8,5,1,2,0,5,6,15,19,50.2,1,0,45.0,1,1,1,1,2,42,68,10,1,1,1,18,13,50,16,17,12,1,1,18,36,1,69,28,43,12,17,1,1,13,1,39:39,1,2018-19
2018-19,203497,Rudy Gobert,Rudy,1610612762,UTA,Utah Jazz,0021800648,2019-01-14T00:00:00,UTA vs. DET,W,36.05,6,9,0.667,0,0,0.0,6,8,0.75,3,22,25,3,1,0,2,0,3,6,18,20,57.5,1,0,50.0,1,1,1,1,15,31,31,40,1,1,1,11,19,24,41,1,1,11,42,46,36,1,33,28,23,11,5,1,1,5,1,36:03,1,2018-19
2018-19,203497,Rudy Gobert,Rudy,1610612762,UTA,Utah Jazz,0021800664,2019-01-16T00:00:00,UTA @ LAC,W,33.583333333333336,7,10,0.7,0,0,0.0,9,10,0.9,6,16,22,1,0,1,4,0,3,6,23,19,65.9,1,0,56.0,1,1,1,1,31,20,21,37,1,1,1,2,7,11,8,2,2,48,65,18,6,1,33,28,6,12,1,1,1,1,1,33:35,1,2018-19
2018-19,203497,Rudy Gobert,Rudy,1610612762,UTA,Utah Jazz,0021800675,2019-01-18T00:00:00,UTA vs. CLE,W,26.633333333333333,8,10,0.8,0,0,0.0,3,3,1.0,3,12,15,5,3,2,2,1,3,3,19,26,53.5,1,0,47.0,1,1,1,1,70,12,21,15,1,1,1,48,74,1,41,12,20,3,7,5,36,41,33,72,20,3,9,1,1,9,1,26:38,1,2018-19
2018-19,203497,Rudy Gobert,Rudy,1610612762,UTA,Utah Jazz,0021800700,2019-01-21T00:00:00,UTA vs. POR,L,33.1,4,10,0.4,0,0,0.0,2,4,0.5,5,8,13,3,4,0,4,4,1,4,10,-5,38.1,1,0,34.0,1,51,51,51,37,57,21,76,1,1,1,62,61,53,16,43,34,11,2,46,6,81,4,64,71,60,52,1,1,49,1,33:06,1,2018-19
2018-19,203497,Rudy Gobert,Rudy,1610612762,UTA,Utah Jazz,0021800715,2019-01-23T00:00:00,UTA vs. DEN,W,36.6,4,11,0.364,0,0,0.0,7,9,0.778,7,3,10,3,0,0,3,1,3,8,15,16,40.5,1,0,34.0,1,1,1,1,8,57,15,79,1,1,1,8,13,23,3,79,61,11,65,46,19,41,33,7,43,18,46,1,1,49,1,36:36,1,2018-19
2018-19,203497,Rudy Gobert,Rudy,1610612762,UTA,Utah Jazz,0021800729,2019-01-25T00:00:00,UTA vs. MIN,W,36.3,8,12,0.667,0,0,0.0,2,4,0.5,9,7,16,2,1,2,5,0,2,7,18,15,60.2,1,0,50.0,1,1,1,1,12,12,5,40,1,1,1,62,61,53,1,60,12,25,42,5,2,1,13,18,23,20,3,1,1,5,1,36:18,1,2018-19
2018-19,203497,Rudy Gobert,Rudy,1610612762,UTA,Utah Jazz,0021800740,2019-01-27T00:00:00,UTA @ MIN,W,32.083333333333336,7,8,0.875,0,0,0.0,3,6,0.5,2,2,4,4,2,2,3,1,3,4,17,0,40.8,0,0,35.0,1,1,1,1,46,20,45,6,1,1,1,48,35,53,62,80,80,6,19,5,19,41,33,64,32,52,45,67,1,46,1,32:05,1,2018-19
2018-19,203497,Rudy Gobert,Rudy,1610612762,UTA,Utah Jazz,0021800763,2019-01-30T00:00:00,UTA @ POR,L,26.633333333333333,7,9,0.778,0,0,0.0,1,2,0.5,1,8,9,2,1,0,2,0,2,2,15,-26,33.8,0,0,30.0,1,51,51,51,70,20,31,21,1,1,1,76,77,53,77,43,70,25,42,46,36,1,13,77,43,79,66,67,1,63,1,26:38,1,2018-19
2018-19,203497,Rudy Gobert,Rudy,1610612762,UTA,Utah Jazz,0021800773,2019-02-01T00:00:00,UTA vs. ATL,W,27.983333333333334,7,7,1.0,0,0,0.0,11,15,0.733,2,11,13,1,3,0,2,0,5,9,25,11,45.1,1,0,43.0,1,1,1,1,68,20,56,1,1,1,1,1,1,27,62,17,34,48,7,46,36,1,69,2,3,34,33,1,1,16,1,27:59,1,2018-19
2018-19,203497,Rudy Gobert,Rudy,1610612762,UTA,Utah Jazz,0021800786,2019-02-02T00:00:00,UTA vs. HOU,L,28.5,3,8,0.375,0,0,0.0,4,6,0.667,5,8,13,1,1,1,2,2,3,6,10,-15,35.1,1,0,30.0,1,51,51,51,64,76,45,78,1,1,1,33,35,31,16,43,34,48,42,18,36,71,33,28,71,72,62,1,1,63,1,28:30,1,2018-19
2018-19,203497,Rudy Gobert,Rudy,1610612762,UTA,Utah Jazz,0021800808,2019-02-06T00:00:00,UTA vs. PHX,W,32.833333333333336,5,8,0.625,0,0,0.0,6,10,0.6,4,8,12,2,0,3,3,0,1,10,16,7,51.4,1,0,42.0,1,1,1,1,42,42,45,51,1,1,1,11,7,44,28,43,46,25,65,1,19,1,4,1,39,42,14,1,1,24,1,32:50,1,2018-19
2018-19,203497,Rudy Gobert,Rudy,1610612762,UTA,Utah Jazz,0021800825,2019-02-09T00:00:00,UTA vs. SAS,W,30.766666666666666,8,10,0.8,0,0,0.0,5,6,0.833,5,8,13,4,3,0,2,0,1,4,21,15,45.6,1,0,42.0,1,1,1,1,57,12,21,15,1,1,1,18,35,14,16,43,34,6,7,46,36,1,4,64,13,20,31,1,1,24,1,30:46,1,2018-19
2018-19,203497,Rudy Gobert,Rudy,1610612762,UTA,Utah Jazz,0021800852,2019-02-12T00:00:00,UTA @ GSW,L,35.46666666666667,4,5,0.8,0,0,0.0,5,6,0.833,3,13,16,3,3,0,0,0,3,4,13,-2,33.7,1,0,32.0,1,51,51,51,17,57,76,15,1,1,1,18,35,14,41,7,12,11,7,46,72,1,33,64,52,53,67,1,1,54,1,35:28,1,2018-19
2018-19,203497,Rudy Gobert,Rudy,1610612762,UTA,Utah Jazz,0021800881,2019-02-22T00:00:00,UTA @ OKC,L,43.983333333333334,9,12,0.75,0,0,0.0,8,13,0.615,7,10,17,2,3,1,3,2,5,9,26,-7,58.4,1,0,53.0,1,51,51,51,1,5,5,25,1,1,1,4,2,43,3,27,8,25,7,18,19,71,69,2,2,61,4,1,1,2,1,43:59,1,2018-19
2018-19,203497,Rudy Gobert,Rudy,1610612762,UTA,Utah Jazz,0021800893,2019-02-23T00:00:00,UTA vs. DAL,W,32.916666666666664,4,8,0.5,0,0,0.0,7,8,0.875,2,10,12,1,2,0,3,1,3,8,15,11,37.9,1,0,34.0,1,1,1,1,40,57,45,69,1,1,1,8,19,12,62,27,46,48,19,46,19,41,33,7,43,34,54,1,1,49,1,32:55,1,2018-19
2018-19,203497,Rudy Gobert,Rudy,1610612762,UTA,Utah Jazz,0021800919,2019-02-27T00:00:00,UTA vs. LAC,W,33.88333333333333,6,9,0.667,0,0,0.0,8,10,0.8,4,9,13,2,2,0,4,0,5,6,20,9,48.6,1,0,43.0,1,1,1,1,29,31,31,40,1,1,1,4,7,20,28,36,34,25,19,46,6,1,69,28,16,40,20,1,1,16,1,33:53,1,2018-19
2018-19,203497,Rudy Gobert,Rudy,1610612762,UTA,Utah Jazz,0021800926,2019-02-28T00:00:00,UTA @ DEN,W,30.366666666666667,5,8,0.625,0,0,0.0,6,11,0.545,3,5,8,1,1,0,4,1,5,8,16,-10,38.1,0,0,33.0,1,1,1,1,58,42,45,51,1,1,1,11,3,51,41,71,74,48,42,46,6,41,69,7,39,66,52,67,1,52,1,30:22,1,2018-19
2018-19,203497,Rudy Gobert,Rudy,1610612762,UTA,Utah Jazz,0021800943,2019-03-02T00:00:00,UTA vs. MIL,W,19.551666666666666,2,9,0.222,0,0,0.0,1,8,0.125,5,4,9,1,1,0,1,2,2,5,5,-36,19.3,0,0,17.0,1,1,1,1,80,79,31,81,1,1,1,76,19,78,16,74,70,48,42,46,57,71,13,49,80,81,80,67,1,80,1,19:33,1,2018-19
2018-19,203497,Rudy Gobert,Rudy,1610612762,UTA,Utah Jazz,0021800956,2019-03-04T00:00:00,UTA vs. NOP,L,34.18333333333333,8,11,0.727,0,0,0.0,3,4,0.75,6,13,19,0,0,0,2,1,3,7,19,-8,47.8,1,0,42.0,1,51,51,51,25,12,15,30,1,1,1,48,61,24,8,7,4,71,65,46,36,41,33,18,20,62,23,1,1,24,1,34:11,1,2018-19
2018-19,203497,Rudy Gobert,Rudy,1610612762,UTA,Utah Jazz,0021800971,2019-03-06T00:00:00,UTA @ NOP,W,33.416666666666664,10,12,0.833,0,0,0.0,2,6,0.333,2,11,13,1,4,0,4,1,2,6,22,9,47.1,1,0,44.0,1,1,1,1,35,2,5,10,1,1,1,62,35,72,62,17,34,48,2,46,6,41,13,28,10,40,25,1,1,15,1,33:25,1,2018-19
2018-19,203497,Rudy Gobert,Rudy,1610612762,UTA,Utah Jazz,0021800982,2019-03-08T00:00:00,UTA @ MEM,L,33.11666666666667,3,6,0.5,0,0,0.0,3,7,0.429,3,4,7,1,2,1,5,1,2,5,9,-8,34.9,0,0,29.0,1,51,51,51,36,76,68,69,1,1,1,48,29,68,41,74,76,48,19,18,2,41,13,49,76,62,64,67,1,66,1,33:07,1,2018-19
2018-19,203497,Rudy Gobert,Rudy,1610612762,UTA,Utah Jazz,0021801005,2019-03-11T00:00:00,UTA vs. OKC,L,35.18333333333333,5,8,0.625,0,0,0.0,5,7,0.714,3,9,12,1,1,1,4,1,2,9,15,-11,44.9,1,0,38.0,1,51,51,51,19,42,45,51,1,1,1,18,29,29,41,36,46,48,42,18,6,41,13,2,43,68,34,1,1,38,1,35:11,1,2018-19
2018-19,203497,Rudy Gobert,Rudy,1610612762,UTA,Utah Jazz,0021801019,2019-03-13T00:00:00,UTA @ PHX,W,32.33166666666666,6,9,0.667,0,0,0.0,6,11,0.545,7,13,20,1,2,1,0,1,3,6,18,15,44.5,1,0,41.0,1,1,1,1,44,31,31,40,1,1,1,11,3,51,3,7,3,48,19,18,72,41,33,28,23,20,35,1,1,29,1,32:20,1,2018-19
2018-19,203497,Rudy Gobert,Rudy,1610612762,UTA,Utah Jazz,0021801024,2019-03-14T00:00:00,UTA vs. MIN,W,28.283333333333335,5,7,0.714,0,0,0.0,0,2,0.0,5,8,13,1,1,0,2,0,5,6,10,14,32.1,1,0,28.0,1,1,1,1,67,42,56,32,1,1,1,79,77,79,16,43,34,48,42,46,36,1,69,28,71,25,70,1,1,71,1,28:17,1,2018-19
2018-19,203497,Rudy Gobert,Rudy,1610612762,UTA,Utah Jazz,0021801041,2019-03-16T00:00:00,UTA vs. BKN,W,34.1,9,12,0.75,0,0,0.0,5,10,0.5,6,11,17,1,2,0,3,0,3,5,23,10,51.9,1,0,47.0,1,1,1,1,26,5,5,25,1,1,1,18,7,53,8,17,8,48,19,46,19,1,33,49,6,37,13,1,1,9,1,34:06,1,2018-19
2018-19,203497,Rudy Gobert,Rudy,1610612762,UTA,Utah Jazz,0021801051,2019-03-18T00:00:00,UTA @ WAS,W,31.516666666666666,6,6,1.0,0,0,0.0,2,3,0.667,3,11,14,3,1,1,2,0,0,6,14,13,43.3,1,0,37.0,1,1,1,1,53,31,68,1,1,1,1,62,74,31,41,17,28,11,42,18,36,1,1,28,49,27,41,1,1,42,1,31:31,1,2018-19
2018-19,203497,Rudy Gobert,Rudy,1610612762,UTA,Utah Jazz,0021801068,2019-03-20T00:00:00,UTA @ NYK,W,25.566666666666666,7,7,1.0,0,0,0.0,4,4,1.0,3,6,9,2,2,1,0,0,2,2,18,22,32.8,0,0,31.0,1,1,1,1,74,20,56,1,1,1,1,33,61,1,41,65,70,25,19,18,72,1,13,77,23,9,68,67,1,58,1,25:34,1,2018-19
2018-19,203497,Rudy Gobert,Rudy,1610612762,UTA,Utah Jazz,0021801076,2019-03-21T00:00:00,UTA @ ATL,L,31.533333333333335,4,6,0.667,0,0,0.0,4,8,0.5,3,8,11,3,2,1,0,1,3,6,12,2,30.7,1,0,28.0,1,51,51,51,52,57,68,40,1,1,1,33,19,53,41,43,52,11,19,18,72,41,33,28,57,51,72,1,1,71,1,31:32,1,2018-19
2018-19,203497,Rudy Gobert,Rudy,1610612762,UTA,Utah Jazz,0021801090,2019-03-23T00:00:00,UTA @ CHI,W,26.466666666666665,9,11,0.818,0,0,0.0,3,7,0.429,6,8,14,2,0,0,4,1,2,4,21,19,52.8,1,0,45.0,1,1,1,1,72,5,15,13,1,1,1,48,29,68,8,43,28,25,65,46,6,41,13,64,13,12,12,1,1,13,1,26:28,1,2018-19
2018-19,203497,Rudy Gobert,Rudy,1610612762,UTA,Utah Jazz,0021801105,2019-03-25T00:00:00,UTA vs. PHX,W,28.466666666666665,9,11,0.818,0,0,0.0,9,11,0.818,4,6,10,0,1,0,2,0,2,8,27,4,44.0,1,0,41.0,1,1,1,1,65,5,15,13,1,1,1,2,3,19,28,65,61,71,42,46,36,1,13,7,1,45,36,1,1,29,1,28:28,1,2018-19
2018-19,203497,Rudy Gobert,Rudy,1610612762,UTA,Utah Jazz,0021801121,2019-03-27T00:00:00,UTA vs. LAL,W,31.583333333333332,9,12,0.75,0,0,0.0,4,6,0.667,3,8,11,0,0,2,3,1,4,3,22,28,50.2,1,0,43.0,1,1,1,1,50,5,5,25,1,1,1,33,35,31,41,43,52,71,65,5,19,41,61,72,10,2,17,1,1,16,1,31:35,1,2018-19
2018-19,203497,Rudy Gobert,Rudy,1610612762,UTA,Utah Jazz,0021801134,2019-03-29T00:00:00,UTA vs. WAS,W,35.05,4,7,0.571,0,0,0.0,5,5,1.0,3,14,17,3,3,1,3,1,3,7,13,-16,46.9,1,0,41.0,1,1,1,1,20,57,56,60,1,1,1,18,52,1,41,5,8,11,7,18,19,41,33,18,52,74,27,1,1,29,1,35:03,1,2018-19
2018-19,203497,Rudy Gobert,Rudy,1610612762,UTA,Utah Jazz,0021801159,2019-04-01T00:00:00,UTA vs. CHA,W,39.016666666666666,8,10,0.8,0,0,0.0,2,7,0.286,2,16,18,1,2,0,3,0,5,8,18,22,48.1,1,0,43.0,1,1,1,1,3,12,21,15,1,1,1,62,29,75,62,2,5,48,19,46,19,1,69,7,23,9,21,1,1,16,1,39:01,1,2018-19
2018-19,203497,Rudy Gobert,Rudy,1610612762,UTA,Utah Jazz,0021801174,2019-04-03T00:00:00,UTA @ PHX,W,36.468333333333334,7,9,0.778,0,0,0.0,3,5,0.6,4,9,13,3,4,0,5,0,3,5,17,12,48.1,1,0,43.0,1,1,1,1,10,20,31,21,1,1,1,48,52,44,28,36,34,11,2,46,2,1,33,49,32,31,21,1,1,16,1,36:28,1,2018-19
2018-19,203497,Rudy Gobert,Rudy,1610612762,UTA,Utah Jazz,0021801188,2019-04-05T00:00:00,UTA vs. SAC,W,29.433333333333334,6,10,0.6,0,0,0.0,5,8,0.625,3,8,11,1,2,3,4,1,5,7,17,12,50.7,1,0,43.0,1,1,1,1,61,31,21,56,1,1,1,18,19,40,41,43,52,48,19,1,6,41,69,18,32,31,15,1,1,16,1,29:26,1,2018-19
2018-19,203497,Rudy Gobert,Rudy,1610612762,UTA,Utah Jazz,0021801208,2019-04-07T00:00:00,UTA @ LAL,L,36.1,8,11,0.727,0,0,0.0,5,8,0.625,6,4,10,2,2,0,2,1,3,6,21,4,40.0,1,0,37.0,1,51,51,51,13,12,15,30,1,1,1,18,19,40,8,74,61,25,19,46,36,41,33,28,13,45,49,1,1,42,1,36:06,1,2018-19
2018-19,203497,Rudy Gobert,Rudy,1610612762,UTA,Utah Jazz,0021801217,2019-04-09T00:00:00,UTA vs. DEN,W,34.516666666666666,7,12,0.583,0,0,0.0,6,9,0.667,2,8,10,1,0,1,2,1,1,9,20,26,42.5,1,0,37.0,1,1,1,1,23,20,5,59,1,1,1,11,13,31,62,43,61,48,65,18,36,41,4,2,16,3,43,1,1,42,1,34:31,1,2018-19
2019-20,203497,Rudy Gobert,Rudy,1610612762,UTA,Utah Jazz,0021900011,2019-10-23T00:00:00,UTA vs. OKC,W,37.916666666666664,3,6,0.5,0,0,0.0,1,3,0.333,3,11,14,0,4,0,1,0,5,3,7,13,22.8,0,0,23.0,1,1,1,1,6,55,50,56,1,1,1,54,52,57,37,23,29,50,3,35,38,1,55,54,65,20,65,50,1,63,1,37:55,1,2019-20
2019-20,203497,Rudy Gobert,Rudy,1610612762,UTA,Utah Jazz,0021900025,2019-10-25T00:00:00,UTA @ LAL,L,32.4,4,8,0.5,0,0,0.0,0,1,0.0,0,9,9,3,3,2,0,2,3,5,8,-2,26.3,0,0,24.0,1,43,43,43,54,45,33,56,1,1,1,64,64,64,65,40,56,6,11,5,60,59,23,36,61,44,62,50,1,61,1,32:24,1,2019-20
2019-20,203497,Rudy Gobert,Rudy,1610612762,UTA,Utah Jazz,0021900034,2019-10-26T00:00:00,UTA vs. SAC,W,25.05,3,3,1.0,0,0,0.0,0,0,0.0,1,5,6,2,4,0,1,0,3,3,6,16,15.2,0,0,16.0,1,1,1,1,67,55,66,1,1,1,1,64,67,64,58,63,65,15,3,35,38,1,23,54,66,11,68,50,1,67,1,25:03,1,2019-20
2019-20,203497,Rudy Gobert,Rudy,1610612762,UTA,Utah Jazz,0021900049,2019-10-28T00:00:00,UTA @ PHX,W,35.53333333333333,2,4,0.5,0,0,0.0,11,12,0.917,2,16,18,1,5,3,1,0,3,8,15,13,45.1,1,0,42.0,1,1,1,1,32,64,60,56,1,1,1,1,3,8,45,1,9,32,1,1,38,1,23,9,34,20,22,1,1,18,1,35:32,1,2019-20
2019-20,203497,Rudy Gobert,Rudy,1610612762,UTA,Utah Jazz,0021900063,2019-10-30T00:00:00,UTA vs. LAC,W,32.63333333333333,5,7,0.714,0,0,0.0,3,8,0.375,0,7,7,0,1,1,2,1,3,9,13,3,29.4,0,0,26.0,1,1,1,1,53,35,44,32,1,1,1,37,16,56,65,54,62,50,39,14,23,32,23,5,41,35,55,50,1,57,2,32:38,1,2019-20
2019-20,203497,Rudy Gobert,Rudy,1610612762,UTA,Utah Jazz,0021900075,2019-11-01T00:00:00,UTA @ SAC,L,38.0,5,6,0.833,0,0,0.0,5,7,0.714,5,11,16,0,3,1,3,0,2,7,15,-7,43.2,1,0,39.0,1,43,43,43,4,35,50,17,1,1,1,16,22,23,7,23,16,50,11,14,9,1,8,15,34,53,26,1,1,25,1,38:00,1,2019-20
2019-20,203497,Rudy Gobert,Rudy,1610612762,UTA,Utah Jazz,0021900090,2019-11-03T00:00:00,UTA @ LAC,L,34.05,4,8,0.5,0,0,0.0,4,6,0.667,2,12,14,0,0,0,0,1,4,7,12,3,28.8,1,0,26.0,1,43,43,43,44,45,33,56,1,1,1,22,28,25,45,17,29,50,56,35,60,32,42,15,46,35,58,1,1,57,1,34:03,1,2019-20
2019-20,203497,Rudy Gobert,Rudy,1610612762,UTA,Utah Jazz,0021900110,2019-11-06T00:00:00,UTA vs. PHI,W,36.12833333333333,4,8,0.5,0,0,0.0,6,8,0.75,4,12,16,3,0,3,1,1,6,6,14,9,49.7,1,0,41.0,1,1,1,1,28,45,33,56,1,1,1,7,16,17,19,17,16,6,56,1,38,32,66,20,38,28,15,1,1,19,1,36:08,1,2019-20
2019-20,203497,Rudy Gobert,Rudy,1610612762,UTA,Utah Jazz,0021900124,2019-11-08T00:00:00,UTA vs. MIL,W,36.516666666666666,1,2,0.5,0,0,0.0,6,10,0.6,3,14,17,0,3,0,1,0,5,8,8,4,28.4,0,0,27.0,1,1,1,1,20,66,68,56,1,1,1,7,6,32,37,6,11,50,11,35,38,1,55,9,61,33,59,50,1,52,1,36:31,1,2019-20
2019-20,203497,Rudy Gobert,Rudy,1610612762,UTA,Utah Jazz,0021900144,2019-11-11T00:00:00,UTA @ GSW,W,34.5,11,12,0.917,0,0,0.0,3,9,0.333,2,12,14,1,0,1,2,0,3,7,25,15,52.3,1,0,46.0,1,1,1,1,41,1,4,10,1,1,1,37,11,57,45,17,29,32,56,14,23,1,23,15,3,14,11,1,1,10,1,34:30,1,2019-20
2019-20,203497,Rudy Gobert,Rudy,1610612762,UTA,Utah Jazz,0021900152,2019-11-12T00:00:00,UTA vs. BKN,W,37.55,8,10,0.8,0,0,0.0,2,4,0.5,4,11,15,2,2,2,2,1,2,4,18,0,49.0,1,0,43.0,1,1,1,1,7,11,15,22,1,1,1,45,41,42,19,23,21,15,26,5,23,32,8,46,18,42,16,1,1,14,1,37:33,1,2019-20
2019-20,203497,Rudy Gobert,Rudy,1610612762,UTA,Utah Jazz,0021900170,2019-11-15T00:00:00,UTA @ MEM,L,36.483333333333334,9,11,0.818,0,0,0.0,5,7,0.714,7,10,17,1,3,0,5,1,1,8,23,10,56.9,1,0,51.0,1,43,43,43,21,4,7,19,1,1,1,16,22,23,2,33,11,32,11,35,2,32,5,9,4,26,4,1,1,2,1,36:29,1,2019-20
2019-20,203497,Rudy Gobert,Rudy,1610612762,UTA,Utah Jazz,0021900196,2019-11-18T00:00:00,UTA vs. MIN,L,36.2,5,8,0.625,0,0,0.0,6,7,0.857,5,9,14,1,2,1,1,1,5,7,16,-10,38.3,1,0,35.0,1,43,43,43,26,35,33,38,1,1,1,7,22,12,7,40,29,32,26,14,38,32,55,15,27,57,37,1,1,35,1,36:12,1,2019-20
2019-20,203497,Rudy Gobert,Rudy,1610612762,UTA,Utah Jazz,0021900210,2019-11-20T00:00:00,UTA @ MIN,W,35.335,5,8,0.625,0,0,0.0,2,3,0.667,3,12,15,1,3,0,5,1,3,3,12,9,43.5,1,0,38.0,1,1,1,1,33,35,33,38,1,1,1,45,52,25,37,17,21,32,11,35,2,32,23,54,46,28,25,1,1,27,1,35:20,1,2019-20
2019-20,203497,Rudy Gobert,Rudy,1610612762,UTA,Utah Jazz,0021900223,2019-11-22T00:00:00,UTA vs. GSW,W,34.55,3,8,0.375,0,0,0.0,2,2,1.0,5,14,19,1,3,1,7,0,2,5,8,1,53.3,0,0,44.0,1,1,1,1,40,55,33,65,1,1,1,45,55,1,7,6,2,32,11,14,1,1,8,36,61,40,8,50,1,12,1,34:33,1,2019-20
2019-20,203497,Rudy Gobert,Rudy,1610612762,UTA,Utah Jazz,0021900256,2019-11-27T00:00:00,UTA @ IND,L,30.3,5,9,0.556,0,0,0.0,4,6,0.667,5,8,13,0,2,1,1,1,5,6,14,-13,33.6,1,0,31.0,1,43,43,43,60,35,24,50,1,1,1,22,28,25,7,51,41,50,26,14,38,32,55,20,38,60,50,1,1,48,1,30:18,1,2019-20
2019-20,203497,Rudy Gobert,Rudy,1610612762,UTA,Utah Jazz,0021900274,2019-11-29T00:00:00,UTA @ MEM,W,35.88333333333333,6,11,0.545,0,0,0.0,1,2,0.5,4,9,13,3,0,0,2,3,1,4,13,14,39.1,1,0,33.0,1,1,1,1,30,26,7,54,1,1,1,54,55,42,19,40,41,6,56,35,23,66,5,46,41,16,34,1,1,42,1,35:53,1,2019-20
2019-20,203497,Rudy Gobert,Rudy,1610612762,UTA,Utah Jazz,0021900291,2019-12-01T00:00:00,UTA @ TOR,L,28.43,4,7,0.571,0,0,0.0,4,8,0.5,4,7,11,1,3,0,1,0,2,6,12,-21,26.7,1,0,26.0,1,43,43,43,64,45,44,47,1,1,1,22,16,42,19,54,51,32,11,35,38,1,8,20,46,67,61,1,1,57,1,28:26,1,2019-20
2019-20,203497,Rudy Gobert,Rudy,1610612762,UTA,Utah Jazz,0021900294,2019-12-02T00:00:00,UTA @ PHI,L,36.45,11,15,0.733,0,0,0.0,5,10,0.5,5,7,12,2,1,0,3,0,2,9,27,-3,52.4,1,0,47.0,1,43,43,43,22,1,2,28,1,1,1,16,6,42,7,54,47,15,39,35,9,1,8,5,2,46,10,1,1,7,1,36:27,1,2019-20
2019-20,203497,Rudy Gobert,Rudy,1610612762,UTA,Utah Jazz,0021900314,2019-12-04T00:00:00,UTA vs. LAL,L,27.016666666666666,6,8,0.75,0,0,0.0,1,3,0.333,4,6,10,2,2,1,0,1,3,2,13,-8,29.0,1,0,27.0,1,43,43,43,65,26,33,26,1,1,1,54,52,57,19,62,55,15,26,14,60,32,23,63,41,54,57,1,1,52,1,27:01,1,2019-20
2019-20,203497,Rudy Gobert,Rudy,1610612762,UTA,Utah Jazz,0021900334,2019-12-07T00:00:00,UTA vs. MEM,W,30.651666666666667,8,9,0.889,0,0,0.0,3,4,0.75,2,9,11,5,1,0,0,1,4,3,19,14,38.7,1,0,35.0,1,1,1,1,59,11,24,13,1,1,1,37,41,17,45,40,51,1,39,35,60,32,42,54,16,16,35,1,1,35,1,30:39,1,2019-20
2019-20,203497,Rudy Gobert,Rudy,1610612762,UTA,Utah Jazz,0021900350,2019-12-09T00:00:00,UTA vs. OKC,L,33.0,9,10,0.9,0,0,0.0,1,2,0.5,4,13,17,1,4,0,0,1,3,6,19,-9,36.9,1,0,37.0,1,43,43,43,51,4,15,11,1,1,1,54,55,42,19,11,11,32,3,35,60,32,23,20,16,56,41,1,1,29,1,33:00,1,2019-20
2019-20,203497,Rudy Gobert,Rudy,1610612762,UTA,Utah Jazz,0021900362,2019-12-11T00:00:00,UTA @ MIN,W,36.45,8,11,0.727,0,0,0.0,4,7,0.571,7,9,16,3,3,2,2,1,2,5,20,-1,52.7,1,0,47.0,1,1,1,1,22,11,7,29,1,1,1,22,22,37,2,40,16,6,11,5,23,32,8,36,12,43,9,1,1,7,1,36:27,1,2019-20
2019-20,203497,Rudy Gobert,Rudy,1610612762,UTA,Utah Jazz,0021900379,2019-12-13T00:00:00,UTA vs. GSW,W,36.4,6,9,0.667,0,0,0.0,3,4,0.75,3,12,15,2,0,0,2,1,3,5,15,25,42.0,1,0,36.0,1,1,1,1,24,26,24,34,1,1,1,37,41,17,37,17,21,15,56,35,23,32,23,36,34,4,28,1,1,31,1,36:24,1,2019-20
2019-20,203497,Rudy Gobert,Rudy,1610612762,UTA,Utah Jazz,0021900405,2019-12-17T00:00:00,UTA vs. ORL,W,37.46666666666667,6,10,0.6,0,0,0.0,0,0,0.0,4,15,19,5,3,0,0,1,2,3,12,11,39.3,1,0,36.0,1,1,1,1,9,26,15,40,1,1,1,64,67,64,19,2,2,1,11,35,60,32,8,54,46,24,33,1,1,31,1,37:28,1,2019-20
2019-20,203497,Rudy Gobert,Rudy,1610612762,UTA,Utah Jazz,0021900416,2019-12-19T00:00:00,UTA @ ATL,W,37.083333333333336,5,9,0.556,0,0,0.0,10,19,0.526,4,9,13,1,3,0,3,0,2,14,20,16,43.1,1,0,40.0,1,1,1,1,12,35,24,50,1,1,1,3,1,41,19,40,41,32,11,35,9,1,8,1,12,11,27,1,1,23,1,37:05,1,2019-20
2019-20,203497,Rudy Gobert,Rudy,1610612762,UTA,Utah Jazz,0021900430,2019-12-21T00:00:00,UTA @ CHA,W,36.75,6,9,0.667,0,0,0.0,5,5,1.0,5,14,19,1,2,1,3,1,3,7,17,16,51.3,1,0,45.0,1,1,1,1,16,26,24,34,1,1,1,16,35,1,7,6,2,32,26,14,9,32,23,15,22,11,13,1,1,11,1,36:45,1,2019-20
2019-20,203497,Rudy Gobert,Rudy,1610612762,UTA,Utah Jazz,0021900449,2019-12-23T00:00:00,UTA @ MIA,L,36.15,9,11,0.818,0,0,0.0,0,1,0.0,5,14,19,0,1,1,5,0,3,3,18,-3,57.8,1,0,49.0,1,43,43,43,27,4,7,19,1,1,1,64,64,64,7,6,2,50,39,14,2,1,23,54,18,46,2,1,1,4,1,36:09,1,2019-20
2019-20,203497,Rudy Gobert,Rudy,1610612762,UTA,Utah Jazz,0021900465,2019-12-26T00:00:00,UTA vs. POR,W,35.666666666666664,7,7,1.0,0,0,0.0,2,6,0.333,4,11,15,2,0,0,1,0,3,5,16,13,40.0,1,0,35.0,1,1,1,1,31,19,44,1,1,1,1,45,28,57,19,23,21,15,56,35,38,1,23,36,27,20,32,1,1,35,1,35:40,1,2019-20
2019-20,203497,Rudy Gobert,Rudy,1610612762,UTA,Utah Jazz,0021900485,2019-12-28T00:00:00,UTA @ LAC,W,36.32833333333333,4,6,0.667,0,0,0.0,4,5,0.8,1,7,8,0,1,0,1,0,2,6,12,14,23.6,0,0,22.0,1,1,1,1,25,45,50,34,1,1,1,22,35,13,58,54,60,50,39,35,38,1,8,20,46,16,64,50,1,64,1,36:20,1,2019-20
2019-20,203497,Rudy Gobert,Rudy,1610612762,UTA,Utah Jazz,0021900495,2019-12-30T00:00:00,UTA vs. DET,W,34.8,6,11,0.545,0,0,0.0,1,1,1.0,4,15,19,1,4,2,3,2,5,2,13,19,48.3,1,0,43.0,1,1,1,1,38,26,7,54,1,1,1,54,64,1,19,2,2,32,3,5,9,59,55,63,41,10,17,1,1,14,1,34:48,1,2019-20
2019-20,203497,Rudy Gobert,Rudy,1610612762,UTA,Utah Jazz,0021900511,2020-01-02T00:00:00,UTA @ CHI,W,35.28333333333333,8,11,0.727,0,0,0.0,1,2,0.5,2,10,12,0,2,0,3,1,4,1,17,-4,38.4,1,0,35.0,1,1,1,1,34,11,7,29,1,1,1,54,55,42,45,33,47,50,26,35,9,32,42,68,22,48,36,1,1,35,1,35:17,1,2019-20
2019-20,203497,Rudy Gobert,Rudy,1610612762,UTA,Utah Jazz,0021900525,2020-01-04T00:00:00,UTA @ ORL,W,33.556666666666665,3,8,0.375,0,0,0.0,2,4,0.5,7,10,17,4,0,1,0,1,3,4,8,10,37.4,0,0,31.0,1,1,1,1,50,55,33,65,1,1,1,45,41,42,2,33,11,3,56,14,60,32,23,46,61,26,40,50,1,48,1,33:33,1,2019-20
2019-20,203497,Rudy Gobert,Rudy,1610612762,UTA,Utah Jazz,0021900544,2020-01-06T00:00:00,UTA @ NOP,W,34.13333333333333,4,10,0.4,0,0,0.0,1,2,0.5,4,15,19,1,2,0,0,3,4,4,9,1,31.3,0,0,29.0,1,1,1,1,43,45,15,64,1,1,1,54,55,42,19,2,2,32,26,35,60,66,42,46,56,40,52,50,1,51,1,34:08,1,2019-20
2019-20,203497,Rudy Gobert,Rudy,1610612762,UTA,Utah Jazz,0021900561,2020-01-08T00:00:00,UTA vs. NYK,W,26.0,5,5,1.0,0,0,0.0,6,10,0.6,3,13,16,4,1,1,1,0,2,6,16,33,46.2,1,0,40.0,1,1,1,1,66,35,56,1,1,1,1,7,6,32,37,11,16,3,39,14,38,1,8,20,27,1,20,1,1,23,1,26:00,1,2019-20
2019-20,203497,Rudy Gobert,Rudy,1610612762,UTA,Utah Jazz,0021900574,2020-01-10T00:00:00,UTA vs. CHA,W,29.116666666666667,6,10,0.6,0,0,0.0,3,4,0.75,2,11,13,3,1,1,5,1,0,4,15,25,52.1,1,0,43.0,1,1,1,1,62,26,15,40,1,1,1,37,41,17,45,23,41,6,39,14,2,32,1,46,34,4,12,1,1,14,1,29:07,1,2019-20
2019-20,203497,Rudy Gobert,Rudy,1610612762,UTA,Utah Jazz,0021900585,2020-01-12T00:00:00,UTA @ WAS,W,37.516666666666666,8,10,0.8,0,0,0.0,5,9,0.556,5,9,14,2,3,1,2,0,5,5,21,15,46.8,1,0,43.0,1,1,1,1,8,11,15,22,1,1,1,16,11,39,7,40,29,15,11,14,23,1,55,36,9,14,19,1,1,14,1,37:31,1,2019-20
2019-20,203497,Rudy Gobert,Rudy,1610612762,UTA,Utah Jazz,0021900599,2020-01-14T00:00:00,UTA @ BKN,W,36.55,9,12,0.75,0,0,0.0,4,6,0.667,4,14,18,3,0,1,2,1,3,6,22,11,57.1,1,0,49.0,1,1,1,1,19,4,4,26,1,1,1,22,28,25,19,6,9,6,56,14,23,32,23,20,5,24,3,1,1,4,1,36:33,1,2019-20
2019-20,203497,Rudy Gobert,Rudy,1610612762,UTA,Utah Jazz,0021900616,2020-01-16T00:00:00,UTA @ NOP,L,38.916666666666664,6,10,0.6,0,0,0.0,5,9,0.556,4,10,14,4,1,0,3,2,6,9,17,3,47.8,1,0,41.0,1,43,43,43,2,26,15,40,1,1,1,16,11,39,19,33,29,3,39,35,9,59,66,5,22,35,18,1,1,19,1,38:55,1,2019-20
2019-20,203497,Rudy Gobert,Rudy,1610612762,UTA,Utah Jazz,0021900636,2020-01-18T00:00:00,UTA vs. SAC,W,33.65,9,11,0.818,0,0,0.0,10,11,0.909,3,12,15,0,1,2,3,0,4,6,28,32,60.0,1,0,53.0,1,1,1,1,48,4,7,19,1,1,1,3,5,10,37,17,21,50,39,5,9,1,42,20,1,2,1,1,1,1,1,33:39,1,2019-20
2019-20,203497,Rudy Gobert,Rudy,1610612762,UTA,Utah Jazz,0021900651,2020-01-20T00:00:00,UTA vs. IND,W,31.1,8,11,0.727,0,0,0.0,4,4,1.0,3,11,14,2,1,0,1,1,0,2,20,24,41.8,1,0,38.0,1,1,1,1,58,11,7,29,1,1,1,22,41,1,37,23,29,15,39,35,38,32,1,63,12,7,29,1,1,27,1,31:06,1,2019-20
2019-20,203497,Rudy Gobert,Rudy,1610612762,UTA,Utah Jazz,0021900665,2020-01-22T00:00:00,UTA @ GSW,W,30.266666666666666,10,13,0.769,0,0,0.0,2,7,0.286,6,9,15,2,1,1,3,2,2,9,22,31,54.0,1,0,47.0,1,1,1,1,61,3,3,25,1,1,1,45,22,62,5,40,21,15,39,14,9,59,8,5,5,3,7,1,1,7,1,30:16,1,2019-20
2019-20,203497,Rudy Gobert,Rudy,1610612762,UTA,Utah Jazz,0021900680,2020-01-25T00:00:00,UTA vs. DAL,W,37.06166666666667,8,8,1.0,0,0,0.0,6,9,0.667,4,13,17,2,4,0,5,0,5,10,22,2,56.4,1,0,51.0,1,1,1,1,13,11,33,1,1,1,1,7,11,25,19,11,11,15,3,35,2,1,55,3,5,39,5,1,1,2,1,37:04,1,2019-20
2019-20,203497,Rudy Gobert,Rudy,1610612762,UTA,Utah Jazz,0021900698,2020-01-27T00:00:00,UTA vs. HOU,L,37.15,3,5,0.6,0,0,0.0,6,10,0.6,1,13,14,0,1,1,2,1,2,8,12,-15,36.8,1,0,32.0,1,43,43,43,11,55,56,40,1,1,1,7,6,32,58,11,29,50,39,14,23,32,8,9,46,64,42,1,1,44,1,37:09,1,2019-20
2019-20,203497,Rudy Gobert,Rudy,1610612762,UTA,Utah Jazz,0021900711,2020-01-29T00:00:00,UTA @ SAS,L,32.32666666666667,4,7,0.571,0,0,0.0,9,18,0.5,8,11,19,0,4,0,0,1,4,10,17,6,35.8,1,0,36.0,1,43,43,43,55,45,44,47,1,1,1,5,2,42,1,23,2,50,3,35,60,32,42,3,22,32,43,1,1,31,1,32:20,1,2019-20
2019-20,203497,Rudy Gobert,Rudy,1610612762,UTA,Utah Jazz,0021900718,2020-01-30T00:00:00,UTA @ DEN,L,37.29666666666667,9,10,0.9,0,0,0.0,3,6,0.5,2,9,11,1,4,1,3,0,4,4,21,3,43.7,1,0,41.0,1,43,43,43,10,4,15,11,1,1,1,37,28,42,45,40,51,32,3,14,9,1,42,46,9,35,24,1,1,19,1,37:18,1,2019-20
2019-20,203497,Rudy Gobert,Rudy,1610612762,UTA,Utah Jazz,0021900735,2020-02-01T00:00:00,UTA @ POR,L,32.06666666666667,1,4,0.25,0,0,0.0,4,4,1.0,4,7,11,2,1,1,3,1,4,4,6,-14,33.2,0,0,27.0,1,43,43,43,56,66,60,67,1,1,1,22,41,1,19,54,51,15,39,14,9,32,42,46,66,62,51,50,1,52,1,32:04,1,2019-20
2019-20,203497,Rudy Gobert,Rudy,1610612762,UTA,Utah Jazz,0021900762,2020-02-05T00:00:00,UTA vs. DEN,L,38.86666666666667,7,10,0.7,0,0,0.0,2,4,0.5,4,10,14,0,1,0,1,0,2,3,16,-2,34.8,1,0,32.0,1,43,43,43,3,19,15,33,1,1,1,45,41,42,19,33,29,50,39,35,38,1,8,54,27,44,48,1,1,44,1,38:52,1,2019-20
2019-20,203497,Rudy Gobert,Rudy,1610612762,UTA,Utah Jazz,0021900776,2020-02-07T00:00:00,UTA vs. POR,W,35.06666666666667,7,9,0.778,0,0,0.0,2,6,0.333,5,9,14,2,3,0,1,1,3,6,16,-5,35.8,1,0,34.0,1,1,1,1,36,19,24,24,1,1,1,45,28,57,7,40,29,15,11,35,38,32,23,20,27,49,43,1,1,41,1,35:04,1,2019-20
2019-20,203497,Rudy Gobert,Rudy,1610612762,UTA,Utah Jazz,0021900790,2020-02-09T00:00:00,UTA @ HOU,W,36.93333333333333,3,6,0.5,0,0,0.0,6,8,0.75,4,11,15,0,1,1,1,0,0,8,12,-6,35.0,1,0,31.0,1,1,1,1,14,55,50,56,1,1,1,7,16,17,19,23,21,50,39,14,38,1,1,9,46,50,47,1,1,48,1,36:56,1,2019-20
2019-20,203497,Rudy Gobert,Rudy,1610612762,UTA,Utah Jazz,0021900798,2020-02-10T00:00:00,UTA @ DAL,W,35.916666666666664,7,7,1.0,0,0,0.0,3,5,0.6,2,13,15,1,2,0,1,0,5,6,17,-6,37.5,1,0,35.0,1,1,1,1,29,19,44,1,1,1,1,37,35,32,45,11,21,32,26,35,38,1,55,20,22,50,39,1,1,35,1,35:55,1,2019-20
2019-20,203497,Rudy Gobert,Rudy,1610612762,UTA,Utah Jazz,0021900816,2020-02-12T00:00:00,UTA vs. MIA,W,36.583333333333336,7,12,0.583,0,0,0.0,2,2,1.0,5,15,20,1,2,0,2,2,3,5,16,25,45.5,1,0,41.0,1,1,1,1,18,19,4,46,1,1,1,45,55,1,7,2,1,32,26,35,23,59,23,36,27,4,21,1,1,19,1,36:35,1,2019-20
2019-20,203497,Rudy Gobert,Rudy,1610612762,UTA,Utah Jazz,0021900832,2020-02-21T00:00:00,UTA vs. SAS,L,37.983333333333334,7,8,0.875,0,0,0.0,4,7,0.571,1,13,14,2,5,0,1,1,4,6,18,-6,35.8,1,0,36.0,1,43,43,43,5,19,33,15,1,1,1,22,22,37,58,11,29,15,1,35,38,32,42,20,18,50,43,1,1,31,1,37:59,1,2019-20
2019-20,203497,Rudy Gobert,Rudy,1610612762,UTA,Utah Jazz,0021900841,2020-02-22T00:00:00,UTA vs. HOU,L,33.7,3,7,0.429,0,0,0.0,6,9,0.667,1,5,6,0,0,0,2,4,2,6,12,-12,25.2,0,0,22.0,1,43,43,43,45,55,44,63,1,1,1,7,11,25,58,63,65,50,56,35,23,68,8,20,46,58,63,50,1,64,1,33:42,1,2019-20
2019-20,203497,Rudy Gobert,Rudy,1610612762,UTA,Utah Jazz,0021900855,2020-02-24T00:00:00,UTA vs. PHX,L,36.67,3,5,0.6,0,0,0.0,7,8,0.875,0,8,8,2,1,1,1,0,3,6,13,-12,30.6,0,0,27.0,1,43,43,43,17,55,56,40,1,1,1,6,16,11,65,51,60,15,39,14,38,1,23,20,41,58,53,50,1,52,1,36:40,1,2019-20
2019-20,203497,Rudy Gobert,Rudy,1610612762,UTA,Utah Jazz,0021900872,2020-02-26T00:00:00,UTA vs. BOS,L,34.86666666666667,4,4,1.0,0,0,0.0,1,2,0.5,5,4,9,3,4,1,2,0,4,3,9,-13,29.3,0,0,27.0,1,43,43,43,37,45,60,1,1,1,1,54,55,42,7,66,56,6,3,14,23,1,42,54,56,60,56,50,1,52,1,34:52,1,2019-20
2019-20,203497,Rudy Gobert,Rudy,1610612762,UTA,Utah Jazz,0021900885,2020-02-28T00:00:00,UTA vs. WAS,W,34.61666666666667,4,4,1.0,0,0,0.0,1,4,0.25,1,8,9,0,3,3,4,0,3,2,9,-16,37.8,0,0,32.0,1,1,1,1,39,45,60,1,1,1,1,54,41,63,58,51,56,50,11,1,8,1,23,63,56,65,38,50,1,44,1,34:37,1,2019-20
2019-20,203497,Rudy Gobert,Rudy,1610612762,UTA,Utah Jazz,0021900902,2020-03-02T00:00:00,UTA @ CLE,W,33.7,8,9,0.889,0,0,0.0,4,4,1.0,2,7,9,1,2,2,5,0,2,5,20,20,51.3,0,0,44.0,1,1,1,1,45,11,24,13,1,1,1,22,41,1,45,54,56,32,26,5,2,1,8,36,12,9,13,50,1,12,1,33:42,1,2019-20
2019-20,203497,Rudy Gobert,Rudy,1610612762,UTA,Utah Jazz,0021900921,2020-03-04T00:00:00,UTA @ NYK,W,34.4,7,8,0.875,0,0,0.0,4,5,0.8,4,10,14,1,1,0,2,0,4,3,18,14,41.3,1,0,37.0,1,1,1,1,42,19,33,15,1,1,1,22,35,13,19,33,29,32,39,35,23,1,42,54,18,16,30,1,1,29,1,34:24,1,2019-20
2019-20,203497,Rudy Gobert,Rudy,1610612762,UTA,Utah Jazz,0021900933,2020-03-06T00:00:00,UTA @ BOS,W,32.71666666666667,4,4,1.0,0,0,0.0,1,2,0.5,0,7,7,2,2,0,3,0,4,5,9,-20,27.4,0,0,24.0,1,1,1,1,52,45,60,1,1,1,1,54,55,42,65,54,62,15,26,35,9,1,42,36,56,66,60,50,1,61,1,32:43,1,2019-20
2019-20,203497,Rudy Gobert,Rudy,1610612762,UTA,Utah Jazz,0021900941,2020-03-07T00:00:00,UTA @ DET,W,35.11666666666667,2,3,0.667,0,0,0.0,6,10,0.6,3,9,12,3,0,3,2,0,5,6,10,7,43.9,1,0,35.0,1,1,1,1,35,64,66,34,1,1,1,7,6,32,37,40,47,6,56,1,23,1,55,20,54,31,23,1,1,35,1,35:07,1,2019-20
2019-20,203497,Rudy Gobert,Rudy,1610612762,UTA,Utah Jazz,0021900959,2020-03-09T00:00:00,UTA vs. TOR,L,31.506666666666668,1,4,0.25,0,0,0.0,4,6,0.667,1,3,4,0,0,2,1,1,5,6,6,-22,19.8,0,0,16.0,1,43,43,43,57,66,60,67,1,1,1,22,28,25,58,67,68,50,56,5,38,32,55,20,66,68,67,50,1,67,1,31:30,1,2019-20
2019-20,203497,Rudy Gobert,Rudy,1610612762,UTA,Utah Jazz,0021901231,2020-07-30T00:00:00,UTA @ NOP,W,33.7,5,9,0.556,0,0,0.0,4,5,0.8,2,10,12,0,3,0,3,1,3,5,14,8,34.4,1,0,32.0,1,1,1,1,45,35,24,50,1,1,1,22,35,13,45,33,47,50,11,35,9,32,23,36,38,30,49,1,1,44,1,33:42,1,2019-20
2019-20,203497,Rudy Gobert,Rudy,1610612762,UTA,Utah Jazz,0021901240,2020-08-01T00:00:00,UTA @ OKC,L,28.716666666666665,5,6,0.833,0,0,0.0,0,2,0.0,2,5,7,0,0,2,2,0,4,2,10,-14,30.4,0,0,25.0,1,43,43,43,63,35,50,17,1,1,1,64,55,64,45,63,62,50,56,5,23,1,42,63,54,62,54,50,1,60,1,28:43,1,2019-20
2019-20,203497,Rudy Gobert,Rudy,1610612762,UTA,Utah Jazz,0021901255,2020-08-03T00:00:00,UTA vs. LAL,L,33.61,6,6,1.0,0,0,0.0,4,5,0.8,2,11,13,2,2,0,1,0,5,8,16,-8,35.6,1,0,33.0,1,43,43,43,49,26,50,1,1,1,1,22,35,13,45,23,41,15,26,35,38,1,55,9,27,54,46,1,1,42,1,33:37,1,2019-20
2019-20,203497,Rudy Gobert,Rudy,1610612762,UTA,Utah Jazz,0021901262,2020-08-05T00:00:00,UTA vs. MEM,W,36.916666666666664,5,9,0.556,0,0,0.0,11,12,0.917,5,11,16,1,2,2,3,0,1,11,21,21,54.7,1,0,48.0,1,1,1,1,15,35,24,50,1,1,1,1,3,8,7,23,16,32,26,5,9,1,5,2,9,8,6,1,1,6,1,36:55,1,2019-20
2019-20,203497,Rudy Gobert,Rudy,1610612762,UTA,Utah Jazz,0021901281,2020-08-08T00:00:00,UTA @ DEN,L,41.155,9,16,0.563,0,0,0.0,4,8,0.5,6,7,13,2,3,0,1,2,6,6,22,4,40.6,1,0,39.0,1,43,43,43,1,4,1,49,1,1,1,22,16,42,5,54,41,15,11,35,38,59,66,20,5,33,31,1,1,25,1,41:09,1,2019-20
2019-20,203497,Rudy Gobert,Rudy,1610612762,UTA,Utah Jazz,0021901293,2020-08-10T00:00:00,UTA vs. DAL,L,16.3,3,5,0.6,0,0,0.0,3,4,0.75,2,3,5,3,0,0,1,2,0,4,9,12,22.5,0,0,19.0,1,43,43,43,68,55,56,40,1,1,1,37,41,17,45,67,67,6,56,35,38,59,1,46,56,23,66,50,1,66,1,16:18,1,2019-20
2020-21,203497,Rudy Gobert,Rudy,1610612762,UTA,Utah Jazz,0022000020,2020-12-23T00:00:00,UTA @ POR,W,28.121666666666666,8,10,0.8,0,0,0.0,4,6,0.667,4,13,17,2,2,1,0,0,2,5,20,15,44.4,1,0,41.0,1,1,1,1,50,8,12,16,1,5,1,16,22,27,21,12,13,8,20,8,67,1,23,25,9,24,20,1,1,14,1,28:07,1,2020-21
2020-21,203497,Rudy Gobert,Rudy,1610612762,UTA,Utah Jazz,0022000028,2020-12-26T00:00:00,UTA vs. MIN,L,29.05,7,10,0.7,0,0,0.0,4,6,0.667,7,9,16,2,4,0,1,0,4,3,18,7,39.2,1,0,38.0,1,53,53,53,48,15,12,38,1,5,1,16,22,27,2,41,16,8,2,32,54,1,60,53,12,42,38,1,1,22,1,29:03,1,2020-21
2020-21,203497,Rudy Gobert,Rudy,1610612762,UTA,Utah Jazz,0022000043,2020-12-28T00:00:00,UTA @ OKC,W,36.82,6,8,0.75,0,0,0.0,0,0,0.0,0,10,10,4,1,1,4,0,1,2,12,5,44.0,1,0,36.0,1,1,1,1,5,20,30,23,1,5,1,66,69,66,71,33,54,1,37,8,9,1,5,67,43,44,21,1,1,29,1,36:49,1,2020-21
2020-21,203497,Rudy Gobert,Rudy,1610612762,UTA,Utah Jazz,0022000068,2020-12-31T00:00:00,UTA vs. PHX,L,34.18333333333333,7,9,0.778,0,0,0.0,4,8,0.5,2,12,14,0,1,1,1,0,3,4,18,-9,39.8,1,0,36.0,1,53,53,53,17,15,19,20,1,5,1,16,9,45,43,17,28,56,37,8,54,1,42,42,12,66,34,1,1,29,1,34:11,1,2020-21
2020-21,203497,Rudy Gobert,Rudy,1610612762,UTA,Utah Jazz,0022000077,2021-01-01T00:00:00,UTA vs. LAC,W,24.46,5,10,0.5,0,0,0.0,2,4,0.5,2,7,9,1,0,1,1,1,4,6,12,0,30.3,0,0,26.0,1,1,1,1,65,36,12,59,1,5,1,41,39,45,43,58,60,25,53,8,54,43,60,15,43,55,60,50,1,62,1,24:28,1,2020-21
2020-21,203497,Rudy Gobert,Rudy,1610612762,UTA,Utah Jazz,0022000089,2021-01-03T00:00:00,UTA @ SAS,W,27.45,2,7,0.286,0,0,0.0,3,6,0.5,2,14,16,1,4,0,6,1,1,3,7,18,41.7,0,0,36.0,1,1,1,1,54,66,39,69,1,5,1,33,22,45,43,7,16,25,2,32,3,43,5,53,68,19,27,50,1,29,1,27:27,1,2020-21
2020-21,203497,Rudy Gobert,Rudy,1610612762,UTA,Utah Jazz,0022000102,2021-01-05T00:00:00,UTA @ BKN,L,27.166666666666668,3,10,0.3,0,0,0.0,4,5,0.8,6,5,11,3,0,0,2,2,1,5,10,-15,33.7,1,0,28.0,1,53,53,53,55,59,12,68,1,5,1,16,33,17,5,66,49,4,53,32,34,63,5,25,56,69,54,1,1,58,1,27:10,1,2020-21
2020-21,203497,Rudy Gobert,Rudy,1610612762,UTA,Utah Jazz,0022000112,2021-01-06T00:00:00,UTA @ NYK,L,34.99166666666667,7,9,0.778,0,0,0.0,0,3,0.0,2,9,11,2,0,0,5,0,1,4,14,-18,45.2,1,0,37.0,1,53,53,53,12,15,19,20,1,5,1,66,52,66,43,41,49,8,53,32,6,1,5,42,32,71,19,1,1,24,1,34:60,1,2020-21
2020-21,203497,Rudy Gobert,Rudy,1610612762,UTA,Utah Jazz,0022000129,2021-01-08T00:00:00,UTA @ MIL,W,33.1,4,9,0.444,0,0,0.0,1,4,0.25,4,10,14,0,2,1,4,3,1,4,9,13,38.8,0,0,33.0,1,1,1,1,25,48,19,65,1,5,1,57,39,60,21,33,28,56,20,8,9,70,5,42,61,29,41,50,1,42,1,33:06,1,2020-21
2020-21,203497,Rudy Gobert,Rudy,1610612762,UTA,Utah Jazz,0022000141,2021-01-10T00:00:00,UTA @ DET,W,33.56666666666667,1,5,0.2,0,0,0.0,2,6,0.333,6,13,19,1,4,0,4,2,2,4,4,7,36.3,0,0,32.0,1,1,1,1,20,71,63,71,1,5,1,41,22,58,5,12,7,25,2,32,9,63,23,42,70,42,48,50,1,48,1,33:34,1,2020-21
2020-21,203497,Rudy Gobert,Rudy,1610612762,UTA,Utah Jazz,0022000159,2021-01-12T00:00:00,UTA @ CLE,W,25.35,2,7,0.286,0,0,0.0,0,2,0.0,2,8,10,0,2,1,1,2,3,3,4,13,20.0,0,0,18.0,1,1,1,1,64,66,39,69,1,5,1,66,59,66,43,51,54,56,20,8,54,63,42,53,70,29,71,50,1,71,1,25:21,1,2020-21
2020-21,203497,Rudy Gobert,Rudy,1610612762,UTA,Utah Jazz,0022000186,2021-01-15T00:00:00,UTA vs. ATL,W,28.016666666666666,6,7,0.857,0,0,0.0,3,6,0.5,3,10,13,1,1,0,4,0,1,6,15,23,43.1,1,0,37.0,1,1,1,1,51,20,39,9,1,5,1,33,22,45,35,33,34,25,37,32,9,1,5,15,27,13,24,1,1,24,1,28:01,1,2020-21
2020-21,203497,Rudy Gobert,Rudy,1610612762,UTA,Utah Jazz,0022000200,2021-01-17T00:00:00,UTA @ DEN,W,32.946666666666665,4,5,0.8,0,0,0.0,7,13,0.538,4,9,13,1,1,0,2,1,3,8,15,8,37.1,1,0,33.0,1,1,1,1,27,48,63,16,1,5,1,4,1,44,21,41,34,25,37,32,34,43,42,4,27,40,46,1,1,42,1,32:57,1,2020-21
2020-21,203497,Rudy Gobert,Rudy,1610612762,UTA,Utah Jazz,0022000214,2021-01-19T00:00:00,UTA vs. NOP,W,29.833333333333332,6,8,0.75,0,0,0.0,1,6,0.167,6,12,18,1,0,1,3,0,1,3,13,22,48.1,1,0,40.0,1,1,1,1,44,20,30,23,1,5,1,57,22,65,5,17,9,25,53,8,22,1,5,53,37,15,12,1,1,18,1,29:50,1,2020-21
2020-21,203497,Rudy Gobert,Rudy,1610612762,UTA,Utah Jazz,0022000227,2021-01-21T00:00:00,UTA vs. NOP,W,29.611666666666668,6,8,0.75,0,0,0.0,0,0,0.0,1,10,11,2,2,0,4,0,2,0,12,19,38.2,1,0,33.0,1,1,1,1,46,20,30,23,1,5,1,66,69,66,59,33,49,8,20,32,9,1,23,71,43,17,42,1,1,42,1,29:37,1,2020-21
2020-21,203497,Rudy Gobert,Rudy,1610612762,UTA,Utah Jazz,0022000242,2021-01-23T00:00:00,UTA vs. GSW,W,24.1,4,6,0.667,0,0,0.0,3,4,0.75,4,10,14,2,0,0,1,1,1,5,11,38,33.8,1,0,29.0,1,1,1,1,66,48,54,40,1,5,1,33,39,22,21,33,28,8,53,32,54,43,5,25,52,2,53,1,1,55,1,24:06,1,2020-21
2020-21,203497,Rudy Gobert,Rudy,1610612762,UTA,Utah Jazz,0022000270,2021-01-26T00:00:00,UTA vs. NYK,W,31.5,8,13,0.615,0,0,0.0,2,2,1.0,7,12,19,2,0,0,4,1,2,4,18,27,55.8,1,0,47.0,1,1,1,1,36,8,4,49,1,5,1,41,59,1,2,17,7,8,53,32,9,43,23,42,12,8,5,1,1,6,1,31:30,1,2020-21
2020-21,203497,Rudy Gobert,Rudy,1610612762,UTA,Utah Jazz,0022000282,2021-01-27T00:00:00,UTA vs. DAL,W,37.473333333333336,11,20,0.55,0,0,0.0,7,11,0.636,6,14,20,1,2,3,3,4,2,7,29,12,70.5,1,0,62.0,1,1,1,1,3,1,1,58,1,5,1,4,4,38,5,7,3,25,20,1,22,71,23,7,1,31,2,1,1,2,1,37:28,1,2020-21
2020-21,203497,Rudy Gobert,Rudy,1610612762,UTA,Utah Jazz,0022000297,2021-01-29T00:00:00,UTA vs. DAL,W,25.433333333333334,5,7,0.714,0,0,0.0,7,8,0.875,5,7,12,0,4,0,2,0,5,5,17,14,33.4,1,0,33.0,1,1,1,1,63,36,39,33,1,5,1,4,9,11,12,58,39,56,2,32,34,1,67,25,20,25,56,1,1,42,1,25:26,1,2020-21
2020-21,203497,Rudy Gobert,Rudy,1610612762,UTA,Utah Jazz,0022000306,2021-01-31T00:00:00,UTA @ DEN,L,25.486666666666668,4,7,0.571,0,0,0.0,4,8,0.5,6,2,8,1,0,0,1,1,2,4,12,-15,26.1,0,0,23.0,1,53,53,53,62,48,39,51,1,5,1,16,9,45,5,71,67,25,53,32,54,43,23,42,43,69,69,50,1,69,1,25:29,1,2020-21
2020-21,203497,Rudy Gobert,Rudy,1610612762,UTA,Utah Jazz,0022000325,2021-02-02T00:00:00,UTA vs. DET,W,29.483333333333334,2,4,0.5,0,0,0.0,5,6,0.833,1,6,7,2,3,0,3,2,3,3,9,-7,26.4,0,0,24.0,1,1,1,1,47,66,65,59,1,5,1,13,22,16,59,63,69,8,11,32,22,63,42,53,61,64,68,50,1,67,1,29:29,1,2020-21
2020-21,203497,Rudy Gobert,Rudy,1610612762,UTA,Utah Jazz,0022000338,2021-02-04T00:00:00,UTA @ ATL,W,27.15,5,12,0.417,0,0,0.0,1,2,0.5,4,8,12,2,1,0,2,0,0,2,11,14,33.4,1,0,29.0,1,1,1,1,56,36,6,66,1,5,1,57,59,45,21,51,39,8,37,32,34,1,1,67,52,25,56,1,1,55,1,27:09,1,2020-21
2020-21,203497,Rudy Gobert,Rudy,1610612762,UTA,Utah Jazz,0022000342,2021-02-05T00:00:00,UTA @ CHA,W,26.666666666666668,4,4,1.0,0,0,0.0,4,5,0.8,2,13,15,0,3,0,4,0,5,7,12,9,39.0,1,0,35.0,1,1,1,1,59,48,65,1,1,5,1,16,33,17,43,12,23,56,11,32,9,1,67,7,43,36,39,1,1,34,1,26:40,1,2020-21
2020-21,203497,Rudy Gobert,Rudy,1610612762,UTA,Utah Jazz,0022000363,2021-02-07T00:00:00,UTA @ IND,W,30.8,7,9,0.778,0,0,0.0,2,9,0.222,2,14,16,0,1,0,3,1,3,7,16,4,43.2,1,0,38.0,1,1,1,1,40,15,19,20,1,5,1,41,7,63,43,7,16,56,37,32,22,43,42,7,21,49,23,1,1,22,1,30:48,1,2020-21
2020-21,203497,Rudy Gobert,Rudy,1610612762,UTA,Utah Jazz,0022000379,2021-02-09T00:00:00,UTA vs. BOS,W,36.483333333333334,8,9,0.889,0,0,0.0,2,3,0.667,3,9,12,3,4,0,3,0,3,7,18,23,41.9,1,0,39.0,1,1,1,1,7,8,19,8,1,5,1,41,52,27,35,41,39,4,2,32,22,1,42,7,12,13,26,1,1,20,1,36:29,1,2020-21
2020-21,203497,Rudy Gobert,Rudy,1610612762,UTA,Utah Jazz,0022000402,2021-02-12T00:00:00,UTA vs. MIL,W,34.68333333333333,9,12,0.75,0,0,0.0,9,13,0.692,4,8,12,0,2,0,4,1,5,9,27,5,51.4,1,0,47.0,1,1,1,1,13,4,6,23,1,5,1,1,1,26,21,51,39,56,20,32,9,43,67,2,2,44,11,1,1,6,1,34:41,1,2020-21
2020-21,203497,Rudy Gobert,Rudy,1610612762,UTA,Utah Jazz,0022000410,2021-02-13T00:00:00,UTA vs. MIA,W,30.2,6,7,0.857,0,1,0.0,4,5,0.8,1,11,12,0,2,0,3,0,1,5,16,17,37.4,1,0,34.0,1,1,1,1,42,20,39,9,1,1,1,16,33,17,59,25,39,56,20,32,22,1,5,25,21,20,45,1,1,38,1,30:12,1,2020-21
2020-21,203497,Rudy Gobert,Rudy,1610612762,UTA,Utah Jazz,0022000423,2021-02-15T00:00:00,UTA vs. PHI,W,31.783333333333335,3,3,1.0,0,0,0.0,5,8,0.625,1,8,9,2,1,1,2,0,3,7,11,5,32.8,0,0,28.0,1,1,1,1,33,59,69,1,1,5,1,13,9,39,59,51,60,8,37,8,34,1,42,7,52,44,58,50,1,58,1,31:47,1,2020-21
2020-21,203497,Rudy Gobert,Rudy,1610612762,UTA,Utah Jazz,0022000444,2021-02-17T00:00:00,UTA @ LAC,W,31.716666666666665,8,12,0.667,0,0,0.0,7,8,0.875,5,15,20,1,0,1,1,0,0,7,23,25,54.5,1,0,48.0,1,1,1,1,34,8,6,40,1,5,1,4,9,11,12,3,3,25,53,8,54,1,1,7,6,10,8,1,1,5,1,31:43,1,2020-21
2020-21,203497,Rudy Gobert,Rudy,1610612762,UTA,Utah Jazz,0022000457,2021-02-19T00:00:00,UTA @ LAC,L,31.451666666666668,4,7,0.571,0,0,0.0,0,0,0.0,4,11,15,1,3,0,3,0,2,2,8,-5,33.5,0,0,30.0,1,53,53,53,37,48,39,51,1,5,1,66,69,66,21,25,23,25,11,32,22,1,23,67,64,63,55,50,1,53,1,31:27,1,2020-21
2020-21,203497,Rudy Gobert,Rudy,1610612762,UTA,Utah Jazz,0022000478,2021-02-22T00:00:00,UTA vs. CHA,W,29.816666666666666,3,4,0.75,0,0,0.0,4,4,1.0,3,9,12,1,4,0,6,0,3,5,10,24,39.9,1,0,35.0,1,1,1,1,45,59,65,23,1,5,1,16,39,1,35,41,39,25,2,32,3,1,42,25,56,12,32,1,1,34,1,29:49,1,2020-21
2020-21,203497,Rudy Gobert,Rudy,1610612762,UTA,Utah Jazz,0022000497,2021-02-24T00:00:00,UTA vs. LAL,W,26.9,8,12,0.667,0,0,0.0,2,3,0.667,1,8,9,0,3,0,1,2,1,2,18,14,28.8,0,0,29.0,1,1,1,1,57,8,6,40,1,5,1,41,52,27,59,51,60,56,11,32,54,63,5,67,12,25,64,50,1,55,1,26:54,1,2020-21
2020-21,203497,Rudy Gobert,Rudy,1610612762,UTA,Utah Jazz,0022000507,2021-02-26T00:00:00,UTA @ MIA,L,36.848333333333336,4,7,0.571,0,0,0.0,7,7,1.0,2,10,12,1,1,1,2,1,2,6,15,-2,38.9,1,0,34.0,1,53,53,53,4,48,39,51,1,5,1,4,15,1,43,33,39,25,37,8,34,43,23,15,27,58,40,1,1,38,1,36:51,1,2020-21
2020-21,203497,Rudy Gobert,Rudy,1610612762,UTA,Utah Jazz,0022000516,2021-02-27T00:00:00,UTA @ ORL,W,30.266666666666666,6,6,1.0,0,0,0.0,0,4,0.0,1,15,16,3,3,1,2,0,1,3,12,16,41.7,1,0,37.0,1,1,1,1,41,20,54,1,1,5,1,66,39,66,59,3,16,4,11,8,34,1,5,53,43,23,27,1,1,24,1,30:16,1,2020-21
2020-21,203497,Rudy Gobert,Rudy,1610612762,UTA,Utah Jazz,0022000533,2021-03-01T00:00:00,UTA @ NOP,L,33.36666666666667,9,13,0.692,0,0,0.0,4,6,0.667,2,7,9,1,0,1,5,0,3,6,22,2,52.3,0,0,44.0,1,53,53,53,21,4,4,39,1,5,1,16,22,27,43,58,60,25,53,8,6,1,42,15,7,52,10,50,1,10,1,33:22,1,2020-21
2020-21,203497,Rudy Gobert,Rudy,1610612762,UTA,Utah Jazz,0022000545,2021-03-03T00:00:00,UTA @ PHI,L,38.45666666666666,4,10,0.4,0,0,0.0,4,6,0.667,5,4,9,4,3,2,1,1,5,5,12,-9,34.8,0,0,31.0,1,53,53,53,1,48,12,67,1,5,1,16,22,27,12,68,60,1,11,3,54,43,67,25,43,66,51,50,1,50,1,38:27,1,2020-21
2020-21,203497,Rudy Gobert,Rudy,1610612762,UTA,Utah Jazz,0022000584,2021-03-12T00:00:00,UTA vs. HOU,W,32.4,5,9,0.556,0,0,0.0,4,6,0.667,2,11,13,1,2,0,6,2,1,3,14,9,47.1,1,0,40.0,1,1,1,1,29,36,19,54,1,5,1,16,22,27,43,25,34,25,20,32,3,63,5,53,32,36,13,1,1,18,1,32:24,1,2020-21
2020-21,203497,Rudy Gobert,Rudy,1610612762,UTA,Utah Jazz,0022000594,2021-03-14T00:00:00,UTA @ GSW,L,32.46666666666667,8,10,0.8,0,0,0.0,8,13,0.615,8,20,28,1,0,2,4,0,5,10,24,11,77.1,1,0,65.0,1,53,53,53,28,8,12,16,1,5,1,2,1,40,1,1,1,25,53,3,9,1,67,1,4,33,1,1,1,1,1,32:28,1,2020-21
2020-21,203497,Rudy Gobert,Rudy,1610612762,UTA,Utah Jazz,0022000609,2021-03-16T00:00:00,UTA @ BOS,W,33.11666666666667,5,6,0.833,0,0,0.0,6,7,0.857,1,11,12,1,4,0,4,0,3,5,16,14,39.9,1,0,37.0,1,1,1,1,24,36,54,14,1,5,1,10,15,14,59,25,39,25,2,32,9,1,42,25,21,25,32,1,1,24,1,33:07,1,2020-21
2020-21,203497,Rudy Gobert,Rudy,1610612762,UTA,Utah Jazz,0022000166,2021-03-18T00:00:00,UTA @ WAS,L,33.053333333333335,4,8,0.5,0,1,0.0,2,10,0.2,5,8,13,0,0,2,2,0,3,9,10,-4,37.6,1,0,31.0,1,53,53,53,26,48,30,59,1,1,1,41,5,64,12,51,34,56,53,3,34,1,42,2,56,60,44,1,1,50,1,33:03,1,2020-21
2020-21,203497,Rudy Gobert,Rudy,1610612762,UTA,Utah Jazz,0022000634,2021-03-19T00:00:00,UTA @ TOR,W,35.166666666666664,5,9,0.556,0,0,0.0,5,7,0.714,4,12,16,1,2,0,2,1,3,6,15,-4,39.7,1,0,36.0,1,1,1,1,11,36,19,54,1,5,1,13,15,25,21,17,16,25,20,32,34,43,42,15,27,60,35,1,1,29,1,35:10,1,2020-21
2020-21,203497,Rudy Gobert,Rudy,1610612762,UTA,Utah Jazz,0022000656,2021-03-22T00:00:00,UTA @ CHI,W,33.266666666666666,9,11,0.818,0,0,0.0,3,3,1.0,3,7,10,2,0,0,9,0,4,3,21,19,63.0,1,0,51.0,1,1,1,1,22,4,11,15,1,5,1,33,52,1,35,58,54,8,53,32,1,1,60,53,8,17,3,1,1,3,1,33:16,1,2020-21
2020-21,203497,Rudy Gobert,Rudy,1610612762,UTA,Utah Jazz,0022000676,2021-03-24T00:00:00,UTA vs. BKN,W,23.533333333333335,2,3,0.667,0,0,0.0,4,4,1.0,4,7,11,0,1,0,3,0,2,5,8,27,29.2,0,0,25.0,1,1,1,1,68,66,69,40,1,5,1,16,39,1,21,58,49,56,37,32,22,1,23,25,64,8,62,50,1,65,1,23:32,1,2020-21
2020-21,203497,Rudy Gobert,Rudy,1610612762,UTA,Utah Jazz,0022000691,2021-03-26T00:00:00,UTA vs. MEM,W,32.0,11,14,0.786,0,0,0.0,3,4,0.75,3,6,9,1,0,0,2,0,3,4,25,10,43.3,0,0,39.0,1,1,1,1,32,1,2,19,1,5,1,33,39,22,35,63,60,25,53,32,34,1,42,42,3,35,22,50,1,20,1,32:00,1,2020-21
2020-21,203497,Rudy Gobert,Rudy,1610612762,UTA,Utah Jazz,0022000700,2021-03-27T00:00:00,UTA vs. MEM,W,26.566666666666666,6,10,0.6,0,1,0.0,4,7,0.571,5,9,14,1,0,0,2,0,2,6,16,25,40.3,1,0,35.0,1,1,1,1,60,20,12,50,1,1,1,16,15,42,12,41,28,25,53,32,34,1,23,15,21,10,29,1,1,34,1,26:34,1,2020-21
2020-21,203497,Rudy Gobert,Rudy,1610612762,UTA,Utah Jazz,0022000715,2021-03-29T00:00:00,UTA vs. CLE,W,27.783333333333335,5,8,0.625,0,0,0.0,8,10,0.8,4,13,17,0,0,2,4,1,0,8,18,38,56.4,1,0,47.0,1,1,1,1,53,36,30,48,1,5,1,2,5,17,21,12,13,56,53,3,9,43,1,4,12,2,4,1,1,6,1,27:47,1,2020-21
2020-21,203497,Rudy Gobert,Rudy,1610612762,UTA,Utah Jazz,0022000725,2021-03-31T00:00:00,UTA @ MEM,W,36.43333333333333,3,6,0.5,0,0,0.0,2,7,0.286,2,10,12,4,2,1,2,0,4,5,8,12,35.4,0,0,30.0,1,1,1,1,8,59,54,59,1,5,1,41,15,59,43,33,39,1,20,8,34,1,60,25,64,31,50,50,1,53,1,36:26,1,2020-21
2020-21,203497,Rudy Gobert,Rudy,1610612762,UTA,Utah Jazz,0022000743,2021-04-02T00:00:00,UTA vs. CHI,W,32.28333333333333,6,7,0.857,0,0,0.0,7,8,0.875,2,11,13,1,2,0,2,1,2,5,19,9,40.1,1,0,37.0,1,1,1,1,30,20,39,9,1,5,1,4,9,11,43,25,34,25,20,32,34,43,23,25,10,36,30,1,1,24,1,32:17,1,2020-21
2020-21,203497,Rudy Gobert,Rudy,1610612762,UTA,Utah Jazz,0022000752,2021-04-03T00:00:00,UTA vs. ORL,W,20.0,4,6,0.667,0,0,0.0,3,5,0.6,2,4,6,1,1,0,4,1,2,5,11,30,30.7,0,0,26.0,1,1,1,1,71,48,54,40,1,5,1,33,33,41,43,68,70,25,37,32,9,43,23,25,52,6,59,50,1,62,1,20:00,1,2020-21
2020-21,203497,Rudy Gobert,Rudy,1610612762,UTA,Utah Jazz,0022000764,2021-04-05T00:00:00,UTA @ DAL,L,34.333333333333336,6,6,1.0,0,0,0.0,2,3,0.667,2,13,15,2,1,0,2,0,1,4,14,3,40.0,1,0,35.0,1,53,53,53,15,20,54,1,1,5,1,41,52,27,43,12,23,8,37,32,34,1,5,42,32,50,31,1,1,34,1,34:20,1,2020-21
2020-21,203497,Rudy Gobert,Rudy,1610612762,UTA,Utah Jazz,0022000783,2021-04-07T00:00:00,UTA @ PHX,L,36.733333333333334,7,7,1.0,0,0,0.0,2,2,1.0,4,14,18,2,3,3,0,0,2,3,16,-7,46.6,1,0,42.0,1,53,53,53,6,15,39,1,1,5,1,41,59,1,21,7,9,8,11,1,67,1,23,53,21,64,16,1,1,12,1,36:44,1,2020-21
2020-21,203497,Rudy Gobert,Rudy,1610612762,UTA,Utah Jazz,0022000787,2021-04-08T00:00:00,UTA vs. POR,W,32.28333333333333,6,9,0.667,0,0,0.0,6,7,0.857,6,14,20,2,1,0,1,1,2,6,18,5,47.0,1,0,42.0,1,1,1,1,30,20,19,40,1,5,1,10,15,14,5,7,3,8,37,32,54,43,23,15,12,44,15,1,1,12,1,32:17,1,2020-21
2020-21,203497,Rudy Gobert,Rudy,1610612762,UTA,Utah Jazz,0022000801,2021-04-10T00:00:00,UTA vs. SAC,W,31.516666666666666,2,2,1.0,0,0,0.0,2,4,0.5,3,8,11,1,2,1,2,0,3,3,6,5,27.7,0,0,24.0,1,1,1,1,35,66,71,1,1,5,1,41,39,45,35,51,49,25,20,8,34,1,42,53,69,44,65,50,1,67,1,31:31,1,2020-21
2020-21,203497,Rudy Gobert,Rudy,1610612762,UTA,Utah Jazz,0022000820,2021-04-12T00:00:00,UTA vs. WAS,L,33.266666666666666,5,7,0.714,0,0,0.0,2,5,0.4,1,11,12,3,2,0,0,1,2,4,12,1,28.9,1,0,27.0,1,53,53,53,22,36,39,33,1,5,1,41,33,57,59,25,39,4,20,32,67,43,23,42,43,53,63,1,1,61,1,33:16,1,2020-21
2020-21,203497,Rudy Gobert,Rudy,1610612762,UTA,Utah Jazz,0022000826,2021-04-13T00:00:00,UTA vs. OKC,W,33.983333333333334,6,7,0.857,0,0,0.0,1,2,0.5,5,9,14,1,2,1,7,0,2,5,13,17,53.3,1,0,44.0,1,1,1,1,18,20,39,9,1,5,1,57,59,45,12,41,28,25,20,8,2,1,23,25,37,20,9,1,1,10,1,33:59,1,2020-21
2020-21,203497,Rudy Gobert,Rudy,1610612762,UTA,Utah Jazz,0022000844,2021-04-16T00:00:00,UTA vs. IND,W,37.6,6,7,0.857,0,0,0.0,1,4,0.25,5,18,23,1,2,1,4,0,4,5,13,11,55.1,1,0,47.0,1,1,1,1,2,20,39,9,1,5,1,57,39,60,12,2,2,25,20,8,9,1,60,25,37,33,7,1,1,6,1,37:36,1,2020-21
2020-21,203497,Rudy Gobert,Rudy,1610612762,UTA,Utah Jazz,0022000875,2021-04-19T00:00:00,UTA @ LAL,W,28.5,5,7,0.714,0,0,0.0,4,5,0.8,1,9,10,2,0,1,2,0,3,7,14,17,38.0,1,0,32.0,1,1,1,1,49,36,39,33,1,5,1,16,33,17,59,41,54,8,53,8,34,1,42,7,32,20,43,1,1,48,1,28:30,1,2020-21
2020-21,203497,Rudy Gobert,Rudy,1610612762,UTA,Utah Jazz,0022000887,2021-04-21T00:00:00,UTA @ HOU,W,25.833333333333332,9,12,0.75,0,0,0.0,1,2,0.5,3,15,18,0,0,0,2,1,3,7,19,44,46.6,1,0,41.0,1,1,1,1,61,4,6,23,1,5,1,57,59,45,35,3,9,56,53,32,34,43,42,7,10,1,16,1,1,14,1,25:50,1,2020-21
2020-21,203497,Rudy Gobert,Rudy,1610612762,UTA,Utah Jazz,0022000909,2021-04-24T00:00:00,UTA vs. MIN,L,36.09,3,6,0.5,0,0,0.0,3,3,1.0,7,10,17,0,5,0,1,0,3,6,9,-1,27.4,0,0,28.0,1,53,53,53,9,59,54,59,1,5,1,33,52,1,2,33,13,56,1,32,54,1,42,15,61,57,66,50,1,58,1,36:05,1,2020-21
2020-21,203497,Rudy Gobert,Rudy,1610612762,UTA,Utah Jazz,0022000923,2021-04-26T00:00:00,UTA @ MIN,L,34.583333333333336,8,8,1.0,0,0,0.0,2,4,0.5,1,4,5,2,2,1,3,0,4,5,18,1,37.0,0,0,33.0,1,53,53,53,14,8,30,1,1,5,1,41,39,45,59,68,71,8,20,8,22,1,60,25,12,53,47,50,1,42,1,34:35,1,2020-21
2020-21,203497,Rudy Gobert,Rudy,1610612762,UTA,Utah Jazz,0022000942,2021-04-28T00:00:00,UTA @ SAC,W,23.5,5,7,0.714,0,0,0.0,2,2,1.0,1,9,10,0,0,1,5,2,0,6,12,28,42.0,1,0,34.0,1,1,1,1,69,36,39,33,1,5,1,41,59,1,59,41,54,56,53,8,6,63,1,15,43,7,25,1,1,38,1,23:30,1,2020-21
2020-21,203497,Rudy Gobert,Rudy,1610612762,UTA,Utah Jazz,0022000955,2021-04-30T00:00:00,UTA @ PHX,L,23.75,3,4,0.75,0,0,0.0,2,2,1.0,1,9,10,1,1,0,3,1,1,3,8,-12,29.5,0,0,25.0,1,53,53,53,67,59,65,23,1,5,1,41,59,1,59,41,54,25,37,32,22,43,5,53,64,68,61,50,1,65,1,23:45,1,2020-21
2020-21,203497,Rudy Gobert,Rudy,1610612762,UTA,Utah Jazz,0022000965,2021-05-01T00:00:00,UTA vs. TOR,W,33.983333333333334,6,8,0.75,0,0,0.0,1,2,0.5,5,11,16,0,4,1,1,0,2,3,13,-4,34.2,1,0,33.0,1,1,1,1,18,20,30,23,1,5,1,57,59,45,12,25,16,56,2,8,54,1,23,53,37,60,52,1,1,42,1,33:59,1,2020-21
2020-21,203497,Rudy Gobert,Rudy,1610612762,UTA,Utah Jazz,0022000981,2021-05-03T00:00:00,UTA vs. SAS,W,29.866666666666667,10,14,0.714,0,0,0.0,4,7,0.571,4,11,15,1,3,2,3,0,2,5,24,9,55.5,1,0,50.0,1,1,1,1,43,3,2,33,1,5,1,16,15,42,21,25,23,25,11,3,22,1,23,25,4,36,6,1,1,4,1,29:52,1,2020-21
2020-21,203497,Rudy Gobert,Rudy,1610612762,UTA,Utah Jazz,0022000996,2021-05-05T00:00:00,UTA vs. SAS,W,21.616666666666667,3,6,0.5,0,0,0.0,4,6,0.667,2,6,8,1,1,0,0,0,1,5,10,31,20.1,0,0,19.0,1,1,1,1,70,59,54,59,1,5,1,16,22,27,43,63,67,25,37,32,67,1,5,25,56,5,70,50,1,70,1,21:37,1,2020-21
2020-21,203497,Rudy Gobert,Rudy,1610612762,UTA,Utah Jazz,0022001008,2021-05-07T00:00:00,UTA vs. DEN,W,35.46666666666667,5,9,0.556,0,0,0.0,4,4,1.0,4,5,9,2,1,1,2,1,2,3,14,-2,35.8,0,0,31.0,1,1,1,1,10,36,19,54,1,5,1,16,39,1,21,66,60,8,37,8,34,43,23,53,32,58,49,50,1,50,1,35:28,1,2020-21
2020-21,203497,Rudy Gobert,Rudy,1610612762,UTA,Utah Jazz,0022001016,2021-05-08T00:00:00,UTA vs. HOU,W,31.15,6,9,0.667,0,0,0.0,1,2,0.5,2,12,14,1,4,1,3,1,4,4,13,8,39.3,1,0,36.0,1,1,1,1,38,20,19,40,1,5,1,57,59,45,43,17,28,25,2,8,22,43,60,42,37,40,37,1,1,29,1,31:09,1,2020-21
2020-21,203497,Rudy Gobert,Rudy,1610612762,UTA,Utah Jazz,0022001030,2021-05-10T00:00:00,UTA @ GSW,L,30.833333333333332,4,6,0.667,0,0,0.0,2,3,0.667,3,12,15,1,3,0,0,0,1,3,10,3,26.5,1,0,26.0,1,53,53,53,39,48,54,40,1,5,1,41,52,27,35,17,23,25,11,32,67,1,5,53,56,50,67,1,1,62,1,30:50,1,2020-21
2020-21,203497,Rudy Gobert,Rudy,1610612762,UTA,Utah Jazz,0022001045,2021-05-12T00:00:00,UTA vs. POR,L,34.233333333333334,6,8,0.75,0,0,0.0,3,4,0.75,5,15,20,2,2,1,1,0,3,4,15,0,46.0,1,0,41.0,1,53,53,53,16,20,30,23,1,5,1,33,39,22,12,3,3,8,20,8,54,1,42,42,27,55,18,1,1,14,1,34:14,1,2020-21
2020-21,203497,Rudy Gobert,Rudy,1610612762,UTA,Utah Jazz,0022001056,2021-05-14T00:00:00,UTA @ OKC,W,26.8,5,9,0.556,0,0,0.0,6,9,0.667,6,12,18,1,1,1,2,0,1,8,16,20,47.1,1,0,41.0,1,1,1,1,58,36,19,54,1,5,1,10,7,27,5,17,9,25,37,8,34,1,5,4,21,16,13,1,1,14,1,26:48,1,2020-21
2020-21,203497,Rudy Gobert,Rudy,1610612762,UTA,Utah Jazz,0022001077,2021-05-16T00:00:00,UTA @ SAC,W,27.933333333333334,6,8,0.75,0,1,0.0,1,4,0.25,4,12,16,1,0,0,2,0,1,6,13,36,39.7,1,0,34.0,1,1,1,1,52,20,30,23,1,1,1,57,39,60,21,17,16,25,53,32,34,1,5,15,37,4,35,1,1,38,1,27:56,1,2020-21
2021-22,203497,Rudy Gobert,Rudy,1610612762,UTA,Utah Jazz,0022100011,2021-10-20T00:00:00,UTA vs. OKC,W,29.483333333333334,6,9,0.667,0,0,0.0,4,6,0.667,5,16,21,0,1,0,1,0,1,5,16,20,43.2,1,0,39.0,1,1,1,1,48,22,20,38,1,4,1,33,32,34,16,5,1,46,39,33,40,1,7,35,28,11,31,1,1,28,1,29:29,1,2021-22
2021-22,203497,Rudy Gobert,Rudy,1610612762,UTA,Utah Jazz,0022100026,2021-10-22T00:00:00,UTA @ SAC,W,32.21666666666667,4,7,0.571,0,0,0.0,9,10,0.9,6,14,20,2,4,2,0,1,4,8,17,-9,46.0,1,0,43.0,1,1,1,1,36,43,35,54,1,4,1,5,8,8,10,11,5,7,1,3,56,34,45,9,25,57,23,1,1,15,1,32:13,1,2021-22
2021-22,203497,Rudy Gobert,Rudy,1610612762,UTA,Utah Jazz,0022100054,2021-10-26T00:00:00,UTA vs. DEN,W,33.233333333333334,7,8,0.875,0,0,0.0,9,16,0.563,3,13,16,0,4,0,1,1,4,9,23,10,41.2,1,0,41.0,1,1,1,1,28,15,25,13,1,4,1,5,2,46,35,18,25,46,1,33,40,34,45,4,4,27,37,1,1,21,1,33:14,1,2021-22
2021-22,203497,Rudy Gobert,Rudy,1610612762,UTA,Utah Jazz,0022100068,2021-10-28T00:00:00,UTA @ HOU,W,27.983333333333334,5,7,0.714,0,0,0.0,6,8,0.75,1,13,14,1,2,0,1,1,2,6,16,13,35.3,1,0,33.0,1,1,1,1,56,28,35,30,1,4,1,14,17,21,54,18,34,21,19,33,40,34,17,22,28,21,51,1,1,45,1,27:59,1,2021-22
2021-22,203497,Rudy Gobert,Rudy,1610612762,UTA,Utah Jazz,0022100083,2021-10-30T00:00:00,UTA @ CHI,L,32.21666666666667,7,9,0.778,0,0,0.0,3,4,0.75,7,12,19,1,0,1,3,1,4,5,17,-15,53.3,1,0,45.0,1,43,43,43,36,15,20,23,1,4,1,41,46,21,2,23,10,21,56,12,15,34,45,35,25,62,7,1,1,11,1,32:13,1,2021-22
2021-22,203497,Rudy Gobert,Rudy,1610612762,UTA,Utah Jazz,0022100091,2021-10-31T00:00:00,UTA @ MIL,W,30.933333333333334,2,3,0.667,0,0,0.0,5,6,0.833,3,10,13,2,2,1,4,1,1,5,9,1,40.6,0,0,34.0,1,1,1,1,42,61,62,38,1,4,1,24,32,12,35,36,42,7,19,12,6,34,7,35,58,41,38,54,1,43,1,30:56,1,2021-22
2021-22,203497,Rudy Gobert,Rudy,1610612762,UTA,Utah Jazz,0022100105,2021-11-02T00:00:00,UTA vs. SAC,W,32.68333333333333,3,4,0.75,0,0,0.0,6,9,0.667,1,19,20,1,3,1,4,1,4,7,12,10,49.5,1,0,43.0,1,1,1,1,33,56,56,25,1,4,1,14,13,34,54,1,5,21,9,12,6,34,45,16,48,27,15,1,1,15,1,32:41,1,2021-22
2021-22,203497,Rudy Gobert,Rudy,1610612762,UTA,Utah Jazz,0022100120,2021-11-04T00:00:00,UTA @ ATL,W,32.666666666666664,5,6,0.833,0,0,0.0,3,7,0.429,1,14,15,3,2,2,0,0,2,9,13,18,39.5,1,0,35.0,1,1,1,1,34,28,46,16,1,4,1,41,24,57,54,11,32,2,19,3,56,1,17,4,45,15,41,1,1,40,1,32:40,1,2021-22
2021-22,203497,Rudy Gobert,Rudy,1610612762,UTA,Utah Jazz,0022100134,2021-11-06T00:00:00,UTA @ MIA,L,28.903333333333332,4,5,0.8,0,0,0.0,0,2,0.0,2,6,8,0,1,0,1,0,1,6,8,-20,19.6,0,0,18.0,1,43,43,43,51,43,52,19,1,4,1,63,59,63,46,62,63,46,39,33,40,1,7,22,63,65,65,54,1,65,1,28:54,1,2021-22
2021-22,203497,Rudy Gobert,Rudy,1610612762,UTA,Utah Jazz,0022100141,2021-11-07T00:00:00,UTA @ ORL,L,33.833333333333336,7,9,0.778,0,0,0.0,7,8,0.875,5,10,15,1,4,3,4,0,3,8,21,-2,57.5,1,0,51.0,1,43,43,43,24,15,20,23,1,4,1,11,17,10,16,36,32,21,1,1,6,1,30,9,10,45,1,1,1,1,1,33:50,1,2021-22
2021-22,203497,Rudy Gobert,Rudy,1610612762,UTA,Utah Jazz,0022100156,2021-11-09T00:00:00,UTA vs. ATL,W,24.471666666666668,4,8,0.5,0,0,0.0,1,4,0.25,3,11,14,0,2,2,2,1,5,4,9,1,35.8,0,0,31.0,1,1,1,1,64,43,25,59,1,4,1,58,46,60,35,30,34,46,19,3,24,34,60,50,58,41,48,54,1,52,1,24:28,1,2021-22
2021-22,203497,Rudy Gobert,Rudy,1610612762,UTA,Utah Jazz,0022100172,2021-11-11T00:00:00,UTA vs. IND,L,30.95,7,10,0.7,0,0,0.0,5,7,0.714,1,10,11,0,2,0,1,3,2,7,19,-7,33.2,1,0,32.0,1,43,43,43,41,15,11,36,1,4,1,24,24,30,54,36,50,46,19,33,40,64,17,16,18,56,55,1,1,49,1,30:57,1,2021-22
2021-22,203497,Rudy Gobert,Rudy,1610612762,UTA,Utah Jazz,0022100185,2021-11-13T00:00:00,UTA vs. MIA,L,34.901666666666664,5,7,0.714,0,0,0.0,4,5,0.8,4,9,13,0,1,3,0,0,1,6,14,8,37.6,1,0,33.0,1,43,43,43,20,28,35,30,1,4,1,33,45,17,23,46,42,46,39,1,56,1,7,22,36,33,43,1,1,45,1,34:54,1,2021-22
2021-22,203497,Rudy Gobert,Rudy,1610612762,UTA,Utah Jazz,0022100211,2021-11-16T00:00:00,UTA vs. PHI,W,28.133333333333333,6,10,0.6,0,0,0.0,3,7,0.429,0,17,17,1,0,0,4,1,3,5,15,19,48.9,1,0,41.0,1,1,1,1,55,22,11,52,1,4,1,41,24,57,63,3,16,21,56,33,6,34,30,35,34,13,17,1,1,21,1,28:08,1,2021-22
2021-22,203497,Rudy Gobert,Rudy,1610612762,UTA,Utah Jazz,0022100229,2021-11-18T00:00:00,UTA vs. TOR,W,29.316666666666666,7,7,1.0,0,0,0.0,0,0,0.0,0,11,11,1,1,0,2,0,2,3,14,31,33.7,1,0,30.0,1,1,1,1,50,15,35,1,1,4,1,63,64,63,63,30,50,21,39,33,24,1,17,57,36,3,53,1,1,55,1,29:19,1,2021-22
2021-22,203497,Rudy Gobert,Rudy,1610612762,UTA,Utah Jazz,0022100247,2021-11-20T00:00:00,UTA @ SAC,W,30.3,8,12,0.667,0,1,0.0,5,6,0.833,7,7,14,1,2,1,1,2,3,6,21,4,43.3,1,0,40.0,1,1,1,1,46,9,5,38,1,2,1,24,32,12,2,54,34,21,19,12,40,55,30,22,10,35,29,1,1,25,1,30:18,1,2021-22
2021-22,203497,Rudy Gobert,Rudy,1610612762,UTA,Utah Jazz,0022100261,2021-11-22T00:00:00,UTA vs. MEM,L,32.86666666666667,9,10,0.9,0,0,0.0,5,6,0.833,2,11,13,0,0,0,5,1,3,7,23,10,53.6,1,0,46.0,1,43,43,43,32,2,11,10,1,4,1,24,32,12,46,30,42,46,56,33,2,34,30,16,4,27,6,1,1,8,1,32:52,1,2021-22
2021-22,203497,Rudy Gobert,Rudy,1610612762,UTA,Utah Jazz,0022100276,2021-11-24T00:00:00,UTA @ OKC,W,39.166666666666664,5,7,0.714,0,0,0.0,5,6,0.833,3,14,17,0,2,2,5,2,0,5,15,13,54.4,1,0,46.0,1,1,1,1,1,28,35,30,1,4,1,24,32,12,35,11,16,46,19,3,2,55,1,35,34,21,5,1,1,8,1,39:10,1,2021-22
2021-22,203497,Rudy Gobert,Rudy,1610612762,UTA,Utah Jazz,0022100289,2021-11-26T00:00:00,UTA vs. NOP,L,36.61666666666667,2,3,0.667,0,0,0.0,5,10,0.5,3,7,10,2,3,0,3,0,5,9,9,-6,30.0,0,0,27.0,1,43,43,43,11,61,62,38,1,4,1,24,8,47,35,54,57,7,9,33,15,1,60,4,58,54,58,54,1,58,1,36:37,1,2021-22
2021-22,203497,Rudy Gobert,Rudy,1610612762,UTA,Utah Jazz,0022100299,2021-11-27T00:00:00,UTA vs. NOP,W,27.166666666666668,2,4,0.5,0,0,0.0,2,4,0.5,1,7,8,1,4,1,2,1,1,4,6,20,22.1,0,0,21.0,1,1,1,1,59,61,56,59,1,4,1,49,46,47,54,54,63,21,1,12,24,34,7,50,64,11,63,54,1,63,1,27:10,1,2021-22
2021-22,203497,Rudy Gobert,Rudy,1610612762,UTA,Utah Jazz,0022100312,2021-11-29T00:00:00,UTA vs. POR,W,31.933333333333334,9,11,0.818,0,0,0.0,3,4,0.75,3,13,16,3,0,1,1,1,3,4,21,29,50.7,1,0,44.0,1,1,1,1,38,2,6,17,1,4,1,41,46,21,35,18,25,2,56,12,40,34,30,50,10,4,13,1,1,12,1,31:56,1,2021-22
2021-22,203497,Rudy Gobert,Rudy,1610612762,UTA,Utah Jazz,0022100339,2021-12-03T00:00:00,UTA vs. BOS,W,35.38333333333333,5,5,1.0,0,0,0.0,8,10,0.8,3,9,12,0,4,1,2,0,5,8,18,17,37.4,1,0,36.0,1,1,1,1,16,28,52,1,1,4,1,8,8,17,35,46,48,46,1,12,24,1,60,9,21,16,44,1,1,36,1,35:23,1,2021-22
2021-22,203497,Rudy Gobert,Rudy,1610612762,UTA,Utah Jazz,0022100349,2021-12-05T00:00:00,UTA @ CLE,W,38.18333333333333,3,6,0.5,0,0,0.0,0,0,0.0,5,15,20,3,1,1,5,0,0,1,6,3,51.5,0,0,41.0,1,1,1,1,3,56,46,59,1,4,1,63,64,63,16,6,5,2,39,12,2,1,1,66,64,37,11,54,1,21,1,38:11,1,2021-22
2021-22,203497,Rudy Gobert,Rudy,1610612762,UTA,Utah Jazz,0022100374,2021-12-08T00:00:00,UTA @ MIN,W,30.58,4,4,1.0,0,0,0.0,5,7,0.714,2,8,10,0,0,0,1,0,4,4,13,25,28.0,1,0,25.0,1,1,1,1,43,43,56,1,1,4,1,24,24,30,46,51,57,46,56,33,40,1,45,50,45,7,59,1,1,59,1,30:35,1,2021-22
2021-22,203497,Rudy Gobert,Rudy,1610612762,UTA,Utah Jazz,0022100379,2021-12-09T00:00:00,UTA @ PHI,W,29.361666666666668,6,11,0.545,0,0,0.0,5,8,0.625,6,15,21,1,1,0,2,0,4,6,17,17,48.7,1,0,43.0,1,1,1,1,49,22,6,58,1,4,1,24,17,42,10,6,1,21,39,33,24,1,45,22,25,16,19,1,1,15,1,29:22,1,2021-22
2021-22,203497,Rudy Gobert,Rudy,1610612762,UTA,Utah Jazz,0022100392,2021-12-11T00:00:00,UTA @ WAS,W,28.366666666666667,9,10,0.9,0,0,0.0,2,2,1.0,4,7,11,0,0,0,1,0,3,3,20,14,36.2,1,0,33.0,1,1,1,1,54,2,11,10,1,4,1,49,59,1,23,54,50,46,56,33,40,1,30,57,13,19,46,1,1,45,1,28:22,1,2021-22
2021-22,203497,Rudy Gobert,Rudy,1610612762,UTA,Utah Jazz,0022100425,2021-12-15T00:00:00,UTA vs. LAC,W,27.295,8,10,0.8,0,0,0.0,4,7,0.571,4,13,17,3,2,0,2,0,0,5,20,12,48.9,1,0,44.0,1,1,1,1,58,9,11,19,1,4,1,33,24,43,23,18,16,2,19,33,24,1,1,35,13,23,17,1,1,12,1,27:18,1,2021-22
2021-22,203497,Rudy Gobert,Rudy,1610612762,UTA,Utah Jazz,0022100437,2021-12-17T00:00:00,UTA vs. SAS,L,32.96666666666667,5,8,0.625,0,0,0.0,6,8,0.75,4,10,14,2,0,0,2,2,1,6,16,7,41.8,1,0,36.0,1,43,43,43,31,28,25,48,1,4,1,14,17,21,23,36,34,7,56,33,24,55,7,22,28,34,35,1,1,36,1,32:58,1,2021-22
2021-22,203497,Rudy Gobert,Rudy,1610612762,UTA,Utah Jazz,0022100447,2021-12-18T00:00:00,UTA vs. WAS,L,37.74666666666667,4,4,1.0,0,0,0.0,3,6,0.5,1,18,19,1,4,0,6,0,4,5,11,-4,49.3,1,0,43.0,1,43,43,43,5,43,56,1,1,4,1,41,32,47,54,2,10,21,1,33,1,1,45,35,52,48,16,1,1,15,1,37:45,1,2021-22
2021-22,203497,Rudy Gobert,Rudy,1610612762,UTA,Utah Jazz,0022100461,2021-12-20T00:00:00,UTA vs. CHA,W,36.11666666666667,4,10,0.4,0,0,0.0,15,16,0.938,7,14,21,2,4,1,1,0,2,8,23,4,53.2,1,0,50.0,1,1,1,1,12,43,11,64,1,4,1,1,2,7,2,11,1,7,1,12,40,1,17,9,4,35,8,1,1,3,1,36:07,1,2021-22
2021-22,203497,Rudy Gobert,Rudy,1610612762,UTA,Utah Jazz,0022100484,2021-12-23T00:00:00,UTA vs. MIN,W,35.00666666666667,8,14,0.571,0,0,0.0,4,9,0.444,7,10,17,2,3,1,4,2,3,7,20,9,55.4,1,0,49.0,1,1,1,1,17,9,1,54,1,4,1,33,13,56,2,36,16,7,9,12,6,55,30,16,13,32,3,1,1,4,1,35:00,1,2021-22
2021-22,203497,Rudy Gobert,Rudy,1610612762,UTA,Utah Jazz,0022100492,2021-12-25T00:00:00,UTA vs. DAL,W,33.693333333333335,4,6,0.667,0,0,0.0,2,3,0.667,5,6,11,1,2,2,2,0,3,5,10,3,34.7,1,0,30.0,1,1,1,1,25,43,46,38,1,4,1,49,56,34,16,62,50,21,19,3,24,1,30,35,55,37,52,1,1,55,1,33:42,1,2021-22
2021-22,203497,Rudy Gobert,Rudy,1610612762,UTA,Utah Jazz,0022100504,2021-12-27T00:00:00,UTA @ SAS,W,25.881666666666668,5,7,0.714,0,0,0.0,6,6,1.0,1,12,13,2,0,1,3,0,4,8,16,11,46.6,1,0,39.0,1,1,1,1,62,28,35,30,1,4,1,14,32,1,54,23,42,7,56,12,15,1,45,9,28,26,22,1,1,28,1,25:53,1,2021-22
2021-22,203497,Rudy Gobert,Rudy,1610612762,UTA,Utah Jazz,0022100523,2021-12-29T00:00:00,UTA @ POR,W,28.816666666666666,8,10,0.8,0,0,0.0,6,12,0.5,5,9,14,0,0,0,2,0,2,13,22,15,44.8,1,0,40.0,1,1,1,1,52,9,11,19,1,4,1,14,5,47,16,46,34,46,56,33,24,1,17,1,8,18,25,1,1,25,1,28:49,1,2021-22
2021-22,203497,Rudy Gobert,Rudy,1610612762,UTA,Utah Jazz,0022100537,2021-12-31T00:00:00,UTA vs. MIN,W,35.7,3,7,0.429,0,0,0.0,8,10,0.8,2,14,16,0,2,0,4,2,2,6,14,23,43.2,1,0,38.0,1,1,1,1,15,56,35,63,1,4,1,8,8,17,46,11,25,46,19,33,6,55,17,22,36,10,31,1,1,33,1,35:42,1,2021-22
2021-22,203497,Rudy Gobert,Rudy,1610612762,UTA,Utah Jazz,0022100544,2022-01-01T00:00:00,UTA vs. GSW,L,34.97666666666667,9,10,0.9,0,0,0.0,2,4,0.5,7,12,19,2,2,0,0,1,4,6,20,10,43.8,1,0,41.0,1,43,43,43,19,2,11,10,1,4,1,49,46,47,2,23,10,7,19,33,56,34,45,22,13,27,26,1,1,21,1,34:59,1,2021-22
2021-22,203497,Rudy Gobert,Rudy,1610612762,UTA,Utah Jazz,0022100557,2022-01-03T00:00:00,UTA @ NOP,W,37.12833333333333,3,8,0.375,0,0,0.0,4,6,0.667,6,11,17,0,2,2,2,1,5,6,10,12,40.4,1,0,35.0,1,1,1,1,8,56,25,66,1,4,1,33,32,34,10,30,16,46,19,3,24,34,60,22,55,23,39,1,1,40,1,37:08,1,2021-22
2021-22,203497,Rudy Gobert,Rudy,1610612762,UTA,Utah Jazz,0022100653,2022-01-16T00:00:00,UTA @ DEN,W,35.0,7,7,1.0,0,0,0.0,4,7,0.571,7,12,19,2,3,0,2,0,2,5,18,36,46.8,1,0,43.0,1,1,1,1,18,15,35,1,1,4,1,33,24,43,2,23,10,7,9,33,24,1,17,35,21,1,21,1,1,15,1,35:00,1,2021-22
2021-22,203497,Rudy Gobert,Rudy,1610612762,UTA,Utah Jazz,0022100665,2022-01-17T00:00:00,UTA @ LAL,L,36.965,6,8,0.75,0,0,0.0,7,8,0.875,2,14,16,0,3,1,3,1,3,7,19,-10,47.2,1,0,43.0,1,43,43,43,9,22,25,25,1,4,1,11,17,10,46,11,25,46,9,12,15,34,30,16,18,58,20,1,1,15,1,36:58,1,2021-22
2021-22,203497,Rudy Gobert,Rudy,1610612762,UTA,Utah Jazz,0022100677,2022-01-19T00:00:00,UTA vs. HOU,L,36.666666666666664,9,13,0.692,0,0,0.0,5,7,0.714,4,5,9,4,1,2,2,0,3,6,23,2,50.8,0,0,44.0,1,43,43,43,10,2,3,37,1,4,1,24,24,30,23,65,61,1,39,3,24,1,30,22,4,40,12,54,1,12,1,36:40,1,2021-22
2021-22,203497,Rudy Gobert,Rudy,1610612762,UTA,Utah Jazz,0022100693,2022-01-21T00:00:00,UTA vs. DET,W,32.3,8,11,0.727,0,0,0.0,8,11,0.727,4,10,14,1,2,0,4,1,4,9,24,-5,52.3,1,0,47.0,1,1,1,1,35,9,6,28,1,4,1,8,7,29,23,36,34,21,19,33,6,34,45,4,3,51,10,1,1,6,1,32:18,1,2021-22
2021-22,203497,Rudy Gobert,Rudy,1610612762,UTA,Utah Jazz,0022100708,2022-01-23T00:00:00,UTA @ GSW,L,35.983333333333334,5,10,0.5,0,1,0.0,2,2,1.0,7,11,18,3,1,1,0,1,0,3,12,-5,40.1,1,0,35.0,1,43,43,43,14,28,11,59,1,2,1,49,59,1,2,30,15,2,39,12,56,34,1,57,48,51,40,1,1,40,1,35:59,1,2021-22
2021-22,203497,Rudy Gobert,Rudy,1610612762,UTA,Utah Jazz,0022100865,2022-02-14T00:00:00,UTA vs. HOU,W,21.95,7,8,0.875,0,0,0.0,0,0,0.0,0,7,7,2,1,0,1,1,2,2,14,19,27.4,0,0,25.0,1,1,1,1,66,15,25,13,1,4,1,63,64,63,63,54,65,7,39,33,40,34,17,63,36,13,60,54,1,59,1,21:57,1,2021-22
2021-22,203497,Rudy Gobert,Rudy,1610612762,UTA,Utah Jazz,0022100884,2022-02-16T00:00:00,UTA @ LAL,L,27.976666666666667,2,3,0.667,0,0,0.0,1,2,0.5,1,10,11,0,2,0,3,0,3,3,5,-27,25.2,0,0,22.0,1,43,43,43,57,61,62,38,1,4,1,58,59,47,54,36,50,46,19,33,15,1,30,57,66,66,62,54,1,62,1,27:59,1,2021-22
2021-22,203497,Rudy Gobert,Rudy,1610612762,UTA,Utah Jazz,0022100903,2022-02-25T00:00:00,UTA vs. DAL,W,33.55,6,6,1.0,0,0,0.0,2,4,0.5,2,15,17,2,3,0,3,0,3,5,14,-5,43.4,1,0,39.0,1,1,1,1,26,22,46,1,1,4,1,49,46,47,46,6,16,7,9,33,15,1,30,35,36,51,28,1,1,28,1,33:33,1,2021-22
2021-22,203497,Rudy Gobert,Rudy,1610612762,UTA,Utah Jazz,0022100913,2022-02-27T00:00:00,UTA @ PHX,W,28.766666666666666,5,13,0.385,0,0,0.0,6,8,0.75,7,7,14,1,0,0,3,2,1,8,16,-15,43.3,1,0,37.0,1,1,1,1,53,28,3,65,1,4,1,14,17,21,2,54,34,21,56,33,15,55,7,9,28,62,29,1,1,34,1,28:46,1,2021-22
2021-22,203497,Rudy Gobert,Rudy,1610612762,UTA,Utah Jazz,0022100935,2022-03-02T00:00:00,UTA @ HOU,W,38.06666666666667,12,14,0.857,0,0,0.0,3,4,0.75,6,11,17,1,2,1,2,1,4,3,27,-12,55.9,1,0,51.0,1,1,1,1,4,1,1,15,1,4,1,41,46,21,10,30,16,21,19,12,24,34,45,57,1,60,2,1,1,1,1,38:04,1,2021-22
2021-22,203497,Rudy Gobert,Rudy,1610612762,UTA,Utah Jazz,0022100950,2022-03-04T00:00:00,UTA @ NOP,L,25.083333333333332,4,4,1.0,0,0,0.0,2,6,0.333,4,7,11,1,1,1,0,0,1,4,10,-19,26.7,1,0,24.0,1,43,43,43,63,43,56,1,1,4,1,49,32,59,23,54,50,21,39,12,56,1,7,50,55,64,61,1,1,61,1,25:05,1,2021-22
2021-22,203497,Rudy Gobert,Rudy,1610612762,UTA,Utah Jazz,0022100965,2022-03-06T00:00:00,UTA @ OKC,W,34.233333333333334,5,8,0.625,0,0,0.0,2,3,0.667,5,12,17,1,1,0,1,3,0,2,12,26,35.9,1,0,32.0,1,1,1,1,22,28,25,48,1,4,1,49,56,34,16,23,16,21,39,33,40,64,1,63,48,6,47,1,1,49,1,34:14,1,2021-22
2021-22,203497,Rudy Gobert,Rudy,1610612762,UTA,Utah Jazz,0022100972,2022-03-07T00:00:00,UTA @ DAL,L,34.18333333333333,3,5,0.6,0,0,0.0,6,6,1.0,3,10,13,0,3,0,3,0,5,6,12,-4,33.6,1,0,31.0,1,43,43,43,23,56,52,52,1,4,1,14,32,1,35,36,42,46,9,33,15,1,60,22,48,48,54,1,1,52,1,34:11,1,2021-22
2021-22,203497,Rudy Gobert,Rudy,1610612762,UTA,Utah Jazz,0022100990,2022-03-09T00:00:00,UTA vs. POR,W,22.233333333333334,4,4,1.0,0,0,0.0,1,4,0.25,1,9,10,1,1,0,0,0,4,2,9,24,21.5,0,0,20.0,1,1,1,1,65,43,56,1,1,4,1,58,46,60,54,46,57,21,39,33,56,1,45,63,58,9,64,54,1,64,1,22:14,1,2021-22
2021-22,203497,Rudy Gobert,Rudy,1610612762,UTA,Utah Jazz,0022101002,2022-03-11T00:00:00,UTA @ SAS,L,31.903333333333332,2,3,0.667,0,0,0.0,9,10,0.9,4,12,16,1,3,0,5,0,4,6,13,-2,45.7,1,0,40.0,1,43,43,43,39,61,62,38,1,4,1,5,8,8,23,23,25,21,9,33,2,1,45,22,45,45,24,1,1,25,1,31:54,1,2021-22
2021-22,203497,Rudy Gobert,Rudy,1610612762,UTA,Utah Jazz,0022101027,2022-03-14T00:00:00,UTA vs. MIL,L,31.716666666666665,6,8,0.75,0,0,0.0,6,8,0.75,4,10,14,0,2,1,0,0,2,5,18,-3,35.8,1,0,34.0,1,43,43,43,40,22,25,25,1,4,1,14,17,21,23,36,34,46,19,12,56,1,17,35,21,47,48,1,1,43,1,31:43,1,2021-22
2021-22,203497,Rudy Gobert,Rudy,1610612762,UTA,Utah Jazz,0022101041,2022-03-16T00:00:00,UTA vs. CHI,W,33.46666666666667,5,8,0.625,0,0,0.0,4,6,0.667,6,14,20,2,1,1,4,0,3,5,14,10,55.0,1,0,46.0,1,1,1,1,27,28,25,48,1,4,1,33,32,34,10,11,5,7,39,12,6,1,30,35,36,27,4,1,1,8,1,33:28,1,2021-22
2021-22,203497,Rudy Gobert,Rudy,1610612762,UTA,Utah Jazz,0022101055,2022-03-18T00:00:00,UTA vs. LAC,W,26.533333333333335,8,11,0.727,0,0,0.0,3,3,1.0,8,8,16,2,2,0,1,2,0,4,19,28,42.2,1,0,39.0,1,1,1,1,60,9,6,28,1,4,1,41,56,1,1,51,25,7,19,33,40,55,1,50,18,5,34,1,1,28,1,26:32,1,2021-22
2021-22,203497,Rudy Gobert,Rudy,1610612762,UTA,Utah Jazz,0022101067,2022-03-20T00:00:00,UTA @ NYK,W,33.083333333333336,2,3,0.667,0,0,0.0,10,12,0.833,3,6,9,0,1,0,4,0,2,7,14,12,35.8,0,0,31.0,1,1,1,1,29,61,62,38,1,4,1,3,5,12,35,62,61,46,39,33,6,1,17,16,36,23,48,54,1,52,1,33:05,1,2021-22
2021-22,203497,Rudy Gobert,Rudy,1610612762,UTA,Utah Jazz,0022101075,2022-03-21T00:00:00,UTA @ BKN,L,30.566666666666666,4,5,0.8,0,0,0.0,3,4,0.75,0,4,4,1,1,0,0,1,1,4,11,-13,16.3,0,0,16.0,1,43,43,43,44,43,52,19,1,4,1,41,46,21,63,66,66,21,39,33,56,34,7,50,52,61,66,54,1,66,1,30:34,1,2021-22
2021-22,203497,Rudy Gobert,Rudy,1610612762,UTA,Utah Jazz,0022101087,2022-03-23T00:00:00,UTA @ BOS,L,30.416666666666668,4,6,0.667,0,0,0.0,6,6,1.0,4,7,11,1,1,1,0,0,1,6,14,-10,30.7,1,0,28.0,1,43,43,43,45,43,46,38,1,4,1,14,32,1,23,54,50,21,39,12,56,1,7,22,36,58,57,1,1,57,1,30:25,1,2021-22
2021-22,203497,Rudy Gobert,Rudy,1610612762,UTA,Utah Jazz,0022101100,2022-03-25T00:00:00,UTA @ CHA,L,37.425,5,7,0.714,0,0,0.0,1,2,0.5,2,17,19,1,1,0,1,1,4,5,11,-6,37.3,1,0,33.0,1,43,43,43,7,28,35,30,1,4,1,58,59,47,46,3,10,21,39,33,40,34,45,35,52,54,45,1,1,45,1,37:26,1,2021-22
2021-22,203497,Rudy Gobert,Rudy,1610612762,UTA,Utah Jazz,0022101135,2022-03-29T00:00:00,UTA @ LAC,L,38.43333333333333,4,7,0.571,0,0,0.0,1,6,0.167,4,12,16,1,3,2,3,3,5,3,9,-1,41.7,0,0,36.0,1,43,43,43,2,43,35,54,1,4,1,58,32,62,23,23,25,21,9,3,15,64,60,57,58,44,36,54,1,36,1,38:26,1,2021-22
2021-22,203497,Rudy Gobert,Rudy,1610612762,UTA,Utah Jazz,0022101150,2022-03-31T00:00:00,UTA vs. LAL,W,36.083333333333336,9,11,0.818,0,0,0.0,7,9,0.778,4,13,17,0,2,1,2,2,3,8,25,14,52.4,1,0,48.0,1,1,1,1,13,2,6,17,1,4,1,11,13,20,23,18,16,46,19,12,24,55,30,9,2,19,9,1,1,5,1,36:05,1,2021-22
2021-22,203497,Rudy Gobert,Rudy,1610612762,UTA,Utah Jazz,0022101165,2022-04-02T00:00:00,UTA @ GSW,L,37.53333333333333,5,9,0.556,0,2,0.0,4,7,0.571,5,15,20,1,2,2,0,1,3,9,14,3,43.5,1,0,39.0,1,43,43,43,6,28,20,57,1,1,1,33,24,43,16,6,5,21,19,3,56,34,30,4,36,37,27,1,1,28,1,37:32,1,2021-22
2021-22,203497,Rudy Gobert,Rudy,1610612762,UTA,Utah Jazz,0022101187,2022-04-05T00:00:00,UTA vs. MEM,W,34.28333333333333,5,8,0.625,0,0,0.0,12,18,0.667,6,15,21,0,3,1,1,2,5,11,22,0,50.2,1,0,47.0,1,1,1,1,21,28,25,48,1,4,1,2,1,34,10,6,1,46,9,12,40,55,60,2,8,43,14,1,1,6,1,34:17,1,2021-22
2021-22,203497,Rudy Gobert,Rudy,1610612762,UTA,Utah Jazz,0022101194,2022-04-06T00:00:00,UTA vs. OKC,W,26.15,9,9,1.0,0,0,0.0,2,4,0.5,2,8,10,1,0,1,2,0,2,5,20,33,42.5,1,0,37.0,1,1,1,1,61,2,20,1,1,4,1,49,46,47,46,51,57,21,56,12,24,1,17,35,13,2,33,1,1,34,1,26:09,1,2021-22
2021-22,203497,Rudy Gobert,Rudy,1610612762,UTA,Utah Jazz,0022101210,2022-04-08T00:00:00,UTA vs. PHX,L,33.05,5,7,0.714,0,0,0.0,6,9,0.667,3,9,12,2,4,0,1,0,4,5,16,-4,32.4,1,0,32.0,1,43,43,43,30,28,35,30,1,4,1,14,13,34,35,46,48,7,1,33,40,1,45,35,28,48,56,1,1,49,1,33:03,1,2021-22
2021-22,203497,Rudy Gobert,Rudy,1610612762,UTA,Utah Jazz,0022101230,2022-04-10T00:00:00,UTA @ POR,W,29.633333333333333,4,6,0.667,0,0,0.0,10,14,0.714,3,10,13,1,2,0,2,0,2,11,18,25,39.1,1,0,36.0,1,1,1,1,47,43,46,38,1,4,1,3,4,30,35,36,42,21,19,33,24,1,17,2,21,7,42,1,1,36,1,29:38,1,2021-22
2022-23,203497,Rudy Gobert,Rudy,1610612750,MIN,Minnesota Timberwolves,0022200010,2022-10-19T00:00:00,MIN vs. OKC,W,34.37166666666667,10,15,0.667,0,0,0.0,3,5,0.6,7,9,16,2,0,1,1,1,1,7,23,13,51.2,1,0,45.0,1,1,1,1,22,3,1,32,1,4,1,28,25,32,4,26,10,12,59,14,29,43,4,9,5,9,7,1,1,6,1,34:22,1,2022-23
2022-23,203497,Rudy Gobert,Rudy,1610612750,MIN,Minnesota Timberwolves,0022200025,2022-10-21T00:00:00,MIN vs. UTA,L,37.8,4,10,0.4,0,0,0.0,1,3,0.333,10,13,23,0,4,1,2,2,3,5,9,-9,41.6,0,0,38.0,1,35,35,35,4,41,19,64,1,4,1,53,48,57,1,5,1,48,5,14,12,59,24,22,50,53,19,36,1,18,1,37:48,1,2022-23
2022-23,203497,Rudy Gobert,Rudy,1610612750,MIN,Minnesota Timberwolves,0022200041,2022-10-23T00:00:00,MIN @ OKC,W,24.616666666666667,7,9,0.778,0,1,0.0,1,3,0.333,2,13,15,1,1,0,1,1,2,4,15,-1,36.5,1,0,33.0,1,1,1,1,64,15,25,19,1,1,1,53,48,57,40,5,14,25,36,37,29,43,8,32,29,35,26,1,1,28,1,24:37,1,2022-23
2022-23,203497,Rudy Gobert,Rudy,1610612750,MIN,Minnesota Timberwolves,0022200050,2022-10-24T00:00:00,MIN vs. SAS,L,31.483333333333334,4,4,1.0,0,0,0.0,3,4,0.75,1,6,7,1,2,0,3,0,2,3,11,-9,27.9,0,0,25.0,1,35,35,35,36,41,57,1,1,4,1,28,36,16,55,51,57,25,17,37,5,1,8,51,42,53,52,36,1,50,1,31:29,1,2022-23
2022-23,203497,Rudy Gobert,Rudy,1610612750,MIN,Minnesota Timberwolves,0022200062,2022-10-26T00:00:00,MIN vs. SAS,W,34.63333333333333,4,6,0.667,0,0,0.0,2,4,0.5,0,9,9,1,2,1,1,2,4,5,10,9,26.3,0,0,24.0,1,1,1,1,20,41,46,32,1,4,1,38,36,39,66,26,47,25,17,14,29,59,47,22,44,14,55,36,1,51,1,34:38,1,2022-23
2022-23,203497,Rudy Gobert,Rudy,1610612750,MIN,Minnesota Timberwolves,0022200076,2022-10-28T00:00:00,MIN vs. LAL,W,37.153333333333336,7,11,0.636,0,0,0.0,8,12,0.667,8,13,21,2,1,0,2,0,3,8,22,8,55.2,1,0,49.0,1,1,1,1,7,15,11,38,1,4,1,2,1,25,3,5,2,12,36,37,12,1,24,4,6,16,4,1,1,4,1,37:09,1,2022-23
2022-23,203497,Rudy Gobert,Rudy,1610612750,MIN,Minnesota Timberwolves,0022200092,2022-10-30T00:00:00,MIN @ SAS,L,27.35333333333333,4,11,0.364,0,0,0.0,1,3,0.333,6,6,12,0,1,1,2,2,2,4,9,-10,31.4,0,0,27.0,1,35,35,35,59,41,11,65,1,4,1,53,48,57,7,51,32,48,36,14,12,59,8,32,50,58,41,36,1,45,1,27:21,1,2022-23
2022-23,203497,Rudy Gobert,Rudy,1610612750,MIN,Minnesota Timberwolves,0022200106,2022-11-01T00:00:00,MIN @ PHX,L,32.11666666666667,0,1,0.0,0,0,0.0,7,7,1.0,4,5,9,3,1,0,1,0,2,5,7,-14,24.3,0,0,21.0,1,35,35,35,32,68,66,68,1,4,1,4,14,1,19,57,47,5,36,37,29,1,8,22,59,63,57,36,1,60,1,32:07,1,2022-23
2022-23,203497,Rudy Gobert,Rudy,1610612750,MIN,Minnesota Timberwolves,0022200129,2022-11-04T00:00:00,MIN vs. MIL,L,30.483333333333334,3,6,0.5,0,1,0.0,1,2,0.5,4,9,13,0,0,1,1,0,4,3,7,-13,28.6,0,0,24.0,1,35,35,35,44,52,46,55,1,1,1,53,54,39,19,26,24,48,59,14,29,1,47,51,59,61,47,36,1,51,1,30:29,1,2022-23
2022-23,203497,Rudy Gobert,Rudy,1610612750,MIN,Minnesota Timberwolves,0022200167,2022-11-09T00:00:00,MIN vs. PHX,L,29.9,8,11,0.727,0,0,0.0,9,11,0.818,3,8,11,0,1,0,3,0,4,6,25,-6,46.2,1,0,42.0,1,35,35,35,47,8,11,27,1,4,1,1,3,12,35,34,40,48,36,37,5,1,47,18,2,44,14,1,1,11,1,29:54,1,2022-23
2022-23,203497,Rudy Gobert,Rudy,1610612750,MIN,Minnesota Timberwolves,0022200181,2022-11-11T00:00:00,MIN @ MEM,L,35.00666666666667,5,5,1.0,0,0,0.0,5,5,1.0,1,5,6,1,4,1,0,0,4,4,15,-9,22.7,0,0,24.0,1,35,35,35,19,30,49,1,1,4,1,12,25,1,55,57,62,25,5,14,52,1,47,32,29,53,61,36,1,51,1,35:00,1,2022-23
2022-23,203497,Rudy Gobert,Rudy,1610612750,MIN,Minnesota Timberwolves,0022200193,2022-11-13T00:00:00,MIN @ CLE,W,33.303333333333335,5,10,0.5,0,0,0.0,5,8,0.625,4,9,13,1,3,1,2,0,3,6,15,-13,38.1,1,0,35.0,1,1,1,1,27,30,19,55,1,4,1,12,10,31,19,26,24,25,9,14,12,1,24,18,29,61,23,1,1,24,1,33:18,1,2022-23
2022-23,203497,Rudy Gobert,Rudy,1610612750,MIN,Minnesota Timberwolves,0022200212,2022-11-16T00:00:00,MIN @ ORL,W,32.083333333333336,5,7,0.714,0,0,0.0,6,8,0.75,2,6,8,1,0,2,1,1,3,10,16,24,36.1,0,0,31.0,1,1,1,1,33,30,41,29,1,4,1,6,10,16,40,51,52,25,59,5,29,43,24,1,21,3,28,36,1,31,1,32:05,1,2022-23
2022-23,203497,Rudy Gobert,Rudy,1610612750,MIN,Minnesota Timberwolves,0022200237,2022-11-19T00:00:00,MIN @ PHI,W,28.148333333333333,4,7,0.571,0,0,0.0,0,0,0.0,5,8,13,1,0,1,0,0,5,0,8,-8,28.1,0,0,24.0,1,1,1,1,56,41,41,50,1,4,1,63,66,63,10,34,24,25,59,14,52,1,64,67,55,49,48,36,1,51,1,28:09,1,2022-23
2022-23,203497,Rudy Gobert,Rudy,1610612750,MIN,Minnesota Timberwolves,0022200252,2022-11-21T00:00:00,MIN vs. MIA,W,31.376666666666665,0,0,0.0,0,0,0.0,4,4,1.0,2,7,9,0,1,1,2,0,4,4,4,3,22.8,0,0,19.0,1,1,1,1,39,68,70,68,1,4,1,22,36,1,40,43,47,48,36,14,12,1,47,32,66,28,60,36,1,62,1,31:23,1,2022-23
2022-23,203497,Rudy Gobert,Rudy,1610612750,MIN,Minnesota Timberwolves,0022200262,2022-11-23T00:00:00,MIN @ IND,W,32.35,9,11,0.818,0,0,0.0,3,4,0.75,4,12,16,2,2,0,0,1,3,3,21,7,41.2,1,0,39.0,1,1,1,1,30,4,11,12,1,4,1,28,36,16,19,10,10,12,17,37,52,43,24,51,9,17,21,1,1,17,1,32:21,1,2022-23
2022-23,203497,Rudy Gobert,Rudy,1610612750,MIN,Minnesota Timberwolves,0022200272,2022-11-25T00:00:00,MIN @ CHA,L,34.35,6,10,0.6,0,0,0.0,5,5,1.0,4,13,17,1,2,2,2,1,4,4,17,6,48.9,1,0,43.0,1,35,35,35,23,24,19,43,1,4,1,12,25,1,19,5,9,25,17,5,12,43,47,32,16,19,9,1,1,9,1,34:21,1,2022-23
2022-23,203497,Rudy Gobert,Rudy,1610612750,MIN,Minnesota Timberwolves,0022200291,2022-11-27T00:00:00,MIN vs. GSW,L,30.066666666666666,4,9,0.444,0,0,0.0,1,2,0.5,4,6,10,0,2,0,1,2,2,4,9,-8,22.0,0,0,21.0,1,35,35,35,45,41,25,63,1,4,1,53,54,39,19,51,43,48,17,37,29,59,8,32,50,49,63,36,1,60,1,30:04,1,2022-23
2022-23,203497,Rudy Gobert,Rudy,1610612750,MIN,Minnesota Timberwolves,0022200300,2022-11-28T00:00:00,MIN @ WAS,L,28.516666666666666,7,7,1.0,0,0,0.0,5,5,1.0,4,3,7,0,1,0,1,0,3,4,19,-22,29.4,0,0,28.0,1,35,35,35,55,15,41,1,1,4,1,12,25,1,19,65,57,48,36,37,29,1,24,32,12,69,46,36,1,39,1,28:31,1,2022-23
2022-23,203497,Rudy Gobert,Rudy,1610612750,MIN,Minnesota Timberwolves,0022200317,2022-11-30T00:00:00,MIN vs. MEM,W,26.1,4,5,0.8,0,0,0.0,1,2,0.5,0,1,1,0,4,1,1,0,4,2,9,13,12.2,0,0,14.0,1,1,1,1,62,41,49,15,1,4,1,53,54,39,66,69,69,48,5,14,29,1,47,59,50,9,66,36,1,65,1,26:06,1,2022-23
2022-23,203497,Rudy Gobert,Rudy,1610612750,MIN,Minnesota Timberwolves,0022200341,2022-12-03T00:00:00,MIN vs. OKC,L,9.216666666666667,3,3,1.0,0,0,0.0,0,2,0.0,2,2,4,0,0,0,0,0,2,1,6,-11,10.8,0,0,10.0,1,35,35,35,69,52,60,1,1,4,1,63,54,63,40,67,65,48,59,37,52,1,8,65,63,60,67,36,1,67,1,9:13,1,2022-23
2022-23,203497,Rudy Gobert,Rudy,1610612750,MIN,Minnesota Timberwolves,0022200370,2022-12-07T00:00:00,MIN vs. IND,W,31.453333333333333,6,12,0.5,0,0,0.0,4,5,0.8,5,16,21,1,2,3,2,1,3,4,16,15,55.7,1,0,48.0,1,1,1,1,37,24,7,55,1,4,1,22,25,13,10,1,2,25,17,4,12,43,24,32,21,7,2,1,1,5,1,31:27,1,2022-23
2022-23,203497,Rudy Gobert,Rudy,1610612750,MIN,Minnesota Timberwolves,0022200385,2022-12-09T00:00:00,MIN @ UTA,W,36.6,8,11,0.727,0,1,0.0,6,10,0.6,3,10,13,1,3,0,0,0,4,7,22,15,36.1,1,0,36.0,1,1,1,1,8,8,11,27,1,1,1,6,4,32,35,19,24,25,9,37,52,1,47,9,6,7,28,1,1,20,1,36:36,1,2022-23
2022-23,203497,Rudy Gobert,Rudy,1610612750,MIN,Minnesota Timberwolves,0022200394,2022-12-10T00:00:00,MIN @ POR,L,36.11666666666667,9,11,0.818,0,0,0.0,6,9,0.667,1,8,9,2,1,4,1,1,4,8,24,7,51.8,0,0,45.0,1,35,35,35,10,4,11,12,1,4,1,6,7,25,55,34,47,12,36,1,29,43,47,4,4,17,5,36,1,6,1,36:07,1,2022-23
2022-23,203497,Rudy Gobert,Rudy,1610612750,MIN,Minnesota Timberwolves,0022200407,2022-12-12T00:00:00,MIN @ POR,L,31.5,8,13,0.615,0,0,0.0,0,1,0.0,5,15,20,2,1,1,0,1,4,3,16,-9,45.0,1,0,40.0,1,35,35,35,35,8,6,42,1,4,1,63,65,63,10,2,5,12,36,14,52,43,47,51,21,53,17,1,1,13,1,31:30,1,2022-23
2022-23,203497,Rudy Gobert,Rudy,1610612750,MIN,Minnesota Timberwolves,0022200423,2022-12-14T00:00:00,MIN @ LAC,L,31.7,3,5,0.6,0,0,0.0,5,7,0.714,4,9,13,0,3,0,2,0,3,5,11,-9,29.6,1,0,28.0,1,35,35,35,34,52,49,43,1,4,1,12,14,22,19,26,24,48,9,37,12,1,24,22,42,53,45,1,1,39,1,31:42,1,2022-23
2022-23,203497,Rudy Gobert,Rudy,1610612750,MIN,Minnesota Timberwolves,0022200473,2022-12-21T00:00:00,MIN vs. DAL,L,38.19833333333333,9,11,0.818,0,0,0.0,1,3,0.333,5,10,15,0,1,2,2,0,1,4,19,-2,48.0,1,0,42.0,1,35,35,35,3,4,11,12,1,4,1,53,48,57,10,19,14,48,36,5,12,1,4,32,12,38,11,1,1,11,1,38:12,1,2022-23
2022-23,203497,Rudy Gobert,Rudy,1610612750,MIN,Minnesota Timberwolves,0022200482,2022-12-23T00:00:00,MIN @ BOS,L,35.733333333333334,3,4,0.75,0,0,0.0,2,4,0.5,4,8,12,2,2,0,0,0,3,4,8,-23,23.4,0,0,22.0,1,35,35,35,12,52,57,23,1,4,1,38,36,39,19,34,32,12,17,37,52,1,24,32,55,70,59,36,1,59,1,35:44,1,2022-23
2022-23,203497,Rudy Gobert,Rudy,1610612750,MIN,Minnesota Timberwolves,0022200500,2022-12-26T00:00:00,MIN @ MIA,L,31.218333333333334,5,7,0.714,0,0,0.0,0,2,0.0,1,7,8,0,2,0,0,0,0,3,10,-14,17.6,0,0,18.0,1,35,35,35,40,30,41,29,1,4,1,63,54,63,55,43,52,48,17,37,52,1,1,51,44,63,64,36,1,64,1,31:13,1,2022-23
2022-23,203497,Rudy Gobert,Rudy,1610612750,MIN,Minnesota Timberwolves,0022200520,2022-12-28T00:00:00,MIN @ NOP,L,28.783333333333335,4,5,0.8,0,0,0.0,2,2,1.0,1,7,8,2,2,0,4,0,6,2,10,-6,32.6,0,0,28.0,1,35,35,35,53,41,49,15,1,4,1,38,54,1,55,43,52,12,17,37,2,1,69,59,44,44,38,36,1,39,1,28:47,1,2022-23
2022-23,203497,Rudy Gobert,Rudy,1610612750,MIN,Minnesota Timberwolves,0022200544,2022-12-31T00:00:00,MIN vs. DET,L,27.583333333333332,3,3,1.0,0,0,0.0,3,6,0.5,2,8,10,0,3,0,2,0,3,7,9,-8,24.0,0,0,23.0,1,35,35,35,57,52,60,1,1,4,1,28,20,39,40,34,43,48,9,37,12,1,24,9,50,49,58,36,1,57,1,27:35,1,2022-23
2022-23,203497,Rudy Gobert,Rudy,1610612750,MIN,Minnesota Timberwolves,0022200557,2023-01-02T00:00:00,MIN vs. DEN,W,27.466666666666665,3,3,1.0,0,0,0.0,2,4,0.5,2,2,4,3,1,0,2,0,5,4,8,-4,22.3,0,0,19.0,1,1,1,1,58,52,60,1,1,4,1,38,36,39,40,67,65,5,36,37,12,1,64,32,55,40,62,36,1,62,1,27:28,1,2022-23
2022-23,203497,Rudy Gobert,Rudy,1610612750,MIN,Minnesota Timberwolves,0022200571,2023-01-04T00:00:00,MIN vs. POR,W,35.04833333333333,6,10,0.6,0,0,0.0,5,7,0.714,3,9,12,1,1,2,3,2,4,5,17,-8,46.9,1,0,40.0,1,1,1,1,18,24,19,43,1,4,1,12,14,22,35,26,32,25,36,5,5,59,47,22,16,49,13,1,1,13,1,35:03,1,2022-23
2022-23,203497,Rudy Gobert,Rudy,1610612750,MIN,Minnesota Timberwolves,0022200587,2023-01-06T00:00:00,MIN vs. LAC,W,36.25,11,15,0.733,0,0,0.0,3,5,0.6,7,14,21,0,5,0,2,0,2,5,25,31,51.2,1,0,50.0,1,1,1,1,9,2,1,26,1,4,1,28,25,32,4,3,2,48,2,37,12,1,8,22,2,1,7,1,1,3,1,36:15,1,2022-23
2022-23,203497,Rudy Gobert,Rudy,1610612750,MIN,Minnesota Timberwolves,0022200601,2023-01-08T00:00:00,MIN @ HOU,W,37.61666666666667,8,12,0.667,0,0,0.0,2,3,0.667,4,7,11,0,2,0,1,2,3,5,18,16,32.2,1,0,31.0,1,1,1,1,5,8,7,32,1,4,1,38,48,25,19,43,40,48,17,37,29,59,24,22,15,5,39,1,1,31,1,37:37,1,2022-23
2022-23,203497,Rudy Gobert,Rudy,1610612750,MIN,Minnesota Timberwolves,0022200618,2023-01-11T00:00:00,MIN @ DET,L,32.46666666666667,6,8,0.75,0,0,0.0,4,6,0.667,4,10,14,0,2,2,0,0,2,8,16,0,36.8,1,0,34.0,1,35,35,35,29,24,34,23,1,4,1,22,20,25,19,19,18,48,17,5,52,1,8,4,21,32,25,1,1,26,1,32:28,1,2022-23
2022-23,203497,Rudy Gobert,Rudy,1610612750,MIN,Minnesota Timberwolves,0022200637,2023-01-13T00:00:00,MIN vs. PHX,W,32.31666666666667,1,1,1.0,0,0,0.0,2,4,0.5,1,11,12,1,5,4,1,0,5,2,4,3,29.9,0,0,27.0,1,1,1,1,31,64,66,1,1,4,1,38,36,39,55,14,32,25,2,1,29,1,64,59,66,28,43,36,1,45,1,32:19,1,2022-23
2022-23,203497,Rudy Gobert,Rudy,1610612750,MIN,Minnesota Timberwolves,0022200645,2023-01-14T00:00:00,MIN vs. CLE,W,13.416666666666666,2,3,0.667,0,0,0.0,2,2,1.0,0,4,4,0,0,1,0,1,1,1,6,-1,13.8,0,0,12.0,1,1,1,1,67,61,60,32,1,4,1,38,54,1,66,63,65,48,59,14,52,43,4,65,63,35,65,36,1,66,1,13:25,1,2022-23
2022-23,203497,Rudy Gobert,Rudy,1610612750,MIN,Minnesota Timberwolves,0022200662,2023-01-16T00:00:00,MIN vs. UTA,L,4.966666666666667,1,1,1.0,0,0,0.0,0,0,0.0,0,1,1,0,0,0,0,0,0,0,2,0,3.2,0,0,3.0,1,35,35,35,70,64,66,1,1,4,1,63,66,63,66,69,69,48,59,37,52,1,1,67,68,32,70,36,1,70,1,4:58,1,2022-23
2022-23,203497,Rudy Gobert,Rudy,1610612750,MIN,Minnesota Timberwolves,0022200709,2023-01-23T00:00:00,MIN @ HOU,L,35.583333333333336,5,8,0.625,0,0,0.0,5,7,0.714,6,10,16,1,2,0,4,2,3,6,15,-4,45.7,1,0,40.0,1,35,35,35,13,30,34,40,1,4,1,12,14,22,7,19,10,25,17,37,2,59,24,18,29,40,15,1,1,13,1,35:35,1,2022-23
2022-23,203497,Rudy Gobert,Rudy,1610612750,MIN,Minnesota Timberwolves,0022200724,2023-01-25T00:00:00,MIN @ NOP,W,34.5,7,12,0.583,0,0,0.0,3,5,0.6,2,10,12,3,0,1,1,0,2,7,17,13,41.9,1,0,36.0,1,1,1,1,21,15,7,49,1,4,1,28,25,32,40,19,32,5,59,14,29,1,8,9,16,9,18,1,1,20,1,34:30,1,2022-23
2022-23,203497,Rudy Gobert,Rudy,1610612750,MIN,Minnesota Timberwolves,0022200737,2023-01-27T00:00:00,MIN vs. MEM,W,31.45,3,5,0.6,0,0,0.0,1,2,0.5,2,11,13,1,3,1,3,1,4,2,7,5,33.1,0,0,29.0,1,1,1,1,38,52,49,43,1,4,1,53,54,39,40,14,24,25,9,14,5,43,47,59,59,22,37,36,1,38,1,31:27,1,2022-23
2022-23,203497,Rudy Gobert,Rudy,1610612750,MIN,Minnesota Timberwolves,0022200746,2023-01-28T00:00:00,MIN vs. SAC,W,35.85,3,5,0.6,0,0,0.0,7,9,0.778,2,12,14,1,2,1,1,0,2,9,13,6,35.3,1,0,32.0,1,1,1,1,11,52,49,43,1,4,1,4,7,15,40,10,18,25,17,14,29,1,8,2,38,19,31,1,1,29,1,35:51,1,2022-23
2022-23,203497,Rudy Gobert,Rudy,1610612750,MIN,Minnesota Timberwolves,0022200758,2023-01-30T00:00:00,MIN vs. SAC,L,40.181666666666665,7,9,0.778,0,0,0.0,5,10,0.5,1,13,14,1,3,1,0,0,3,8,19,5,37.3,1,0,36.0,1,35,35,35,2,15,25,19,1,4,1,12,4,39,55,5,18,25,9,14,52,1,24,4,12,22,24,1,1,20,1,40:11,1,2022-23
2022-23,203497,Rudy Gobert,Rudy,1610612750,MIN,Minnesota Timberwolves,0022200790,2023-02-03T00:00:00,MIN vs. ORL,L,26.25,5,7,0.714,0,0,0.0,5,6,0.833,2,5,7,1,1,2,0,0,2,4,15,-4,29.9,0,0,27.0,1,35,35,35,61,30,41,29,1,4,1,12,20,11,40,57,57,25,36,5,52,1,8,32,29,40,43,36,1,45,1,26:15,1,2022-23
2022-23,203497,Rudy Gobert,Rudy,1610612750,MIN,Minnesota Timberwolves,0022200806,2023-02-05T00:00:00,MIN vs. DEN,W,17.833333333333332,7,8,0.875,0,0,0.0,2,4,0.5,1,7,8,1,2,0,1,1,4,3,16,16,28.1,0,0,27.0,1,1,1,1,66,15,34,11,1,4,1,38,36,39,55,43,52,25,17,37,29,43,47,51,21,5,48,36,1,45,1,17:50,1,2022-23
2022-23,203497,Rudy Gobert,Rudy,1610612750,MIN,Minnesota Timberwolves,0022200820,2023-02-07T00:00:00,MIN @ DEN,L,18.816666666666666,0,2,0.0,0,0,0.0,0,0,0.0,1,4,5,0,1,0,1,0,2,0,0,-10,8.0,0,0,7.0,1,35,35,35,65,68,65,68,1,4,1,63,66,63,55,63,64,48,36,37,29,1,8,67,70,58,68,36,1,68,1,18:49,1,2022-23
2022-23,203497,Rudy Gobert,Rudy,1610612750,MIN,Minnesota Timberwolves,0022200841,2023-02-10T00:00:00,MIN @ MEM,L,29.5,2,4,0.5,0,0,0.0,4,4,1.0,2,8,10,2,1,0,2,0,3,4,8,-18,28.0,0,0,24.0,1,35,35,35,49,61,57,55,1,4,1,22,36,1,40,34,43,12,36,37,12,1,24,32,55,68,50,36,1,51,1,29:30,1,2022-23
2022-23,203497,Rudy Gobert,Rudy,1610612750,MIN,Minnesota Timberwolves,0022200865,2023-02-13T00:00:00,MIN @ DAL,W,29.716666666666665,9,9,1.0,0,0,0.0,3,5,0.6,3,11,14,1,3,0,0,0,3,7,21,17,36.3,1,0,36.0,1,1,1,1,48,4,25,1,1,4,1,28,25,32,35,14,18,25,9,37,52,1,24,9,9,4,27,1,1,20,1,29:43,1,2022-23
2022-23,203497,Rudy Gobert,Rudy,1610612750,MIN,Minnesota Timberwolves,0022200884,2023-02-16T00:00:00,MIN vs. WAS,L,35.50833333333333,8,15,0.533,0,0,0.0,1,2,0.5,7,12,19,1,2,0,3,2,3,3,17,4,48.3,1,0,43.0,1,35,35,35,14,8,1,54,1,4,1,53,54,39,4,10,6,25,17,37,5,59,24,51,16,25,10,1,1,9,1,35:31,1,2022-23
2022-23,203497,Rudy Gobert,Rudy,1610612750,MIN,Minnesota Timberwolves,0022200898,2023-02-24T00:00:00,MIN vs. CHA,L,30.033333333333335,7,9,0.778,0,0,0.0,3,4,0.75,3,7,10,0,1,1,3,0,2,7,17,-7,40.0,1,0,35.0,1,35,35,35,46,15,25,19,1,4,1,28,36,16,35,43,43,48,36,14,5,1,8,9,16,47,22,1,1,24,1,30:02,1,2022-23
2022-23,203497,Rudy Gobert,Rudy,1610612750,MIN,Minnesota Timberwolves,0022200932,2023-02-28T00:00:00,MIN @ LAC,W,29.233333333333334,7,11,0.636,0,0,0.0,2,6,0.333,2,5,7,0,3,0,2,1,4,4,16,3,27.4,0,0,27.0,1,1,1,1,51,15,11,38,1,4,1,38,20,57,40,57,57,48,9,37,12,43,47,32,21,28,53,36,1,45,1,29:14,1,2022-23
2022-23,203497,Rudy Gobert,Rudy,1610612750,MIN,Minnesota Timberwolves,0022200955,2023-03-03T00:00:00,MIN @ LAL,W,27.05,8,12,0.667,0,0,0.0,6,10,0.6,5,9,14,3,1,1,2,1,4,7,22,-1,51.3,1,0,45.0,1,1,1,1,60,8,7,32,1,4,1,6,4,32,10,26,18,5,36,14,12,43,47,9,6,35,6,1,1,6,1,27:03,1,2022-23
2022-23,203497,Rudy Gobert,Rudy,1610612750,MIN,Minnesota Timberwolves,0022200961,2023-03-04T00:00:00,MIN @ SAC,W,31.066666666666666,5,9,0.556,0,0,0.0,3,4,0.75,4,10,14,0,1,0,2,0,4,2,13,11,34.8,1,0,31.0,1,1,1,1,42,30,25,52,1,4,1,28,36,16,19,19,18,48,36,37,12,1,47,59,38,13,33,1,1,31,1,31:04,1,2022-23
2022-23,203497,Rudy Gobert,Rudy,1610612750,MIN,Minnesota Timberwolves,0022200980,2023-03-07T00:00:00,MIN vs. PHI,L,24.966666666666665,2,6,0.333,0,0,0.0,2,4,0.5,1,8,9,2,2,2,1,0,2,2,6,-14,26.8,0,0,23.0,1,35,35,35,63,61,46,66,1,4,1,38,36,39,55,34,47,12,17,5,29,1,8,59,63,63,54,36,1,57,1,24:58,1,2022-23
2022-23,203497,Rudy Gobert,Rudy,1610612750,MIN,Minnesota Timberwolves,0022201001,2023-03-10T00:00:00,MIN vs. BKN,L,42.23166666666667,12,15,0.8,0,0,0.0,2,6,0.333,5,8,13,4,1,4,1,2,3,8,26,5,61.6,1,0,53.0,1,35,35,35,1,1,1,15,1,4,1,38,20,57,10,34,24,2,36,1,29,59,24,4,1,22,1,1,1,1,1,42:14,1,2022-23
2022-23,203497,Rudy Gobert,Rudy,1610612750,MIN,Minnesota Timberwolves,0022201021,2023-03-13T00:00:00,MIN @ ATL,W,29.5,5,10,0.5,0,0,0.0,4,5,0.8,2,6,8,4,0,1,3,2,2,4,14,25,41.6,0,0,34.0,1,1,1,1,49,30,19,55,1,4,1,22,25,13,40,51,52,2,59,14,5,59,8,32,35,2,19,36,1,26,1,29:30,1,2022-23
2022-23,203497,Rudy Gobert,Rudy,1610612750,MIN,Minnesota Timberwolves,0022201039,2023-03-15T00:00:00,MIN vs. BOS,L,28.966666666666665,6,8,0.75,0,0,0.0,3,7,0.429,1,5,6,1,1,1,0,1,3,5,15,0,25.7,0,0,24.0,1,35,35,35,52,24,34,23,1,4,1,28,14,54,55,57,62,25,36,14,52,43,24,22,29,32,56,36,1,51,1,28:58,1,2022-23
2022-23,203497,Rudy Gobert,Rudy,1610612750,MIN,Minnesota Timberwolves,0022201050,2023-03-17T00:00:00,MIN @ CHI,L,33.45,8,14,0.571,0,0,0.0,5,9,0.556,9,10,19,1,5,0,5,1,6,5,21,4,55.3,1,0,51.0,1,35,35,35,26,8,5,50,1,4,1,12,7,38,2,19,6,25,2,37,1,43,69,22,9,25,3,1,1,2,1,33:27,1,2022-23
2022-23,203497,Rudy Gobert,Rudy,1610612750,MIN,Minnesota Timberwolves,0022201058,2023-03-18T00:00:00,MIN @ TOR,L,30.733333333333334,4,8,0.5,0,0,0.0,6,7,0.857,5,7,12,3,2,0,1,0,3,6,14,-16,33.9,1,0,31.0,1,35,35,35,43,41,34,55,1,4,1,6,14,10,10,43,32,5,17,37,29,1,24,18,35,67,34,1,1,31,1,30:44,1,2022-23
2022-23,203497,Rudy Gobert,Rudy,1610612750,MIN,Minnesota Timberwolves,0022201073,2023-03-20T00:00:00,MIN @ NYK,W,37.31666666666667,7,9,0.778,0,0,0.0,2,5,0.4,2,5,7,3,0,1,1,0,1,4,16,12,34.9,0,0,30.0,1,1,1,1,6,15,25,19,1,4,1,38,25,55,40,57,57,5,59,14,29,1,4,32,21,12,32,36,1,35,1,37:19,1,2022-23
2022-23,203497,Rudy Gobert,Rudy,1610612750,MIN,Minnesota Timberwolves,0022201090,2023-03-22T00:00:00,MIN vs. ATL,W,33.205,4,8,0.5,0,0,0.0,4,8,0.5,5,7,12,2,0,1,1,0,3,7,12,3,35.4,1,0,30.0,1,1,1,1,28,41,34,55,1,4,1,22,10,39,10,43,32,12,59,14,29,1,24,9,40,28,30,1,1,35,1,33:12,1,2022-23
2022-23,203497,Rudy Gobert,Rudy,1610612750,MIN,Minnesota Timberwolves,0022201121,2023-03-26T00:00:00,MIN @ GSW,W,34.32666666666667,1,3,0.333,0,0,0.0,8,12,0.667,4,14,18,2,4,0,1,0,5,7,10,-7,33.6,1,0,32.0,1,1,1,1,24,64,60,66,1,4,1,2,1,25,19,3,8,12,5,37,29,1,64,9,44,47,36,1,1,29,1,34:20,1,2022-23
2022-23,203497,Rudy Gobert,Rudy,1610612750,MIN,Minnesota Timberwolves,0022201128,2023-03-27T00:00:00,MIN @ SAC,W,35.41833333333334,5,9,0.556,0,0,0.0,6,8,0.75,4,12,16,4,2,0,2,2,4,9,16,9,45.2,1,0,40.0,1,1,1,1,15,30,25,52,1,4,1,6,10,16,19,10,10,2,17,37,12,59,47,2,21,14,16,1,1,13,1,35:25,1,2022-23
2022-23,203497,Rudy Gobert,Rudy,1610612750,MIN,Minnesota Timberwolves,0022201144,2023-03-29T00:00:00,MIN @ PHX,L,35.1,3,5,0.6,0,0,0.0,1,2,0.5,6,9,15,2,6,2,0,0,5,4,7,-2,28.0,0,0,28.0,1,35,35,35,17,52,49,43,1,4,1,53,54,39,7,26,14,12,1,5,52,1,64,32,59,38,50,36,1,39,1,35:06,1,2022-23
2022-23,203497,Rudy Gobert,Rudy,1610612750,MIN,Minnesota Timberwolves,0022201157,2023-03-31T00:00:00,MIN vs. LAL,L,31.1,6,9,0.667,0,0,0.0,2,2,1.0,5,6,11,1,1,2,0,1,3,5,14,4,33.7,1,0,30.0,1,35,35,35,41,24,25,32,1,4,1,38,54,1,10,51,40,25,36,5,52,43,24,22,35,25,35,1,1,35,1,31:06,1,2022-23
2022-23,203497,Rudy Gobert,Rudy,1610612750,MIN,Minnesota Timberwolves,0022201166,2023-04-02T00:00:00,MIN vs. POR,L,35.33,5,10,0.5,0,0,0.0,0,0,0.0,4,11,15,3,1,0,0,0,3,4,10,-6,31.5,1,0,28.0,1,35,35,35,16,30,19,55,1,4,1,63,66,63,19,14,14,5,36,37,52,1,24,32,44,44,40,1,1,39,1,35:20,1,2022-23
2022-23,203497,Rudy Gobert,Rudy,1610612750,MIN,Minnesota Timberwolves,0022201180,2023-04-04T00:00:00,MIN @ BKN,W,33.78333333333333,5,8,0.625,0,0,0.0,2,3,0.667,4,8,12,2,2,0,1,2,3,4,12,-5,30.4,1,0,28.0,1,1,1,1,25,30,34,40,1,4,1,38,48,25,19,34,32,12,17,37,29,59,24,32,40,43,42,1,1,39,1,33:47,1,2022-23
2022-23,203497,Rudy Gobert,Rudy,1610612750,MIN,Minnesota Timberwolves,0022201214,2023-04-08T00:00:00,MIN @ SAS,W,28.55,4,5,0.8,0,0,0.0,2,5,0.4,2,11,13,5,1,1,4,0,2,3,10,6,47.1,1,0,38.0,1,1,1,1,54,41,49,15,1,4,1,38,25,55,40,14,24,1,36,14,2,1,8,51,44,19,12,1,1,18,1,28:33,1,2022-23
2022-23,203497,Rudy Gobert,Rudy,1610612750,MIN,Minnesota Timberwolves,0022201225,2023-04-09T00:00:00,MIN vs. NOP,W,13.066666666666666,1,1,1.0,0,0,0.0,0,0,0.0,0,3,3,0,0,0,0,0,0,0,2,-14,5.6,0,0,5.0,1,1,1,1,68,64,66,1,1,4,1,63,66,63,66,65,68,48,59,37,52,1,1,67,68,63,69,36,1,69,1,13:04,1,2022-23
2023-24,203497,Rudy Gobert,Rudy,1610612750,MIN,Minnesota Timberwolves,0022300069,2023-10-25T00:00:00,MIN @ TOR,L,32.0,6,12,0.5,0,0,0.0,3,5,0.6,5,8,13,1,2,2,4,0,3,4,15,-11,48.1,1,0,41.0,1,54,54,54,55,23,3,56,1,4,1,31,33,41,17,48,34,27,14,2,5,1,26,40,32,66,13,1,1,17,1,32:00,1,2023-24
2023-24,203497,Rudy Gobert,Rudy,1610612750,MIN,Minnesota Timberwolves,0022300093,2023-10-28T00:00:00,MIN vs. MIA,W,30.8,7,9,0.778,0,0,0.0,0,0,0.0,4,10,14,1,2,1,0,0,1,3,14,14,33.3,1,0,31.0,1,1,1,1,58,12,22,23,1,4,1,68,71,68,28,26,30,27,14,15,68,1,2,55,36,19,56,1,1,49,1,30:48,1,2023-24
2023-24,203497,Rudy Gobert,Rudy,1610612750,MIN,Minnesota Timberwolves,0022300104,2023-10-30T00:00:00,MIN @ ATL,L,30.683333333333334,3,7,0.429,0,0,0.0,8,11,0.727,6,7,13,1,0,1,2,1,2,7,14,-13,40.1,1,0,34.0,1,54,54,54,59,60,44,67,1,4,1,4,6,31,7,55,34,27,66,15,26,40,8,16,36,68,33,1,1,37,1,30:41,1,2023-24
2023-24,203497,Rudy Gobert,Rudy,1610612750,MIN,Minnesota Timberwolves,0022300123,2023-11-01T00:00:00,MIN vs. DEN,W,32.38333333333333,0,7,0.0,0,0,0.0,4,4,1.0,2,10,12,1,1,1,2,3,3,3,4,15,27.9,0,0,23.0,1,1,1,1,52,76,44,76,1,4,1,25,37,1,53,26,42,27,35,15,26,73,26,55,74,17,65,55,1,67,1,32:23,1,2023-24
2023-24,203497,Rudy Gobert,Rudy,1610612750,MIN,Minnesota Timberwolves,0022300138,2023-11-04T00:00:00,MIN vs. UTA,W,28.5,5,10,0.5,0,0,0.0,1,2,0.5,4,6,10,1,1,0,4,1,3,2,11,10,35.5,1,0,30.0,1,1,1,1,64,40,13,56,1,4,1,53,53,45,28,60,59,27,35,38,5,40,26,67,52,29,48,1,1,51,1,28:30,1,2023-24
2023-24,203497,Rudy Gobert,Rudy,1610612750,MIN,Minnesota Timberwolves,0022300154,2023-11-06T00:00:00,MIN vs. BOS,W,40.75,6,6,1.0,0,0,0.0,2,11,0.182,2,10,12,1,2,0,1,0,4,12,14,24,30.9,1,0,29.0,1,1,1,1,3,23,60,1,1,4,1,42,6,67,53,26,42,27,14,38,52,1,47,2,36,7,58,1,1,56,1,40:45,1,2023-24
2023-24,203497,Rudy Gobert,Rudy,1610612750,MIN,Minnesota Timberwolves,0022300166,2023-11-08T00:00:00,MIN vs. NOP,W,32.266666666666666,4,5,0.8,0,0,0.0,9,12,0.75,5,16,21,1,4,0,2,0,2,8,17,24,45.7,1,0,43.0,1,1,1,1,53,50,67,20,1,4,1,2,4,22,17,1,1,27,2,38,26,1,8,10,18,7,21,1,1,9,1,32:16,1,2023-24
2023-24,203497,Rudy Gobert,Rudy,1610612750,MIN,Minnesota Timberwolves,0022300013,2023-11-10T00:00:00,MIN @ SAS,W,33.733333333333334,5,10,0.5,0,0,0.0,1,1,1.0,4,6,10,1,1,1,0,3,3,2,11,1,26.5,1,0,24.0,1,1,1,1,45,40,13,56,1,4,1,53,65,1,28,60,59,27,35,15,68,73,26,67,52,48,67,1,1,66,1,33:44,1,2023-24
2023-24,203497,Rudy Gobert,Rudy,1610612750,MIN,Minnesota Timberwolves,0022300186,2023-11-12T00:00:00,MIN @ GSW,W,35.223333333333336,4,7,0.571,0,0,0.0,2,8,0.25,4,6,10,3,2,1,5,0,3,8,10,-1,42.5,1,0,35.0,1,1,1,1,36,50,44,47,1,4,1,42,14,63,28,60,59,5,14,15,3,1,26,10,57,53,26,1,1,31,1,35:13,1,2023-24
2023-24,203497,Rudy Gobert,Rudy,1610612750,MIN,Minnesota Timberwolves,0022300025,2023-11-14T00:00:00,MIN @ GSW,W,35.21666666666667,2,8,0.25,0,0,0.0,5,6,0.833,6,7,13,2,2,0,3,1,4,6,9,8,34.6,0,0,30.0,1,1,1,1,37,69,34,74,1,4,1,17,25,16,7,55,34,14,14,38,14,40,47,22,61,34,50,55,1,51,1,35:13,1,2023-24
2023-24,203497,Rudy Gobert,Rudy,1610612750,MIN,Minnesota Timberwolves,0022300197,2023-11-15T00:00:00,MIN @ PHX,L,24.866666666666667,2,5,0.4,0,0,0.0,0,0,0.0,4,4,8,2,2,1,2,1,2,0,4,-25,23.6,0,0,20.0,1,54,54,54,74,69,67,69,1,4,1,68,71,68,28,69,65,14,14,15,26,40,8,76,74,75,69,55,1,71,1,24:52,1,2023-24
2023-24,203497,Rudy Gobert,Rudy,1610612750,MIN,Minnesota Timberwolves,0022300203,2023-11-18T00:00:00,MIN @ NOP,W,34.12833333333333,5,7,0.714,0,0,0.0,7,10,0.7,2,9,11,1,1,2,1,1,2,8,17,-7,39.7,1,0,35.0,1,1,1,1,44,40,44,33,1,4,1,5,9,32,53,37,51,27,35,2,52,40,8,10,18,62,36,1,1,31,1,34:08,1,2023-24
2023-24,203497,Rudy Gobert,Rudy,1610612750,MIN,Minnesota Timberwolves,0022300221,2023-11-20T00:00:00,MIN vs. NYK,W,26.383333333333333,7,7,1.0,0,0,0.0,2,7,0.286,3,4,7,1,1,0,2,0,2,4,16,16,30.9,0,0,28.0,1,1,1,1,69,12,44,1,1,4,1,42,21,62,38,69,68,27,35,38,26,1,8,40,26,15,58,55,1,60,1,26:23,1,2023-24
2023-24,203497,Rudy Gobert,Rudy,1610612750,MIN,Minnesota Timberwolves,0022300232,2023-11-22T00:00:00,MIN vs. PHI,W,31.2,6,8,0.75,0,0,0.0,1,2,0.5,3,8,11,3,2,0,3,0,3,3,13,1,37.7,1,0,33.0,1,1,1,1,57,23,34,27,1,4,1,53,53,45,38,48,51,5,14,38,14,1,26,55,39,48,42,1,1,41,1,31:12,1,2023-24
2023-24,203497,Rudy Gobert,Rudy,1610612750,MIN,Minnesota Timberwolves,0022300050,2023-11-24T00:00:00,MIN vs. SAC,L,35.50833333333333,5,8,0.625,0,0,0.0,2,2,1.0,3,8,11,0,3,0,2,0,5,3,12,4,28.2,1,0,27.0,1,54,54,54,34,40,34,45,1,4,1,42,53,1,38,48,51,59,6,38,26,1,66,55,46,41,63,1,1,61,1,35:31,1,2023-24
2023-24,203497,Rudy Gobert,Rudy,1610612750,MIN,Minnesota Timberwolves,0022300249,2023-11-26T00:00:00,MIN @ MEM,W,25.42,5,7,0.714,0,0,0.0,3,4,0.75,1,3,4,0,2,0,2,1,5,5,13,16,21.8,0,0,21.0,1,1,1,1,72,40,44,33,1,4,1,31,37,22,70,76,76,59,14,38,26,40,66,28,39,15,71,55,1,70,1,25:25,1,2023-24
2023-24,203497,Rudy Gobert,Rudy,1610612750,MIN,Minnesota Timberwolves,0022300058,2023-11-28T00:00:00,MIN vs. OKC,W,36.19833333333333,6,10,0.6,0,0,0.0,5,6,0.833,6,10,16,0,1,1,4,1,1,4,17,-1,50.2,1,0,43.0,1,1,1,1,32,23,13,46,1,4,1,17,25,16,7,26,14,59,35,15,5,40,2,40,18,53,6,1,1,9,1,36:12,1,2023-24
2023-24,203497,Rudy Gobert,Rudy,1610612750,MIN,Minnesota Timberwolves,0022300270,2023-11-30T00:00:00,MIN vs. UTA,W,37.46666666666667,6,11,0.545,0,0,0.0,3,4,0.75,3,10,13,0,0,0,3,1,4,3,15,15,39.6,1,0,34.0,1,1,1,1,21,23,6,53,1,4,1,31,37,22,38,26,34,59,66,38,14,40,47,55,32,17,37,1,1,37,1,37:28,1,2023-24
2023-24,203497,Rudy Gobert,Rudy,1610612750,MIN,Minnesota Timberwolves,0022300281,2023-12-02T00:00:00,MIN @ CHA,W,39.295,10,12,0.833,0,0,0.0,6,9,0.667,2,10,12,0,1,0,3,1,1,7,26,10,48.4,1,0,44.0,1,1,1,1,6,1,3,18,1,4,1,12,12,35,53,26,42,59,35,38,14,40,2,16,1,29,12,1,1,6,1,39:18,1,2023-24
2023-24,203497,Rudy Gobert,Rudy,1610612750,MIN,Minnesota Timberwolves,0022301210,2023-12-06T00:00:00,MIN vs. SAS,W,30.186666666666667,7,8,0.875,0,0,0.0,2,2,1.0,5,15,20,2,1,0,2,0,3,2,16,31,48.0,1,0,42.0,1,1,1,1,60,12,34,12,1,4,1,42,53,1,17,2,2,14,35,38,26,1,26,67,26,4,14,1,1,14,1,30:11,1,2023-24
2023-24,203497,Rudy Gobert,Rudy,1610612750,MIN,Minnesota Timberwolves,0022301221,2023-12-08T00:00:00,MIN @ MEM,W,35.8,6,9,0.667,0,0,0.0,4,4,1.0,9,11,20,1,2,1,6,0,4,5,16,25,60.5,1,0,51.0,1,1,1,1,33,23,22,39,1,4,1,25,37,1,1,17,2,27,14,15,1,1,47,28,26,6,2,1,1,2,1,35:48,1,2023-24
2023-24,203497,Rudy Gobert,Rudy,1610612750,MIN,Minnesota Timberwolves,0022300301,2023-12-11T00:00:00,MIN @ NOP,L,25.45,4,8,0.5,0,0,0.0,0,0,0.0,2,6,8,0,2,0,2,3,4,3,8,-20,21.6,0,0,20.0,1,54,54,54,71,50,34,56,1,4,1,68,71,68,53,60,65,59,14,38,26,73,47,55,65,74,72,55,1,71,1,25:27,1,2023-24
2023-24,203497,Rudy Gobert,Rudy,1610612750,MIN,Minnesota Timberwolves,0022300321,2023-12-14T00:00:00,MIN @ DAL,W,29.933333333333334,3,4,0.75,0,0,0.0,2,6,0.333,2,10,12,5,2,3,1,0,4,5,8,11,39.9,0,0,33.0,1,1,1,1,61,60,72,27,1,4,1,42,25,59,53,26,42,1,14,1,52,1,47,28,65,26,34,55,1,41,1,29:56,1,2023-24
2023-24,203497,Rudy Gobert,Rudy,1610612750,MIN,Minnesota Timberwolves,0022300338,2023-12-16T00:00:00,MIN vs. IND,W,25.166666666666668,2,3,0.667,0,0,0.0,1,4,0.25,2,5,7,1,2,1,1,0,1,4,5,3,18.9,0,0,17.0,1,1,1,1,73,69,75,39,1,4,1,53,37,63,53,65,68,27,14,15,52,1,2,40,72,45,73,55,1,73,1,25:10,1,2023-24
2023-24,203497,Rudy Gobert,Rudy,1610612750,MIN,Minnesota Timberwolves,0022300353,2023-12-18T00:00:00,MIN @ MIA,W,35.31,3,8,0.375,0,0,0.0,3,4,0.75,3,13,16,2,1,2,2,0,2,3,9,4,42.2,0,0,35.0,1,1,1,1,35,60,34,71,1,4,1,31,37,22,38,8,14,14,35,2,26,1,8,55,61,41,29,55,1,31,1,35:19,1,2023-24
2023-24,203497,Rudy Gobert,Rudy,1610612750,MIN,Minnesota Timberwolves,0022300367,2023-12-20T00:00:00,MIN @ PHI,L,24.2,3,4,0.75,0,0,0.0,2,2,1.0,2,7,9,1,0,2,0,0,4,3,8,6,26.3,0,0,22.0,1,54,54,54,75,60,72,27,1,4,1,42,53,1,53,55,64,27,66,2,68,1,47,55,65,38,68,55,1,68,1,24:12,1,2023-24
2023-24,203497,Rudy Gobert,Rudy,1610612750,MIN,Minnesota Timberwolves,0022300380,2023-12-21T00:00:00,MIN vs. LAL,W,37.38,6,11,0.545,0,0,0.0,3,6,0.5,5,8,13,3,2,1,3,2,3,4,15,-1,45.1,1,0,39.0,1,1,1,1,23,23,6,53,1,4,1,31,25,45,17,48,34,5,14,15,14,63,26,40,32,53,22,1,1,22,1,37:23,1,2023-24
2023-24,203497,Rudy Gobert,Rudy,1610612750,MIN,Minnesota Timberwolves,0022300400,2023-12-23T00:00:00,MIN @ SAC,W,39.21666666666667,10,13,0.769,0,0,0.0,1,2,0.5,6,11,17,1,1,0,2,0,3,5,21,27,47.9,1,0,43.0,1,1,1,1,7,1,1,26,1,4,1,53,53,45,7,17,9,27,35,38,26,1,26,28,6,5,15,1,1,9,1,39:13,1,2023-24
2023-24,203497,Rudy Gobert,Rudy,1610612750,MIN,Minnesota Timberwolves,0022300411,2023-12-26T00:00:00,MIN @ OKC,L,28.883333333333333,2,6,0.333,0,1,0.0,6,8,0.75,0,5,5,0,1,0,0,2,1,6,10,-14,15.0,0,0,15.0,1,54,54,54,63,69,60,73,1,1,1,12,14,22,76,65,74,59,35,38,68,63,2,22,57,69,75,55,1,74,1,28:53,1,2023-24
2023-24,203497,Rudy Gobert,Rudy,1610612750,MIN,Minnesota Timberwolves,0022300423,2023-12-28T00:00:00,MIN vs. DAL,W,37.61666666666667,7,7,1.0,0,0,0.0,6,7,0.857,2,9,11,2,2,0,3,0,2,7,20,3,43.2,1,0,39.0,1,1,1,1,20,12,44,1,1,4,1,12,21,15,53,37,51,14,14,38,14,1,8,16,10,45,24,1,1,22,1,37:37,1,2023-24
2023-24,203497,Rudy Gobert,Rudy,1610612750,MIN,Minnesota Timberwolves,0022300443,2023-12-30T00:00:00,MIN vs. LAL,W,37.685,6,7,0.857,0,0,0.0,1,1,1.0,4,9,13,0,4,2,1,0,3,2,13,19,33.6,1,0,32.0,1,1,1,1,17,23,44,14,1,4,1,53,65,1,28,37,34,59,2,2,52,1,26,67,39,12,53,1,1,47,1,37:41,1,2023-24
2023-24,203497,Rudy Gobert,Rudy,1610612750,MIN,Minnesota Timberwolves,0022300451,2024-01-01T00:00:00,MIN @ NYK,L,37.803333333333335,3,8,0.375,0,0,0.0,4,6,0.667,2,13,15,1,1,0,0,3,2,5,10,-11,28.5,1,0,26.0,1,54,54,54,16,60,34,71,1,4,1,25,25,35,53,8,25,27,35,38,68,73,8,28,57,66,62,1,1,64,1,37:48,1,2023-24
2023-24,203497,Rudy Gobert,Rudy,1610612750,MIN,Minnesota Timberwolves,0022300471,2024-01-03T00:00:00,MIN vs. NOP,L,23.9,2,3,0.667,0,0,0.0,1,2,0.5,1,4,5,0,1,0,1,0,4,4,5,-16,13.0,0,0,12.0,1,54,54,54,76,69,75,39,1,4,1,53,53,45,70,69,74,59,35,38,52,1,47,40,72,70,76,55,1,76,1,23:54,1,2023-24
2023-24,203497,Rudy Gobert,Rudy,1610612750,MIN,Minnesota Timberwolves,0022300485,2024-01-05T00:00:00,MIN @ HOU,W,32.96666666666667,6,7,0.857,0,0,0.0,1,3,0.333,3,9,12,1,1,2,2,0,2,3,13,22,39.9,1,0,34.0,1,1,1,1,50,23,44,14,1,4,1,53,50,59,38,37,42,27,35,2,26,1,8,55,39,9,34,1,1,37,1,32:58,1,2023-24
2023-24,203497,Rudy Gobert,Rudy,1610612750,MIN,Minnesota Timberwolves,0022300501,2024-01-07T00:00:00,MIN @ DAL,L,34.21666666666667,4,9,0.444,0,0,0.0,1,4,0.25,6,11,17,1,5,1,0,2,4,5,9,1,28.9,0,0,29.0,1,54,54,54,43,50,22,65,1,4,1,53,37,63,7,17,9,27,1,15,68,63,47,28,61,48,61,55,1,56,1,34:13,1,2023-24
2023-24,203497,Rudy Gobert,Rudy,1610612750,MIN,Minnesota Timberwolves,0022300513,2024-01-09T00:00:00,MIN @ ORL,W,33.56666666666667,8,10,0.8,0,0,0.0,5,6,0.833,1,11,12,1,2,1,3,1,3,5,21,13,46.9,1,0,42.0,1,1,1,1,46,7,13,20,1,4,1,17,25,16,70,17,42,27,14,15,14,40,26,28,6,20,20,1,1,14,1,33:34,1,2023-24
2023-24,203497,Rudy Gobert,Rudy,1610612750,MIN,Minnesota Timberwolves,0022300538,2024-01-12T00:00:00,MIN vs. POR,W,28.438333333333333,9,11,0.818,0,0,0.0,6,8,0.75,5,12,17,0,1,0,2,1,2,8,24,33,49.4,1,0,45.0,1,1,1,1,65,4,6,19,1,4,1,12,14,22,17,14,9,59,35,38,26,40,8,10,4,1,8,1,1,5,1,28:26,1,2023-24
2023-24,203497,Rudy Gobert,Rudy,1610612750,MIN,Minnesota Timberwolves,0022300553,2024-01-14T00:00:00,MIN vs. LAC,W,36.92333333333333,4,5,0.8,0,0,0.0,7,14,0.5,3,15,18,0,1,0,4,1,4,13,15,-1,47.6,1,0,41.0,1,1,1,1,26,50,67,20,1,4,1,5,2,45,38,2,6,59,35,38,5,40,47,1,32,53,18,1,1,17,1,36:55,1,2023-24
2023-24,203497,Rudy Gobert,Rudy,1610612750,MIN,Minnesota Timberwolves,0022300569,2024-01-17T00:00:00,MIN @ DET,W,37.65,8,11,0.727,0,0,0.0,3,4,0.75,5,11,16,2,1,0,1,0,4,5,19,12,43.2,1,0,39.0,1,1,1,1,19,7,6,32,1,4,1,31,37,22,17,17,14,14,35,38,52,1,47,28,11,23,24,1,1,22,1,37:39,1,2023-24
2023-24,203497,Rudy Gobert,Rudy,1610612750,MIN,Minnesota Timberwolves,0022300582,2024-01-18T00:00:00,MIN vs. MEM,W,38.888333333333335,5,10,0.5,0,1,0.0,7,10,0.7,3,7,10,4,3,0,6,2,3,10,17,20,50.0,1,0,43.0,1,1,1,1,12,40,13,56,1,1,1,5,9,32,38,55,59,2,6,38,1,63,26,4,18,10,7,1,1,9,1,38:53,1,2023-24
2023-24,203497,Rudy Gobert,Rudy,1610612750,MIN,Minnesota Timberwolves,0022300599,2024-01-20T00:00:00,MIN vs. OKC,L,33.365,1,6,0.167,0,0,0.0,5,8,0.625,4,14,18,2,2,0,0,2,4,5,7,-4,29.6,0,0,27.0,1,54,54,54,48,75,60,75,1,4,1,17,14,38,28,5,6,14,14,38,68,63,47,28,70,57,60,55,1,61,1,33:22,1,2023-24
2023-24,203497,Rudy Gobert,Rudy,1610612750,MIN,Minnesota Timberwolves,0022300610,2024-01-22T00:00:00,MIN vs. CHA,L,39.05,6,6,1.0,0,0,0.0,1,2,0.5,2,9,11,1,0,0,0,0,3,4,13,-10,27.7,1,0,25.0,1,54,54,54,10,23,60,1,1,4,1,53,53,45,53,37,51,27,66,38,68,1,26,40,39,65,66,1,1,65,1,39:03,1,2023-24
2023-24,203497,Rudy Gobert,Rudy,1610612750,MIN,Minnesota Timberwolves,0022300620,2024-01-24T00:00:00,MIN @ WAS,W,34.74666666666667,7,11,0.636,0,0,0.0,5,6,0.833,7,9,16,1,0,0,4,1,4,5,19,9,51.7,1,0,44.0,1,1,1,1,41,12,6,43,1,4,1,17,25,16,3,37,14,27,66,38,5,40,47,28,11,32,5,1,1,6,1,34:45,1,2023-24
2023-24,203497,Rudy Gobert,Rudy,1610612750,MIN,Minnesota Timberwolves,0022300629,2024-01-25T00:00:00,MIN @ BKN,W,32.72666666666667,4,9,0.444,0,0,0.0,2,2,1.0,1,12,13,1,1,1,2,1,3,4,10,3,35.1,1,0,30.0,1,1,1,1,51,50,22,65,1,4,1,42,53,1,70,14,34,27,35,15,26,40,26,40,57,45,49,1,1,51,1,32:44,1,2023-24
2023-24,203497,Rudy Gobert,Rudy,1610612750,MIN,Minnesota Timberwolves,0022300649,2024-01-27T00:00:00,MIN @ SAS,L,36.833333333333336,8,9,0.889,0,0,0.0,3,4,0.75,2,5,7,1,1,1,1,0,4,4,19,-4,33.9,0,0,31.0,1,54,54,54,28,7,22,9,1,4,1,31,37,22,53,65,68,27,35,15,52,1,47,40,11,57,51,55,1,49,1,36:50,1,2023-24
2023-24,203497,Rudy Gobert,Rudy,1610612750,MIN,Minnesota Timberwolves,0022300664,2024-01-29T00:00:00,MIN @ OKC,W,36.416666666666664,6,6,1.0,0,0,0.0,0,1,0.0,4,14,18,1,3,1,1,0,0,2,12,11,38.1,1,0,35.0,1,1,1,1,31,23,60,1,1,4,1,68,65,68,28,5,6,27,6,15,52,1,1,67,46,26,41,1,1,31,1,36:25,1,2023-24
2023-24,203497,Rudy Gobert,Rudy,1610612750,MIN,Minnesota Timberwolves,0022300680,2024-01-31T00:00:00,MIN vs. DAL,W,28.096666666666668,5,9,0.556,0,0,0.0,7,12,0.583,2,4,6,0,2,0,2,2,4,10,17,18,28.2,0,0,27.0,1,1,1,1,66,40,22,51,1,4,1,5,4,44,53,69,72,59,14,38,26,63,47,4,18,14,63,55,1,61,1,28:06,1,2023-24
2023-24,203497,Rudy Gobert,Rudy,1610612750,MIN,Minnesota Timberwolves,0022300694,2024-02-02T00:00:00,MIN vs. ORL,L,39.083333333333336,6,7,0.857,0,0,0.0,10,11,0.909,3,13,16,2,1,0,2,0,5,9,22,0,49.2,1,0,44.0,1,54,54,54,9,23,44,14,1,4,1,1,6,14,38,8,14,14,35,38,26,1,66,6,5,52,9,1,1,6,1,39:05,1,2023-24
2023-24,203497,Rudy Gobert,Rudy,1610612750,MIN,Minnesota Timberwolves,0022300709,2024-02-04T00:00:00,MIN vs. HOU,W,31.391666666666666,7,9,0.778,0,0,0.0,3,5,0.6,3,10,13,1,0,1,4,2,1,6,17,32,49.1,1,0,41.0,1,1,1,1,56,12,22,23,1,4,1,31,33,41,38,26,34,27,66,15,5,63,2,22,18,3,10,1,1,17,1,31:24,1,2023-24
2023-24,203497,Rudy Gobert,Rudy,1610612750,MIN,Minnesota Timberwolves,0022300723,2024-02-06T00:00:00,MIN @ CHI,L,44.4,3,6,0.5,0,0,0.0,6,10,0.6,7,9,16,1,1,1,1,1,5,7,12,-8,37.7,1,0,33.0,1,54,54,54,1,60,60,56,1,4,1,12,9,41,3,37,14,27,35,15,52,40,66,16,46,63,42,1,1,41,1,44:24,1,2023-24
2023-24,203497,Rudy Gobert,Rudy,1610612750,MIN,Minnesota Timberwolves,0022300738,2024-02-08T00:00:00,MIN @ MIL,W,35.21666666666667,8,9,0.889,0,0,0.0,0,1,0.0,3,8,11,4,0,1,0,0,3,1,16,13,38.2,1,0,33.0,1,1,1,1,37,7,22,9,1,4,1,68,65,68,38,48,51,2,66,15,68,1,26,75,26,20,40,1,1,41,1,35:13,1,2023-24
2023-24,203497,Rudy Gobert,Rudy,1610612750,MIN,Minnesota Timberwolves,0022300770,2024-02-12T00:00:00,MIN @ LAC,W,33.35,6,11,0.545,0,0,0.0,5,5,1.0,6,5,11,0,2,0,4,1,4,4,17,9,40.2,1,0,36.0,1,1,1,1,49,23,6,53,1,4,1,17,33,1,7,65,51,59,14,38,5,40,47,40,18,32,32,1,1,27,1,33:21,1,2023-24
2023-24,203497,Rudy Gobert,Rudy,1610612750,MIN,Minnesota Timberwolves,0022300775,2024-02-13T00:00:00,MIN @ POR,W,37.45,7,10,0.7,0,0,0.0,2,4,0.5,6,9,15,1,1,0,1,0,3,4,16,12,37.5,1,0,34.0,1,1,1,1,22,12,13,36,1,4,1,42,37,45,7,37,25,27,35,38,52,1,26,40,26,23,45,1,1,37,1,37:27,1,2023-24
2023-24,203497,Rudy Gobert,Rudy,1610612750,MIN,Minnesota Timberwolves,0022300791,2024-02-15T00:00:00,MIN @ POR,W,26.316666666666666,4,7,0.571,0,0,0.0,3,4,0.75,2,10,12,2,3,0,2,1,4,7,11,19,31.4,1,0,29.0,1,1,1,1,70,50,44,47,1,4,1,31,37,22,53,26,42,14,6,38,26,40,47,16,52,12,57,1,1,56,1,26:19,1,2023-24
2023-24,203497,Rudy Gobert,Rudy,1610612750,MIN,Minnesota Timberwolves,0022300808,2024-02-23T00:00:00,MIN vs. MIL,L,38.05,6,8,0.75,0,0,0.0,0,1,0.0,7,12,19,1,0,0,2,0,5,2,12,5,42.3,1,0,36.0,1,54,54,54,15,23,34,27,1,4,1,68,65,68,3,14,4,27,66,38,26,1,66,67,46,40,28,1,1,27,1,38:03,1,2023-24
2023-24,203497,Rudy Gobert,Rudy,1610612750,MIN,Minnesota Timberwolves,0022300838,2024-02-27T00:00:00,MIN vs. SAS,W,39.125,6,12,0.5,0,1,0.0,1,2,0.5,6,11,17,3,1,0,4,2,2,2,13,4,48.9,1,0,41.0,1,1,1,1,8,23,3,56,1,1,1,53,53,45,7,17,9,5,35,38,5,63,8,67,39,41,11,1,1,17,1,39:08,1,2023-24
2023-24,203497,Rudy Gobert,Rudy,1610612750,MIN,Minnesota Timberwolves,0022300845,2024-02-28T00:00:00,MIN vs. MEM,W,27.2,3,4,0.75,0,0,0.0,2,4,0.5,2,6,8,0,3,1,2,1,2,4,8,-16,23.6,0,0,22.0,1,1,1,1,68,60,72,27,1,4,1,42,37,45,53,60,65,59,6,15,26,40,8,40,65,70,69,55,1,68,1,27:12,1,2023-24
2023-24,203497,Rudy Gobert,Rudy,1610612750,MIN,Minnesota Timberwolves,0022300862,2024-03-01T00:00:00,MIN vs. SAC,L,42.065,6,9,0.667,0,0,0.0,4,8,0.5,2,14,16,1,1,0,3,0,5,11,16,-6,44.7,1,0,39.0,1,54,54,54,2,23,22,39,1,4,1,25,14,45,53,5,14,27,35,38,14,1,66,3,26,61,23,1,1,22,1,42:04,1,2023-24
2023-24,203497,Rudy Gobert,Rudy,1610612750,MIN,Minnesota Timberwolves,0022300873,2024-03-03T00:00:00,MIN vs. LAC,L,40.45,5,7,0.714,0,0,0.0,2,2,1.0,3,13,16,2,1,0,3,1,3,2,12,4,42.2,1,0,36.0,1,54,54,54,4,40,44,33,1,4,1,42,53,1,38,8,14,14,35,38,14,40,26,67,46,41,29,1,1,27,1,40:27,1,2023-24
2023-24,203497,Rudy Gobert,Rudy,1610612750,MIN,Minnesota Timberwolves,0022300881,2024-03-04T00:00:00,MIN vs. POR,W,39.01833333333333,9,10,0.9,0,0,0.0,7,7,1.0,5,11,16,0,3,1,3,0,6,9,25,-4,53.2,1,0,49.0,1,1,1,1,11,4,13,8,1,4,1,5,21,1,17,17,14,59,6,15,14,1,75,6,2,57,4,1,1,4,1,39:01,1,2023-24
2023-24,203497,Rudy Gobert,Rudy,1610612750,MIN,Minnesota Timberwolves,0022300903,2024-03-07T00:00:00,MIN @ IND,W,39.681666666666665,7,11,0.636,0,0,0.0,4,5,0.8,6,8,14,0,2,2,3,1,2,8,18,6,47.8,1,0,42.0,1,1,1,1,5,12,6,43,1,4,1,25,33,20,7,48,30,59,14,2,14,40,8,10,16,38,16,1,1,14,1,39:41,1,2023-24
2023-24,203497,Rudy Gobert,Rudy,1610612750,MIN,Minnesota Timberwolves,0022300911,2024-03-08T00:00:00,MIN @ CLE,L,36.693333333333335,3,7,0.429,0,0,0.0,1,2,0.5,4,13,17,2,2,1,2,2,6,3,7,7,37.4,0,0,32.0,1,54,54,54,30,60,44,67,1,4,1,53,53,45,28,8,9,14,14,15,26,63,75,55,70,37,46,55,1,47,1,36:42,1,2023-24
2023-24,203497,Rudy Gobert,Rudy,1610612750,MIN,Minnesota Timberwolves,0022300944,2024-03-12T00:00:00,MIN @ LAC,W,33.43333333333333,4,7,0.571,0,0,0.0,0,0,0.0,7,4,11,3,0,2,2,1,2,4,8,11,37.7,0,0,30.0,1,1,1,1,47,50,44,47,1,4,1,68,71,68,3,69,51,5,66,2,26,40,8,40,65,26,42,55,1,51,1,33:26,1,2023-24
2023-24,203497,Rudy Gobert,Rudy,1610612750,MIN,Minnesota Timberwolves,0022301014,2024-03-22T00:00:00,MIN vs. CLE,W,37.18333333333333,4,8,0.5,0,0,0.0,1,4,0.25,6,9,15,1,1,0,2,2,2,3,9,10,33.5,0,0,29.0,1,1,1,1,24,50,34,56,1,4,1,53,37,63,7,37,25,27,35,38,26,63,8,55,61,29,54,55,1,56,1,37:11,1,2023-24
2023-24,203497,Rudy Gobert,Rudy,1610612750,MIN,Minnesota Timberwolves,0022301031,2024-03-24T00:00:00,MIN vs. GSW,W,37.166666666666664,7,10,0.7,0,0,0.0,3,3,1.0,1,11,12,2,4,0,1,0,5,6,17,8,33.4,1,0,33.0,1,1,1,1,25,12,13,36,1,4,1,31,50,1,70,17,42,14,2,38,52,1,66,22,18,34,55,1,1,41,1,37:10,1,2023-24
2023-24,203497,Rudy Gobert,Rudy,1610612750,MIN,Minnesota Timberwolves,0022301056,2024-03-27T00:00:00,MIN vs. DET,W,34.31666666666667,5,5,1.0,0,0,0.0,1,1,1.0,5,9,14,4,3,0,2,0,4,4,11,20,36.8,1,0,33.0,1,1,1,1,42,40,67,1,1,4,1,53,65,1,17,37,30,2,6,38,26,1,47,40,52,10,47,1,1,41,1,34:19,1,2023-24
2023-24,203497,Rudy Gobert,Rudy,1610612750,MIN,Minnesota Timberwolves,0022301071,2024-03-29T00:00:00,MIN @ DEN,W,34.8,7,8,0.875,0,0,0.0,7,15,0.467,3,9,12,2,0,0,3,0,5,9,21,1,47.4,1,0,41.0,1,1,1,1,40,12,34,12,1,4,1,5,1,57,38,37,42,14,66,38,14,1,66,6,6,48,19,1,1,17,1,34:48,1,2023-24
2023-24,203497,Rudy Gobert,Rudy,1610612750,MIN,Minnesota Timberwolves,0022301084,2024-03-31T00:00:00,MIN vs. CHI,L,37.666666666666664,8,9,0.889,0,0,0.0,3,7,0.429,3,7,10,1,0,2,1,0,2,6,19,-4,41.5,1,0,36.0,1,54,54,54,18,7,22,9,1,4,1,31,21,58,38,55,59,27,66,2,52,1,8,22,11,57,31,1,1,27,1,37:40,1,2023-24
2023-24,203497,Rudy Gobert,Rudy,1610612750,MIN,Minnesota Timberwolves,0022301098,2024-04-02T00:00:00,MIN vs. HOU,W,35.215,4,7,0.571,0,0,0.0,4,6,0.667,1,13,14,0,1,0,2,0,3,7,12,-8,33.8,1,0,30.0,1,1,1,1,39,50,44,47,1,4,1,25,25,35,70,8,30,59,35,38,26,1,26,16,46,63,52,1,1,51,1,35:13,1,2023-24
2023-24,203497,Rudy Gobert,Rudy,1610612750,MIN,Minnesota Timberwolves,0022301108,2024-04-03T00:00:00,MIN vs. TOR,W,27.466666666666665,3,6,0.5,0,0,0.0,5,8,0.625,5,10,15,3,4,1,2,1,3,4,11,33,38.5,1,0,35.0,1,1,1,1,67,60,60,56,1,4,1,17,14,38,17,26,25,5,2,15,26,40,26,40,52,1,39,1,1,31,1,27:28,1,2023-24
2023-24,203497,Rudy Gobert,Rudy,1610612750,MIN,Minnesota Timberwolves,0022301125,2024-04-05T00:00:00,MIN @ PHX,L,29.05,2,5,0.4,0,0,0.0,0,0,0.0,2,4,6,1,1,0,2,0,4,5,4,-26,17.7,0,0,15.0,1,54,54,54,62,69,67,69,1,4,1,68,71,68,53,69,72,27,35,38,26,1,47,28,74,76,74,55,1,74,1,29:03,1,2023-24
2023-24,203497,Rudy Gobert,Rudy,1610612750,MIN,Minnesota Timberwolves,0022301143,2024-04-07T00:00:00,MIN @ LAL,W,36.85,9,13,0.692,0,0,0.0,0,0,0.0,8,8,16,3,3,2,1,0,2,3,18,8,47.7,1,0,43.0,1,1,1,1,27,4,1,38,1,4,1,68,71,68,2,48,14,5,6,2,52,1,8,55,16,34,17,1,1,9,1,36:51,1,2023-24
2023-24,203497,Rudy Gobert,Rudy,1610612750,MIN,Minnesota Timberwolves,0022301152,2024-04-09T00:00:00,MIN vs. WAS,W,38.35,5,9,0.556,0,0,0.0,9,13,0.692,5,11,16,3,1,2,4,0,3,8,19,12,59.7,1,0,50.0,1,1,1,1,14,40,22,51,1,4,1,2,3,34,17,17,14,5,35,2,5,1,26,10,11,23,3,1,1,3,1,38:21,1,2023-24
2023-24,203497,Rudy Gobert,Rudy,1610612750,MIN,Minnesota Timberwolves,0022301164,2024-04-10T00:00:00,MIN @ DEN,L,38.766666666666666,6,7,0.857,0,0,0.0,1,3,0.333,5,10,15,3,2,2,1,0,5,6,13,-17,42.5,1,0,37.0,1,54,54,54,13,23,44,14,1,4,1,53,50,59,17,26,25,5,14,2,52,1,66,22,39,72,26,1,1,26,1,38:46,1,2023-24
2023-24,203497,Rudy Gobert,Rudy,1610612750,MIN,Minnesota Timberwolves,0022301178,2024-04-12T00:00:00,MIN vs. ATL,W,36.71666666666667,10,10,1.0,0,0,0.0,5,8,0.625,4,15,19,0,1,1,5,0,2,5,25,13,64.8,1,0,56.0,1,1,1,1,29,1,13,1,1,4,1,17,14,38,28,2,4,59,35,15,3,1,8,28,2,20,1,1,1,1,1,36:43,1,2023-24
2023-24,203497,Rudy Gobert,Rudy,1610612750,MIN,Minnesota Timberwolves,0022301194,2024-04-14T00:00:00,MIN vs. PHX,L,32.2,7,9,0.778,0,0,0.0,7,9,0.778,3,4,7,1,1,2,1,1,3,9,21,-17,38.9,0,0,35.0,1,54,54,54,54,12,22,23,1,4,1,5,12,21,38,69,68,27,35,2,52,40,26,6,6,72,38,55,1,31,1,32:12,1,2023-24
2024-25,203497,Rudy Gobert,Rudy,1610612750,MIN,Minnesota Timberwolves,0022400062,2024-10-22T00:00:00,MIN @ LAL,L,35.333333333333336,5,8,0.625,0,0,0.0,3,4,0.75,3,11,14,2,1,0,1,3,4,5,13,-10,34.8,1,0,31.0,1,44,44,44,27,26,18,43,1,1,1,19,25,22,33,6,13,19,26,35,31,72,57,13,28,66,29,1,1,25,1,35:20,1,2024-25
2024-25,203497,Rudy Gobert,Rudy,1610612750,MIN,Minnesota Timberwolves,0022400076,2024-10-24T00:00:00,MIN @ SAC,W,34.62166666666667,1,2,0.5,0,0,0.0,1,2,0.5,1,10,11,1,3,2,0,0,4,5,3,-6,20.7,0,0,19.0,1,1,1,1,32,67,68,53,1,1,1,50,46,44,63,11,30,36,3,6,54,1,57,13,69,56,64,37,1,62,1,34:37,1,2024-25
2024-25,203497,Rudy Gobert,Rudy,1610612750,MIN,Minnesota Timberwolves,0022400093,2024-10-26T00:00:00,MIN vs. TOR,W,38.983333333333334,6,8,0.75,0,0,0.0,3,4,0.75,2,10,12,1,1,1,4,1,3,3,15,20,44.9,1,0,38.0,1,1,1,1,7,18,18,25,1,1,1,19,25,22,46,11,22,36,26,14,2,31,38,34,22,6,16,1,1,12,1,38:59,1,2024-25
2024-25,203497,Rudy Gobert,Rudy,1610612750,MIN,Minnesota Timberwolves,0022400114,2024-10-29T00:00:00,MIN vs. DAL,L,31.18,2,5,0.4,0,0,0.0,3,5,0.6,4,4,8,1,2,0,0,1,3,3,7,-8,16.1,0,0,16.0,1,44,44,44,48,60,46,66,1,1,1,19,18,38,22,59,53,36,12,35,54,31,38,34,56,61,68,37,1,65,1,31:11,1,2024-25
2024-25,203497,Rudy Gobert,Rudy,1610612750,MIN,Minnesota Timberwolves,0022400139,2024-11-01T00:00:00,MIN vs. DEN,W,35.96666666666667,7,10,0.7,0,0,0.0,3,4,0.75,4,10,14,3,2,1,2,1,3,3,17,7,45.3,1,0,40.0,1,1,1,1,21,11,12,36,1,1,1,19,25,22,22,11,13,11,12,14,14,31,38,34,12,32,13,1,1,11,1,35:58,1,2024-25
2024-25,203497,Rudy Gobert,Rudy,1610612750,MIN,Minnesota Timberwolves,0022400146,2024-11-02T00:00:00,MIN @ SAS,L,23.1,3,8,0.375,0,0,0.0,4,4,1.0,1,2,3,1,0,0,0,2,2,3,10,-8,15.1,0,0,14.0,1,44,44,44,68,47,18,68,1,1,1,12,25,1,63,69,72,36,52,35,54,62,16,34,42,61,69,37,1,69,1,23:06,1,2024-25
2024-25,203497,Rudy Gobert,Rudy,1610612750,MIN,Minnesota Timberwolves,0022400162,2024-11-04T00:00:00,MIN vs. CHA,W,29.85,4,5,0.8,0,0,0.0,0,0,0.0,2,6,8,4,1,0,1,0,2,1,8,15,25.6,0,0,22.0,1,1,1,1,56,36,46,18,1,1,1,61,65,61,46,42,53,4,26,35,31,1,16,63,50,19,54,37,1,52,1,29:51,1,2024-25
2024-25,203497,Rudy Gobert,Rudy,1610612750,MIN,Minnesota Timberwolves,0022400181,2024-11-07T00:00:00,MIN @ CHI,W,31.783333333333335,9,11,0.818,0,0,0.0,3,3,1.0,3,6,9,3,2,0,1,1,4,4,21,23,37.3,0,0,35.0,1,1,1,1,45,4,8,17,1,1,1,19,41,1,33,42,45,11,12,35,31,31,57,21,3,4,22,37,1,19,1,31:47,1,2024-25
2024-25,203497,Rudy Gobert,Rudy,1610612750,MIN,Minnesota Timberwolves,0022400193,2024-11-08T00:00:00,MIN vs. POR,W,22.533333333333335,4,5,0.8,0,0,0.0,0,0,0.0,4,11,15,2,2,0,3,0,5,2,8,18,36.0,0,0,31.0,1,1,1,1,69,36,46,18,1,1,1,61,65,61,22,6,10,19,12,35,7,1,68,53,50,10,25,37,1,25,1,22:32,1,2024-25
2024-25,203497,Rudy Gobert,Rudy,1610612750,MIN,Minnesota Timberwolves,0022400206,2024-11-10T00:00:00,MIN vs. MIA,L,32.5,2,4,0.5,0,0,0.0,3,3,1.0,6,7,13,1,2,1,2,2,1,5,7,-4,31.1,0,0,27.0,1,44,44,44,43,60,58,53,1,1,1,19,41,1,10,36,18,36,12,14,14,62,5,13,56,51,42,37,1,41,1,32:30,1,2024-25
2024-25,203497,Rudy Gobert,Rudy,1610612750,MIN,Minnesota Timberwolves,0022400008,2024-11-12T00:00:00,MIN @ POR,L,32.791666666666664,2,3,0.667,0,0,0.0,5,6,0.833,0,8,8,4,4,1,1,1,2,5,9,-7,26.6,0,0,25.0,1,44,44,44,41,60,65,37,1,1,1,5,8,15,70,21,53,4,1,14,31,31,16,13,48,60,50,37,1,45,1,32:48,1,2024-25
2024-25,203497,Rudy Gobert,Rudy,1610612750,MIN,Minnesota Timberwolves,0022400226,2024-11-13T00:00:00,MIN @ POR,L,33.53333333333333,4,8,0.5,0,0,0.0,4,5,0.8,7,3,10,0,1,0,0,2,3,3,12,-8,23.0,1,0,22.0,1,44,44,44,39,36,18,53,1,1,1,12,18,20,8,66,38,60,26,35,54,62,38,34,32,61,60,1,1,52,1,33:32,1,2024-25
2024-25,203497,Rudy Gobert,Rudy,1610612750,MIN,Minnesota Timberwolves,0022400020,2024-11-15T00:00:00,MIN @ SAC,W,40.983333333333334,5,7,0.714,0,0,0.0,1,1,1.0,3,8,11,2,1,0,3,2,2,7,11,11,35.2,1,0,30.0,1,1,1,1,3,26,33,33,1,1,1,50,63,1,33,21,30,19,26,35,7,62,16,2,37,22,26,1,1,31,1,40:59,1,2024-25
2024-25,203497,Rudy Gobert,Rudy,1610612750,MIN,Minnesota Timberwolves,0022400234,2024-11-17T00:00:00,MIN vs. PHX,W,36.8,4,8,0.5,0,0,0.0,3,4,0.75,4,6,10,2,3,0,4,0,2,3,11,4,35.0,1,0,31.0,1,1,1,1,19,36,18,53,1,1,1,19,25,22,22,42,38,19,3,35,2,1,16,34,37,36,28,1,1,25,1,36:48,1,2024-25
2024-25,203497,Rudy Gobert,Rudy,1610612750,MIN,Minnesota Timberwolves,0022400261,2024-11-21T00:00:00,MIN @ TOR,L,35.705,4,5,0.8,0,0,0.0,5,6,0.833,4,7,11,2,3,1,2,0,3,3,13,0,35.2,1,0,32.0,1,44,44,44,24,36,46,18,1,1,1,5,8,15,22,36,30,19,3,14,14,1,38,34,28,44,26,1,1,24,1,35:42,1,2024-25
2024-25,203497,Rudy Gobert,Rudy,1610612750,MIN,Minnesota Timberwolves,0022400271,2024-11-24T00:00:00,MIN @ BOS,L,34.48166666666667,4,5,0.8,0,0,0.0,2,2,1.0,8,12,20,0,0,0,0,0,2,3,10,-4,34.0,1,0,30.0,1,44,44,44,33,36,46,18,1,1,1,36,46,1,4,4,2,60,52,35,54,1,16,34,42,51,30,1,1,31,1,34:29,1,2024-25
2024-25,203497,Rudy Gobert,Rudy,1610612750,MIN,Minnesota Timberwolves,0022400037,2024-11-26T00:00:00,MIN vs. HOU,L,43.82666666666667,2,3,0.667,0,0,0.0,1,2,0.5,3,13,16,2,1,0,1,1,5,2,5,4,29.2,0,0,25.0,1,44,44,44,1,60,65,37,1,1,1,50,46,44,33,3,7,19,26,35,31,31,68,53,65,36,45,37,1,45,1,43:50,1,2024-25
2024-25,203497,Rudy Gobert,Rudy,1610612750,MIN,Minnesota Timberwolves,0022400294,2024-11-27T00:00:00,MIN vs. SAC,L,36.92666666666667,2,2,1.0,0,0,0.0,5,6,0.833,2,5,7,3,0,0,4,0,3,6,9,-9,33.9,0,0,27.0,1,44,44,44,17,60,68,1,1,1,1,5,8,15,46,51,59,11,52,35,2,1,38,5,48,65,32,37,1,41,1,36:56,1,2024-25
2024-25,203497,Rudy Gobert,Rudy,1610612750,MIN,Minnesota Timberwolves,0022400044,2024-11-29T00:00:00,MIN vs. LAC,W,42.75,3,7,0.429,0,0,0.0,2,4,0.5,4,8,12,3,3,1,1,1,3,5,8,9,29.9,0,0,27.0,1,1,1,1,2,47,33,65,1,1,1,36,25,44,22,21,22,11,3,14,31,31,38,13,50,25,44,37,1,41,1,42:45,1,2024-25
2024-25,203497,Rudy Gobert,Rudy,1610612750,MIN,Minnesota Timberwolves,0022400318,2024-12-02T00:00:00,MIN vs. LAL,W,32.18333333333333,7,8,0.875,0,0,0.0,3,4,0.75,6,6,12,0,2,1,0,0,3,2,17,17,32.4,1,0,31.0,1,1,1,1,44,11,18,10,1,1,1,19,25,22,10,42,22,60,12,14,54,1,38,53,12,13,38,1,1,25,1,32:11,1,2024-25
2024-25,203497,Rudy Gobert,Rudy,1610612750,MIN,Minnesota Timberwolves,0022400324,2024-12-04T00:00:00,MIN @ LAC,W,29.466666666666665,3,4,0.75,0,0,0.0,2,2,1.0,1,8,9,7,0,5,1,0,2,1,8,21,47.3,0,0,36.0,1,1,1,1,60,47,58,25,1,1,1,36,46,1,63,21,45,1,52,1,31,1,16,63,50,5,9,37,1,17,1,29:28,1,2024-25
2024-25,203497,Rudy Gobert,Rudy,1610612750,MIN,Minnesota Timberwolves,0022400338,2024-12-06T00:00:00,MIN @ GSW,W,35.2,6,10,0.6,0,0,0.0,5,5,1.0,2,9,11,1,3,1,0,1,3,3,17,19,31.7,1,0,31.0,1,1,1,1,28,18,12,47,1,1,1,5,18,1,46,19,30,36,3,14,54,31,38,34,12,9,40,1,1,25,1,35:12,1,2024-25
2024-25,203497,Rudy Gobert,Rudy,1610612750,MIN,Minnesota Timberwolves,0022400355,2024-12-08T00:00:00,MIN @ GSW,L,37.88333333333333,1,3,0.333,0,0,0.0,2,4,0.5,1,8,9,1,2,1,3,0,3,6,4,-12,26.3,0,0,22.0,1,44,44,44,11,67,65,70,1,1,1,36,25,44,63,21,45,36,12,14,7,1,38,5,66,68,51,37,1,52,1,37:53,1,2024-25
2024-25,203497,Rudy Gobert,Rudy,1610612750,MIN,Minnesota Timberwolves,0022401210,2024-12-13T00:00:00,MIN vs. LAL,W,37.806666666666665,5,8,0.625,0,0,0.0,2,4,0.5,5,8,13,2,0,1,1,0,1,4,12,3,36.6,1,0,31.0,1,1,1,1,13,26,18,43,1,1,1,36,25,44,15,21,18,19,52,14,31,1,5,21,32,39,23,1,1,25,1,37:48,1,2024-25
2024-25,203497,Rudy Gobert,Rudy,1610612750,MIN,Minnesota Timberwolves,0022401218,2024-12-15T00:00:00,MIN @ SAS,W,34.75,5,11,0.455,0,0,0.0,0,1,0.0,4,5,9,2,2,1,1,1,2,3,10,8,27.8,0,0,25.0,1,1,1,1,30,26,8,64,1,1,1,61,63,61,22,51,45,19,12,14,31,31,16,34,42,28,47,37,1,45,1,34:45,1,2024-25
2024-25,203497,Rudy Gobert,Rudy,1610612750,MIN,Minnesota Timberwolves,0022400367,2024-12-19T00:00:00,MIN vs. NYK,L,22.3,1,1,1.0,0,0,0.0,1,4,0.25,1,3,4,0,0,2,0,0,2,2,3,-37,13.8,0,0,11.0,1,44,44,44,70,67,72,1,1,1,1,50,25,59,63,66,69,60,52,6,54,1,16,53,69,72,71,37,1,71,1,22:18,1,2024-25
2024-25,203497,Rudy Gobert,Rudy,1610612750,MIN,Minnesota Timberwolves,0022400383,2024-12-21T00:00:00,MIN vs. GSW,L,36.833333333333336,7,8,0.875,0,0,0.0,4,7,0.571,2,10,12,2,1,1,1,1,0,6,18,-3,40.4,1,0,36.0,1,44,44,44,18,11,18,10,1,1,1,12,6,41,46,11,22,19,26,14,31,31,1,5,10,49,19,1,1,17,1,36:50,1,2024-25
2024-25,203497,Rudy Gobert,Rudy,1610612750,MIN,Minnesota Timberwolves,0022400395,2024-12-23T00:00:00,MIN @ ATL,L,28.316666666666666,1,4,0.25,0,0,0.0,0,0,0.0,2,4,6,0,3,0,1,1,1,1,2,-16,9.2,0,0,10.0,1,44,44,44,63,67,58,71,1,1,1,61,65,61,46,59,63,60,3,35,31,31,5,63,72,70,72,37,1,72,1,28:19,1,2024-25
2024-25,203497,Rudy Gobert,Rudy,1610612750,MIN,Minnesota Timberwolves,0022400406,2024-12-25T00:00:00,MIN @ DAL,W,39.43,6,7,0.857,0,0,0.0,2,2,1.0,2,8,10,0,1,1,2,0,3,2,14,8,34.0,1,0,30.0,1,1,1,1,6,18,33,13,1,1,1,36,46,1,46,21,38,60,26,14,14,1,38,53,25,28,30,1,1,31,1,39:26,1,2024-25
2024-25,203497,Rudy Gobert,Rudy,1610612750,MIN,Minnesota Timberwolves,0022400422,2024-12-27T00:00:00,MIN @ HOU,W,28.616666666666667,3,5,0.6,0,0,0.0,1,6,0.167,5,4,9,0,0,0,2,0,2,5,7,-18,23.8,0,0,20.0,1,1,1,1,62,47,46,47,1,1,1,50,8,60,15,59,45,60,52,35,14,1,16,13,56,71,59,37,1,60,1,28:37,1,2024-25
2024-25,203497,Rudy Gobert,Rudy,1610612750,MIN,Minnesota Timberwolves,0022400441,2024-12-29T00:00:00,MIN vs. SAS,W,30.55,6,12,0.5,0,0,0.0,5,6,0.833,11,4,15,2,1,0,2,2,4,6,17,-1,43.0,1,0,38.0,1,1,1,1,52,18,5,53,1,1,1,5,8,15,1,59,10,19,26,35,14,62,57,5,12,46,17,1,1,12,1,30:33,1,2024-25
2024-25,203497,Rudy Gobert,Rudy,1610612750,MIN,Minnesota Timberwolves,0022400452,2024-12-31T00:00:00,MIN @ OKC,L,31.071666666666665,3,6,0.5,0,0,0.0,2,2,1.0,2,5,7,1,1,0,2,1,2,1,8,3,22.9,0,0,20.0,1,44,44,44,50,47,39,53,1,1,1,36,46,1,46,51,59,36,26,35,14,31,16,63,50,39,61,37,1,60,1,31:04,1,2024-25
2024-25,203497,Rudy Gobert,Rudy,1610612750,MIN,Minnesota Timberwolves,0022400464,2025-01-02T00:00:00,MIN vs. BOS,L,27.833333333333332,3,5,0.6,0,0,0.0,0,0,0.0,3,4,7,0,0,0,0,1,1,1,6,-6,14.4,0,0,13.0,1,44,44,44,64,47,46,47,1,1,1,61,65,61,33,59,59,60,52,35,54,31,5,63,62,56,70,37,1,70,1,27:50,1,2024-25
2024-25,203497,Rudy Gobert,Rudy,1610612750,MIN,Minnesota Timberwolves,0022400479,2025-01-04T00:00:00,MIN @ DET,L,29.533333333333335,3,6,0.5,0,0,0.0,0,2,0.0,2,4,6,0,3,0,2,1,2,3,6,-2,16.2,0,0,16.0,1,44,44,44,58,47,39,53,1,1,1,61,46,61,46,59,63,60,3,35,14,31,16,34,62,48,67,37,1,65,1,29:32,1,2024-25
2024-25,203497,Rudy Gobert,Rudy,1610612750,MIN,Minnesota Timberwolves,0022400500,2025-01-06T00:00:00,MIN vs. LAC,W,37.85333333333333,3,8,0.375,0,0,0.0,2,5,0.4,8,10,18,2,2,0,1,2,3,3,8,8,33.6,0,0,30.0,1,1,1,1,12,47,18,68,1,1,1,36,18,57,4,11,4,19,12,35,31,62,38,34,50,28,33,37,1,31,1,37:51,1,2024-25
2024-25,203497,Rudy Gobert,Rudy,1610612750,MIN,Minnesota Timberwolves,0022400505,2025-01-07T00:00:00,MIN @ NOP,W,35.41166666666667,3,4,0.75,0,0,0.0,1,2,0.5,2,12,14,4,2,0,6,1,4,3,7,-6,45.8,0,0,37.0,1,1,1,1,26,47,58,25,1,1,1,50,46,44,46,4,13,4,12,35,1,31,57,34,56,56,12,37,1,16,1,35:25,1,2024-25
2024-25,203497,Rudy Gobert,Rudy,1610612750,MIN,Minnesota Timberwolves,0022400519,2025-01-09T00:00:00,MIN @ ORL,W,31.685,5,8,0.625,0,0,0.0,0,2,0.0,4,8,12,1,0,1,0,1,2,2,10,14,28.9,1,0,25.0,1,1,1,1,46,26,18,43,1,1,1,61,46,61,22,21,22,36,52,14,54,31,16,53,42,20,46,1,1,45,1,31:41,1,2024-25
2024-25,203497,Rudy Gobert,Rudy,1610612750,MIN,Minnesota Timberwolves,0022400535,2025-01-11T00:00:00,MIN vs. MEM,L,28.666666666666668,6,6,1.0,0,0,0.0,0,2,0.0,2,2,4,4,0,0,1,0,3,6,12,3,25.8,0,0,22.0,1,44,44,44,61,18,39,1,1,1,1,61,46,61,46,69,69,4,52,35,31,1,38,5,32,39,53,37,1,52,1,28:40,1,2024-25
2024-25,203497,Rudy Gobert,Rudy,1610612750,MIN,Minnesota Timberwolves,0022400548,2025-01-13T00:00:00,MIN @ WAS,W,32.56666666666667,5,6,0.833,0,0,0.0,1,2,0.5,5,6,11,2,0,1,1,1,1,2,11,11,33.2,1,0,28.0,1,1,1,1,42,26,39,15,1,1,1,50,46,44,15,42,30,19,52,14,31,31,5,53,37,22,35,1,1,39,1,32:34,1,2024-25
2024-25,203497,Rudy Gobert,Rudy,1610612750,MIN,Minnesota Timberwolves,0022400565,2025-01-15T00:00:00,MIN vs. GSW,L,29.483333333333334,2,2,1.0,0,0,0.0,3,5,0.6,2,8,10,1,1,0,2,0,2,4,7,-4,25.5,0,0,22.0,1,44,44,44,59,60,68,1,1,1,1,19,18,38,46,21,38,36,26,35,14,1,16,21,56,51,55,37,1,52,1,29:29,1,2024-25
2024-25,203497,Rudy Gobert,Rudy,1610612750,MIN,Minnesota Timberwolves,0022400578,2025-01-17T00:00:00,MIN @ NYK,W,34.43333333333333,5,6,0.833,0,0,0.0,1,2,0.5,1,5,6,1,1,0,2,0,2,1,11,9,24.7,0,0,22.0,1,1,1,1,34,26,39,15,1,1,1,50,46,44,63,51,63,36,26,35,14,1,16,63,37,25,58,37,1,52,1,34:26,1,2024-25
2024-25,203497,Rudy Gobert,Rudy,1610612750,MIN,Minnesota Timberwolves,0022400590,2025-01-18T00:00:00,MIN vs. CLE,L,31.3,6,7,0.857,0,0,0.0,5,6,0.833,2,10,12,1,0,0,0,0,1,4,17,1,32.9,1,0,30.0,1,44,44,44,47,18,33,13,1,1,1,5,8,15,46,11,22,36,52,35,54,1,5,21,12,43,36,1,1,31,1,31:18,1,2024-25
2024-25,203497,Rudy Gobert,Rudy,1610612750,MIN,Minnesota Timberwolves,0022400601,2025-01-20T00:00:00,MIN @ MEM,L,24.926666666666666,1,5,0.2,0,0,0.0,2,2,1.0,2,2,4,2,3,2,1,1,4,3,4,-8,17.8,0,0,16.0,1,44,44,44,67,67,46,72,1,1,1,36,46,1,46,69,69,19,3,6,31,31,57,34,66,61,66,37,1,65,1,24:56,1,2024-25
2024-25,203497,Rudy Gobert,Rudy,1610612750,MIN,Minnesota Timberwolves,0022400614,2025-01-22T00:00:00,MIN @ DAL,W,30.413333333333334,3,4,0.75,0,0,0.0,8,8,1.0,1,5,6,2,1,0,3,0,1,5,14,-1,32.2,0,0,28.0,1,1,1,1,53,47,58,25,1,1,1,2,4,1,63,51,63,19,26,35,7,1,5,13,25,46,39,37,1,39,1,30:25,1,2024-25
2024-25,203497,Rudy Gobert,Rudy,1610612750,MIN,Minnesota Timberwolves,0022400634,2025-01-25T00:00:00,MIN vs. DEN,W,29.566666666666666,6,8,0.75,0,0,0.0,2,3,0.667,4,10,14,5,0,4,0,1,2,4,14,26,50.3,1,0,41.0,1,1,1,1,57,18,18,25,1,1,1,36,41,33,22,11,13,2,52,2,54,31,16,21,25,2,5,1,1,8,1,29:34,1,2024-25
2024-25,203497,Rudy Gobert,Rudy,1610612750,MIN,Minnesota Timberwolves,0022400656,2025-01-27T00:00:00,MIN vs. ATL,W,38.31666666666667,7,9,0.778,0,0,0.0,4,7,0.571,5,5,10,1,1,0,2,0,2,6,18,8,36.5,1,0,33.0,1,1,1,1,9,11,15,23,1,1,1,12,6,41,15,51,38,36,26,35,14,1,16,5,10,28,24,1,1,23,1,38:19,1,2024-25
2024-25,203497,Rudy Gobert,Rudy,1610612750,MIN,Minnesota Timberwolves,0022400672,2025-01-29T00:00:00,MIN @ PHX,W,33.58166666666666,2,5,0.4,0,0,0.0,0,0,0.0,0,5,5,1,1,1,2,1,3,1,4,9,19.5,0,0,16.0,1,1,1,1,38,60,46,66,1,1,1,61,65,61,70,51,68,36,26,14,14,31,38,63,66,25,65,37,1,65,1,33:35,1,2024-25
2024-25,203497,Rudy Gobert,Rudy,1610612750,MIN,Minnesota Timberwolves,0022400677,2025-01-30T00:00:00,MIN @ UTA,W,34.016666666666666,6,8,0.75,0,0,0.0,4,6,0.667,3,6,9,5,1,0,4,1,0,3,16,7,45.3,0,0,38.0,1,1,1,1,37,18,18,25,1,1,1,12,8,33,33,42,45,2,26,35,2,31,1,34,18,32,13,37,1,12,1,34:01,1,2024-25
2024-25,203497,Rudy Gobert,Rudy,1610612750,MIN,Minnesota Timberwolves,0022400690,2025-02-01T00:00:00,MIN vs. WAS,L,37.3,7,12,0.583,0,0,0.0,2,3,0.667,5,11,16,4,3,2,2,1,1,4,16,6,50.2,1,0,44.0,1,44,44,44,16,11,5,51,1,1,1,36,41,33,15,6,7,4,3,6,14,31,5,21,18,34,6,1,1,5,1,37:18,1,2024-25
2024-25,203497,Rudy Gobert,Rudy,1610612750,MIN,Minnesota Timberwolves,0022400704,2025-02-03T00:00:00,MIN vs. SAC,L,40.02166666666667,8,9,0.889,0,0,0.0,3,3,1.0,7,6,13,3,0,1,2,1,2,3,19,-4,48.1,1,0,41.0,1,44,44,44,4,6,15,8,1,1,1,19,41,1,8,42,18,11,52,14,14,31,16,34,6,51,8,1,1,8,1,40:01,1,2024-25
2024-25,203497,Rudy Gobert,Rudy,1610612750,MIN,Minnesota Timberwolves,0022400723,2025-02-05T00:00:00,MIN vs. CHI,W,30.85,4,7,0.571,0,0,0.0,2,6,0.333,9,6,15,1,1,3,3,1,1,4,10,17,46.5,1,0,38.0,1,1,1,1,51,36,33,52,1,1,1,36,8,58,3,42,10,36,26,4,7,31,5,21,42,13,11,1,1,12,1,30:51,1,2024-25
2024-25,203497,Rudy Gobert,Rudy,1610612750,MIN,Minnesota Timberwolves,0022400729,2025-02-06T00:00:00,MIN vs. HOU,W,34.416666666666664,5,8,0.625,0,0,0.0,3,4,0.75,3,7,10,0,2,0,1,2,4,2,13,2,26.0,1,0,25.0,1,1,1,1,35,26,18,43,1,1,1,19,25,22,33,36,38,60,12,35,31,62,57,53,28,42,52,1,1,45,1,34:25,1,2024-25
2024-25,203497,Rudy Gobert,Rudy,1610612750,MIN,Minnesota Timberwolves,0022400747,2025-02-08T00:00:00,MIN vs. POR,W,36.68333333333333,4,6,0.667,0,0,0.0,7,10,0.7,3,8,11,1,1,0,1,1,2,7,15,20,31.7,1,0,29.0,1,1,1,1,20,36,39,37,1,1,1,3,2,32,33,21,30,36,26,35,31,31,16,2,22,6,40,1,1,37,1,36:41,1,2024-25
2024-25,203497,Rudy Gobert,Rudy,1610612750,MIN,Minnesota Timberwolves,0022400755,2025-02-10T00:00:00,MIN @ CLE,L,26.783333333333335,4,6,0.667,0,0,0.0,4,5,0.8,6,2,8,1,2,0,2,1,0,3,12,-6,27.1,0,0,25.0,1,44,44,44,65,36,39,37,1,1,1,12,18,20,10,69,53,36,12,35,14,31,1,34,32,56,49,37,1,45,1,26:47,1,2024-25
2024-25,203497,Rudy Gobert,Rudy,1610612750,MIN,Minnesota Timberwolves,0022400776,2025-02-12T00:00:00,MIN vs. MIL,L,37.53333333333333,10,14,0.714,0,0,0.0,0,0,0.0,6,8,14,4,2,1,1,1,5,1,20,-13,46.8,1,0,42.0,1,44,44,44,15,2,4,33,1,1,1,61,65,61,10,21,13,4,12,14,31,31,68,63,5,69,10,1,1,7,1,37:32,1,2024-25
2024-25,203497,Rudy Gobert,Rudy,1610612750,MIN,Minnesota Timberwolves,0022400925,2025-03-09T00:00:00,MIN vs. SAS,W,19.8,7,8,0.875,0,0,0.0,2,2,1.0,3,5,8,2,1,2,0,0,4,2,16,18,33.6,0,0,30.0,1,1,1,1,72,11,18,10,1,1,1,36,46,1,33,51,53,19,26,6,54,1,57,53,18,10,33,37,1,31,1,19:48,1,2024-25
2024-25,203497,Rudy Gobert,Rudy,1610612750,MIN,Minnesota Timberwolves,0022400952,2025-03-12T00:00:00,MIN @ DEN,W,30.083333333333332,4,8,0.5,0,0,0.0,3,4,0.75,3,7,10,3,0,0,1,0,3,3,11,16,30.5,1,0,26.0,1,1,1,1,54,36,18,53,1,1,1,19,25,22,33,36,38,11,52,35,31,1,38,34,37,16,43,1,1,44,1,30:05,1,2024-25
2024-25,203497,Rudy Gobert,Rudy,1610612750,MIN,Minnesota Timberwolves,0022400963,2025-03-14T00:00:00,MIN vs. ORL,W,35.0,5,7,0.714,0,0,0.0,2,4,0.5,4,8,12,1,1,2,0,2,2,4,12,16,32.9,1,0,29.0,1,1,1,1,29,26,33,33,1,1,1,36,25,44,22,21,22,36,26,6,54,62,16,21,32,16,36,1,1,37,1,35:00,1,2024-25
2024-25,203497,Rudy Gobert,Rudy,1610612750,MIN,Minnesota Timberwolves,0022400981,2025-03-16T00:00:00,MIN vs. UTA,W,25.9,3,5,0.6,0,0,0.0,1,2,0.5,3,3,6,0,1,2,2,0,1,1,7,26,25.2,0,0,21.0,1,1,1,1,66,47,46,47,1,1,1,50,46,44,33,66,63,60,26,6,14,1,5,63,56,2,57,37,1,59,1,25:54,1,2024-25
2024-25,203497,Rudy Gobert,Rudy,1610612750,MIN,Minnesota Timberwolves,0022400986,2025-03-17T00:00:00,MIN vs. IND,L,21.5,1,2,0.5,0,0,0.0,1,2,0.5,3,4,7,1,0,0,3,0,1,2,3,0,21.9,0,0,17.0,1,44,44,44,71,67,68,53,1,1,1,50,46,44,33,59,59,36,52,35,7,1,5,53,69,44,62,37,1,64,1,21:30,1,2024-25
2024-25,203497,Rudy Gobert,Rudy,1610612750,MIN,Minnesota Timberwolves,0022401001,2025-03-19T00:00:00,MIN vs. NOP,L,31.14,3,4,0.75,0,0,0.0,4,6,0.667,2,7,9,1,0,0,1,1,4,4,10,4,25.3,0,0,22.0,1,44,44,44,49,47,58,25,1,1,1,12,8,33,46,36,45,36,52,35,31,31,57,21,42,36,56,37,1,52,1,31:08,1,2024-25
2024-25,203497,Rudy Gobert,Rudy,1610612750,MIN,Minnesota Timberwolves,0022401016,2025-03-21T00:00:00,MIN vs. NOP,W,30.016666666666666,4,5,0.8,0,0,0.0,7,8,0.875,2,9,11,3,1,3,0,1,4,7,15,34,40.7,1,0,35.0,1,1,1,1,55,36,46,18,1,1,1,3,4,14,46,19,30,11,26,4,54,31,57,2,22,1,18,1,1,19,1,30:01,1,2024-25
2024-25,203497,Rudy Gobert,Rudy,1610612750,MIN,Minnesota Timberwolves,0022401037,2025-03-24T00:00:00,MIN @ IND,L,34.666666666666664,8,12,0.667,0,0,0.0,0,0,0.0,5,11,16,3,2,0,0,2,0,1,16,-3,37.7,1,0,35.0,1,44,44,44,31,6,5,37,1,1,1,61,65,61,15,6,7,11,12,35,54,62,1,63,18,49,21,1,1,19,1,34:40,1,2024-25
2024-25,203497,Rudy Gobert,Rudy,1610612750,MIN,Minnesota Timberwolves,0022401071,2025-03-28T00:00:00,MIN vs. PHX,W,37.666666666666664,8,9,0.889,0,0,0.0,1,2,0.5,5,8,13,1,4,4,1,0,5,5,17,20,45.1,1,0,41.0,1,1,1,1,14,6,15,8,1,1,1,50,46,44,15,21,18,36,1,2,31,1,68,13,12,6,15,1,1,8,1,37:40,1,2024-25
2024-25,203497,Rudy Gobert,Rudy,1610612750,MIN,Minnesota Timberwolves,0022401084,2025-03-30T00:00:00,MIN vs. DET,W,38.211666666666666,8,16,0.5,0,0,0.0,3,4,0.75,10,15,25,0,1,0,1,0,3,6,19,18,51.0,1,0,46.0,1,1,1,1,10,6,2,53,1,1,1,19,25,22,2,1,1,60,26,35,31,1,38,5,6,10,4,1,1,4,1,38:13,1,2024-25
2024-25,203497,Rudy Gobert,Rudy,1610612750,MIN,Minnesota Timberwolves,0022401102,2025-04-01T00:00:00,MIN @ DEN,W,39.61833333333333,7,11,0.636,0,0,0.0,5,9,0.556,6,6,12,1,0,1,0,2,6,6,19,-10,37.9,1,0,34.0,1,1,1,1,5,11,8,42,1,1,1,5,3,43,10,42,22,36,52,14,54,62,72,5,6,66,20,1,1,22,1,39:37,1,2024-25
2024-25,203497,Rudy Gobert,Rudy,1610612750,MIN,Minnesota Timberwolves,0022401113,2025-04-03T00:00:00,MIN @ BKN,W,35.906666666666666,9,10,0.9,0,0,0.0,3,6,0.5,4,14,18,1,0,0,2,0,2,4,21,14,50.1,1,0,44.0,1,1,1,1,22,4,12,7,1,1,1,19,8,44,22,2,4,36,52,35,14,1,16,21,3,20,7,1,1,5,1,35:54,1,2024-25
2024-25,203497,Rudy Gobert,Rudy,1610612750,MIN,Minnesota Timberwolves,0022401130,2025-04-05T00:00:00,MIN @ PHI,W,35.645,10,11,0.909,0,0,0.0,3,4,0.75,8,11,19,2,1,2,3,0,3,4,23,10,62.8,1,0,54.0,1,1,1,1,25,2,8,6,1,1,1,19,25,22,4,6,3,19,26,6,7,1,38,21,2,24,1,1,1,1,1,35:39,1,2024-25
2024-25,203497,Rudy Gobert,Rudy,1610612750,MIN,Minnesota Timberwolves,0022401152,2025-04-08T00:00:00,MIN @ MIL,L,34.38333333333333,3,4,0.75,0,0,0.0,0,0,0.0,2,7,9,2,1,1,0,1,4,3,6,-5,21.8,0,0,19.0,1,44,44,44,36,47,58,25,1,1,1,61,65,61,46,36,45,19,26,14,54,31,57,34,62,55,63,37,1,62,1,34:23,1,2024-25
2024-25,203497,Rudy Gobert,Rudy,1610612750,MIN,Minnesota Timberwolves,0022401170,2025-04-10T00:00:00,MIN @ MEM,W,35.85,5,5,1.0,0,0,0.0,3,4,0.75,0,8,8,4,1,0,0,0,3,4,13,17,27.6,0,0,25.0,1,1,1,1,23,26,46,1,1,1,1,19,25,22,70,21,53,4,26,35,54,1,38,21,28,13,48,37,1,45,1,35:51,1,2024-25
2024-25,203497,Rudy Gobert,Rudy,1610612750,MIN,Minnesota Timberwolves,0022401179,2025-04-11T00:00:00,MIN vs. BKN,W,33.333333333333336,13,17,0.765,0,0,0.0,9,14,0.643,3,8,11,1,0,0,1,0,3,12,35,16,52.7,1,0,49.0,1,1,1,1,40,1,1,24,1,1,1,1,1,37,33,21,30,36,52,35,31,1,38,1,1,16,3,1,1,2,1,33:20,1,2024-25
2024-25,203497,Rudy Gobert,Rudy,1610612750,MIN,Minnesota Timberwolves,0022401195,2025-04-13T00:00:00,MIN vs. UTA,W,38.46666666666667,8,16,0.5,0,0,0.0,3,5,0.6,8,10,18,0,0,1,4,1,2,4,19,6,55.6,1,0,47.0,1,1,1,1,8,6,2,53,1,1,1,19,18,38,4,11,4,60,52,14,2,31,16,21,6,34,2,1,1,3,1,38:28,1,2024-25
2025-26,203497,Rudy Gobert,Rudy,1610612750,MIN,Minnesota Timberwolves,0022500089,2025-10-22T00:00:00,MIN @ POR,W,31.85333333333333,3,4,0.75,0,0,0.0,4,6,0.667,3,3,6,0,0,0,1,1,6,4,10,0,20.2,0,0,18.0,1,1,1,1,20,24,27,14,1,1,1,3,7,5,19,30,30,29,24,15,15,21,31,16,18,21,29,14,1,28,1,31:51,1,2025-26
2025-26,203497,Rudy Gobert,Rudy,1610612750,MIN,Minnesota Timberwolves,0022500019,2025-10-24T00:00:00,MIN @ LAL,L,28.166666666666668,1,2,0.5,0,0,0.0,0,0,0.0,5,2,7,2,1,0,0,0,3,2,2,-6,12.4,0,0,11.0,1,22,22,22,27,31,32,28,1,1,1,29,31,29,8,33,28,11,14,15,28,1,16,27,33,27,33,14,1,33,1,28:10,1,2025-26
2025-26,203497,Rudy Gobert,Rudy,1610612750,MIN,Minnesota Timberwolves,0022500110,2025-10-26T00:00:00,MIN vs. IND,W,33.998333333333335,6,7,0.857,0,0,0.0,2,7,0.286,4,14,18,1,1,0,2,0,2,6,14,6,42.1,1,0,37.0,1,1,1,1,12,6,11,7,1,1,1,12,5,25,14,1,1,18,14,15,9,1,8,4,9,16,8,1,1,7,1,33:60,1,2025-26
2025-26,203497,Rudy Gobert,Rudy,1610612750,MIN,Minnesota Timberwolves,0022500008,2025-10-27T00:00:00,MIN vs. DEN,L,26.45,3,7,0.429,0,0,0.0,2,2,1.0,2,3,5,1,1,1,2,1,4,2,8,-18,23.5,0,0,20.0,1,22,22,22,28,24,11,30,1,1,1,12,22,1,25,30,33,18,14,6,9,21,22,27,24,32,26,14,1,26,1,26:27,1,2025-26
2025-26,203497,Rudy Gobert,Rudy,1610612750,MIN,Minnesota Timberwolves,0022500136,2025-10-29T00:00:00,MIN vs. LAL,L,38.21666666666667,4,5,0.8,0,0,0.0,1,2,0.5,2,4,6,2,3,0,2,0,3,4,9,7,22.2,0,0,21.0,1,22,22,22,3,15,24,10,1,1,1,20,22,11,25,26,30,11,4,15,9,1,16,16,19,15,27,14,1,25,1,38:13,1,2025-26
2025-26,203497,Rudy Gobert,Rudy,1610612750,MIN,Minnesota Timberwolves,0022500143,2025-11-01T00:00:00,MIN @ CHA,W,35.32666666666667,6,9,0.667,0,0,0.0,2,3,0.667,3,12,15,5,1,2,2,1,0,3,14,31,50.5,1,0,42.0,1,1,1,1,8,6,5,19,1,1,1,12,19,5,19,2,5,1,14,1,9,21,1,25,9,1,5,1,1,5,1,35:20,1,2025-26
2025-26,203497,Rudy Gobert,Rudy,1610612750,MIN,Minnesota Timberwolves,0022500156,2025-11-03T00:00:00,MIN @ BKN,W,33.68333333333333,6,6,1.0,0,0,0.0,3,6,0.5,4,8,12,1,3,0,1,0,4,5,15,27,30.9,1,0,30.0,1,1,1,1,15,6,16,1,1,1,1,5,7,11,14,12,11,18,4,15,15,1,22,10,5,2,18,1,1,13,1,33:41,1,2025-26
2025-26,203497,Rudy Gobert,Rudy,1610612750,MIN,Minnesota Timberwolves,0022500175,2025-11-05T00:00:00,MIN @ NYK,L,28.198333333333334,3,3,1.0,0,0,0.0,1,2,0.5,3,6,9,0,2,0,0,0,2,5,7,-8,15.8,0,0,16.0,1,22,22,22,26,24,29,1,1,1,1,20,22,11,19,18,20,29,6,15,28,1,8,10,27,28,32,14,1,30,1,28:12,1,2025-26
2025-26,203497,Rudy Gobert,Rudy,1610612750,MIN,Minnesota Timberwolves,0022500036,2025-11-07T00:00:00,MIN vs. UTA,W,28.783333333333335,4,6,0.667,0,0,0.0,0,0,0.0,3,6,9,2,2,1,3,0,3,2,8,24,31.8,0,0,27.0,1,1,1,1,25,15,16,19,1,1,1,29,31,29,19,18,20,11,6,6,5,1,16,27,24,3,17,14,1,18,1,28:47,1,2025-26
2025-26,203497,Rudy Gobert,Rudy,1610612750,MIN,Minnesota Timberwolves,0022500197,2025-11-09T00:00:00,MIN @ SAC,W,33.766666666666666,9,10,0.9,0,0,0.0,1,2,0.5,1,11,12,1,1,1,5,0,1,4,19,21,51.9,1,0,44.0,1,1,1,1,14,2,2,4,1,1,1,20,22,11,32,4,11,18,14,6,2,1,3,16,3,4,2,1,1,4,1,33:46,1,2025-26
2025-26,203497,Rudy Gobert,Rudy,1610612750,MIN,Minnesota Timberwolves,0022500205,2025-11-10T00:00:00,MIN @ UTA,W,33.583333333333336,7,8,0.875,0,0,0.0,0,1,0.0,3,9,12,1,2,0,2,1,5,5,14,8,33.9,1,0,31.0,1,1,1,1,16,4,7,6,1,1,1,29,29,29,19,8,11,18,6,15,9,21,28,10,9,13,13,1,1,12,1,33:35,1,2025-26
2025-26,203497,Rudy Gobert,Rudy,1610612750,MIN,Minnesota Timberwolves,0022500044,2025-11-14T00:00:00,MIN vs. SAC,W,34.33166666666666,4,6,0.667,0,0,0.0,3,8,0.375,2,6,8,1,1,1,1,0,3,6,11,14,27.1,0,0,24.0,1,1,1,1,11,15,16,19,1,1,1,5,2,23,25,18,23,18,14,6,15,1,16,4,14,8,22,14,1,21,1,34:20,1,2025-26
2025-26,203497,Rudy Gobert,Rudy,1610612750,MIN,Minnesota Timberwolves,0022500232,2025-11-15T00:00:00,MIN vs. DEN,L,23.166666666666668,2,3,0.667,0,0,0.0,0,0,0.0,2,4,6,0,4,0,3,0,4,1,4,-22,16.2,0,0,16.0,1,22,22,22,31,29,29,19,1,1,1,29,31,29,25,26,30,29,1,15,5,1,22,33,31,33,31,14,1,30,1,23:10,1,2025-26
2025-26,203497,Rudy Gobert,Rudy,1610612750,MIN,Minnesota Timberwolves,0022500246,2025-11-17T00:00:00,MIN vs. DAL,W,29.1,6,8,0.75,0,0,0.0,3,6,0.5,5,4,9,4,2,2,1,0,0,5,15,19,38.8,0,0,34.0,1,1,1,1,24,6,7,14,1,1,1,5,7,11,8,26,20,2,6,1,15,1,1,10,5,5,10,14,1,9,1,29:06,1,2025-26
2025-26,203497,Rudy Gobert,Rudy,1610612750,MIN,Minnesota Timberwolves,0022500259,2025-11-19T00:00:00,MIN vs. WAS,W,36.083333333333336,4,5,0.8,0,0,0.0,1,2,0.5,7,8,15,3,4,0,1,0,4,7,9,6,30.5,0,0,29.0,1,1,1,1,6,15,24,10,1,1,1,20,22,11,1,12,5,5,1,15,15,1,22,2,19,16,19,14,1,16,1,36:05,1,2025-26
2025-26,203497,Rudy Gobert,Rudy,1610612750,MIN,Minnesota Timberwolves,0022500053,2025-11-21T00:00:00,MIN @ PHX,L,34.74166666666667,5,10,0.5,0,0,0.0,2,4,0.5,7,5,12,4,2,0,1,0,5,6,12,6,33.4,1,0,30.0,1,22,22,22,10,11,2,28,1,1,1,12,12,11,1,24,11,2,6,15,15,1,28,4,12,16,14,1,1,13,1,34:45,1,2025-26
2025-26,203497,Rudy Gobert,Rudy,1610612750,MIN,Minnesota Timberwolves,0022500292,2025-11-24T00:00:00,MIN @ SAC,L,40.74333333333333,4,6,0.667,0,0,0.0,3,4,0.75,5,8,13,1,2,0,2,0,3,6,11,5,32.1,1,0,29.0,1,22,22,22,1,15,16,19,1,1,1,5,12,3,8,12,9,18,6,15,9,1,16,4,14,19,15,1,1,16,1,40:45,1,2025-26
2025-26,203497,Rudy Gobert,Rudy,1610612750,MIN,Minnesota Timberwolves,0022500064,2025-11-26T00:00:00,MIN @ OKC,L,32.211666666666666,1,3,0.333,0,0,0.0,3,8,0.375,3,9,12,3,1,0,3,1,4,7,5,0,31.9,0,0,26.0,1,22,22,22,19,31,29,32,1,1,1,5,2,23,19,8,11,5,14,15,5,21,22,2,30,21,16,14,1,19,1,32:13,1,2025-26
2025-26,203497,Rudy Gobert,Rudy,1610612750,MIN,Minnesota Timberwolves,0022500293,2025-11-29T00:00:00,MIN vs. BOS,W,30.095,5,6,0.833,0,0,0.0,2,3,0.667,2,6,8,3,0,0,0,0,1,4,12,15,26.1,0,0,23.0,1,1,1,1,22,11,16,9,1,1,1,12,19,5,25,18,23,5,24,15,28,1,3,16,12,7,23,14,1,24,1,30:06,1,2025-26
2025-26,203497,Rudy Gobert,Rudy,1610612750,MIN,Minnesota Timberwolves,0022500306,2025-11-30T00:00:00,MIN vs. SAS,W,24.033333333333335,4,6,0.667,0,0,0.0,0,1,0.0,2,6,8,2,0,0,0,0,1,2,8,-8,20.6,0,0,18.0,1,1,1,1,29,15,16,19,1,1,1,29,29,29,25,18,23,11,24,15,28,1,3,27,24,28,28,14,1,28,1,24:02,1,2025-26
2025-26,203497,Rudy Gobert,Rudy,1610612750,MIN,Minnesota Timberwolves,0022500321,2025-12-02T00:00:00,MIN @ NOP,W,38.05,9,10,0.9,0,0,0.0,8,10,0.8,4,9,13,2,0,1,1,0,5,10,26,9,50.6,1,0,45.0,1,1,1,1,4,2,2,4,1,1,1,1,1,2,14,8,9,11,24,6,15,1,28,1,1,11,4,1,1,2,1,38:03,1,2025-26
2025-26,203497,Rudy Gobert,Rudy,1610612750,MIN,Minnesota Timberwolves,0022500337,2025-12-04T00:00:00,MIN @ NOP,W,23.95,5,8,0.625,0,0,0.0,5,8,0.625,6,6,12,3,1,0,1,0,1,5,15,0,35.9,1,0,32.0,1,1,1,1,30,11,7,26,1,1,1,2,2,10,4,18,11,5,14,15,15,1,3,10,5,21,12,1,1,11,1,23:57,1,2025-26
2025-26,203497,Rudy Gobert,Rudy,1610612750,MIN,Minnesota Timberwolves,0022500355,2025-12-06T00:00:00,MIN vs. LAC,W,32.7,1,1,1.0,0,0,0.0,2,4,0.5,2,5,7,2,2,0,1,0,6,4,4,-9,16.4,0,0,15.0,1,1,1,1,18,31,33,1,1,1,1,12,12,11,25,24,28,11,6,15,15,1,31,16,31,30,30,14,1,32,1,32:42,1,2025-26
2025-26,203497,Rudy Gobert,Rudy,1610612750,MIN,Minnesota Timberwolves,0022500365,2025-12-08T00:00:00,MIN vs. PHX,L,20.983333333333334,7,9,0.778,0,0,0.0,1,2,0.5,5,3,8,1,0,1,0,1,2,2,15,0,29.1,0,0,26.0,1,22,22,22,32,4,5,13,1,1,1,20,22,11,8,30,23,18,24,6,28,21,8,27,5,21,20,14,1,19,1,20:59,1,2025-26
2025-26,203497,Rudy Gobert,Rudy,1610612750,MIN,Minnesota Timberwolves,0022501215,2025-12-12T00:00:00,MIN @ GSW,W,35.17666666666667,11,13,0.846,0,0,0.0,2,3,0.667,4,10,14,1,0,2,1,0,4,4,24,8,51.3,1,0,45.0,1,1,1,1,9,1,1,8,1,1,1,12,19,5,14,5,7,18,24,1,15,1,22,16,2,13,3,1,1,2,1,35:11,1,2025-26
2025-26,203497,Rudy Gobert,Rudy,1610612750,MIN,Minnesota Timberwolves,0022501220,2025-12-14T00:00:00,MIN vs. SAC,W,20.066666666666666,3,4,0.75,0,0,0.0,1,6,0.167,5,7,12,3,1,0,1,1,1,4,7,9,27.9,0,0,24.0,1,1,1,1,33,24,27,14,1,1,1,20,7,28,8,16,11,5,14,15,15,21,3,16,27,11,21,14,1,21,1,20:04,1,2025-26
2025-26,203497,Rudy Gobert,Rudy,1610612750,MIN,Minnesota Timberwolves,0022500368,2025-12-17T00:00:00,MIN vs. MEM,L,35.46666666666667,6,8,0.75,0,0,0.0,4,6,0.667,7,9,16,4,4,1,4,1,2,5,16,1,52.2,1,0,46.0,1,22,22,22,7,6,7,14,1,1,1,3,7,5,1,8,3,2,1,6,3,21,8,10,4,20,1,1,1,1,1,35:28,1,2025-26
2025-26,203497,Rudy Gobert,Rudy,1610612750,MIN,Minnesota Timberwolves,0022500385,2025-12-19T00:00:00,MIN vs. OKC,W,33.11833333333333,3,7,0.429,0,0,0.0,3,7,0.429,6,8,14,1,2,0,0,1,3,6,9,0,25.3,0,0,24.0,1,1,1,1,17,24,11,30,1,1,1,5,5,22,4,12,7,18,6,15,28,21,16,4,19,21,24,14,1,21,1,33:07,1,2025-26
2025-26,203497,Rudy Gobert,Rudy,1610612750,MIN,Minnesota Timberwolves,0022500400,2025-12-21T00:00:00,MIN vs. MIL,W,39.291666666666664,5,7,0.714,0,0,0.0,1,4,0.25,6,12,18,3,0,1,1,1,2,3,11,-4,43.1,1,0,36.0,1,1,1,1,2,11,11,18,1,1,1,20,12,26,4,2,1,5,24,6,15,21,8,25,14,26,7,1,1,8,1,39:18,1,2025-26
2025-26,203497,Rudy Gobert,Rudy,1610612750,MIN,Minnesota Timberwolves,0022500416,2025-12-23T00:00:00,MIN vs. NYK,W,37.75,4,6,0.667,0,0,0.0,3,4,0.75,6,10,16,2,1,2,3,1,2,4,11,10,47.2,1,0,39.0,1,1,1,1,5,15,16,19,1,1,1,5,12,3,4,5,3,11,14,1,5,21,8,16,14,10,6,1,1,6,1,37:45,1,2025-26
2025-26,203497,Rudy Gobert,Rudy,1610612750,MIN,Minnesota Timberwolves,0022500013,2025-12-25T00:00:00,MIN @ DEN,L,33.98,4,7,0.571,0,0,0.0,1,2,0.5,5,7,12,0,0,0,6,2,6,2,9,18,41.4,0,0,33.0,1,22,22,22,13,15,11,27,1,1,1,20,22,11,8,16,11,29,24,15,1,33,31,27,19,6,9,14,1,10,1,33:59,1,2025-26
2025-26,203497,Rudy Gobert,Rudy,1610612750,MIN,Minnesota Timberwolves,0022500439,2025-12-27T00:00:00,MIN vs. BKN,L,31.433333333333334,2,6,0.333,0,0,0.0,2,4,0.5,4,4,8,0,0,2,1,0,2,6,6,-14,24.6,0,0,20.0,1,22,22,22,21,29,16,32,1,1,1,12,12,11,14,26,23,29,24,1,15,1,8,4,29,31,25,14,1,26,1,31:26,1,2025-26
2025-26,203497,Rudy Gobert,Rudy,1610612750,MIN,Minnesota Timberwolves,0022500452,2025-12-29T00:00:00,MIN @ CHI,W,29.616666666666667,4,5,0.8,0,0,0.0,1,4,0.25,0,10,10,1,0,1,4,1,2,4,9,14,37.5,0,0,30.0,1,1,1,1,23,15,24,10,1,1,1,20,12,26,33,5,19,18,24,6,3,21,8,16,19,8,11,14,1,13,1,29:37,1,2025-26
