SEASON_YEAR,PLAYER_ID,PLAYER_NAME,NICKNAME,TEAM_ID,TEAM_ABBREVIATION,TEAM_NAME,GAME_ID,GAME_DATE,MATCHUP,WL,MIN,FGM,FGA,FG_PCT,FG3M,FG3A,FG3_PCT,FTM,FTA,FT_PCT,OREB,DREB,REB,AST,TOV,STL,BLK,BLKA,PF,PFD,PTS,PLUS_MINUS,NBA_FANTASY_PTS,DD2,TD3,WNBA_FANTASY_PTS,GP_RANK,W_RANK,L_RANK,W_PCT_RANK,MIN_RANK,FGM_RANK,FGA_RANK,FG_PCT_RANK,FG3M_RANK,FG3A_RANK,FG3_PCT_RANK,FTM_RANK,FTA_RANK,FT_PCT_RANK,OREB_RANK,DREB_RANK,REB_RANK,AST_RANK,TOV_RANK,STL_RANK,BLK_RANK,BLKA_RANK,PF_RANK,PFD_RANK,PTS_RANK,PLUS_MINUS_RANK,NBA_FANTASY_PTS_RANK,DD2_RANK,TD3_RANK,WNBA_FANTASY_PTS_RANK,AVAILABLE_FLAG,MIN_SEC,TEAM_COUNT,SEASON
2017-18,203500,Steven Adams,Steven,1610612760,OKC,Oklahoma City Thunder,0021700015,2017-10-19T00:00:00,OKC vs. NYK,W,29.6,5,5,1.0,0,0,0.0,2,3,0.667,2,3,5,1,1,5,3,0,3,4,12,27,42.5,0,0,34.0,1,1,1,1,60,41,70,1,1,3,1,25,34,18,64,43,67,25,38,1,4,1,30,25,42,4,9,29,1,17,1,29:36,1,2017-18
2017-18,203500,Steven Adams,Steven,1610612760,OKC,Oklahoma City Thunder,0021700036,2017-10-21T00:00:00,OKC @ UTA,L,32.78333333333333,3,6,0.5,0,0,0.0,3,6,0.5,3,2,5,0,1,0,0,0,1,4,9,-6,14.0,0,0,14.0,1,44,44,44,37,64,66,55,1,3,1,20,14,38,50,63,67,55,38,51,48,1,3,25,60,56,73,29,1,73,1,32:47,1,2017-18
2017-18,203500,Steven Adams,Steven,1610612760,OKC,Oklahoma City Thunder,0021700039,2017-10-22T00:00:00,OKC vs. MIN,L,34.93333333333333,8,12,0.667,0,0,0.0,1,1,1.0,8,5,13,3,2,1,2,1,1,3,17,-17,44.1,1,0,39.0,1,44,44,44,22,12,11,29,1,3,1,40,59,1,9,17,5,3,20,23,9,40,3,35,20,75,6,1,1,6,1,34:56,1,2017-18
2017-18,203500,Steven Adams,Steven,1610612760,OKC,Oklahoma City Thunder,0021700060,2017-10-25T00:00:00,OKC vs. IND,W,30.85,8,13,0.615,0,0,0.0,1,1,1.0,7,4,11,1,3,2,2,0,1,5,17,16,40.7,1,0,37.0,1,1,1,1,55,12,4,41,1,3,1,40,59,1,12,34,19,25,8,13,9,1,3,14,20,14,14,1,1,13,1,30:51,1,2017-18
2017-18,203500,Steven Adams,Steven,1610612760,OKC,Oklahoma City Thunder,0021700074,2017-10-27T00:00:00,OKC @ MIN,L,31.666666666666668,8,10,0.8,0,0,0.0,4,4,1.0,6,2,8,1,2,0,1,1,4,5,20,-19,32.1,0,0,31.0,1,44,44,44,48,12,28,12,1,3,1,12,27,1,24,63,44,25,20,51,20,40,52,14,11,76,38,29,1,29,1,31:40,1,2017-18
2017-18,203500,Steven Adams,Steven,1610612760,OKC,Oklahoma City Thunder,0021700079,2017-10-28T00:00:00,OKC @ CHI,W,28.183333333333334,6,10,0.6,0,0,0.0,0,0,0.0,5,3,8,2,1,1,1,2,0,0,12,23,29.6,0,0,26.0,1,1,1,1,65,29,28,44,1,3,1,58,65,58,36,43,44,8,38,23,20,69,1,76,42,7,47,29,1,45,1,28:11,1,2017-18
2017-18,203500,Steven Adams,Steven,1610612760,OKC,Oklahoma City Thunder,0021700103,2017-10-31T00:00:00,OKC @ MIL,W,26.583333333333332,7,10,0.7,0,0,0.0,0,0,0.0,3,8,11,2,1,1,0,0,2,1,14,13,32.2,1,0,29.0,1,1,1,1,68,21,28,26,1,3,1,58,65,58,50,1,19,8,38,23,48,1,17,64,31,20,37,1,1,37,2,26:35,1,2017-18
2017-18,203500,Steven Adams,Steven,1610612760,OKC,Oklahoma City Thunder,0021700129,2017-11-03T00:00:00,OKC vs. BOS,L,32.733333333333334,3,5,0.6,0,0,0.0,1,2,0.5,4,6,10,2,1,1,2,0,3,3,7,-7,30.0,0,0,25.0,1,44,44,44,38,64,70,44,1,3,1,40,46,38,44,5,24,8,38,23,9,1,30,35,66,60,44,29,1,49,1,32:44,1,2017-18
2017-18,203500,Steven Adams,Steven,1610612760,OKC,Oklahoma City Thunder,0021700144,2017-11-05T00:00:00,OKC @ POR,L,31.308333333333334,2,3,0.667,0,0,0.0,0,0,0.0,0,4,4,1,4,1,1,0,4,1,4,-12,12.3,0,0,13.0,1,44,44,44,51,73,76,29,1,3,1,58,65,58,76,34,71,25,3,23,20,1,52,64,76,68,74,29,1,74,1,31:19,1,2017-18
2017-18,203500,Steven Adams,Steven,1610612760,OKC,Oklahoma City Thunder,0021700158,2017-11-07T00:00:00,OKC @ SAC,L,29.016666666666666,4,5,0.8,0,0,0.0,6,6,1.0,2,4,6,0,3,5,1,0,4,4,14,4,36.2,0,0,32.0,1,44,44,44,62,53,70,12,1,3,1,3,14,1,64,34,62,55,8,1,20,1,52,25,31,37,22,29,1,23,1,29:01,1,2017-18
2017-18,203500,Steven Adams,Steven,1610612760,OKC,Oklahoma City Thunder,0021700168,2017-11-09T00:00:00,OKC @ DEN,L,30.033333333333335,4,10,0.4,0,0,0.0,1,2,0.5,4,7,11,0,1,0,1,2,1,2,9,-2,24.2,0,0,22.0,1,44,44,44,57,53,28,68,1,3,1,40,46,38,44,3,19,55,38,51,20,69,3,57,60,46,61,29,1,61,1,30:02,1,2017-18
2017-18,203500,Steven Adams,Steven,1610612760,OKC,Oklahoma City Thunder,0021700223,2017-11-17T00:00:00,OKC @ SAS,L,34.5,6,8,0.75,0,0,0.0,4,7,0.571,6,2,8,0,1,0,2,0,4,5,16,-8,30.6,0,0,28.0,1,44,44,44,24,29,48,19,1,3,1,12,10,33,24,63,44,55,38,51,9,1,52,14,22,62,42,29,1,39,2,34:30,1,2017-18
2017-18,203500,Steven Adams,Steven,1610612760,OKC,Oklahoma City Thunder,0021700248,2017-11-20T00:00:00,OKC @ NOP,L,25.666666666666668,7,9,0.778,0,0,0.0,1,2,0.5,2,1,3,1,3,0,1,0,4,1,15,14,20.1,0,0,21.0,1,44,44,44,73,21,36,14,1,3,1,40,46,38,64,69,73,25,8,51,20,1,52,64,29,18,69,29,1,63,1,25:40,1,2017-18
2017-18,203500,Steven Adams,Steven,1610612760,OKC,Oklahoma City Thunder,0021700263,2017-11-22T00:00:00,OKC vs. GSW,W,37.03333333333333,4,8,0.5,0,0,0.0,6,8,0.75,6,6,12,0,3,2,0,1,2,5,14,8,31.4,1,0,30.0,1,1,1,1,15,53,48,55,1,3,1,3,8,16,24,5,11,55,8,13,48,40,17,14,31,31,40,1,1,33,2,37:02,1,2017-18
2017-18,203500,Steven Adams,Steven,1610612760,OKC,Oklahoma City Thunder,0021700273,2017-11-24T00:00:00,OKC vs. DET,L,37.766666666666666,6,10,0.6,0,0,0.0,0,0,0.0,6,6,12,0,1,2,2,1,4,2,12,5,37.4,1,0,32.0,1,44,44,44,10,29,28,44,1,3,1,58,65,58,24,5,11,55,38,13,9,40,52,57,42,36,19,1,1,23,2,37:46,1,2017-18
2017-18,203500,Steven Adams,Steven,1610612760,OKC,Oklahoma City Thunder,0021700283,2017-11-25T00:00:00,OKC @ DAL,L,27.083333333333332,3,8,0.375,0,0,0.0,0,0,0.0,3,0,3,0,3,1,0,3,3,3,6,-8,9.6,0,0,11.0,1,44,44,44,67,64,48,70,1,3,1,58,65,58,50,75,73,55,8,23,48,76,30,35,70,62,76,29,1,75,1,27:05,1,2017-18
2017-18,203500,Steven Adams,Steven,1610612760,OKC,Oklahoma City Thunder,0021700304,2017-11-29T00:00:00,OKC @ ORL,L,28.083333333333332,3,10,0.3,0,0,0.0,0,2,0.0,7,1,8,0,0,1,1,0,4,1,6,-5,21.6,0,0,18.0,1,44,44,44,66,64,28,73,1,3,1,58,46,58,12,69,44,55,63,23,20,1,52,64,70,54,65,29,1,68,1,28:05,1,2017-18
2017-18,203500,Steven Adams,Steven,1610612760,OKC,Oklahoma City Thunder,0021700324,2017-12-01T00:00:00,OKC vs. MIN,W,32.223333333333336,11,11,1.0,0,0,0.0,5,5,1.0,4,2,6,0,0,1,0,0,5,5,27,18,37.2,0,0,35.0,1,1,1,1,40,2,17,1,1,3,1,9,21,1,44,63,62,55,63,23,48,1,69,14,1,12,20,29,1,15,2,32:13,1,2017-18
2017-18,203500,Steven Adams,Steven,1610612760,OKC,Oklahoma City Thunder,0021700337,2017-12-03T00:00:00,OKC vs. SAS,W,33.3,8,13,0.615,0,0,0.0,3,6,0.5,4,6,10,1,2,3,1,1,1,4,19,13,42.5,1,0,38.0,1,1,1,1,32,12,4,41,1,3,1,20,14,38,44,5,24,25,20,6,20,40,3,25,14,20,9,1,1,11,1,33:18,1,2017-18
2017-18,203500,Steven Adams,Steven,1610612760,OKC,Oklahoma City Thunder,0021700351,2017-12-05T00:00:00,OKC vs. UTA,W,32.916666666666664,9,10,0.9,0,0,0.0,2,3,0.667,6,3,9,1,2,1,0,1,3,3,20,9,33.3,0,0,32.0,1,1,1,1,35,7,28,6,1,3,1,25,34,18,24,43,36,25,20,23,48,40,30,35,11,26,34,29,1,23,1,32:55,1,2017-18
2017-18,203500,Steven Adams,Steven,1610612760,OKC,Oklahoma City Thunder,0021700365,2017-12-07T00:00:00,OKC @ BKN,L,30.15,6,13,0.462,0,0,0.0,0,3,0.0,9,5,14,0,4,1,0,0,3,3,12,-13,27.8,1,0,28.0,1,44,44,44,56,29,4,61,1,3,1,58,34,58,4,17,2,55,3,23,48,1,30,35,42,70,52,1,1,39,1,30:09,1,2017-18
2017-18,203500,Steven Adams,Steven,1610612760,OKC,Oklahoma City Thunder,0021700382,2017-12-09T00:00:00,OKC @ MEM,W,43.0,7,11,0.636,0,0,0.0,7,12,0.583,6,3,9,0,0,0,1,1,4,9,21,9,34.8,0,0,32.0,1,1,1,1,2,21,17,36,1,3,1,1,1,32,24,43,36,55,63,51,20,40,52,1,9,26,26,29,1,23,1,43:00,1,2017-18
2017-18,203500,Steven Adams,Steven,1610612760,OKC,Oklahoma City Thunder,0021700394,2017-12-11T00:00:00,OKC vs. CHA,L,28.56,5,6,0.833,0,0,0.0,1,2,0.5,5,5,10,2,0,0,1,0,3,1,11,-15,29.0,1,0,25.0,1,44,44,44,64,41,66,9,1,3,1,40,46,38,36,17,24,8,63,51,20,1,30,64,53,73,49,1,1,49,1,28:34,1,2017-18
2017-18,203500,Steven Adams,Steven,1610612760,OKC,Oklahoma City Thunder,0021700404,2017-12-13T00:00:00,OKC @ IND,W,35.10666666666667,11,16,0.688,0,1,0.0,1,1,1.0,9,4,13,1,2,0,1,1,0,2,23,1,41.1,1,0,39.0,1,1,1,1,21,2,1,28,1,1,1,40,59,1,4,34,5,25,20,51,20,40,1,57,6,42,13,1,1,6,1,35:06,1,2017-18
2017-18,203500,Steven Adams,Steven,1610612760,OKC,Oklahoma City Thunder,0021700421,2017-12-15T00:00:00,OKC @ PHI,W,50.983333333333334,2,8,0.25,0,0,0.0,1,1,1.0,7,5,12,2,1,1,0,0,6,3,5,-3,24.4,0,0,21.0,1,1,1,1,1,73,48,75,1,3,1,40,59,1,12,17,11,8,38,23,48,1,76,35,75,49,59,29,1,63,1,50:59,1,2017-18
2017-18,203500,Steven Adams,Steven,1610612760,OKC,Oklahoma City Thunder,0021700460,2017-12-20T00:00:00,OKC vs. UTA,W,25.733333333333334,4,7,0.571,0,0,0.0,3,3,1.0,3,6,9,3,1,0,0,0,2,3,11,38,25.3,0,0,23.0,1,1,1,1,72,53,61,49,1,3,1,20,34,1,50,5,36,3,38,51,48,1,17,35,53,1,55,29,1,56,2,25:44,1,2017-18
2017-18,203500,Steven Adams,Steven,1610612760,OKC,Oklahoma City Thunder,0021700477,2017-12-22T00:00:00,OKC vs. ATL,W,33.766666666666666,6,9,0.667,0,0,0.0,4,6,0.667,7,3,10,1,2,2,0,1,3,5,16,-8,33.5,1,0,31.0,1,1,1,1,28,29,36,29,1,3,1,12,14,18,12,43,24,25,20,13,48,40,30,14,22,62,32,1,1,29,1,33:46,1,2017-18
2017-18,203500,Steven Adams,Steven,1610612760,OKC,Oklahoma City Thunder,0021700488,2017-12-23T00:00:00,OKC @ UTA,W,31.733333333333334,5,9,0.556,0,0,0.0,2,4,0.5,6,3,9,0,0,1,1,1,1,3,12,6,28.8,0,0,25.0,1,1,1,1,47,41,36,52,1,3,1,25,27,38,24,43,36,55,63,23,20,40,3,35,42,34,51,29,1,49,1,31:44,1,2017-18
2017-18,203500,Steven Adams,Steven,1610612760,OKC,Oklahoma City Thunder,0021700496,2017-12-25T00:00:00,OKC vs. HOU,W,38.81666666666667,7,9,0.778,0,0,0.0,1,1,1.0,7,3,10,0,0,1,3,0,1,1,15,9,39.0,1,0,33.0,1,1,1,1,6,21,36,14,1,3,1,40,59,1,12,43,24,55,63,23,4,1,3,64,29,26,16,1,1,20,1,38:49,1,2017-18
2017-18,203500,Steven Adams,Steven,1610612760,OKC,Oklahoma City Thunder,0021700512,2017-12-27T00:00:00,OKC vs. TOR,W,23.31,8,9,0.889,0,0,0.0,2,3,0.667,6,3,9,2,1,4,0,1,5,4,18,23,42.8,0,0,37.0,1,1,1,1,74,12,36,7,1,3,1,25,34,18,24,43,36,8,38,4,48,40,69,25,15,7,8,29,1,13,1,23:19,1,2017-18
2017-18,203500,Steven Adams,Steven,1610612760,OKC,Oklahoma City Thunder,0021700526,2017-12-29T00:00:00,OKC vs. MIL,L,32.221666666666664,2,7,0.286,0,0,0.0,2,3,0.667,2,5,7,1,1,1,1,2,3,2,6,-8,20.9,0,0,18.0,1,44,44,44,41,73,61,74,1,3,1,25,34,18,64,17,55,25,38,23,20,69,30,57,70,62,66,29,1,68,1,32:13,1,2017-18
2017-18,203500,Steven Adams,Steven,1610612760,OKC,Oklahoma City Thunder,0021700541,2017-12-31T00:00:00,OKC vs. DAL,L,31.463333333333335,5,8,0.625,0,0,0.0,0,0,0.0,5,3,8,0,3,1,0,0,4,1,10,-1,19.6,0,0,20.0,1,44,44,44,50,41,48,38,1,3,1,58,65,58,36,43,44,55,8,23,48,1,52,64,57,43,70,29,1,66,1,31:28,1,2017-18
2017-18,203500,Steven Adams,Steven,1610612760,OKC,Oklahoma City Thunder,0021700565,2018-01-03T00:00:00,OKC @ LAL,W,26.183333333333334,6,10,0.6,0,0,0.0,0,0,0.0,3,3,6,2,0,1,3,1,4,1,12,20,34.2,0,0,28.0,1,1,1,1,70,29,28,44,1,3,1,58,65,58,50,43,62,8,63,23,4,40,52,64,42,9,30,29,1,39,1,26:11,1,2017-18
2017-18,203500,Steven Adams,Steven,1610612760,OKC,Oklahoma City Thunder,0021700567,2018-01-04T00:00:00,OKC @ LAC,W,34.6,5,11,0.455,0,0,0.0,2,2,1.0,7,2,9,2,2,1,1,1,3,3,12,9,29.8,0,0,27.0,1,1,1,1,23,41,17,62,1,3,1,25,46,1,12,63,36,8,20,23,20,40,30,35,42,26,46,29,1,43,1,34:36,1,2017-18
2017-18,203500,Steven Adams,Steven,1610612760,OKC,Oklahoma City Thunder,0021700588,2018-01-07T00:00:00,OKC @ PHX,L,32.13333333333333,9,11,0.818,0,0,0.0,0,2,0.0,2,3,5,1,0,0,3,0,1,3,18,-7,34.5,0,0,30.0,1,44,44,44,42,7,17,11,1,3,1,58,46,58,64,43,67,25,63,51,4,1,3,35,15,60,28,29,1,33,1,32:08,1,2017-18
2017-18,203500,Steven Adams,Steven,1610612760,OKC,Oklahoma City Thunder,0021700600,2018-01-09T00:00:00,OKC vs. POR,L,31.9,6,8,0.75,0,0,0.0,4,4,1.0,5,1,6,1,2,0,0,0,2,4,16,-13,22.7,0,0,23.0,1,44,44,44,45,29,48,19,1,3,1,12,27,1,36,69,62,25,20,51,48,1,17,25,22,70,63,29,1,56,1,31:54,1,2017-18
2017-18,203500,Steven Adams,Steven,1610612760,OKC,Oklahoma City Thunder,0021700611,2018-01-10T00:00:00,OKC @ MIN,L,33.75,2,5,0.4,0,0,0.0,4,7,0.571,3,5,8,0,3,2,0,0,3,4,8,-16,20.6,0,0,20.0,1,44,44,44,30,73,70,68,1,3,1,12,10,33,50,17,44,55,8,13,48,1,30,25,64,74,67,29,1,66,1,33:45,1,2017-18
2017-18,203500,Steven Adams,Steven,1610612760,OKC,Oklahoma City Thunder,0021700629,2018-01-13T00:00:00,OKC @ CHA,W,31.1,7,11,0.636,0,0,0.0,0,0,0.0,7,4,11,1,3,3,4,1,5,1,14,6,46.7,1,0,40.0,1,1,1,1,53,21,17,36,1,3,1,58,65,58,12,34,19,25,8,6,2,40,69,64,31,34,4,1,1,4,1,31:06,1,2017-18
2017-18,203500,Steven Adams,Steven,1610612760,OKC,Oklahoma City Thunder,0021700643,2018-01-15T00:00:00,OKC vs. SAC,W,31.99,5,11,0.455,0,0,0.0,3,12,0.25,8,5,13,3,2,0,1,0,4,8,13,10,34.1,1,0,31.0,1,1,1,1,43,41,17,62,1,3,1,20,1,52,9,17,5,3,20,51,20,1,52,3,39,23,31,1,1,29,1,31:59,1,2017-18
2017-18,203500,Steven Adams,Steven,1610612760,OKC,Oklahoma City Thunder,0021700660,2018-01-17T00:00:00,OKC vs. LAL,W,26.416666666666668,10,12,0.833,0,0,0.0,1,2,0.5,7,3,10,1,3,0,1,0,1,6,21,24,34.5,1,0,34.0,1,1,1,1,69,4,11,9,1,3,1,40,46,38,12,43,24,25,8,51,20,1,3,8,9,6,28,1,1,17,1,26:25,1,2017-18
2017-18,203500,Steven Adams,Steven,1610612760,OKC,Oklahoma City Thunder,0021700674,2018-01-20T00:00:00,OKC @ CLE,W,29.2,12,13,0.923,0,1,0.0,1,5,0.2,5,5,10,1,1,0,1,0,3,4,25,30,40.5,1,0,38.0,1,1,1,1,61,1,4,4,1,1,1,40,21,55,36,17,24,25,38,51,20,1,30,25,2,2,15,1,1,11,1,29:12,1,2017-18
2017-18,203500,Steven Adams,Steven,1610612760,OKC,Oklahoma City Thunder,0021700697,2018-01-23T00:00:00,OKC vs. BKN,W,34.3,3,12,0.25,0,0,0.0,0,2,0.0,9,5,14,0,1,3,0,2,3,3,6,15,30.8,0,0,26.0,1,1,1,1,25,64,11,75,1,3,1,58,46,58,4,17,2,55,38,6,48,69,30,35,70,16,41,29,1,45,1,34:18,1,2017-18
2017-18,203500,Steven Adams,Steven,1610612760,OKC,Oklahoma City Thunder,0021700711,2018-01-25T00:00:00,OKC vs. WAS,W,35.55,5,7,0.714,0,0,0.0,2,3,0.667,7,3,10,0,1,3,0,0,3,5,12,2,32.0,1,0,28.0,1,1,1,1,20,41,61,24,1,3,1,25,34,18,12,43,24,55,38,6,48,1,30,14,42,41,39,1,1,39,1,35:33,1,2017-18
2017-18,203500,Steven Adams,Steven,1610612760,OKC,Oklahoma City Thunder,0021700724,2018-01-27T00:00:00,OKC @ DET,W,31.80666666666667,6,9,0.667,0,0,0.0,1,3,0.333,3,4,7,2,0,1,1,0,5,4,13,28,30.4,0,0,26.0,1,1,1,1,46,29,36,29,1,3,1,40,34,50,50,34,55,8,63,23,20,1,69,25,39,3,43,29,1,45,1,31:48,1,2017-18
2017-18,203500,Steven Adams,Steven,1610612760,OKC,Oklahoma City Thunder,0021700736,2018-01-28T00:00:00,OKC vs. PHI,W,32.531666666666666,10,11,0.909,0,0,0.0,0,0,0.0,10,3,13,2,2,0,0,0,3,5,20,10,36.6,1,0,35.0,1,1,1,1,39,4,17,5,1,3,1,58,65,58,2,43,5,8,20,51,48,1,30,14,11,23,21,1,1,15,1,32:32,1,2017-18
2017-18,203500,Steven Adams,Steven,1610612760,OKC,Oklahoma City Thunder,0021700744,2018-01-30T00:00:00,OKC @ WAS,L,38.85,6,11,0.545,0,0,0.0,4,7,0.571,6,6,12,2,4,1,1,1,4,6,16,-6,35.4,1,0,34.0,1,44,44,44,5,29,17,53,1,3,1,12,10,33,24,5,11,8,3,23,20,40,52,8,22,56,24,1,1,17,1,38:51,1,2017-18
2017-18,203500,Steven Adams,Steven,1610612760,OKC,Oklahoma City Thunder,0021700765,2018-02-01T00:00:00,OKC @ DEN,L,31.94,5,11,0.455,0,0,0.0,0,0,0.0,4,4,8,1,1,0,1,1,3,1,10,-12,23.1,0,0,21.0,1,44,44,44,44,41,17,62,1,3,1,58,65,58,44,34,44,25,38,51,20,40,30,64,57,68,62,29,1,63,1,31:56,1,2017-18
2017-18,203500,Steven Adams,Steven,1610612760,OKC,Oklahoma City Thunder,0021700772,2018-02-02T00:00:00,OKC vs. NOP,L,37.15,8,13,0.615,0,0,0.0,7,10,0.7,7,5,12,0,2,0,2,1,2,9,23,-5,41.4,1,0,39.0,1,44,44,44,14,12,4,41,1,3,1,1,4,17,12,17,11,55,20,51,9,40,17,1,6,54,12,1,1,6,1,37:09,1,2017-18
2017-18,203500,Steven Adams,Steven,1610612760,OKC,Oklahoma City Thunder,0021700788,2018-02-04T00:00:00,OKC vs. LAL,L,37.708333333333336,5,8,0.625,0,0,0.0,2,2,1.0,2,3,5,0,1,5,1,1,3,1,12,-4,35.0,0,0,29.0,1,44,44,44,11,41,48,38,1,3,1,25,46,1,64,43,67,55,38,1,20,40,30,64,42,52,25,29,1,37,1,37:43,1,2017-18
2017-18,203500,Steven Adams,Steven,1610612760,OKC,Oklahoma City Thunder,0021700803,2018-02-06T00:00:00,OKC @ GSW,W,26.015,7,9,0.778,0,0,0.0,0,3,0.0,3,7,10,0,2,3,0,0,4,3,14,16,33.0,1,0,30.0,1,1,1,1,71,21,36,14,1,3,1,58,34,58,50,3,24,55,20,6,48,1,52,35,31,14,36,1,1,33,1,26:01,1,2017-18
2017-18,203500,Steven Adams,Steven,1610612760,OKC,Oklahoma City Thunder,0021700816,2018-02-08T00:00:00,OKC @ LAL,L,33.13333333333333,4,11,0.364,0,0,0.0,5,8,0.625,7,2,9,1,0,0,0,1,1,5,13,-13,25.3,0,0,23.0,1,44,44,44,33,53,17,72,1,3,1,9,8,28,12,63,36,25,63,51,48,40,3,14,39,70,55,29,1,56,1,33:08,1,2017-18
2017-18,203500,Steven Adams,Steven,1610612760,OKC,Oklahoma City Thunder,0021700839,2018-02-11T00:00:00,OKC vs. MEM,W,29.95,4,8,0.5,0,0,0.0,1,5,0.2,3,6,9,1,1,1,1,2,5,3,9,15,26.3,0,0,23.0,1,1,1,1,58,53,48,55,1,3,1,40,21,55,50,5,36,25,38,23,20,69,69,35,60,16,53,29,1,56,1,29:57,1,2017-18
2017-18,203500,Steven Adams,Steven,1610612760,OKC,Oklahoma City Thunder,0021700850,2018-02-13T00:00:00,OKC vs. CLE,L,42.11666666666667,8,12,0.667,0,0,0.0,6,10,0.6,12,5,17,1,1,2,1,0,3,7,22,-1,51.9,1,0,46.0,1,44,44,44,3,12,11,29,1,3,1,3,4,29,1,17,1,25,38,13,20,1,30,5,8,43,2,1,1,2,1,42:07,1,2017-18
2017-18,203500,Steven Adams,Steven,1610612760,OKC,Oklahoma City Thunder,0021700861,2018-02-14T00:00:00,OKC @ MEM,W,31.005,4,9,0.444,0,0,0.0,3,5,0.6,3,1,4,1,2,0,1,0,5,5,11,14,18.3,0,0,18.0,1,1,1,1,54,53,36,66,1,3,1,20,21,29,50,69,71,25,20,51,20,1,69,14,53,18,71,29,1,68,1,31:00,1,2017-18
2017-18,203500,Steven Adams,Steven,1610612760,OKC,Oklahoma City Thunder,0021700871,2018-02-22T00:00:00,OKC @ SAC,W,39.25,9,12,0.75,0,0,0.0,0,2,0.0,6,5,11,1,1,2,4,1,3,6,18,19,49.7,1,0,42.0,1,1,1,1,4,7,11,19,1,3,1,58,46,58,24,17,19,25,38,13,2,40,30,8,15,11,3,1,1,3,1,39:15,1,2017-18
2017-18,203500,Steven Adams,Steven,1610612760,OKC,Oklahoma City Thunder,0021700887,2018-02-24T00:00:00,OKC @ GSW,L,33.766666666666666,6,9,0.667,0,0,0.0,2,5,0.4,2,5,7,3,1,2,2,0,2,7,14,-6,37.9,0,0,32.0,1,44,44,44,28,29,36,29,1,3,1,25,21,48,64,17,55,3,38,13,9,1,17,5,31,56,18,29,1,23,1,33:46,1,2017-18
2017-18,203500,Steven Adams,Steven,1610612760,OKC,Oklahoma City Thunder,0021700903,2018-02-26T00:00:00,OKC vs. ORL,W,34.166666666666664,6,8,0.75,0,0,0.0,4,6,0.667,2,6,8,2,3,1,2,1,1,3,16,-2,34.6,0,0,32.0,1,1,1,1,26,29,48,19,1,3,1,12,14,18,64,5,44,8,8,23,9,40,3,35,22,46,27,29,1,23,1,34:10,1,2017-18
2017-18,203500,Steven Adams,Steven,1610612760,OKC,Oklahoma City Thunder,0021700919,2018-02-28T00:00:00,OKC @ DAL,W,38.483333333333334,4,4,1.0,0,0,0.0,1,1,1.0,9,3,12,2,4,0,1,0,4,2,9,4,25.4,0,0,25.0,1,1,1,1,7,53,75,1,1,3,1,40,59,1,4,43,11,8,3,51,20,1,52,57,60,37,54,29,1,49,2,38:29,1,2017-18
2017-18,203500,Steven Adams,Steven,1610612760,OKC,Oklahoma City Thunder,0021700933,2018-03-02T00:00:00,OKC @ PHX,W,32.88666666666666,5,8,0.625,0,0,0.0,1,3,0.333,1,6,7,1,1,1,2,1,2,3,11,7,28.9,0,0,25.0,1,1,1,1,36,41,48,38,1,3,1,40,34,50,73,5,55,25,38,23,9,40,17,35,53,32,50,29,1,49,1,32:53,1,2017-18
2017-18,203500,Steven Adams,Steven,1610612760,OKC,Oklahoma City Thunder,0021700941,2018-03-03T00:00:00,OKC @ POR,L,36.29333333333334,4,9,0.444,0,0,0.0,4,6,0.667,4,3,7,1,1,2,1,1,4,7,12,-8,29.9,0,0,26.0,1,44,44,44,17,53,36,66,1,3,1,12,14,18,44,43,55,25,38,13,20,40,52,5,42,62,45,29,1,45,1,36:18,1,2017-18
2017-18,203500,Steven Adams,Steven,1610612760,OKC,Oklahoma City Thunder,0021700960,2018-03-06T00:00:00,OKC vs. HOU,L,38.29833333333333,7,9,0.778,0,0,0.0,2,3,0.667,3,5,8,1,3,3,0,1,3,3,16,-3,33.1,0,0,31.0,1,44,44,44,8,21,36,14,1,3,1,25,34,18,50,17,44,25,8,6,48,40,30,35,22,49,35,29,1,29,1,38:18,1,2017-18
2017-18,203500,Steven Adams,Steven,1610612760,OKC,Oklahoma City Thunder,0021700975,2018-03-08T00:00:00,OKC vs. PHX,W,29.946666666666665,7,8,0.875,0,0,0.0,2,5,0.4,6,6,12,2,3,2,3,1,3,6,16,27,45.4,1,0,40.0,1,1,1,1,59,21,48,8,1,3,1,25,21,48,24,5,11,8,8,13,4,40,30,8,22,4,5,1,1,4,1,29:57,1,2017-18
2017-18,203500,Steven Adams,Steven,1610612760,OKC,Oklahoma City Thunder,0021700990,2018-03-10T00:00:00,OKC vs. SAS,W,17.45,4,8,0.5,0,0,0.0,0,0,0.0,1,0,1,0,2,1,0,1,4,1,8,3,10.2,0,0,11.0,1,1,1,1,76,53,48,55,1,3,1,58,65,58,73,75,76,55,20,23,48,40,52,64,64,40,75,29,1,75,1,17:27,1,2017-18
2017-18,203500,Steven Adams,Steven,1610612760,OKC,Oklahoma City Thunder,0021701003,2018-03-12T00:00:00,OKC vs. SAC,W,22.683333333333334,3,5,0.6,0,0,0.0,0,0,0.0,3,3,6,2,0,0,2,0,2,4,6,9,22.2,0,0,18.0,1,1,1,1,75,64,70,44,1,3,1,58,65,58,50,43,62,8,63,51,9,1,17,25,70,26,64,29,1,68,1,22:41,1,2017-18
2017-18,203500,Steven Adams,Steven,1610612760,OKC,Oklahoma City Thunder,0021701032,2018-03-16T00:00:00,OKC vs. LAC,W,37.96666666666667,8,15,0.533,0,0,0.0,2,4,0.5,10,4,14,1,4,3,5,0,2,2,18,-2,56.3,1,0,49.0,1,1,1,1,9,12,2,54,1,3,1,25,27,38,2,34,2,25,3,6,1,1,17,57,15,46,1,1,1,1,1,37:58,1,2017-18
2017-18,203500,Steven Adams,Steven,1610612760,OKC,Oklahoma City Thunder,0021701046,2018-03-18T00:00:00,OKC @ TOR,W,33.45,10,13,0.769,0,0,0.0,5,9,0.556,5,3,8,4,2,1,0,0,3,6,25,20,41.6,0,0,39.0,1,1,1,1,31,4,4,18,1,3,1,9,7,36,36,43,44,2,20,23,48,1,30,8,2,9,11,29,1,6,1,33:27,1,2017-18
2017-18,203500,Steven Adams,Steven,1610612760,OKC,Oklahoma City Thunder,0021701059,2018-03-20T00:00:00,OKC @ BOS,L,37.25,4,7,0.571,0,0,0.0,6,10,0.6,3,4,7,2,1,0,0,0,1,6,14,7,24.4,0,0,23.0,1,44,44,44,13,53,61,49,1,3,1,3,4,29,50,34,55,8,38,51,48,1,3,8,31,32,59,29,1,56,1,37:15,1,2017-18
2017-18,203500,Steven Adams,Steven,1610612760,OKC,Oklahoma City Thunder,0021701084,2018-03-23T00:00:00,OKC vs. MIA,W,31.283333333333335,9,13,0.692,0,0,0.0,6,11,0.545,6,6,12,1,0,1,0,0,4,8,24,4,42.9,1,0,39.0,1,1,1,1,52,7,4,27,1,3,1,3,3,37,24,5,11,25,63,23,48,1,52,3,4,37,7,1,1,6,1,31:17,1,2017-18
2017-18,203500,Steven Adams,Steven,1610612760,OKC,Oklahoma City Thunder,0021701100,2018-03-25T00:00:00,OKC vs. POR,L,35.86666666666667,8,14,0.571,0,0,0.0,2,2,1.0,9,1,10,1,2,0,2,1,2,2,18,-6,35.5,1,0,33.0,1,44,44,44,19,12,3,49,1,3,1,25,46,1,4,69,24,25,20,51,9,40,17,57,15,56,23,1,1,20,1,35:52,1,2017-18
2017-18,203500,Steven Adams,Steven,1610612760,OKC,Oklahoma City Thunder,0021701126,2018-03-29T00:00:00,OKC @ SAS,L,37.373333333333335,5,11,0.455,0,0,0.0,0,2,0.0,5,8,13,1,2,0,0,2,3,3,10,10,25.1,1,0,24.0,1,44,44,44,12,41,17,62,1,3,1,58,46,58,36,1,5,25,20,51,48,69,30,35,57,23,57,1,1,55,1,37:22,1,2017-18
2017-18,203500,Steven Adams,Steven,1610612760,OKC,Oklahoma City Thunder,0021701133,2018-03-30T00:00:00,OKC vs. DEN,L,33.983333333333334,3,8,0.375,0,0,0.0,1,4,0.25,5,5,10,5,0,4,0,2,1,3,7,-8,38.5,0,0,30.0,1,44,44,44,27,64,48,70,1,3,1,40,27,52,36,17,24,1,63,4,48,69,3,35,66,62,17,29,1,33,1,33:59,1,2017-18
2017-18,203500,Steven Adams,Steven,1610612760,OKC,Oklahoma City Thunder,0021701150,2018-04-01T00:00:00,OKC @ NOP,W,36.29,6,9,0.667,0,0,0.0,2,4,0.5,7,3,10,1,6,0,1,1,2,3,14,-3,24.5,1,0,27.0,1,1,1,1,18,29,36,29,1,3,1,25,27,38,12,43,24,25,1,51,20,40,17,35,31,49,58,1,1,43,1,36:17,1,2017-18
2017-18,203500,Steven Adams,Steven,1610612760,OKC,Oklahoma City Thunder,0021701163,2018-04-03T00:00:00,OKC vs. GSW,L,32.99166666666667,3,6,0.5,0,0,0.0,1,6,0.167,8,5,13,2,5,0,0,0,5,3,7,11,20.6,0,0,22.0,1,44,44,44,34,64,66,55,1,3,1,40,14,57,9,17,5,8,2,51,48,1,69,35,66,22,67,29,1,61,1,32:60,1,2017-18
2017-18,203500,Steven Adams,Steven,1610612760,OKC,Oklahoma City Thunder,0021701194,2018-04-07T00:00:00,OKC @ HOU,W,28.633333333333333,5,7,0.714,0,0,0.0,2,3,0.667,3,5,8,3,0,1,0,0,1,3,12,-4,29.1,0,0,25.0,1,1,1,1,63,41,61,24,1,3,1,25,34,18,50,17,44,3,63,23,48,1,3,35,42,52,48,29,1,49,1,28:38,1,2017-18
2017-18,203500,Steven Adams,Steven,1610612760,OKC,Oklahoma City Thunder,0021701206,2018-04-09T00:00:00,OKC @ MIA,W,31.616666666666667,3,6,0.5,0,0,0.0,1,4,0.25,2,1,3,1,1,1,1,1,2,3,7,-1,17.1,0,0,15.0,1,1,1,1,49,64,66,55,1,3,1,40,27,52,64,69,73,25,38,23,20,40,17,35,66,43,72,29,1,72,1,31:37,1,2017-18
2017-18,203500,Steven Adams,Steven,1610612760,OKC,Oklahoma City Thunder,0021701227,2018-04-11T00:00:00,OKC vs. MEM,W,36.48166666666667,9,12,0.75,0,0,0.0,6,7,0.857,1,6,7,0,2,1,0,0,2,5,24,17,33.4,0,0,33.0,1,1,1,1,16,7,11,19,1,3,1,3,10,15,73,5,55,55,20,23,48,1,17,14,4,13,33,29,1,20,1,36:29,1,2017-18
2018-19,203500,Steven Adams,Steven,1610612760,OKC,Oklahoma City Thunder,0021800002,2018-10-16T00:00:00,OKC @ GSW,L,35.6,6,12,0.5,0,0,0.0,5,8,0.625,4,7,11,4,2,2,0,4,3,5,17,-6,40.2,1,0,36.0,1,48,48,48,30,37,19,56,1,3,1,5,5,17,43,12,26,2,18,10,48,80,42,13,21,66,14,1,1,15,1,35:36,1,2018-19
2018-19,203500,Steven Adams,Steven,1610612760,OKC,Oklahoma City Thunder,0021800025,2018-10-19T00:00:00,OKC @ LAC,L,33.306666666666665,8,11,0.727,0,0,0.0,1,2,0.5,6,12,18,0,0,1,0,0,3,4,17,-16,41.6,1,0,37.0,1,48,48,48,45,11,30,17,1,3,1,39,46,21,25,3,3,62,70,40,48,1,42,25,21,74,12,1,1,11,1,33:18,1,2018-19
2018-19,203500,Steven Adams,Steven,1610612760,OKC,Oklahoma City Thunder,0021800037,2018-10-21T00:00:00,OKC vs. SAC,L,33.821666666666665,3,7,0.429,0,0,0.0,4,8,0.5,8,6,14,0,3,2,3,0,4,6,10,-6,38.8,1,0,34.0,1,48,48,48,42,67,57,69,1,3,1,8,5,21,6,20,8,62,6,10,2,1,62,6,61,66,20,1,1,23,1,33:49,1,2018-19
2018-19,203500,Steven Adams,Steven,1610612760,OKC,Oklahoma City Thunder,0021800065,2018-10-25T00:00:00,OKC vs. BOS,L,32.833333333333336,5,10,0.5,0,0,0.0,2,6,0.333,3,3,6,2,1,0,1,0,1,4,12,-2,24.2,0,0,22.0,1,48,48,48,52,49,40,56,1,3,1,26,14,44,56,50,64,19,44,65,22,1,3,25,48,51,67,30,1,68,1,32:50,1,2018-19
2018-19,203500,Steven Adams,Steven,1610612760,OKC,Oklahoma City Thunder,0021800103,2018-10-30T00:00:00,OKC vs. LAC,W,37.55,8,15,0.533,0,0,0.0,2,4,0.5,4,6,10,2,1,3,1,1,1,6,18,25,44.0,1,0,38.0,1,1,1,1,11,11,4,54,1,3,1,26,29,21,43,20,29,19,44,5,22,43,3,6,18,5,8,1,1,8,1,37:33,1,2018-19
2018-19,203500,Steven Adams,Steven,1610612760,OKC,Oklahoma City Thunder,0021800111,2018-11-01T00:00:00,OKC @ CHA,W,33.895,1,5,0.2,0,0,0.0,3,4,0.75,7,5,12,0,2,3,3,0,2,5,5,6,35.4,0,0,29.0,1,1,1,1,39,78,73,78,1,3,1,15,29,9,12,29,20,62,18,5,2,1,23,13,76,37,34,30,1,41,1,33:54,1,2018-19
2018-19,203500,Steven Adams,Steven,1610612760,OKC,Oklahoma City Thunder,0021800119,2018-11-02T00:00:00,OKC @ WAS,W,23.25,6,7,0.857,0,0,0.0,3,4,0.75,1,2,3,1,1,0,1,0,4,3,15,12,22.1,0,0,21.0,1,1,1,1,78,37,57,5,1,3,1,15,29,9,76,59,78,40,44,65,22,1,62,35,33,25,72,30,1,70,1,23:15,1,2018-19
2018-19,203500,Steven Adams,Steven,1610612760,OKC,Oklahoma City Thunder,0021800144,2018-11-05T00:00:00,OKC vs. NOP,W,36.87166666666667,9,12,0.75,0,0,0.0,0,2,0.0,3,5,8,1,2,1,1,1,2,3,18,22,33.1,0,0,31.0,1,1,1,1,18,5,19,14,1,3,1,56,46,56,56,29,43,40,18,40,22,43,23,35,18,8,44,30,1,34,1,36:52,1,2018-19
2018-19,203500,Steven Adams,Steven,1610612760,OKC,Oklahoma City Thunder,0021800153,2018-11-07T00:00:00,OKC @ CLE,W,34.46666666666667,3,6,0.5,0,0,0.0,3,6,0.5,5,8,13,2,2,2,2,0,2,6,9,20,37.6,0,0,32.0,1,1,1,1,37,67,67,56,1,3,1,15,14,21,33,7,13,19,18,10,7,1,23,6,64,12,26,30,1,28,1,34:28,1,2018-19
2018-19,203500,Steven Adams,Steven,1610612760,OKC,Oklahoma City Thunder,0021800163,2018-11-08T00:00:00,OKC vs. HOU,W,32.278333333333336,7,12,0.583,0,0,0.0,5,9,0.556,6,4,10,4,1,1,0,1,2,10,19,22,39.0,1,0,35.0,1,1,1,1,54,22,19,42,1,3,1,5,3,20,25,40,29,2,44,40,48,43,23,1,14,8,17,1,1,20,1,32:17,1,2018-19
2018-19,203500,Steven Adams,Steven,1610612760,OKC,Oklahoma City Thunder,0021800181,2018-11-10T00:00:00,OKC @ DAL,L,36.7,8,11,0.727,0,0,0.0,4,8,0.5,7,6,13,2,0,0,0,2,3,5,20,-2,38.6,1,0,35.0,1,48,48,48,19,11,30,17,1,3,1,8,5,21,12,20,13,19,70,65,48,71,42,13,7,51,21,1,1,20,1,36:42,1,2018-19
2018-19,203500,Steven Adams,Steven,1610612760,OKC,Oklahoma City Thunder,0021800196,2018-11-12T00:00:00,OKC vs. PHX,W,33.0,9,13,0.692,0,0,0.0,0,0,0.0,5,2,7,1,3,4,2,1,1,2,18,23,42.9,0,0,38.0,1,1,1,1,50,5,14,22,1,3,1,56,65,56,33,59,53,40,6,2,7,43,3,54,18,7,10,30,1,8,1,33:00,1,2018-19
2018-19,203500,Steven Adams,Steven,1610612760,OKC,Oklahoma City Thunder,0021800209,2018-11-14T00:00:00,OKC vs. NYK,W,30.45,9,13,0.692,0,0,0.0,1,2,0.5,2,4,6,5,2,2,0,2,1,2,19,25,37.7,0,0,34.0,1,1,1,1,67,5,14,22,1,3,1,39,46,21,68,40,64,1,18,10,48,71,3,54,14,5,25,30,1,23,1,30:27,1,2018-19
2018-19,203500,Steven Adams,Steven,1610612760,OKC,Oklahoma City Thunder,0021800233,2018-11-17T00:00:00,OKC @ PHX,W,36.516666666666666,11,15,0.733,0,0,0.0,4,5,0.8,5,5,10,0,2,1,0,0,5,5,26,-2,39.0,1,0,38.0,1,1,1,1,22,2,4,16,1,3,1,8,26,7,33,29,29,62,18,40,48,1,74,13,1,51,17,1,1,8,1,36:31,1,2018-19
2018-19,203500,Steven Adams,Steven,1610612760,OKC,Oklahoma City Thunder,0021800247,2018-11-19T00:00:00,OKC @ SAC,L,36.873333333333335,5,10,0.5,0,0,0.0,1,4,0.25,7,8,15,1,1,1,1,1,2,5,11,-1,35.5,1,0,31.0,1,48,48,48,17,49,40,56,1,3,1,39,29,48,12,7,4,40,44,40,22,43,23,13,57,49,33,1,1,34,1,36:52,1,2018-19
2018-19,203500,Steven Adams,Steven,1610612760,OKC,Oklahoma City Thunder,0021800264,2018-11-21T00:00:00,OKC @ GSW,W,33.45166666666667,9,14,0.643,0,0,0.0,2,2,1.0,7,4,11,2,0,2,0,2,2,4,20,28,42.2,1,0,37.0,1,1,1,1,44,5,8,27,1,3,1,26,46,1,12,40,26,19,70,10,48,71,23,25,7,2,11,1,1,11,1,33:27,1,2018-19
2018-19,203500,Steven Adams,Steven,1610612760,OKC,Oklahoma City Thunder,0021800274,2018-11-23T00:00:00,OKC vs. CHA,W,37.35,5,11,0.455,0,0,0.0,3,7,0.429,5,3,8,4,1,1,1,2,3,6,13,13,33.6,0,0,29.0,1,1,1,1,12,49,30,66,1,3,1,15,10,41,33,50,43,2,44,40,22,71,42,6,42,23,42,30,1,41,1,37:21,1,2018-19
2018-19,203500,Steven Adams,Steven,1610612760,OKC,Oklahoma City Thunder,0021800282,2018-11-24T00:00:00,OKC vs. DEN,L,37.30166666666667,6,15,0.4,0,0,0.0,0,1,0.0,7,7,14,0,2,1,0,2,3,4,12,-5,29.8,1,0,28.0,1,48,48,48,13,37,4,73,1,3,1,56,61,56,12,12,8,62,18,40,48,71,42,25,48,64,54,1,1,47,1,37:18,1,2018-19
2018-19,203500,Steven Adams,Steven,1610612760,OKC,Oklahoma City Thunder,0021800313,2018-11-28T00:00:00,OKC vs. CLE,W,32.89833333333333,3,6,0.5,0,0,0.0,0,0,0.0,1,5,6,1,1,1,2,0,1,0,6,10,22.7,0,0,19.0,1,1,1,1,51,67,67,56,1,3,1,56,65,56,76,29,64,40,44,40,7,1,3,75,71,28,70,30,1,73,1,32:54,1,2018-19
2018-19,203500,Steven Adams,Steven,1610612760,OKC,Oklahoma City Thunder,0021800325,2018-11-30T00:00:00,OKC vs. ATL,W,31.72,3,7,0.429,0,0,0.0,0,0,0.0,3,10,13,3,2,3,1,1,2,3,6,8,36.1,0,0,30.0,1,1,1,1,57,67,57,69,1,3,1,56,65,56,56,4,13,6,18,5,22,43,23,35,71,33,29,30,1,40,1,31:43,1,2018-19
2018-19,203500,Steven Adams,Steven,1610612760,OKC,Oklahoma City Thunder,0021800343,2018-12-03T00:00:00,OKC @ DET,W,27.633333333333333,7,8,0.875,0,0,0.0,7,7,1.0,2,4,6,1,1,0,2,0,1,4,21,21,34.7,0,0,32.0,1,1,1,1,72,22,54,4,1,3,1,2,10,1,68,40,64,40,44,65,7,1,3,25,5,10,38,30,1,28,1,27:38,1,2018-19
2018-19,203500,Steven Adams,Steven,1610612760,OKC,Oklahoma City Thunder,0021800358,2018-12-05T00:00:00,OKC @ BKN,W,31.485,7,11,0.636,0,0,0.0,1,6,0.167,5,3,8,2,3,2,1,0,3,6,15,16,33.6,0,0,31.0,1,1,1,1,60,22,30,28,1,3,1,39,14,53,33,50,43,19,6,10,22,1,42,6,33,17,42,30,1,34,1,31:29,1,2018-19
2018-19,203500,Steven Adams,Steven,1610612760,OKC,Oklahoma City Thunder,0021800373,2018-12-07T00:00:00,OKC @ CHI,L,31.1,9,17,0.529,0,0,0.0,3,7,0.429,9,1,10,0,4,2,1,0,4,9,21,7,38.0,1,0,37.0,1,48,48,48,62,5,2,55,1,3,1,15,10,41,2,68,29,62,2,10,22,1,62,2,5,36,24,1,1,11,1,31:06,1,2018-19
2018-19,203500,Steven Adams,Steven,1610612760,OKC,Oklahoma City Thunder,0021800396,2018-12-10T00:00:00,OKC vs. UTA,W,29.291666666666668,7,13,0.538,0,0,0.0,8,10,0.8,6,1,7,1,1,1,0,0,1,8,22,19,33.9,0,0,32.0,1,1,1,1,69,22,14,53,1,3,1,1,1,7,25,68,53,40,44,40,48,1,3,3,4,14,40,30,1,28,1,29:18,1,2018-19
2018-19,203500,Steven Adams,Steven,1610612760,OKC,Oklahoma City Thunder,0021800411,2018-12-12T00:00:00,OKC @ NOP,L,36.7,7,9,0.778,0,0,0.0,6,10,0.6,1,5,6,2,1,1,1,0,3,8,20,-2,35.2,0,0,32.0,1,48,48,48,19,22,48,12,1,3,1,3,1,18,76,29,64,19,44,40,22,1,42,3,7,51,35,30,1,28,1,36:42,1,2018-19
2018-19,203500,Steven Adams,Steven,1610612760,OKC,Oklahoma City Thunder,0021800426,2018-12-14T00:00:00,OKC @ DEN,L,37.12,12,20,0.6,0,0,0.0,2,6,0.333,11,3,14,2,1,1,2,2,4,5,26,-4,53.8,1,0,48.0,1,48,48,48,15,1,1,35,1,3,1,26,14,44,1,50,8,19,44,40,7,71,62,13,1,60,1,1,1,1,1,37:07,1,2018-19
2018-19,203500,Steven Adams,Steven,1610612760,OKC,Oklahoma City Thunder,0021800434,2018-12-15T00:00:00,OKC vs. LAC,W,31.733333333333334,6,14,0.429,0,0,0.0,4,6,0.667,3,2,5,2,1,0,0,1,1,4,16,-3,24.0,0,0,23.0,1,1,1,1,56,37,8,69,1,3,1,8,14,13,56,59,71,19,44,65,48,43,3,25,27,57,69,30,1,64,1,31:44,1,2018-19
2018-19,203500,Steven Adams,Steven,1610612760,OKC,Oklahoma City Thunder,0021800447,2018-12-17T00:00:00,OKC vs. CHI,W,30.5,8,14,0.571,0,0,0.0,3,6,0.5,5,3,8,1,2,2,0,2,2,5,19,26,34.1,0,0,32.0,1,1,1,1,64,11,8,47,1,3,1,15,14,21,33,50,43,40,18,10,48,71,23,13,14,3,39,30,1,28,1,30:30,1,2018-19
2018-19,203500,Steven Adams,Steven,1610612760,OKC,Oklahoma City Thunder,0021800466,2018-12-19T00:00:00,OKC @ SAC,W,34.46666666666667,8,12,0.667,0,0,0.0,4,4,1.0,9,14,23,1,3,2,0,1,1,2,20,10,52.1,1,0,48.0,1,1,1,1,37,11,19,24,1,3,1,8,29,1,2,1,1,40,6,10,48,43,3,54,7,28,3,1,1,1,1,34:28,1,2018-19
2018-19,203500,Steven Adams,Steven,1610612760,OKC,Oklahoma City Thunder,0021800485,2018-12-22T00:00:00,OKC @ UTA,W,39.3,7,12,0.583,0,0,0.0,1,4,0.25,4,6,10,0,2,1,1,1,1,2,15,8,31.0,1,0,29.0,1,1,1,1,4,22,19,42,1,3,1,39,29,48,43,20,29,62,18,40,22,43,3,54,33,33,50,1,1,41,1,39:18,1,2018-19
2018-19,203500,Steven Adams,Steven,1610612760,OKC,Oklahoma City Thunder,0021800493,2018-12-23T00:00:00,OKC vs. MIN,L,27.95,6,10,0.6,0,0,0.0,0,1,0.0,3,1,4,0,1,0,0,1,4,2,12,-12,15.8,0,0,16.0,1,48,48,48,70,37,40,35,1,3,1,56,61,56,56,68,76,62,44,65,48,43,62,54,48,72,79,30,1,77,1,27:57,1,2018-19
2018-19,203500,Steven Adams,Steven,1610612760,OKC,Oklahoma City Thunder,0021800498,2018-12-25T00:00:00,OKC @ HOU,L,37.05,8,11,0.727,0,0,0.0,1,2,0.5,3,4,7,3,1,1,0,0,2,4,17,-2,31.9,0,0,29.0,1,48,48,48,16,11,30,17,1,3,1,39,46,21,56,40,53,6,44,40,48,1,23,25,21,51,46,30,1,41,1,37:03,1,2018-19
2018-19,203500,Steven Adams,Steven,1610612760,OKC,Oklahoma City Thunder,0021800525,2018-12-28T00:00:00,OKC @ PHX,W,35.35333333333333,5,10,0.5,0,0,0.0,2,3,0.667,4,9,13,3,1,3,0,1,3,3,12,5,40.1,1,0,34.0,1,1,1,1,32,49,40,56,1,3,1,26,43,13,43,5,13,6,44,5,48,43,42,35,48,40,15,1,1,23,1,35:21,1,2018-19
2018-19,203500,Steven Adams,Steven,1610612760,OKC,Oklahoma City Thunder,0021800539,2018-12-30T00:00:00,OKC @ DAL,L,37.93333333333333,4,5,0.8,0,1,0.0,0,2,0.0,2,7,9,2,0,2,0,0,5,2,8,-11,27.8,0,0,23.0,1,48,48,48,9,61,73,9,1,1,1,56,46,56,68,12,36,19,70,10,48,1,74,54,68,70,60,30,1,64,1,37:56,1,2018-19
2018-19,203500,Steven Adams,Steven,1610612760,OKC,Oklahoma City Thunder,0021800547,2018-12-31T00:00:00,OKC vs. DAL,W,33.06666666666667,5,8,0.625,0,0,0.0,2,8,0.25,6,7,13,4,1,1,0,0,3,5,12,20,35.6,1,0,31.0,1,1,1,1,49,49,54,31,1,3,1,26,5,48,25,12,13,2,44,40,48,1,42,13,48,12,32,1,1,34,1,33:04,1,2018-19
2018-19,203500,Steven Adams,Steven,1610612760,OKC,Oklahoma City Thunder,0021800562,2019-01-02T00:00:00,OKC @ LAL,W,36.333333333333336,5,10,0.5,0,0,0.0,4,6,0.667,8,7,15,3,2,0,2,1,3,5,14,6,40.5,1,0,36.0,1,1,1,1,25,49,40,56,1,3,1,8,14,13,6,12,4,6,18,65,7,43,42,13,37,37,13,1,1,15,1,36:20,1,2018-19
2018-19,203500,Steven Adams,Steven,1610612760,OKC,Oklahoma City Thunder,0021800575,2019-01-04T00:00:00,OKC @ POR,W,33.833333333333336,3,7,0.429,0,0,0.0,0,0,0.0,5,7,12,3,0,2,1,0,4,0,6,-3,33.9,0,0,27.0,1,1,1,1,41,67,57,69,1,3,1,56,65,56,33,12,20,6,70,10,22,1,62,75,71,57,40,30,1,51,1,33:50,1,2018-19
2018-19,203500,Steven Adams,Steven,1610612760,OKC,Oklahoma City Thunder,0021800588,2019-01-06T00:00:00,OKC vs. WAS,L,31.333333333333332,5,6,0.833,0,0,0.0,2,4,0.5,0,8,8,1,1,2,0,0,3,3,12,8,28.1,0,0,25.0,1,48,48,48,61,49,67,6,1,3,1,26,29,21,79,7,43,40,44,10,48,1,42,35,48,33,59,30,1,58,1,31:20,1,2018-19
2018-19,203500,Steven Adams,Steven,1610612760,OKC,Oklahoma City Thunder,0021800603,2019-01-08T00:00:00,OKC vs. MIN,L,37.18333333333333,8,9,0.889,0,0,0.0,4,6,0.667,3,9,12,1,5,2,0,0,4,6,20,5,36.9,1,0,37.0,1,48,48,48,14,11,48,3,1,3,1,8,14,13,56,5,20,40,1,10,48,1,62,6,7,40,27,1,1,11,1,37:11,1,2018-19
2018-19,203500,Steven Adams,Steven,1610612760,OKC,Oklahoma City Thunder,0021800619,2019-01-10T00:00:00,OKC @ SAS,L,37.598333333333336,8,13,0.615,0,0,0.0,3,4,0.75,4,3,7,1,2,2,2,2,5,4,19,-4,38.9,0,0,35.0,1,48,48,48,10,11,14,33,1,3,1,15,29,9,43,50,53,40,18,10,7,71,74,25,14,60,19,30,1,20,1,37:36,1,2018-19
2018-19,203500,Steven Adams,Steven,1610612760,OKC,Oklahoma City Thunder,0021800634,2019-01-12T00:00:00,OKC vs. SAS,W,34.49666666666667,3,5,0.6,0,0,0.0,6,8,0.75,2,7,9,2,0,2,1,1,3,5,12,14,34.8,0,0,29.0,1,1,1,1,36,67,73,35,1,3,1,3,5,9,68,12,36,19,70,10,22,43,42,13,48,20,36,30,1,41,1,34:30,1,2018-19
2018-19,203500,Steven Adams,Steven,1610612760,OKC,Oklahoma City Thunder,0021800653,2019-01-15T00:00:00,OKC @ ATL,L,37.983333333333334,7,7,1.0,0,0,0.0,2,5,0.4,2,5,7,0,3,2,0,0,3,4,16,1,27.4,0,0,27.0,1,48,48,48,8,22,57,1,1,3,1,26,26,43,68,29,53,62,6,10,48,1,42,25,27,46,61,30,1,51,1,37:59,1,2018-19
2018-19,203500,Steven Adams,Steven,1610612760,OKC,Oklahoma City Thunder,0021800670,2019-01-17T00:00:00,OKC vs. LAL,L,41.31666666666667,6,9,0.667,0,0,0.0,5,6,0.833,7,8,15,1,2,4,0,1,3,3,17,10,46.5,1,0,41.0,1,48,48,48,2,37,48,24,1,3,1,5,14,6,12,7,4,40,18,2,48,43,42,35,21,28,6,1,1,4,1,41:19,1,2018-19
2018-19,203500,Steven Adams,Steven,1610612760,OKC,Oklahoma City Thunder,0021800678,2019-01-19T00:00:00,OKC @ PHI,W,35.7,8,13,0.615,0,0,0.0,0,0,0.0,7,2,9,3,2,1,2,1,2,3,16,-16,38.3,0,0,34.0,1,1,1,1,29,11,14,33,1,3,1,56,65,56,12,59,36,6,18,40,7,43,23,35,27,74,22,30,1,23,1,35:42,1,2018-19
2018-19,203500,Steven Adams,Steven,1610612760,OKC,Oklahoma City Thunder,0021800691,2019-01-21T00:00:00,OKC @ NYK,W,29.516666666666666,5,8,0.625,0,0,0.0,0,0,0.0,3,4,7,3,2,0,0,0,3,2,10,15,20.9,0,0,20.0,1,1,1,1,68,49,54,31,1,3,1,56,65,56,56,40,53,6,18,65,48,1,42,54,61,19,74,30,1,72,1,29:31,1,2018-19
2018-19,203500,Steven Adams,Steven,1610612760,OKC,Oklahoma City Thunder,0021800703,2019-01-22T00:00:00,OKC vs. POR,W,36.416666666666664,7,12,0.583,0,0,0.0,0,0,0.0,4,4,8,3,1,2,1,0,2,0,14,-4,36.1,0,0,31.0,1,1,1,1,24,22,19,42,1,3,1,56,65,56,43,40,43,6,44,10,22,1,23,75,37,60,29,30,1,34,1,36:25,1,2018-19
2018-19,203500,Steven Adams,Steven,1610612760,OKC,Oklahoma City Thunder,0021800717,2019-01-24T00:00:00,OKC vs. NOP,W,35.71666666666667,9,12,0.75,0,0,0.0,2,2,1.0,6,6,12,2,4,1,0,0,2,2,20,14,36.4,1,0,36.0,1,1,1,1,28,5,19,14,1,3,1,26,46,1,25,20,20,19,2,40,48,1,23,54,7,20,28,1,1,15,1,35:43,1,2018-19
2018-19,203500,Steven Adams,Steven,1610612760,OKC,Oklahoma City Thunder,0021800738,2019-01-27T00:00:00,OKC vs. MIL,W,30.878333333333334,7,10,0.7,0,0,0.0,0,2,0.0,4,4,8,2,1,1,1,1,1,1,14,1,31.6,0,0,28.0,1,1,1,1,63,22,40,21,1,3,1,56,46,56,43,40,43,19,44,40,22,43,3,70,37,46,47,30,1,47,1,30:53,1,2018-19
2018-19,203500,Steven Adams,Steven,1610612760,OKC,Oklahoma City Thunder,0021800772,2019-02-01T00:00:00,OKC @ MIA,W,27.183333333333334,6,15,0.4,0,0,0.0,1,1,1.0,5,2,7,2,3,3,0,0,3,1,13,19,30.4,0,0,28.0,1,1,1,1,74,37,4,73,1,3,1,39,61,1,33,59,53,19,6,5,48,1,42,70,42,14,52,30,1,47,1,27:11,1,2018-19
2018-19,203500,Steven Adams,Steven,1610612760,OKC,Oklahoma City Thunder,0021800788,2019-02-03T00:00:00,OKC @ BOS,L,35.96666666666667,7,11,0.636,0,0,0.0,2,4,0.5,4,5,9,0,0,2,0,1,3,3,16,-7,32.8,0,0,29.0,1,48,48,48,27,22,30,28,1,3,1,26,29,21,43,29,36,62,70,10,48,43,42,35,27,68,45,30,1,41,1,35:58,1,2018-19
2018-19,203500,Steven Adams,Steven,1610612760,OKC,Oklahoma City Thunder,0021800802,2019-02-05T00:00:00,OKC vs. ORL,W,36.0,7,12,0.583,0,0,0.0,0,0,0.0,3,1,4,1,1,2,0,1,1,2,14,16,25.3,0,0,23.0,1,1,1,1,26,22,19,42,1,3,1,56,65,56,56,68,76,40,44,10,48,43,3,54,37,17,65,30,1,64,1,36:00,1,2018-19
2018-19,203500,Steven Adams,Steven,1610612760,OKC,Oklahoma City Thunder,0021800815,2019-02-07T00:00:00,OKC vs. MEM,W,19.133333333333333,5,5,1.0,0,0,0.0,1,4,0.25,5,1,6,2,2,2,1,0,3,3,11,21,28.2,0,0,25.0,1,1,1,1,79,49,73,1,1,3,1,39,29,48,33,68,64,19,18,10,22,1,42,35,57,10,58,30,1,58,1,19:08,1,2018-19
2018-19,203500,Steven Adams,Steven,1610612760,OKC,Oklahoma City Thunder,0021800832,2019-02-09T00:00:00,OKC @ HOU,W,38.071666666666665,3,6,0.5,0,0,0.0,0,0,0.0,3,6,9,0,2,2,2,1,1,3,6,12,26.8,0,0,23.0,1,1,1,1,7,67,67,56,1,3,1,56,65,56,56,20,36,62,18,10,7,43,3,35,71,25,64,30,1,64,1,38:04,1,2018-19
2018-19,203500,Steven Adams,Steven,1610612760,OKC,Oklahoma City Thunder,0021800846,2019-02-11T00:00:00,OKC vs. POR,W,34.56333333333333,4,7,0.571,0,0,0.0,1,2,0.5,0,1,1,0,2,2,1,1,4,2,9,6,17.2,0,0,16.0,1,1,1,1,35,61,57,47,1,3,1,39,46,21,79,68,80,62,18,10,22,43,62,54,64,37,76,30,1,77,1,34:34,1,2018-19
2018-19,203500,Steven Adams,Steven,1610612760,OKC,Oklahoma City Thunder,0021800866,2019-02-14T00:00:00,OKC @ NOP,L,35.516666666666666,2,5,0.4,0,0,0.0,0,0,0.0,4,1,5,2,2,2,1,2,1,1,4,-11,20.0,0,0,17.0,1,48,48,48,31,76,73,73,1,3,1,56,65,56,43,68,71,19,18,10,22,71,3,70,77,70,75,30,1,75,1,35:31,1,2018-19
2018-19,203500,Steven Adams,Steven,1610612760,OKC,Oklahoma City Thunder,0021800881,2019-02-22T00:00:00,OKC vs. UTA,W,47.14,7,14,0.5,0,0,0.0,2,4,0.5,7,3,10,3,3,5,1,1,2,3,16,19,47.5,1,0,41.0,1,1,1,1,1,22,8,56,1,3,1,26,29,21,12,50,29,6,6,1,22,43,23,35,27,14,4,1,1,4,1,47:08,1,2018-19
2018-19,203500,Steven Adams,Steven,1610612760,OKC,Oklahoma City Thunder,0021800890,2019-02-23T00:00:00,OKC vs. SAC,L,27.9,5,7,0.714,0,0,0.0,1,3,0.333,4,5,9,1,1,0,0,1,2,3,11,-2,22.3,0,0,21.0,1,48,48,48,71,49,57,20,1,3,1,39,43,44,43,29,36,40,44,65,48,43,23,35,57,51,71,30,1,70,1,27:54,1,2018-19
2018-19,203500,Steven Adams,Steven,1610612760,OKC,Oklahoma City Thunder,0021800910,2019-02-26T00:00:00,OKC @ DEN,L,30.483333333333334,7,12,0.583,0,0,0.0,1,2,0.5,4,1,5,2,3,1,1,1,5,1,15,-23,27.0,0,0,26.0,1,48,48,48,65,22,19,42,1,3,1,39,46,21,43,68,71,19,6,40,22,43,74,70,33,80,62,30,1,56,1,30:29,1,2018-19
2018-19,203500,Steven Adams,Steven,1610612760,OKC,Oklahoma City Thunder,0021800927,2019-02-28T00:00:00,OKC vs. PHI,L,31.658333333333335,4,9,0.444,0,0,0.0,3,6,0.5,8,6,14,1,3,1,0,0,1,5,11,-5,29.3,1,0,28.0,1,48,48,48,59,61,48,67,1,3,1,15,14,21,6,20,8,40,6,40,48,1,3,13,57,64,56,1,1,47,1,31:40,1,2018-19
2018-19,203500,Steven Adams,Steven,1610612760,OKC,Oklahoma City Thunder,0021800940,2019-03-02T00:00:00,OKC @ SAS,L,24.95,7,11,0.636,0,0,0.0,3,5,0.6,6,7,13,0,2,2,1,0,4,5,17,-12,39.6,1,0,36.0,1,48,48,48,75,22,30,28,1,3,1,15,26,18,25,12,13,62,18,10,22,1,62,13,21,72,16,1,1,15,1,24:57,1,2018-19
2018-19,203500,Steven Adams,Steven,1610612760,OKC,Oklahoma City Thunder,0021800951,2019-03-03T00:00:00,OKC vs. MEM,W,32.35666666666667,6,10,0.6,0,0,0.0,1,6,0.167,8,14,22,0,4,2,1,0,1,3,13,-3,44.4,1,0,41.0,1,1,1,1,53,37,40,35,1,3,1,39,14,53,6,1,2,62,2,10,22,1,3,35,42,57,7,1,1,4,1,32:21,1,2018-19
2018-19,203500,Steven Adams,Steven,1610612760,OKC,Oklahoma City Thunder,0021800963,2019-03-05T00:00:00,OKC @ MIN,L,36.483333333333334,5,6,0.833,0,0,0.0,3,9,0.333,9,2,11,2,3,1,3,0,0,6,13,-16,38.2,1,0,34.0,1,48,48,48,23,49,67,6,1,3,1,15,3,44,2,59,26,19,6,40,2,1,1,6,42,74,23,1,1,23,1,36:29,1,2018-19
2018-19,203500,Steven Adams,Steven,1610612760,OKC,Oklahoma City Thunder,0021800976,2019-03-07T00:00:00,OKC @ POR,W,38.78333333333333,6,11,0.545,0,0,0.0,0,0,0.0,5,2,7,0,1,2,2,1,4,0,12,4,31.4,0,0,27.0,1,1,1,1,5,37,30,51,1,3,1,56,65,56,33,59,53,62,44,10,7,43,62,75,48,42,49,30,1,51,1,38:47,1,2018-19
2018-19,203500,Steven Adams,Steven,1610612760,OKC,Oklahoma City Thunder,0021800985,2019-03-08T00:00:00,OKC @ LAC,L,31.696666666666665,3,5,0.6,0,0,0.0,0,2,0.0,7,3,10,3,1,0,0,0,6,2,6,-21,21.5,0,0,19.0,1,48,48,48,58,67,73,35,1,3,1,56,46,56,12,50,29,6,44,65,48,1,78,54,71,79,73,30,1,73,1,31:42,1,2018-19
2018-19,203500,Steven Adams,Steven,1610612760,OKC,Oklahoma City Thunder,0021801005,2019-03-11T00:00:00,OKC @ UTA,W,33.455,6,10,0.6,0,0,0.0,0,0,0.0,3,4,7,0,3,2,2,0,4,2,12,14,29.4,0,0,27.0,1,1,1,1,43,37,40,35,1,3,1,56,65,56,56,40,53,62,6,10,7,1,62,54,48,20,55,30,1,51,1,33:27,1,2018-19
2018-19,203500,Steven Adams,Steven,1610612760,OKC,Oklahoma City Thunder,0021801017,2019-03-13T00:00:00,OKC vs. BKN,W,30.466666666666665,6,12,0.5,0,0,0.0,1,2,0.5,6,1,7,1,2,2,1,1,2,2,13,11,29.9,0,0,27.0,1,1,1,1,66,37,19,56,1,3,1,39,46,21,25,68,53,40,18,10,22,43,23,54,42,27,53,30,1,51,1,30:28,1,2018-19
2018-19,203500,Steven Adams,Steven,1610612760,OKC,Oklahoma City Thunder,0021801020,2019-03-14T00:00:00,OKC @ IND,L,33.86666666666667,8,14,0.571,0,0,0.0,1,2,0.5,3,5,8,1,4,0,0,1,3,3,17,-7,24.1,0,0,26.0,1,48,48,48,40,11,8,47,1,3,1,39,46,21,56,29,43,40,2,65,48,43,42,35,21,68,68,30,1,56,1,33:52,1,2018-19
2018-19,203500,Steven Adams,Steven,1610612760,OKC,Oklahoma City Thunder,0021801038,2019-03-16T00:00:00,OKC vs. GSW,L,33.266666666666666,4,7,0.571,0,0,0.0,1,4,0.25,7,2,9,1,2,1,2,0,1,4,9,-19,28.3,0,0,25.0,1,48,48,48,46,61,57,47,1,3,1,39,29,48,12,59,36,40,18,40,7,1,3,25,64,77,57,30,1,58,1,33:16,1,2018-19
2018-19,203500,Steven Adams,Steven,1610612760,OKC,Oklahoma City Thunder,0021801054,2019-03-18T00:00:00,OKC vs. MIA,L,24.618333333333332,5,6,0.833,0,0,0.0,0,2,0.0,4,8,12,3,2,1,2,0,6,2,10,4,35.9,1,0,31.0,1,48,48,48,76,49,67,6,1,3,1,56,46,56,43,7,20,6,18,40,7,1,78,54,61,42,31,1,1,34,1,24:37,1,2018-19
2018-19,203500,Steven Adams,Steven,1610612760,OKC,Oklahoma City Thunder,0021801072,2019-03-20T00:00:00,OKC vs. TOR,L,39.96666666666667,2,7,0.286,0,0,0.0,0,0,0.0,7,0,7,2,2,1,0,0,3,2,4,-4,16.4,0,0,15.0,1,48,48,48,3,76,57,76,1,3,1,56,65,56,12,79,53,19,18,40,48,1,42,54,77,60,78,30,1,79,1,39:58,1,2018-19
2018-19,203500,Steven Adams,Steven,1610612760,OKC,Oklahoma City Thunder,0021801083,2019-03-22T00:00:00,OKC @ TOR,W,33.13333333333333,4,9,0.444,0,0,0.0,1,2,0.5,4,1,5,1,1,2,3,0,2,3,9,10,30.5,0,0,25.0,1,1,1,1,48,61,48,67,1,3,1,39,46,21,43,68,71,40,44,10,2,1,23,35,64,28,51,30,1,58,1,33:08,1,2018-19
2018-19,203500,Steven Adams,Steven,1610612760,OKC,Oklahoma City Thunder,0021801104,2019-03-25T00:00:00,OKC @ MEM,L,31.9,1,7,0.143,0,0,0.0,0,0,0.0,6,2,8,0,1,4,3,0,2,0,2,-20,31.6,0,0,24.0,1,48,48,48,55,78,57,80,1,3,1,56,65,56,25,59,43,62,44,2,2,1,23,75,80,78,47,30,1,63,1,31:54,1,2018-19
2018-19,203500,Steven Adams,Steven,1610612760,OKC,Oklahoma City Thunder,0021801119,2019-03-27T00:00:00,OKC vs. IND,W,34.766666666666666,11,14,0.786,0,0,0.0,3,6,0.5,7,5,12,3,0,2,1,1,1,3,25,13,52.9,1,0,46.0,1,1,1,1,33,2,8,11,1,3,1,15,14,21,12,29,20,6,70,10,22,43,3,35,3,23,2,1,1,3,1,34:46,1,2018-19
2018-19,203500,Steven Adams,Steven,1610612760,OKC,Oklahoma City Thunder,0021801133,2019-03-29T00:00:00,OKC vs. DEN,L,34.666666666666664,8,12,0.667,0,0,0.0,0,1,0.0,2,3,5,2,1,0,1,0,0,1,16,2,27.0,0,0,25.0,1,48,48,48,34,11,19,24,1,3,1,56,61,56,68,50,71,19,44,65,22,1,1,70,27,44,62,30,1,58,1,34:40,1,2018-19
2018-19,203500,Steven Adams,Steven,1610612760,OKC,Oklahoma City Thunder,0021801146,2019-03-31T00:00:00,OKC vs. DAL,L,38.693333333333335,10,17,0.588,0,1,0.0,0,3,0.0,9,6,15,2,0,0,2,0,2,3,20,10,47.0,1,0,41.0,1,48,48,48,6,4,2,41,1,1,1,56,43,56,2,20,4,19,70,65,7,1,23,35,7,28,5,1,1,4,1,38:42,1,2018-19
2018-19,203500,Steven Adams,Steven,1610612760,OKC,Oklahoma City Thunder,0021801161,2019-04-02T00:00:00,OKC vs. LAL,W,33.17166666666667,6,11,0.545,0,0,0.0,1,7,0.143,7,1,8,3,2,1,5,1,2,7,13,26,43.1,0,0,36.0,1,1,1,1,47,37,30,51,1,3,1,39,10,55,12,68,43,6,18,40,1,43,23,5,42,3,9,30,1,15,1,33:10,1,2018-19
2018-19,203500,Steven Adams,Steven,1610612760,OKC,Oklahoma City Thunder,0021801186,2019-04-05T00:00:00,OKC vs. DET,W,23.916666666666668,7,9,0.778,0,0,0.0,0,0,0.0,8,6,14,0,2,0,2,0,4,0,14,1,34.8,1,0,32.0,1,1,1,1,77,22,48,12,1,3,1,56,65,56,6,20,8,62,18,65,7,1,62,75,37,46,36,1,1,28,1,23:55,1,2018-19
2018-19,203500,Steven Adams,Steven,1610612760,OKC,Oklahoma City Thunder,0021801197,2019-04-07T00:00:00,OKC @ MIN,W,27.465,4,5,0.8,0,0,0.0,0,0,0.0,2,4,6,1,3,1,0,0,6,2,8,31,16.7,0,0,17.0,1,1,1,1,73,61,73,9,1,3,1,56,65,56,68,40,64,40,6,40,48,1,78,54,68,1,77,30,1,75,1,27:28,1,2018-19
2018-19,203500,Steven Adams,Steven,1610612760,OKC,Oklahoma City Thunder,0021801218,2019-04-09T00:00:00,OKC vs. HOU,W,36.55,3,11,0.273,0,0,0.0,2,4,0.5,8,5,13,1,0,0,0,0,1,3,8,2,25.1,0,0,22.0,1,1,1,1,21,67,30,77,1,3,1,26,29,21,6,29,13,40,70,65,48,1,3,35,68,44,66,30,1,68,1,36:33,1,2018-19
2018-19,203500,Steven Adams,Steven,1610612760,OKC,Oklahoma City Thunder,0021801226,2019-04-10T00:00:00,OKC @ MIL,W,12.343333333333334,1,5,0.2,0,0,0.0,2,4,0.5,2,0,2,0,0,0,1,0,1,3,4,-1,9.4,0,0,8.0,1,1,1,1,80,78,73,78,1,3,1,26,29,21,68,79,79,62,70,65,22,1,3,35,77,49,80,30,1,80,1,12:21,1,2018-19
2019-20,203500,Steven Adams,Steven,1610612760,OKC,Oklahoma City Thunder,0021900011,2019-10-23T00:00:00,OKC @ UTA,L,27.7,1,8,0.125,0,0,0.0,1,6,0.167,3,8,11,2,2,1,0,1,4,3,3,-1,20.2,0,0,18.0,1,41,41,41,32,56,21,60,2,4,2,33,7,42,31,10,13,28,12,14,37,41,52,28,58,40,52,23,1,50,1,27:42,1,2019-20
2019-20,203500,Steven Adams,Steven,1610612760,OKC,Oklahoma City Thunder,0021900022,2019-10-25T00:00:00,OKC vs. WAS,L,29.166666666666668,3,9,0.333,0,0,0.0,1,2,0.5,4,10,14,0,1,1,1,2,1,1,7,-2,28.8,0,0,25.0,1,41,41,41,18,44,17,51,2,4,2,33,34,24,18,5,6,57,24,14,22,58,13,51,49,42,33,23,1,34,1,29:10,1,2019-20
2019-20,203500,Steven Adams,Steven,1610612760,OKC,Oklahoma City Thunder,0021900036,2019-10-27T00:00:00,OKC vs. GSW,W,25.4,4,8,0.5,0,0,0.0,0,2,0.0,5,5,10,3,1,0,0,1,2,3,8,26,23.5,0,0,21.0,1,1,1,1,46,31,21,39,2,4,2,43,34,43,10,36,23,14,24,31,37,41,29,28,42,1,43,23,1,41,1,25:24,1,2019-20
2019-20,203500,Steven Adams,Steven,1610612760,OKC,Oklahoma City Thunder,0021900045,2019-10-28T00:00:00,OKC @ HOU,L,26.8,2,7,0.286,0,0,0.0,2,4,0.5,2,10,12,1,1,0,2,3,3,4,6,-5,26.9,0,0,23.0,1,41,41,41,40,48,31,55,2,4,2,21,16,24,40,5,10,46,24,31,8,61,46,18,51,52,37,23,1,38,1,26:48,1,2019-20
2019-20,203500,Steven Adams,Steven,1610612760,OKC,Oklahoma City Thunder,0021900101,2019-11-05T00:00:00,OKC vs. ORL,W,25.766666666666666,5,7,0.714,0,0,0.0,1,2,0.5,4,7,11,3,1,0,1,1,1,4,11,10,30.7,1,0,27.0,1,1,1,1,44,22,31,16,2,4,2,33,34,24,18,17,13,14,24,31,22,41,13,18,26,12,29,1,1,30,1,25:46,1,2019-20
2019-20,203500,Steven Adams,Steven,1610612760,OKC,Oklahoma City Thunder,0021900113,2019-11-07T00:00:00,OKC @ SAS,L,27.383333333333333,5,6,0.833,0,0,0.0,0,4,0.0,2,3,5,3,3,0,0,0,2,4,10,-6,17.5,0,0,18.0,1,41,41,41,37,22,43,8,2,4,2,43,16,43,40,54,57,14,6,31,37,1,29,18,29,54,57,23,1,50,1,27:23,1,2019-20
2019-20,203500,Steven Adams,Steven,1610612760,OKC,Oklahoma City Thunder,0021900131,2019-11-09T00:00:00,OKC vs. GSW,W,25.133333333333333,6,7,0.857,0,0,0.0,1,3,0.333,4,4,8,2,1,1,2,0,0,2,13,-1,33.6,0,0,29.0,1,1,1,1,48,15,31,5,2,4,2,33,31,40,18,47,38,28,24,14,8,1,1,39,20,40,23,23,1,23,1,25:08,1,2019-20
2019-20,203500,Steven Adams,Steven,1610612760,OKC,Oklahoma City Thunder,0021900146,2019-11-12T00:00:00,OKC @ IND,L,19.066666666666666,5,8,0.625,0,0,0.0,0,0,0.0,1,5,6,1,0,0,0,0,0,2,10,-4,18.7,0,0,17.0,1,41,41,41,59,22,21,30,2,4,2,43,52,43,51,36,50,46,55,31,37,1,1,39,29,47,54,23,1,54,1,19:04,1,2019-20
2019-20,203500,Steven Adams,Steven,1610612760,OKC,Oklahoma City Thunder,0021900172,2019-11-15T00:00:00,OKC vs. PHI,W,31.135,3,6,0.5,0,0,0.0,1,2,0.5,4,3,7,4,1,1,2,0,2,1,7,8,29.4,0,0,24.0,1,1,1,1,10,44,43,39,2,4,2,33,34,24,18,54,45,5,24,14,8,1,29,51,49,16,32,23,1,37,1,31:08,1,2019-20
2019-20,203500,Steven Adams,Steven,1610612760,OKC,Oklahoma City Thunder,0021900197,2019-11-18T00:00:00,OKC @ LAC,L,27.045,4,8,0.5,0,0,0.0,1,2,0.5,0,10,10,6,2,2,0,0,2,2,9,0,34.0,0,0,29.0,1,41,41,41,39,31,21,39,2,4,2,33,34,24,57,5,23,1,12,7,37,1,29,39,37,38,22,23,1,23,1,27:03,1,2019-20
2019-20,203500,Steven Adams,Steven,1610612760,OKC,Oklahoma City Thunder,0021900201,2019-11-19T00:00:00,OKC @ LAL,L,24.15,1,3,0.333,0,0,0.0,0,0,0.0,2,4,6,4,2,0,0,0,2,2,2,-4,13.2,0,0,12.0,1,41,41,41,52,56,58,51,2,4,2,43,52,43,40,47,50,5,12,31,37,1,29,39,59,47,60,23,1,59,1,24:09,1,2019-20
2019-20,203500,Steven Adams,Steven,1610612760,OKC,Oklahoma City Thunder,0021900220,2019-11-22T00:00:00,OKC vs. LAL,L,26.795,9,10,0.9,0,0,0.0,4,4,1.0,2,4,6,4,3,0,0,0,4,5,22,-4,32.2,0,0,32.0,1,41,41,41,41,2,8,4,2,4,2,7,16,1,40,47,50,5,6,31,37,1,52,8,2,47,25,23,1,18,1,26:48,1,2019-20
2019-20,203500,Steven Adams,Steven,1610612760,OKC,Oklahoma City Thunder,0021900250,2019-11-25T00:00:00,OKC @ GSW,W,27.616666666666667,4,6,0.667,0,0,0.0,2,4,0.5,4,6,10,5,2,0,3,0,1,5,10,10,36.5,1,0,31.0,1,1,1,1,33,31,43,23,2,4,2,21,16,24,18,26,23,2,12,31,4,1,13,8,29,12,17,1,1,20,1,27:37,1,2019-20
2019-20,203500,Steven Adams,Steven,1610612760,OKC,Oklahoma City Thunder,0021900265,2019-11-27T00:00:00,OKC @ POR,L,24.666666666666668,4,7,0.571,0,0,0.0,0,0,0.0,1,5,6,3,1,0,0,0,1,4,8,-19,18.7,0,0,17.0,1,41,41,41,50,31,31,36,2,4,2,43,52,43,51,36,50,14,24,31,37,1,13,18,42,63,54,23,1,54,1,24:40,1,2019-20
2019-20,203500,Steven Adams,Steven,1610612760,OKC,Oklahoma City Thunder,0021900275,2019-11-29T00:00:00,OKC vs. NOP,W,24.233333333333334,7,11,0.636,0,0,0.0,0,0,0.0,3,9,12,2,0,1,2,0,2,0,14,4,40.4,1,0,34.0,1,1,1,1,51,8,7,29,2,4,2,43,52,43,31,9,10,28,55,14,8,1,29,61,17,26,9,1,1,14,1,24:14,1,2019-20
2019-20,203500,Steven Adams,Steven,1610612760,OKC,Oklahoma City Thunder,0021900289,2019-12-01T00:00:00,OKC @ NOP,W,28.01,6,7,0.857,0,0,0.0,5,6,0.833,2,8,10,2,1,1,2,1,3,4,17,2,40.0,1,0,35.0,1,1,1,1,29,15,31,5,2,4,2,3,7,9,40,10,23,28,24,14,8,41,46,18,10,29,12,1,1,12,1,28:01,1,2019-20
2019-20,203500,Steven Adams,Steven,1610612760,OKC,Oklahoma City Thunder,0021900312,2019-12-04T00:00:00,OKC vs. IND,L,28.716666666666665,8,8,1.0,0,0,0.0,4,4,1.0,5,4,9,3,2,0,2,0,2,5,20,-2,39.3,0,0,36.0,1,41,41,41,22,6,21,1,2,4,2,7,16,1,10,47,32,14,12,31,8,1,29,8,5,42,15,23,1,9,1,28:43,1,2019-20
2019-20,203500,Steven Adams,Steven,1610612760,OKC,Oklahoma City Thunder,0021900326,2019-12-06T00:00:00,OKC vs. MIN,W,36.4,9,13,0.692,0,1,0.0,4,8,0.5,6,5,11,2,2,2,4,0,4,4,22,5,54.2,1,0,47.0,1,1,1,1,1,2,5,22,2,1,2,7,1,24,4,36,13,28,12,7,1,1,52,18,2,24,2,1,1,2,1,36:24,1,2019-20
2019-20,203500,Steven Adams,Steven,1610612760,OKC,Oklahoma City Thunder,0021900341,2019-12-08T00:00:00,OKC @ POR,W,28.013333333333332,2,6,0.333,0,0,0.0,2,2,1.0,4,5,9,4,1,0,0,1,1,3,6,5,21.8,0,0,19.0,1,1,1,1,28,48,43,51,2,4,2,21,34,1,18,36,32,5,24,31,37,41,13,28,51,24,47,23,1,48,1,28:01,1,2019-20
2019-20,203500,Steven Adams,Steven,1610612760,OKC,Oklahoma City Thunder,0021900350,2019-12-09T00:00:00,OKC @ UTA,W,28.433333333333334,4,4,1.0,0,0,0.0,3,4,0.75,2,11,13,4,2,0,4,0,1,3,11,14,42.6,1,0,36.0,1,1,1,1,23,31,57,1,2,4,2,16,16,13,40,2,9,5,12,31,1,1,13,28,26,7,8,1,1,9,1,28:26,1,2019-20
2019-20,203500,Steven Adams,Steven,1610612760,OKC,Oklahoma City Thunder,0021900365,2019-12-11T00:00:00,OKC @ SAC,L,28.133333333333333,5,10,0.5,0,0,0.0,2,5,0.4,5,5,10,4,1,0,2,2,1,4,12,-3,35.0,1,0,30.0,1,41,41,41,26,22,8,39,2,4,2,21,14,38,10,36,23,5,24,31,8,58,13,18,23,45,20,1,1,21,1,28:08,1,2019-20
2019-20,203500,Steven Adams,Steven,1610612760,OKC,Oklahoma City Thunder,0021900387,2019-12-14T00:00:00,OKC @ DEN,L,30.75,9,15,0.6,0,0,0.0,0,2,0.0,6,8,14,0,1,0,2,1,4,3,18,-10,39.8,1,0,36.0,1,41,41,41,11,2,1,33,2,4,2,43,34,43,4,10,6,57,24,31,8,41,52,28,8,57,13,1,1,9,1,30:45,1,2019-20
2019-20,203500,Steven Adams,Steven,1610612760,OKC,Oklahoma City Thunder,0021900399,2019-12-16T00:00:00,OKC vs. CHI,W,28.081666666666667,4,8,0.5,0,0,0.0,1,2,0.5,6,5,11,1,4,0,1,1,1,3,9,1,22.7,0,0,23.0,1,1,1,1,27,31,21,39,2,4,2,33,34,24,4,36,13,46,2,31,22,41,13,28,37,34,45,23,1,38,1,28:05,1,2019-20
2019-20,203500,Steven Adams,Steven,1610612760,OKC,Oklahoma City Thunder,0021900412,2019-12-18T00:00:00,OKC vs. MEM,W,30.266666666666666,6,7,0.857,0,0,0.0,1,4,0.25,3,7,10,5,3,0,0,0,2,4,13,8,29.5,1,0,28.0,1,1,1,1,13,15,31,5,2,4,2,33,16,41,31,17,23,2,6,31,37,1,29,18,20,16,31,1,1,26,1,30:16,1,2019-20
2019-20,203500,Steven Adams,Steven,1610612760,OKC,Oklahoma City Thunder,0021900426,2019-12-20T00:00:00,OKC vs. PHX,W,25.65,5,6,0.833,0,0,0.0,0,0,0.0,3,6,9,2,3,0,2,1,2,5,10,8,26.8,0,0,25.0,1,1,1,1,45,22,43,8,2,4,2,43,52,43,31,26,32,28,6,31,8,41,29,8,29,16,38,23,1,34,1,25:39,1,2019-20
2019-20,203500,Steven Adams,Steven,1610612760,OKC,Oklahoma City Thunder,0021900442,2019-12-22T00:00:00,OKC vs. LAC,W,31.45,10,15,0.667,0,0,0.0,0,2,0.0,6,11,17,2,1,3,0,0,2,2,20,-4,51.4,1,0,45.0,1,1,1,1,9,1,1,23,2,4,2,43,34,43,4,2,2,28,24,3,37,1,29,39,5,47,3,1,1,3,1,31:27,1,2019-20
2019-20,203500,Steven Adams,Steven,1610612760,OKC,Oklahoma City Thunder,0021900462,2019-12-26T00:00:00,OKC vs. MEM,L,27.586666666666666,7,10,0.7,0,0,0.0,2,4,0.5,2,4,6,4,0,1,1,1,3,3,16,8,35.2,0,0,30.0,1,41,41,41,34,8,8,18,2,4,2,21,16,24,40,47,50,5,55,14,22,41,46,28,11,16,19,23,1,21,1,27:35,1,2019-20
2019-20,203500,Steven Adams,Steven,1610612760,OKC,Oklahoma City Thunder,0021900467,2019-12-27T00:00:00,OKC @ CHA,W,33.65833333333333,6,9,0.667,0,0,0.0,2,4,0.5,4,8,12,3,2,2,2,0,2,2,14,1,42.9,1,0,37.0,1,1,1,1,5,15,17,23,2,4,2,21,16,24,18,10,10,14,12,7,8,1,29,39,17,34,7,1,1,6,1,33:40,1,2019-20
2019-20,203500,Steven Adams,Steven,1610612760,OKC,Oklahoma City Thunder,0021900486,2019-12-29T00:00:00,OKC @ TOR,W,28.783333333333335,2,7,0.286,0,0,0.0,5,6,0.833,4,2,6,0,1,2,1,0,0,5,9,0,24.2,0,0,21.0,1,1,1,1,21,48,31,55,2,4,2,3,7,9,18,57,50,57,24,7,22,1,1,8,37,38,41,23,1,41,1,28:47,1,2019-20
2019-20,203500,Steven Adams,Steven,1610612760,OKC,Oklahoma City Thunder,0021900503,2019-12-31T00:00:00,OKC vs. DAL,W,25.166666666666668,4,7,0.571,0,0,0.0,2,4,0.5,4,7,11,2,1,1,0,0,5,2,10,3,28.2,1,0,25.0,1,1,1,1,47,31,31,36,2,4,2,21,16,24,18,17,13,28,24,14,37,1,59,39,29,28,35,1,1,34,1,25:10,1,2019-20
2019-20,203500,Steven Adams,Steven,1610612760,OKC,Oklahoma City Thunder,0021900514,2020-01-02T00:00:00,OKC @ SAS,W,29.9,5,8,0.625,0,0,0.0,4,6,0.667,4,5,9,3,1,0,1,1,4,9,14,8,31.3,0,0,28.0,1,1,1,1,15,22,21,30,2,4,2,7,7,19,18,36,32,14,24,31,22,41,52,2,17,16,26,23,1,26,1,29:54,1,2019-20
2019-20,203500,Steven Adams,Steven,1610612760,OKC,Oklahoma City Thunder,0021900527,2020-01-04T00:00:00,OKC @ CLE,W,30.283333333333335,2,7,0.286,0,0,0.0,6,7,0.857,8,8,16,4,1,1,1,0,1,7,10,15,40.2,1,0,34.0,1,1,1,1,12,48,31,55,2,4,2,1,4,8,2,10,4,5,24,14,22,1,13,4,29,5,10,1,1,14,1,30:17,1,2019-20
2019-20,203500,Steven Adams,Steven,1610612760,OKC,Oklahoma City Thunder,0021900541,2020-01-06T00:00:00,OKC @ PHI,L,35.13333333333333,9,14,0.643,0,0,0.0,6,8,0.75,9,6,15,1,1,0,2,0,1,10,24,-4,48.5,1,0,44.0,1,41,41,41,3,2,3,28,2,4,2,1,1,13,1,26,5,46,24,31,8,1,13,1,1,47,4,1,1,4,1,35:08,1,2019-20
2019-20,203500,Steven Adams,Steven,1610612760,OKC,Oklahoma City Thunder,0021900550,2020-01-07T00:00:00,OKC @ BKN,W,35.71666666666667,3,5,0.6,0,0,0.0,4,7,0.571,4,14,18,3,2,2,0,0,0,6,10,17,40.1,1,0,35.0,1,1,1,1,2,44,51,33,2,4,2,7,4,22,18,1,1,14,12,7,37,1,1,5,29,3,11,1,1,12,1,35:43,1,2019-20
2019-20,203500,Steven Adams,Steven,1610612760,OKC,Oklahoma City Thunder,0021900566,2020-01-09T00:00:00,OKC vs. HOU,W,24.966666666666665,6,8,0.75,0,0,0.0,3,4,0.75,1,7,8,3,1,1,0,1,1,3,15,17,31.1,0,0,28.0,1,1,1,1,49,15,21,14,2,4,2,16,16,13,51,17,38,14,24,14,37,41,13,28,15,3,27,23,1,26,1,24:58,1,2019-20
2019-20,203500,Steven Adams,Steven,1610612760,OKC,Oklahoma City Thunder,0021900580,2020-01-11T00:00:00,OKC vs. LAL,L,29.433333333333334,6,10,0.6,0,0,0.0,0,0,0.0,2,6,8,1,1,2,1,0,0,1,12,-12,31.1,0,0,27.0,1,41,41,41,17,15,8,33,2,4,2,43,52,43,40,26,38,46,24,7,22,1,1,51,23,60,27,23,1,30,1,29:26,1,2019-20
2019-20,203500,Steven Adams,Steven,1610612760,OKC,Oklahoma City Thunder,0021900594,2020-01-13T00:00:00,OKC @ MIN,W,28.916666666666668,5,7,0.714,0,0,0.0,3,4,0.75,4,7,11,5,2,1,3,0,1,5,13,8,43.7,1,0,37.0,1,1,1,1,19,22,31,16,2,4,2,16,16,13,18,17,13,2,12,14,4,1,13,8,20,16,6,1,1,6,1,28:55,1,2019-20
2019-20,203500,Steven Adams,Steven,1610612760,OKC,Oklahoma City Thunder,0021900609,2020-01-15T00:00:00,OKC vs. TOR,L,6.55,1,1,1.0,0,0,0.0,0,0,0.0,0,2,2,1,1,1,0,0,0,2,2,-2,7.9,0,0,7.0,1,41,41,41,61,56,63,1,2,4,2,43,52,43,57,57,61,46,24,14,37,1,1,39,59,42,61,23,1,61,1,6:33,1,2019-20
2019-20,203500,Steven Adams,Steven,1610612760,OKC,Oklahoma City Thunder,0021900635,2020-01-18T00:00:00,OKC vs. POR,W,24.133333333333333,1,7,0.143,0,0,0.0,3,4,0.75,5,4,9,3,3,0,0,3,2,3,5,20,17.3,0,0,17.0,1,1,1,1,53,56,31,59,2,4,2,16,16,13,10,47,32,14,6,31,37,61,29,28,55,2,58,23,1,54,1,24:08,1,2019-20
2019-20,203500,Steven Adams,Steven,1610612760,OKC,Oklahoma City Thunder,0021900645,2020-01-20T00:00:00,OKC @ HOU,W,1.6,0,2,0.0,0,0,0.0,0,2,0.0,0,0,0,0,0,0,0,0,0,1,0,2,0.0,0,0,0.0,1,1,1,1,63,61,59,61,2,4,2,43,34,43,57,63,63,57,55,31,37,1,1,51,61,29,63,23,1,63,1,1:36,1,2019-20
2019-20,203500,Steven Adams,Steven,1610612760,OKC,Oklahoma City Thunder,0021900683,2020-01-25T00:00:00,OKC @ MIN,W,23.116666666666667,0,2,0.0,0,0,0.0,0,0,0.0,0,1,1,2,1,0,4,0,4,1,0,1,15.2,0,0,11.0,1,1,1,1,56,61,59,61,2,4,2,43,52,43,57,60,62,28,24,31,1,1,52,51,61,34,59,23,1,60,1,23:07,1,2019-20
2019-20,203500,Steven Adams,Steven,1610612760,OKC,Oklahoma City Thunder,0021900697,2020-01-27T00:00:00,OKC vs. DAL,L,23.835,4,5,0.8,0,0,0.0,1,2,0.5,0,5,5,4,0,0,0,0,2,1,9,-3,21.0,0,0,18.0,1,41,41,41,54,31,51,10,2,4,2,33,34,24,57,36,57,5,55,31,37,1,29,51,37,45,49,23,1,50,1,23:50,1,2019-20
2019-20,203500,Steven Adams,Steven,1610612760,OKC,Oklahoma City Thunder,0021900713,2020-01-29T00:00:00,OKC @ SAC,W,25.9,2,5,0.4,0,0,0.0,4,4,1.0,5,3,8,1,0,1,1,1,2,5,8,14,25.1,0,0,21.0,1,1,1,1,43,48,51,49,2,4,2,7,16,1,10,54,38,46,55,14,22,41,29,8,42,7,40,23,1,41,1,25:54,1,2019-20
2019-20,203500,Steven Adams,Steven,1610612760,OKC,Oklahoma City Thunder,0021900725,2020-01-31T00:00:00,OKC @ PHX,W,22.85,4,6,0.667,0,0,0.0,0,0,0.0,4,1,5,2,4,2,1,0,5,1,8,-11,22.0,0,0,21.0,1,1,1,1,57,31,43,23,2,4,2,43,52,43,18,60,57,28,2,7,22,1,59,51,42,59,46,23,1,41,1,22:51,1,2019-20
2019-20,203500,Steven Adams,Steven,1610612760,OKC,Oklahoma City Thunder,0021900760,2020-02-05T00:00:00,OKC vs. CLE,W,29.716666666666665,2,5,0.4,0,0,0.0,2,3,0.667,1,7,8,3,1,0,0,0,2,4,6,2,19.1,0,0,17.0,1,1,1,1,16,48,51,49,2,4,2,21,31,19,51,17,38,14,24,31,37,1,29,18,51,29,53,23,1,54,1,29:43,1,2019-20
2019-20,203500,Steven Adams,Steven,1610612760,OKC,Oklahoma City Thunder,0021900773,2020-02-07T00:00:00,OKC vs. DET,W,28.8,7,10,0.7,0,0,0.0,2,2,1.0,2,6,8,3,3,0,1,0,3,1,16,-9,30.1,0,0,29.0,1,1,1,1,20,8,8,18,2,4,2,21,34,1,40,26,38,14,6,31,22,1,46,51,11,56,30,23,1,23,1,28:48,1,2019-20
2019-20,203500,Steven Adams,Steven,1610612760,OKC,Oklahoma City Thunder,0021900786,2020-02-09T00:00:00,OKC vs. BOS,L,30.033333333333335,2,10,0.2,0,1,0.0,0,0,0.0,5,6,11,2,2,0,1,1,3,0,4,8,21.2,0,0,19.0,1,41,41,41,14,48,8,58,2,1,2,43,52,43,10,26,13,28,12,31,22,41,46,61,56,16,48,23,1,48,1,30:02,1,2019-20
2019-20,203500,Steven Adams,Steven,1610612760,OKC,Oklahoma City Thunder,0021900805,2020-02-11T00:00:00,OKC vs. SAS,L,32.416666666666664,4,9,0.444,0,0,0.0,2,2,1.0,3,7,10,2,4,4,1,2,5,3,10,1,36.0,1,0,32.0,1,41,41,41,6,31,17,48,2,4,2,21,34,1,31,17,23,28,2,1,22,58,59,28,29,34,18,1,1,18,1,32:25,1,2019-20
2019-20,203500,Steven Adams,Steven,1610612760,OKC,Oklahoma City Thunder,0021900819,2020-02-13T00:00:00,OKC @ NOP,W,27.85,5,10,0.5,1,1,1.0,0,1,0.0,3,8,11,2,1,1,3,3,4,2,11,9,38.2,1,0,33.0,1,1,1,1,30,22,8,39,1,1,1,43,51,43,31,10,13,28,24,14,4,61,52,39,26,14,16,1,1,16,1,27:51,1,2019-20
2019-20,203500,Steven Adams,Steven,1610612760,OKC,Oklahoma City Thunder,0021900831,2020-02-21T00:00:00,OKC vs. DEN,W,32.23166666666667,7,14,0.5,0,0,0.0,5,6,0.833,7,10,17,2,0,4,2,1,0,5,19,9,60.4,1,0,50.0,1,1,1,1,7,8,3,39,2,4,2,3,7,9,3,5,2,28,55,1,8,41,1,8,7,14,1,1,1,1,1,32:14,1,2019-20
2019-20,203500,Steven Adams,Steven,1610612760,OKC,Oklahoma City Thunder,0021900846,2020-02-23T00:00:00,OKC vs. SAS,W,27.465,8,12,0.667,0,0,0.0,5,6,0.833,3,11,14,0,1,1,0,0,0,5,21,7,39.8,1,0,37.0,1,1,1,1,36,6,6,23,2,4,2,3,7,9,31,2,6,57,24,14,37,1,1,8,4,23,13,1,1,6,1,27:28,1,2019-20
2019-20,203500,Steven Adams,Steven,1610612760,OKC,Oklahoma City Thunder,0021900859,2020-02-25T00:00:00,OKC @ CHI,W,28.433333333333334,6,8,0.75,0,0,0.0,4,6,0.667,5,4,9,2,1,3,3,0,1,6,16,11,46.8,0,0,39.0,1,1,1,1,23,15,21,14,2,4,2,7,7,19,10,47,32,28,24,3,4,1,13,5,11,11,5,23,1,5,1,28:26,1,2019-20
2019-20,203500,Steven Adams,Steven,1610612760,OKC,Oklahoma City Thunder,0021900875,2020-02-27T00:00:00,OKC vs. SAC,W,27.705,7,9,0.778,0,0,0.0,1,2,0.5,6,1,7,1,1,0,0,0,2,3,15,-10,23.9,0,0,23.0,1,1,1,1,31,8,17,13,2,4,2,33,34,24,4,60,45,46,24,31,37,1,29,28,15,57,42,23,1,38,1,27:42,1,2019-20
2019-20,203500,Steven Adams,Steven,1610612760,OKC,Oklahoma City Thunder,0021900882,2020-02-28T00:00:00,OKC @ MIL,L,16.966666666666665,4,5,0.8,0,0,0.0,0,0,0.0,1,6,7,3,1,1,0,0,1,1,8,-5,22.9,0,0,20.0,1,41,41,41,60,31,51,10,2,4,2,43,52,43,51,26,45,14,24,14,37,1,13,51,42,52,44,23,1,46,1,16:58,1,2019-20
2019-20,203500,Steven Adams,Steven,1610612760,OKC,Oklahoma City Thunder,0021900912,2020-03-03T00:00:00,OKC vs. LAC,L,27.278333333333332,2,6,0.333,0,0,0.0,0,2,0.0,5,5,10,2,1,0,0,0,5,2,4,-17,18.0,0,0,16.0,1,41,41,41,38,48,43,51,2,4,2,43,34,43,10,36,23,28,24,31,37,1,59,39,56,61,56,23,1,58,1,27:17,1,2019-20
2019-20,203500,Steven Adams,Steven,1610612760,OKC,Oklahoma City Thunder,0021900918,2020-03-04T00:00:00,OKC @ DET,W,32.056666666666665,4,5,0.8,0,0,0.0,0,3,0.0,0,7,7,3,5,3,1,0,1,1,8,2,27.9,0,0,26.0,1,1,1,1,8,31,51,10,2,4,2,43,31,43,57,17,45,14,1,3,22,1,13,51,42,29,36,23,1,33,1,32:03,1,2019-20
2019-20,203500,Steven Adams,Steven,1610612760,OKC,Oklahoma City Thunder,0021900932,2020-03-06T00:00:00,OKC @ NYK,W,23.516666666666666,5,8,0.625,0,0,0.0,2,2,1.0,6,5,11,1,0,0,2,1,0,2,12,14,32.7,1,0,28.0,1,1,1,1,55,22,21,30,2,4,2,21,34,1,4,36,13,46,55,31,8,41,1,39,23,7,24,1,1,26,1,23:31,1,2019-20
2019-20,203500,Steven Adams,Steven,1610612760,OKC,Oklahoma City Thunder,0021900949,2020-03-08T00:00:00,OKC @ BOS,W,26.44,1,2,0.5,0,0,0.0,4,8,0.5,0,6,6,1,1,3,1,0,1,5,6,4,25.7,0,0,21.0,1,1,1,1,42,56,59,39,2,4,2,7,1,24,57,26,50,46,24,3,22,1,13,8,51,26,39,23,1,41,1,26:26,1,2019-20
2019-20,203500,Steven Adams,Steven,1610612760,OKC,Oklahoma City Thunder,0021901240,2020-08-01T00:00:00,OKC vs. UTA,W,27.51,7,10,0.7,0,0,0.0,2,5,0.4,3,8,11,2,4,0,2,0,3,4,16,15,34.2,1,0,33.0,1,1,1,1,35,8,8,18,2,4,2,21,14,38,31,10,13,28,2,31,8,1,46,18,11,5,21,1,1,16,1,27:31,1,2019-20
2019-20,203500,Steven Adams,Steven,1610612760,OKC,Oklahoma City Thunder,0021901251,2020-08-03T00:00:00,OKC vs. DEN,L,34.03,3,6,0.5,0,0,0.0,3,4,0.75,3,7,10,1,2,0,0,1,6,6,9,-18,20.5,0,0,20.0,1,41,41,41,4,44,43,39,2,4,2,16,16,13,31,17,23,46,12,31,37,41,63,5,37,62,51,23,1,46,1,34:02,1,2019-20
2019-20,203500,Steven Adams,Steven,1610612760,OKC,Oklahoma City Thunder,0021901265,2020-08-05T00:00:00,OKC @ LAL,W,28.25,7,10,0.7,0,0,0.0,4,7,0.571,1,6,7,2,1,0,0,1,2,8,18,13,28.4,0,0,27.0,1,1,1,1,25,8,8,18,2,4,2,7,4,22,51,26,45,28,24,31,37,41,29,3,8,10,34,23,1,30,1,28:15,1,2019-20
2019-20,203500,Steven Adams,Steven,1610612760,OKC,Oklahoma City Thunder,0021901306,2020-08-12T00:00:00,OKC vs. MIA,W,19.95,4,7,0.571,0,0,0.0,0,2,0.0,2,6,8,0,0,1,0,0,0,2,8,-7,20.6,0,0,18.0,1,1,1,1,58,31,31,36,2,4,2,43,34,43,40,26,38,57,55,14,37,1,1,39,42,55,50,23,1,50,1,19:57,1,2019-20
2019-20,203500,Steven Adams,Steven,1610612760,OKC,Oklahoma City Thunder,0021901317,2020-08-14T00:00:00,OKC @ LAC,L,6.366666666666666,0,2,0.0,0,0,0.0,0,0,0.0,2,2,4,0,1,0,0,0,0,0,0,2,3.8,0,0,4.0,1,41,41,41,62,61,59,61,2,4,2,43,52,43,40,57,60,57,24,31,37,1,1,61,61,29,62,23,1,62,1,6:22,1,2019-20
2020-21,203500,Steven Adams,Steven,1610612740,NOP,New Orleans Pelicans,0022000014,2020-12-23T00:00:00,NOP @ TOR,W,30.616666666666667,4,6,0.667,0,0,0.0,0,0,0.0,2,6,8,3,0,4,2,0,1,2,8,16,40.1,0,0,31.0,1,1,1,1,20,16,21,21,1,4,1,29,40,29,39,18,29,7,42,1,3,1,6,24,22,7,2,14,2,4,1,30:37,1,2020-21
2020-21,203500,Steven Adams,Steven,1610612740,NOP,New Orleans Pelicans,0022000005,2020-12-25T00:00:00,NOP @ MIA,L,32.36666666666667,3,3,1.0,0,0,0.0,0,0,0.0,4,5,9,1,2,2,1,0,2,1,6,5,25.3,0,0,22.0,1,27,27,27,11,26,43,1,1,4,1,29,40,29,19,27,25,32,12,7,11,1,26,42,33,17,29,14,2,28,1,32:22,1,2020-21
2020-21,203500,Steven Adams,Steven,1610612740,NOP,New Orleans Pelicans,0022000034,2020-12-27T00:00:00,NOP vs. SAS,W,30.85,4,7,0.571,0,0,0.0,0,2,0.0,3,6,9,3,0,0,1,0,1,3,8,18,26.3,0,0,22.0,1,1,1,1,17,16,11,33,1,4,1,29,19,29,28,18,25,7,42,35,11,1,6,9,22,5,28,14,2,28,1,30:51,1,2020-21
2020-21,203500,Steven Adams,Steven,1610612740,NOP,New Orleans Pelicans,0022000053,2020-12-29T00:00:00,NOP @ PHX,L,23.166666666666668,5,5,1.0,0,0,0.0,1,2,0.5,3,5,8,1,4,0,1,0,1,2,11,-15,21.1,0,0,22.0,1,27,27,27,47,7,28,1,1,4,1,19,19,11,28,27,29,32,2,35,11,1,6,24,14,51,39,14,2,28,1,23:10,1,2020-21
2020-21,203500,Steven Adams,Steven,1610612740,NOP,New Orleans Pelicans,0022000067,2020-12-31T00:00:00,NOP @ OKC,W,31.44,7,13,0.538,0,0,0.0,0,0,0.0,6,4,10,2,0,1,1,0,1,2,14,15,35.0,1,0,30.0,1,1,1,1,14,1,1,37,1,4,1,29,40,29,10,34,19,19,42,14,11,1,6,24,2,8,7,1,2,7,1,31:26,1,2020-21
2020-21,203500,Steven Adams,Steven,1610612740,NOP,New Orleans Pelicans,0022000084,2021-01-02T00:00:00,NOP vs. TOR,W,31.4,4,7,0.571,0,0,0.0,5,8,0.625,4,6,10,1,3,2,0,0,2,4,13,4,29.5,1,0,28.0,1,1,1,1,15,16,11,33,1,4,1,2,1,9,19,18,19,32,6,7,26,1,26,4,4,20,18,1,2,13,1,31:24,1,2020-21
2020-21,203500,Steven Adams,Steven,1610612740,NOP,New Orleans Pelicans,0022000100,2021-01-04T00:00:00,NOP vs. IND,L,31.016666666666666,4,7,0.571,0,0,0.0,2,4,0.5,4,4,8,0,4,3,0,0,5,6,10,3,24.6,0,0,24.0,1,27,27,27,16,16,11,33,1,4,1,9,11,11,19,34,29,50,2,2,26,1,57,1,16,25,30,14,2,24,1,31:01,1,2020-21
2020-21,203500,Steven Adams,Steven,1610612740,NOP,New Orleans Pelicans,0022000114,2021-01-06T00:00:00,NOP vs. OKC,L,34.28333333333333,4,5,0.8,0,0,0.0,2,5,0.4,2,9,11,10,2,1,0,0,2,3,10,4,39.2,1,1,33.0,1,27,27,27,8,16,28,14,1,4,1,9,8,23,39,8,16,1,12,14,26,1,26,9,16,20,3,1,1,2,1,34:17,1,2020-21
2020-21,203500,Steven Adams,Steven,1610612740,NOP,New Orleans Pelicans,0022000126,2021-01-08T00:00:00,NOP vs. CHA,L,34.80833333333333,5,7,0.714,0,0,0.0,3,6,0.5,1,6,7,2,4,1,2,0,3,6,13,-4,29.4,0,0,28.0,1,27,27,27,6,7,11,17,1,4,1,4,4,11,45,18,36,19,2,14,3,1,41,1,4,36,19,14,2,13,1,34:49,1,2020-21
2020-21,203500,Steven Adams,Steven,1610612740,NOP,New Orleans Pelicans,0022000172,2021-01-13T00:00:00,NOP @ LAC,L,28.983333333333334,6,7,0.857,0,0,0.0,0,2,0.0,3,3,6,5,1,0,1,0,3,3,12,-2,28.7,0,0,25.0,1,27,27,27,29,3,11,12,1,4,1,29,19,29,28,41,41,2,21,35,11,1,41,9,8,31,23,14,2,21,1,28:59,1,2020-21
2020-21,203500,Steven Adams,Steven,1610612740,NOP,New Orleans Pelicans,0022000187,2021-01-15T00:00:00,NOP @ LAL,L,33.06666666666667,2,4,0.5,0,0,0.0,0,0,0.0,4,3,7,1,0,0,0,0,0,3,4,-21,13.9,0,0,12.0,1,27,27,27,9,37,37,38,1,4,1,29,40,29,19,41,36,32,42,35,26,1,1,9,43,55,51,14,2,51,1,33:04,1,2020-21
2020-21,203500,Steven Adams,Steven,1610612740,NOP,New Orleans Pelicans,0022000201,2021-01-17T00:00:00,NOP @ SAC,W,31.971666666666668,3,8,0.375,0,0,0.0,6,8,0.75,8,7,15,4,2,0,0,2,0,4,12,0,34.0,1,0,31.0,1,1,1,1,12,26,6,51,1,4,1,1,1,6,3,12,6,3,12,35,26,57,1,4,8,27,9,1,2,4,1,31:58,1,2020-21
2020-21,203500,Steven Adams,Steven,1610612740,NOP,New Orleans Pelicans,0022000214,2021-01-19T00:00:00,NOP @ UTA,L,23.666666666666668,3,6,0.5,0,0,0.0,0,0,0.0,5,4,9,1,1,1,0,1,0,1,6,-8,20.3,0,0,18.0,1,27,27,27,44,26,21,38,1,4,1,29,40,29,15,34,25,32,21,14,26,42,1,42,33,44,41,14,2,39,1,23:40,1,2020-21
2020-21,203500,Steven Adams,Steven,1610612740,NOP,New Orleans Pelicans,0022000227,2021-01-21T00:00:00,NOP @ UTA,L,30.4,4,9,0.444,0,0,0.0,0,0,0.0,6,10,16,3,5,1,1,1,4,0,8,-20,32.7,0,0,31.0,1,27,27,27,21,16,4,47,1,4,1,29,40,29,10,4,4,7,1,14,11,42,52,54,22,54,10,14,2,4,1,30:24,1,2020-21
2020-21,203500,Steven Adams,Steven,1610612740,NOP,New Orleans Pelicans,0022000246,2021-01-23T00:00:00,NOP @ MIN,L,23.316666666666666,2,3,0.667,0,0,0.0,1,2,0.5,3,0,3,2,3,0,0,0,3,3,5,-10,8.6,0,0,10.0,1,27,27,27,46,37,43,21,1,4,1,19,19,11,28,56,54,19,6,35,26,1,41,9,41,48,55,14,2,52,1,23:19,1,2020-21
2020-21,203500,Steven Adams,Steven,1610612740,NOP,New Orleans Pelicans,0022000279,2021-01-27T00:00:00,NOP vs. WAS,W,32.8,3,8,0.375,0,0,0.0,0,2,0.0,6,12,18,3,1,0,1,0,1,2,6,27,34.1,0,0,29.0,1,1,1,1,10,26,6,51,1,4,1,29,19,29,10,2,2,7,21,35,11,1,6,24,33,1,8,14,2,10,1,32:48,1,2020-21
2020-21,203500,Steven Adams,Steven,1610612740,NOP,New Orleans Pelicans,0022000293,2021-01-29T00:00:00,NOP vs. MIL,W,38.125,2,5,0.4,0,0,0.0,0,0,0.0,10,10,20,2,1,0,0,0,3,2,4,-4,30.0,0,0,26.0,1,1,1,1,2,37,28,49,1,4,1,29,40,29,1,4,1,19,21,35,26,1,41,24,43,36,17,14,2,18,1,38:08,1,2020-21
2020-21,203500,Steven Adams,Steven,1610612740,NOP,New Orleans Pelicans,0022000300,2021-01-30T00:00:00,NOP vs. HOU,L,23.633333333333333,2,3,0.667,0,1,0.0,0,0,0.0,1,1,2,1,3,1,0,0,2,2,4,-6,7.9,0,0,9.0,1,27,27,27,45,37,43,21,1,1,1,29,40,29,45,51,56,32,6,14,26,1,26,24,43,41,57,14,2,53,1,23:38,1,2020-21
2020-21,203500,Steven Adams,Steven,1610612740,NOP,New Orleans Pelicans,0022000335,2021-02-03T00:00:00,NOP vs. PHX,W,28.583333333333332,4,10,0.4,0,0,0.0,3,4,0.75,8,5,13,4,0,1,0,3,2,3,11,21,35.6,1,0,30.0,1,1,1,1,31,16,2,49,1,4,1,4,11,6,3,27,9,3,42,14,26,58,26,9,14,4,6,1,2,7,1,28:35,1,2020-21
2020-21,203500,Steven Adams,Steven,1610612740,NOP,New Orleans Pelicans,0022000343,2021-02-05T00:00:00,NOP @ IND,W,30.008333333333333,5,5,1.0,0,0,0.0,2,5,0.4,7,5,12,1,4,1,0,0,3,3,12,11,26.9,1,0,27.0,1,1,1,1,23,7,28,1,1,4,1,9,8,23,6,27,12,32,2,14,26,1,41,9,8,13,25,1,2,15,1,30:01,1,2020-21
2020-21,203500,Steven Adams,Steven,1610612740,NOP,New Orleans Pelicans,0022000355,2021-02-06T00:00:00,NOP vs. MEM,W,29.333333333333332,2,3,0.667,0,0,0.0,0,4,0.0,2,0,2,1,0,0,1,0,2,4,4,23,10.9,0,0,9.0,1,1,1,1,28,37,43,21,1,4,1,29,11,29,39,56,56,32,42,35,11,1,26,4,43,3,52,14,2,53,1,29:20,1,2020-21
2020-21,203500,Steven Adams,Steven,1610612740,NOP,New Orleans Pelicans,0022000377,2021-02-09T00:00:00,NOP vs. HOU,W,21.5,3,6,0.5,0,0,0.0,0,0,0.0,3,1,4,2,1,2,1,1,3,1,6,13,21.8,0,0,18.0,1,1,1,1,50,26,21,38,1,4,1,29,40,29,28,51,51,19,21,7,11,42,41,42,33,12,37,14,2,39,1,21:30,1,2020-21
2020-21,203500,Steven Adams,Steven,1610612740,NOP,New Orleans Pelicans,0022000385,2021-02-10T00:00:00,NOP @ CHI,L,21.733333333333334,1,2,0.5,0,0,0.0,1,1,1.0,4,2,6,2,1,2,0,0,1,1,3,-16,18.2,0,0,15.0,1,27,27,27,49,51,51,38,1,4,1,19,39,1,19,47,41,19,21,7,26,1,6,42,53,52,45,14,2,46,1,21:44,1,2020-21
2020-21,203500,Steven Adams,Steven,1610612740,NOP,New Orleans Pelicans,0022000399,2021-02-12T00:00:00,NOP @ DAL,L,19.833333333333332,2,4,0.5,0,0,0.0,0,0,0.0,4,0,4,1,2,0,0,1,2,1,4,-13,8.3,0,0,9.0,1,27,27,27,54,37,37,38,1,4,1,29,40,29,19,56,51,32,12,35,26,42,26,42,43,50,56,14,2,53,1,19:50,1,2020-21
2020-21,203500,Steven Adams,Steven,1610612740,NOP,New Orleans Pelicans,0022000561,2021-02-14T00:00:00,NOP @ DET,L,29.866666666666667,5,7,0.714,0,0,0.0,3,5,0.6,9,3,12,2,1,0,0,1,1,5,13,-2,29.4,1,0,27.0,1,27,27,27,25,7,11,17,1,4,1,4,8,10,2,41,12,19,21,35,26,42,6,3,4,31,19,1,2,15,1,29:52,1,2020-21
2020-21,203500,Steven Adams,Steven,1610612740,NOP,New Orleans Pelicans,0022000429,2021-02-16T00:00:00,NOP @ MEM,W,23.766666666666666,4,5,0.8,0,0,0.0,0,2,0.0,3,4,7,0,1,3,2,0,2,2,8,9,30.4,0,0,25.0,1,1,1,1,42,16,28,14,1,4,1,29,19,29,28,34,36,50,21,2,3,1,26,24,22,15,14,14,2,21,1,23:46,1,2020-21
2020-21,203500,Steven Adams,Steven,1610612740,NOP,New Orleans Pelicans,0022000441,2021-02-17T00:00:00,NOP vs. POR,L,9.583333333333334,1,1,1.0,0,0,0.0,0,0,0.0,1,2,3,0,0,0,0,0,1,0,2,-8,5.6,0,0,5.0,1,27,27,27,58,51,55,1,1,4,1,29,40,29,45,47,54,50,42,35,26,1,6,54,54,44,58,14,2,58,1,9:35,1,2020-21
2020-21,203500,Steven Adams,Steven,1610612740,NOP,New Orleans Pelicans,0022000494,2021-02-24T00:00:00,NOP vs. DET,W,30.691666666666666,7,8,0.875,0,0,0.0,0,2,0.0,6,9,15,3,1,1,2,0,1,2,14,10,44.5,1,0,38.0,1,1,1,1,19,1,6,11,1,4,1,29,19,29,10,8,6,7,21,14,3,1,6,24,2,14,1,1,2,1,1,30:42,1,2020-21
2020-21,203500,Steven Adams,Steven,1610612740,NOP,New Orleans Pelicans,0022000503,2021-02-25T00:00:00,NOP @ MIL,L,27.696666666666665,3,4,0.75,0,0,0.0,1,2,0.5,5,8,13,4,0,1,2,0,2,1,7,-4,37.6,0,0,30.0,1,27,27,27,32,26,37,16,1,4,1,19,19,11,15,10,9,3,42,14,3,1,26,42,29,36,5,14,2,7,1,27:42,1,2020-21
2020-21,203500,Steven Adams,Steven,1610612740,NOP,New Orleans Pelicans,0022000514,2021-02-27T00:00:00,NOP @ SAS,L,26.591666666666665,3,5,0.6,0,0,0.0,1,2,0.5,0,6,6,3,1,0,0,1,3,2,7,-1,17.7,0,0,16.0,1,27,27,27,35,26,28,29,1,4,1,19,19,11,56,18,41,7,21,35,26,42,41,24,29,29,46,14,2,44,1,26:36,1,2020-21
2020-21,203500,Steven Adams,Steven,1610612740,NOP,New Orleans Pelicans,0022000533,2021-03-01T00:00:00,NOP vs. UTA,W,25.971666666666668,2,6,0.333,0,0,0.0,1,2,0.5,1,10,11,0,1,1,0,1,2,2,5,5,20.2,0,0,18.0,1,1,1,1,37,37,21,53,1,4,1,19,19,11,45,4,16,50,21,14,26,42,26,24,41,17,42,14,2,39,1,25:58,1,2020-21
2020-21,203500,Steven Adams,Steven,1610612740,NOP,New Orleans Pelicans,0022000548,2021-03-03T00:00:00,NOP vs. CHI,L,21.266666666666666,0,1,0.0,0,0,0.0,0,2,0.0,2,3,5,0,0,0,1,1,0,1,0,-24,9.0,0,0,7.0,1,27,27,27,51,56,55,56,1,4,1,29,19,29,39,41,44,50,42,35,11,42,1,42,57,57,54,14,2,56,1,21:16,1,2020-21
2020-21,203500,Steven Adams,Steven,1610612740,NOP,New Orleans Pelicans,0022000557,2021-03-04T00:00:00,NOP vs. MIA,L,25.25,6,7,0.857,0,0,0.0,3,7,0.429,3,2,5,1,1,0,0,1,4,4,15,-9,21.5,0,0,21.0,1,27,27,27,39,3,11,12,1,4,1,4,3,22,28,47,44,32,21,35,26,42,52,4,1,46,38,14,2,32,1,25:15,1,2020-21
2020-21,203500,Steven Adams,Steven,1610612740,NOP,New Orleans Pelicans,0022000574,2021-03-11T00:00:00,NOP vs. MIN,L,28.616666666666667,6,10,0.6,0,1,0.0,1,2,0.5,7,5,12,0,1,1,0,0,1,3,13,-16,29.4,1,0,27.0,1,27,27,27,30,3,2,29,1,1,1,19,19,11,6,27,12,50,21,14,26,1,6,9,4,52,19,1,2,15,1,28:37,1,2020-21
2020-21,203500,Steven Adams,Steven,1610612740,NOP,New Orleans Pelicans,0022000581,2021-03-12T00:00:00,NOP vs. CLE,W,21.1,5,5,1.0,0,0,0.0,0,0,0.0,3,14,17,2,3,0,0,0,1,0,10,25,30.4,1,0,29.0,1,1,1,1,52,7,28,1,1,4,1,29,40,29,28,1,3,19,6,35,26,1,6,54,16,2,14,1,2,10,1,21:06,1,2020-21
2020-21,203500,Steven Adams,Steven,1610612740,NOP,New Orleans Pelicans,0022000601,2021-03-14T00:00:00,NOP vs. LAC,W,19.583333333333332,3,3,1.0,0,0,0.0,3,4,0.75,1,7,8,2,1,2,0,0,1,3,9,14,26.6,0,0,23.0,1,1,1,1,55,26,43,1,1,4,1,4,11,6,45,12,29,19,21,7,26,1,6,9,21,10,26,14,2,26,1,19:35,1,2020-21
2020-21,203500,Steven Adams,Steven,1610612740,NOP,New Orleans Pelicans,0022000614,2021-03-16T00:00:00,NOP @ POR,L,25.151666666666667,2,4,0.5,0,0,0.0,0,0,0.0,4,1,5,2,2,1,0,0,4,0,4,4,14.0,0,0,13.0,1,27,27,27,40,37,37,38,1,4,1,29,40,29,19,51,44,19,12,14,26,1,52,54,43,20,50,14,2,48,1,25:09,1,2020-21
2020-21,203500,Steven Adams,Steven,1610612740,NOP,New Orleans Pelicans,0022000629,2021-03-18T00:00:00,NOP @ POR,L,34.56333333333333,2,3,0.667,0,0,0.0,2,2,1.0,5,5,10,2,1,1,0,0,5,2,6,-2,23.0,0,0,20.0,1,27,27,27,7,37,43,21,1,4,1,9,19,1,15,27,19,19,21,14,26,1,57,24,33,31,33,14,2,38,1,34:34,1,2020-21
2020-21,203500,Steven Adams,Steven,1610612740,NOP,New Orleans Pelicans,0022000646,2021-03-21T00:00:00,NOP @ DEN,W,36.153333333333336,1,4,0.25,0,0,0.0,2,6,0.333,7,6,13,3,3,1,2,0,2,4,4,-5,30.1,0,0,26.0,1,1,1,1,4,51,37,55,1,4,1,9,4,25,6,18,9,7,6,14,3,1,26,4,43,39,16,14,2,18,1,36:09,1,2020-21
2020-21,203500,Steven Adams,Steven,1610612740,NOP,New Orleans Pelicans,0022000663,2021-03-23T00:00:00,NOP vs. LAL,W,25.6,6,6,1.0,0,0,0.0,0,0,0.0,1,6,7,0,1,0,1,0,3,1,12,14,22.4,0,0,21.0,1,1,1,1,38,3,21,1,1,4,1,29,40,29,45,18,36,50,21,35,11,1,41,42,8,10,36,14,2,32,1,25:36,1,2020-21
2020-21,203500,Steven Adams,Steven,1610612740,NOP,New Orleans Pelicans,0022000689,2021-03-26T00:00:00,NOP vs. DEN,L,41.11666666666667,3,7,0.429,0,1,0.0,2,2,1.0,1,3,4,1,1,1,1,0,1,3,8,-23,19.3,0,0,17.0,1,27,27,27,1,26,11,48,1,1,1,9,19,1,45,41,51,32,21,14,11,1,6,9,22,56,44,14,2,42,1,41:07,1,2020-21
2020-21,203500,Steven Adams,Steven,1610612740,NOP,New Orleans Pelicans,0022000698,2021-03-27T00:00:00,NOP vs. DAL,W,30.166666666666668,2,2,1.0,0,0,0.0,0,0,0.0,3,4,7,1,0,1,4,0,2,0,4,4,28.9,0,0,22.0,1,1,1,1,22,37,51,1,1,4,1,29,40,29,28,34,36,32,42,14,1,1,26,54,43,20,22,14,2,28,1,30:10,1,2020-21
2020-21,203500,Steven Adams,Steven,1610612740,NOP,New Orleans Pelicans,0022000708,2021-03-29T00:00:00,NOP @ BOS,W,29.883333333333333,2,2,1.0,0,0,0.0,0,4,0.0,1,4,5,1,1,2,1,0,3,2,4,-9,19.5,0,0,16.0,1,1,1,1,24,37,51,1,1,4,1,29,11,29,45,34,44,32,21,7,11,1,41,24,43,46,43,14,2,44,1,29:53,1,2020-21
2020-21,203500,Steven Adams,Steven,1610612740,NOP,New Orleans Pelicans,0022000734,2021-04-01T00:00:00,NOP vs. ORL,L,36.515,4,8,0.5,0,0,0.0,0,0,0.0,3,7,10,3,2,0,0,1,4,2,8,4,22.5,0,0,21.0,1,27,27,27,3,16,6,38,1,4,1,29,40,29,28,12,19,7,12,35,26,42,52,24,22,20,35,14,2,32,1,36:31,1,2020-21
2020-21,203500,Steven Adams,Steven,1610612740,NOP,New Orleans Pelicans,0022000760,2021-04-04T00:00:00,NOP @ HOU,W,22.15,5,9,0.556,0,0,0.0,2,6,0.333,7,4,11,3,1,2,1,1,3,3,12,3,37.7,1,0,32.0,1,1,1,1,48,7,4,36,1,4,1,9,4,25,6,34,16,7,21,7,11,42,41,9,8,25,4,1,2,3,1,22:09,1,2020-21
2020-21,203500,Steven Adams,Steven,1610612740,NOP,New Orleans Pelicans,0022000770,2021-04-06T00:00:00,NOP @ ATL,L,25.1,2,6,0.333,0,0,0.0,2,4,0.5,6,2,8,1,2,3,0,1,1,3,6,-25,24.1,0,0,21.0,1,27,27,27,41,37,21,53,1,4,1,9,11,11,10,47,29,32,12,2,26,42,6,9,33,58,31,14,2,32,1,25:06,1,2020-21
2020-21,203500,Steven Adams,Steven,1610612740,NOP,New Orleans Pelicans,0022000779,2021-04-07T00:00:00,NOP @ BKN,L,20.1,4,6,0.667,0,0,0.0,0,2,0.0,4,1,5,1,1,0,0,0,1,2,8,-10,14.5,0,0,14.0,1,27,27,27,53,16,21,21,1,4,1,29,19,29,19,51,44,32,21,35,26,1,6,24,22,48,49,14,2,47,1,20:06,1,2020-21
2020-21,203500,Steven Adams,Steven,1610612740,NOP,New Orleans Pelicans,0022000795,2021-04-09T00:00:00,NOP vs. PHI,W,27.133333333333333,3,5,0.6,0,0,0.0,1,4,0.25,2,3,5,1,1,3,3,0,4,2,7,-7,31.5,0,0,25.0,1,1,1,1,33,26,28,29,1,4,1,19,11,28,39,41,44,32,21,2,2,1,52,24,29,42,13,14,2,21,1,27:08,1,2020-21
2020-21,203500,Steven Adams,Steven,1610612740,NOP,New Orleans Pelicans,0022000807,2021-04-11T00:00:00,NOP @ CLE,W,26.951666666666668,0,1,0.0,0,0,0.0,0,0,0.0,1,7,8,3,2,1,0,1,1,2,0,-7,15.1,0,0,13.0,1,1,1,1,34,56,55,56,1,4,1,29,40,29,45,12,29,7,12,14,26,42,6,24,57,42,48,14,2,48,1,26:57,1,2020-21
2020-21,203500,Steven Adams,Steven,1610612740,NOP,New Orleans Pelicans,0022000819,2021-04-12T00:00:00,NOP vs. SAC,W,26.5,2,4,0.5,0,0,0.0,2,6,0.333,5,11,16,0,0,1,0,0,1,3,6,-2,28.2,0,0,24.0,1,1,1,1,36,37,37,38,1,4,1,9,4,25,15,3,4,50,42,14,26,1,6,9,33,31,24,14,2,24,1,26:30,1,2020-21
2020-21,203500,Steven Adams,Steven,1610612740,NOP,New Orleans Pelicans,0022000835,2021-04-14T00:00:00,NOP vs. NYK,L,30.816666666666666,5,7,0.714,0,0,0.0,0,0,0.0,3,7,10,3,0,0,0,1,1,2,10,17,26.5,1,0,23.0,1,27,27,27,18,7,11,17,1,4,1,29,40,29,28,12,19,7,42,35,26,42,6,24,16,6,27,1,2,26,1,30:49,1,2020-21
2020-21,203500,Steven Adams,Steven,1610612740,NOP,New Orleans Pelicans,0022000847,2021-04-16T00:00:00,NOP @ WAS,L,29.65,1,1,1.0,0,0,0.0,4,4,1.0,2,10,12,4,0,0,2,0,1,3,6,7,32.4,0,0,26.0,1,27,27,27,26,51,55,1,1,4,1,3,11,1,39,4,12,3,42,35,3,1,6,9,33,16,11,14,2,18,1,29:39,1,2020-21
2020-21,203500,Steven Adams,Steven,1610612740,NOP,New Orleans Pelicans,0022000862,2021-04-18T00:00:00,NOP @ NYK,L,36.145,5,7,0.714,0,0,0.0,0,2,0.0,8,6,14,3,2,1,0,0,2,3,10,-1,32.3,1,0,29.0,1,27,27,27,5,7,11,17,1,4,1,29,19,29,3,18,8,7,12,14,26,1,26,9,16,29,12,1,2,10,1,36:09,1,2020-21
2020-21,203500,Steven Adams,Steven,1610612740,NOP,New Orleans Pelicans,0022000878,2021-04-20T00:00:00,NOP vs. BKN,L,29.475,3,5,0.6,0,0,0.0,1,2,0.5,0,5,5,1,0,0,2,0,3,2,7,0,20.5,0,0,17.0,1,27,27,27,27,26,28,29,1,4,1,19,19,11,56,27,44,32,42,35,3,1,41,24,29,27,40,14,2,42,1,29:29,1,2020-21
2020-21,203500,Steven Adams,Steven,1610612740,NOP,New Orleans Pelicans,0022000893,2021-04-22T00:00:00,NOP @ ORL,W,16.02,5,8,0.625,0,0,0.0,2,2,1.0,1,8,9,0,0,0,0,0,2,1,12,15,22.8,0,0,21.0,1,1,1,1,56,7,6,28,1,4,1,9,19,1,45,10,25,50,42,35,26,1,26,42,8,8,34,14,2,32,1,16:01,1,2020-21
2020-21,203500,Steven Adams,Steven,1610612740,NOP,New Orleans Pelicans,0022000264,2021-04-24T00:00:00,NOP vs. SAS,L,31.851666666666667,2,3,0.667,0,0,0.0,0,2,0.0,4,6,10,1,3,3,0,0,2,1,4,-2,23.5,0,0,21.0,1,27,27,27,13,37,43,21,1,4,1,29,19,29,19,18,19,32,6,2,26,1,26,42,43,31,32,14,2,32,1,31:51,1,2020-21
2020-21,203500,Steven Adams,Steven,1610612740,NOP,New Orleans Pelicans,0022000940,2021-04-28T00:00:00,NOP @ DEN,L,12.883333333333333,1,2,0.5,0,0,0.0,0,0,0.0,0,1,1,2,0,1,0,0,1,1,2,-5,9.2,0,0,7.0,1,27,27,27,57,51,51,38,1,4,1,29,40,29,56,51,58,19,42,14,26,1,6,42,54,39,53,14,2,56,1,12:53,1,2020-21
2020-21,203500,Steven Adams,Steven,1610612740,NOP,New Orleans Pelicans,0022000987,2021-05-04T00:00:00,NOP vs. GSW,W,23.683333333333334,0,3,0.0,0,0,0.0,1,2,0.5,1,7,8,2,0,0,1,1,0,1,1,5,16.6,0,0,13.0,1,1,1,1,43,56,43,56,1,4,1,19,19,11,45,12,29,19,42,35,11,42,1,42,56,17,47,14,2,48,1,23:41,1,2020-21
2021-22,203500,Steven Adams,Steven,1610612763,MEM,Memphis Grizzlies,0022100007,2021-10-20T00:00:00,MEM vs. CLE,W,31.75,4,7,0.571,0,0,0.0,0,0,0.0,6,8,14,3,2,1,1,0,0,1,8,1,33.3,0,0,29.0,1,1,1,1,11,15,16,40,1,2,1,45,51,45,21,9,8,35,14,19,15,1,1,53,24,50,24,15,1,22,1,31:45,1,2021-22
2021-22,203500,Steven Adams,Steven,1610612763,MEM,Memphis Grizzlies,0022100034,2021-10-23T00:00:00,MEM @ LAC,W,26.796666666666667,6,9,0.667,0,0,0.0,5,5,1.0,5,4,9,5,1,2,0,1,0,5,17,17,40.3,0,0,35.0,1,1,1,1,36,4,4,21,1,2,1,1,14,1,28,52,40,8,37,6,39,42,1,7,2,13,10,15,1,11,1,26:48,1,2021-22
2021-22,203500,Steven Adams,Steven,1610612763,MEM,Memphis Grizzlies,0022100040,2021-10-24T00:00:00,MEM @ LAL,L,33.67333333333333,7,11,0.636,0,0,0.0,0,0,0.0,8,8,16,6,4,0,0,1,5,2,14,15,38.2,1,0,36.0,1,52,52,52,8,2,1,30,1,2,1,45,51,45,4,9,2,4,2,42,39,42,73,36,7,17,14,1,1,9,1,33:40,1,2021-22
2021-22,203500,Steven Adams,Steven,1610612763,MEM,Memphis Grizzlies,0022100063,2021-10-27T00:00:00,MEM @ POR,L,17.783333333333335,2,8,0.25,0,0,0.0,0,0,0.0,5,2,7,0,0,0,0,1,4,1,4,-20,12.4,0,0,11.0,1,52,52,52,74,35,7,61,1,2,1,45,51,45,28,70,58,75,62,42,39,42,66,53,47,73,70,15,1,70,1,17:47,1,2021-22
2021-22,203500,Steven Adams,Steven,1610612763,MEM,Memphis Grizzlies,0022100070,2021-10-28T00:00:00,MEM @ GSW,W,21.323333333333334,4,6,0.667,0,0,0.0,4,4,1.0,3,4,7,2,3,2,1,1,0,2,12,-5,29.4,0,0,27.0,1,1,1,1,59,15,24,21,1,2,1,7,17,1,47,52,58,50,4,6,15,42,1,36,12,58,32,15,1,26,1,21:19,1,2021-22
2021-22,203500,Steven Adams,Steven,1610612763,MEM,Memphis Grizzlies,0022100084,2021-10-30T00:00:00,MEM vs. MIA,L,18.933333333333334,1,1,1.0,0,0,0.0,4,4,1.0,1,4,5,2,0,0,0,0,1,2,6,-12,15.0,0,0,13.0,1,52,52,52,72,55,72,1,1,2,1,7,17,1,70,52,69,50,62,42,39,1,10,36,31,63,67,15,1,66,1,18:56,1,2021-22
2021-22,203500,Steven Adams,Steven,1610612763,MEM,Memphis Grizzlies,0022100100,2021-11-01T00:00:00,MEM vs. DEN,W,30.85,3,8,0.375,0,0,0.0,0,0,0.0,1,6,7,1,1,1,2,0,1,1,6,2,23.9,0,0,20.0,1,1,1,1,17,23,7,51,1,2,1,45,51,45,70,24,58,68,37,19,9,1,10,53,31,45,45,15,1,45,1,30:51,1,2021-22
2021-22,203500,Steven Adams,Steven,1610612763,MEM,Memphis Grizzlies,0022100114,2021-11-03T00:00:00,MEM vs. DEN,W,30.253333333333334,3,5,0.6,0,0,0.0,2,2,1.0,1,7,8,4,1,1,0,0,2,3,8,9,25.6,0,0,22.0,1,1,1,1,19,23,30,34,1,2,1,18,34,1,70,12,49,21,37,19,39,1,32,24,24,28,40,15,1,37,1,30:15,1,2021-22
2021-22,203500,Steven Adams,Steven,1610612763,MEM,Memphis Grizzlies,0022100126,2021-11-05T00:00:00,MEM @ WAS,L,19.6,2,5,0.4,0,0,0.0,1,2,0.5,3,3,6,2,0,0,0,1,1,1,5,-20,15.2,0,0,13.0,1,52,52,52,70,35,30,50,1,2,1,32,34,23,47,59,62,50,62,42,39,42,10,53,42,73,65,15,1,66,1,19:36,1,2021-22
2021-22,203500,Steven Adams,Steven,1610612763,MEM,Memphis Grizzlies,0022100149,2021-11-08T00:00:00,MEM vs. MIN,W,19.466666666666665,1,4,0.25,0,0,0.0,1,1,1.0,2,1,3,1,2,0,1,1,2,2,3,-17,9.1,0,0,9.0,1,1,1,1,71,55,40,61,1,2,1,32,47,1,60,74,74,68,14,42,15,42,32,36,60,72,74,15,1,74,1,19:28,1,2021-22
2021-22,203500,Steven Adams,Steven,1610612763,MEM,Memphis Grizzlies,0022100164,2021-11-10T00:00:00,MEM vs. CHA,L,28.35,4,5,0.8,0,0,0.0,1,5,0.2,8,6,14,3,2,0,2,0,1,5,9,9,34.3,0,0,30.0,1,52,52,52,27,15,30,13,1,2,1,32,14,44,4,24,8,35,14,42,9,1,10,7,20,28,21,15,1,19,1,28:21,1,2021-22
2021-22,203500,Steven Adams,Steven,1610612763,MEM,Memphis Grizzlies,0022100178,2021-11-12T00:00:00,MEM vs. PHX,L,21.766666666666666,2,6,0.333,0,0,0.0,1,4,0.25,6,4,10,1,1,1,0,1,2,4,5,-26,20.5,0,0,18.0,1,52,52,52,58,35,24,52,1,2,1,32,17,42,21,52,37,68,37,19,39,42,32,12,42,76,56,15,1,57,1,21:46,1,2021-22
2021-22,203500,Steven Adams,Steven,1610612763,MEM,Memphis Grizzlies,0022100188,2021-11-13T00:00:00,MEM @ NOP,L,36.65,5,8,0.625,0,0,0.0,5,7,0.714,4,5,9,4,1,2,3,0,3,4,15,0,45.8,0,0,38.0,1,52,52,52,3,10,7,31,1,2,1,1,4,17,38,37,40,21,37,6,1,1,52,12,5,53,4,15,1,5,1,36:39,1,2021-22
2021-22,203500,Steven Adams,Steven,1610612763,MEM,Memphis Grizzlies,0022100205,2021-11-15T00:00:00,MEM vs. HOU,W,21.15,0,1,0.0,0,0,0.0,2,4,0.5,2,3,5,4,1,2,0,1,2,2,2,21,19.0,0,0,15.0,1,1,1,1,61,73,72,73,1,2,1,18,17,23,60,59,69,21,37,6,39,42,32,36,65,9,60,15,1,61,1,21:09,1,2021-22
2021-22,203500,Steven Adams,Steven,1610612763,MEM,Memphis Grizzlies,0022100226,2021-11-18T00:00:00,MEM vs. LAC,W,26.8,1,4,0.25,0,0,0.0,0,0,0.0,5,5,10,5,4,0,1,1,3,0,2,15,20.5,0,0,19.0,1,1,1,1,35,55,40,61,1,2,1,45,51,45,28,37,37,8,2,42,15,42,52,68,65,17,56,15,1,50,1,26:48,1,2021-22
2021-22,203500,Steven Adams,Steven,1610612763,MEM,Memphis Grizzlies,0022100245,2021-11-20T00:00:00,MEM @ MIN,L,17.85,1,1,1.0,0,0,0.0,4,6,0.667,0,2,2,1,2,0,1,0,2,4,6,-21,10.9,0,0,11.0,1,52,52,52,73,55,72,1,1,2,1,7,9,19,76,70,75,68,14,42,15,1,32,12,31,75,72,15,1,70,1,17:51,1,2021-22
2021-22,203500,Steven Adams,Steven,1610612763,MEM,Memphis Grizzlies,0022100261,2021-11-22T00:00:00,MEM @ UTA,W,24.483333333333334,0,3,0.0,0,0,0.0,2,2,1.0,4,4,8,4,0,3,1,1,2,3,2,4,29.6,0,0,22.0,1,1,1,1,45,73,56,73,1,2,1,18,34,1,38,52,49,21,62,2,15,42,32,24,65,42,31,15,1,37,1,24:29,1,2021-22
2021-22,203500,Steven Adams,Steven,1610612763,MEM,Memphis Grizzlies,0022100272,2021-11-24T00:00:00,MEM vs. TOR,L,19.916666666666668,1,3,0.333,0,0,0.0,0,0,0.0,2,4,6,2,2,0,0,0,1,1,2,-3,10.2,0,0,10.0,1,52,52,52,69,55,56,52,1,2,1,45,51,45,60,52,62,50,14,42,39,1,10,53,65,54,73,15,1,73,1,19:55,1,2021-22
2021-22,203500,Steven Adams,Steven,1610612763,MEM,Memphis Grizzlies,0022100285,2021-11-26T00:00:00,MEM vs. ATL,L,17.733333333333334,1,1,1.0,0,0,0.0,0,0,0.0,1,1,2,2,1,0,0,0,0,1,2,-16,6.4,0,0,6.0,1,52,52,52,75,55,72,1,1,2,1,45,51,45,70,74,75,50,37,42,39,1,1,53,65,69,76,15,1,76,1,17:44,1,2021-22
2021-22,203500,Steven Adams,Steven,1610612763,MEM,Memphis Grizzlies,0022100303,2021-11-28T00:00:00,MEM vs. SAC,W,20.716666666666665,1,4,0.25,0,0,0.0,1,2,0.5,4,8,12,4,2,1,3,2,3,4,3,22,33.4,0,0,27.0,1,1,1,1,64,55,40,61,1,2,1,32,34,23,38,9,22,21,14,19,1,69,52,12,60,8,23,15,1,26,1,20:43,1,2021-22
2021-22,203500,Steven Adams,Steven,1610612763,MEM,Memphis Grizzlies,0022100315,2021-11-30T00:00:00,MEM @ TOR,W,26.416666666666668,2,3,0.667,0,0,0.0,0,0,0.0,3,5,8,2,2,2,0,1,0,4,4,-3,20.6,0,0,18.0,1,1,1,1,40,35,56,21,1,2,1,45,51,45,47,37,49,50,14,6,39,42,1,12,47,54,55,15,1,57,1,26:25,1,2021-22
2021-22,203500,Steven Adams,Steven,1610612763,MEM,Memphis Grizzlies,0022100330,2021-12-02T00:00:00,MEM vs. OKC,W,21.216666666666665,2,2,1.0,0,0,0.0,5,6,0.833,2,6,8,2,0,0,1,0,2,3,9,39,24.6,0,0,21.0,1,1,1,1,60,35,66,1,1,2,1,1,9,14,60,24,49,50,62,42,15,1,32,24,20,1,42,15,1,41,1,21:13,1,2021-22
2021-22,203500,Steven Adams,Steven,1610612763,MEM,Memphis Grizzlies,0022100345,2021-12-04T00:00:00,MEM @ DAL,W,27.36,4,7,0.571,0,0,0.0,3,7,0.429,8,5,13,3,2,1,0,1,2,7,11,14,32.1,1,0,29.0,1,1,1,1,32,15,16,40,1,2,1,11,4,33,4,37,15,35,14,19,39,42,32,2,16,20,28,1,1,22,1,27:22,1,2021-22
2021-22,203500,Steven Adams,Steven,1610612763,MEM,Memphis Grizzlies,0022100356,2021-12-06T00:00:00,MEM @ MIA,W,31.05,6,8,0.75,0,0,0.0,5,9,0.556,7,9,16,2,2,1,1,1,3,7,17,15,43.2,1,0,39.0,1,1,1,1,14,4,7,15,1,2,1,1,1,21,13,4,2,50,14,19,15,42,52,2,2,17,6,1,1,4,1,31:03,1,2021-22
2021-22,203500,Steven Adams,Steven,1610612763,MEM,Memphis Grizzlies,0022100373,2021-12-08T00:00:00,MEM vs. DAL,L,30.07,2,4,0.5,0,0,0.0,2,6,0.333,3,6,9,3,6,2,0,0,2,7,6,2,21.3,0,0,22.0,1,52,52,52,22,35,40,45,1,2,1,18,9,37,47,24,40,35,1,6,39,1,32,2,31,45,52,15,1,37,1,30:04,1,2021-22
2021-22,203500,Steven Adams,Steven,1610612763,MEM,Memphis Grizzlies,0022100380,2021-12-09T00:00:00,MEM vs. LAL,W,30.25,1,3,0.333,0,0,0.0,2,6,0.333,8,5,13,2,3,0,0,2,0,4,4,-6,19.6,0,0,19.0,1,1,1,1,20,55,56,52,1,2,1,18,9,37,4,37,15,50,4,42,39,69,1,12,47,59,58,15,1,50,1,30:15,1,2021-22
2021-22,203500,Steven Adams,Steven,1610612763,MEM,Memphis Grizzlies,0022100395,2021-12-11T00:00:00,MEM vs. HOU,W,21.016666666666666,3,4,0.75,0,0,0.0,0,0,0.0,2,7,9,3,2,0,0,0,1,1,6,13,19.3,0,0,18.0,1,1,1,1,62,23,40,15,1,2,1,45,51,45,60,12,40,35,14,42,39,1,10,53,31,24,59,15,1,57,1,21:01,1,2021-22
2021-22,203500,Steven Adams,Steven,1610612763,MEM,Memphis Grizzlies,0022100409,2021-12-13T00:00:00,MEM vs. PHI,W,20.135,3,5,0.6,0,0,0.0,0,0,0.0,2,2,4,1,1,1,0,1,1,1,6,9,14.3,0,0,13.0,1,1,1,1,67,23,30,34,1,2,1,45,51,45,60,70,73,68,37,19,39,42,10,53,31,28,68,15,1,66,1,20:08,1,2021-22
2021-22,203500,Steven Adams,Steven,1610612763,MEM,Memphis Grizzlies,0022100426,2021-12-15T00:00:00,MEM @ POR,W,30.06,4,6,0.667,0,0,0.0,2,2,1.0,7,7,14,2,3,3,0,1,2,2,10,5,35.8,1,0,32.0,1,1,1,1,24,15,24,21,1,2,1,18,34,1,13,12,8,50,4,2,39,42,32,36,17,37,18,1,1,14,1,30:04,1,2021-22
2021-22,203500,Steven Adams,Steven,1610612763,MEM,Memphis Grizzlies,0022100440,2021-12-17T00:00:00,MEM @ SAC,W,30.516666666666666,1,4,0.25,0,0,0.0,3,7,0.429,5,7,12,4,1,1,0,0,2,7,5,1,27.4,0,0,23.0,1,1,1,1,18,55,40,61,1,2,1,11,4,33,28,12,22,21,37,19,39,1,32,2,42,50,36,15,1,34,1,30:31,1,2021-22
2021-22,203500,Steven Adams,Steven,1610612763,MEM,Memphis Grizzlies,0022100450,2021-12-19T00:00:00,MEM vs. POR,L,35.77166666666667,5,8,0.625,0,0,0.0,3,3,1.0,4,5,9,5,0,3,0,2,0,4,13,6,40.3,0,0,33.0,1,52,52,52,4,10,7,31,1,2,1,11,28,1,38,37,40,8,62,2,39,69,1,12,9,34,10,15,1,13,1,35:46,1,2021-22
2021-22,203500,Steven Adams,Steven,1610612763,MEM,Memphis Grizzlies,0022100460,2021-12-20T00:00:00,MEM vs. OKC,L,20.066666666666666,1,5,0.2,0,0,0.0,1,1,1.0,5,9,14,3,2,0,0,2,1,2,3,-3,22.3,0,0,20.0,1,52,52,52,68,55,30,72,1,2,1,32,47,1,28,4,8,35,14,42,39,69,10,36,60,54,47,15,1,45,1,20:04,1,2021-22
2021-22,203500,Steven Adams,Steven,1610612763,MEM,Memphis Grizzlies,0022100485,2021-12-23T00:00:00,MEM @ GSW,L,22.916666666666668,0,2,0.0,0,0,0.0,0,0,0.0,2,3,5,2,0,0,0,0,1,0,0,-4,9.0,0,0,7.0,1,52,52,52,53,73,66,73,1,2,1,45,51,45,60,59,69,50,62,42,39,1,10,68,76,57,75,15,1,75,1,22:55,1,2021-22
2021-22,203500,Steven Adams,Steven,1610612763,MEM,Memphis Grizzlies,0022100496,2021-12-26T00:00:00,MEM @ SAC,W,26.805,5,8,0.625,0,0,0.0,0,0,0.0,6,3,9,6,1,2,0,2,3,0,10,31,34.8,0,0,29.0,1,1,1,1,34,10,7,31,1,2,1,45,51,45,21,59,40,4,37,6,39,69,52,68,17,2,20,15,1,22,1,26:48,1,2021-22
2021-22,203500,Steven Adams,Steven,1610612763,MEM,Memphis Grizzlies,0022100505,2021-12-27T00:00:00,MEM @ PHX,W,31.456666666666667,4,5,0.8,0,0,0.0,5,7,0.714,9,7,16,7,3,0,1,0,4,4,13,14,42.7,1,0,38.0,1,1,1,1,13,15,30,13,1,2,1,1,4,17,2,12,2,3,4,42,15,1,66,12,9,20,8,1,1,5,1,31:27,1,2021-22
2021-22,203500,Steven Adams,Steven,1610612763,MEM,Memphis Grizzlies,0022100520,2021-12-29T00:00:00,MEM vs. LAL,W,26.433333333333334,2,2,1.0,0,0,0.0,0,0,0.0,3,3,6,1,0,0,0,0,0,3,4,1,12.7,0,0,11.0,1,1,1,1,39,35,66,1,1,2,1,45,51,45,47,59,62,68,62,42,39,1,1,24,47,50,69,15,1,70,1,26:26,1,2021-22
2021-22,203500,Steven Adams,Steven,1610612763,MEM,Memphis Grizzlies,0022100535,2021-12-31T00:00:00,MEM vs. SAS,W,26.483333333333334,5,10,0.5,0,0,0.0,2,5,0.4,8,5,13,3,1,0,2,2,3,5,12,4,37.1,1,0,32.0,1,1,1,1,37,10,3,45,1,2,1,18,14,36,4,37,15,35,37,42,9,69,52,7,12,42,15,1,1,14,1,26:29,1,2021-22
2021-22,203500,Steven Adams,Steven,1610612763,MEM,Memphis Grizzlies,0022100554,2022-01-03T00:00:00,MEM @ BKN,W,26.908333333333335,3,5,0.6,0,0,0.0,0,0,0.0,7,5,12,5,3,1,0,0,2,1,6,20,27.9,0,0,25.0,1,1,1,1,33,23,30,34,1,2,1,45,51,45,13,37,22,8,4,19,39,1,32,53,31,10,35,15,1,30,1,26:55,1,2021-22
2021-22,203500,Steven Adams,Steven,1610612763,MEM,Memphis Grizzlies,0022100562,2022-01-04T00:00:00,MEM @ CLE,W,32.82666666666667,3,5,0.6,0,0,0.0,1,2,0.5,5,6,11,3,1,0,1,0,1,1,7,2,26.7,0,0,23.0,1,1,1,1,9,23,30,34,1,2,1,32,34,23,28,24,28,35,37,42,15,1,10,53,28,45,38,15,1,34,1,32:50,1,2021-22
2021-22,203500,Steven Adams,Steven,1610612763,MEM,Memphis Grizzlies,0022100579,2022-01-06T00:00:00,MEM vs. DET,W,22.016666666666666,0,2,0.0,0,0,0.0,2,6,0.333,5,9,14,4,1,0,1,1,1,3,2,26,26.8,0,0,22.0,1,1,1,1,56,73,66,73,1,2,1,18,9,37,28,4,8,21,37,42,15,42,10,24,65,4,37,15,1,37,1,22:01,1,2021-22
2021-22,203500,Steven Adams,Steven,1610612763,MEM,Memphis Grizzlies,0022100639,2022-01-14T00:00:00,MEM vs. DAL,L,20.791666666666668,3,4,0.75,0,0,0.0,0,0,0.0,4,2,6,3,1,2,2,0,3,1,6,-14,28.7,0,0,23.0,1,52,52,52,63,23,40,15,1,2,1,45,51,45,38,70,62,35,37,6,9,1,52,53,31,67,34,15,1,34,1,20:48,1,2021-22
2021-22,203500,Steven Adams,Steven,1610612763,MEM,Memphis Grizzlies,0022100658,2022-01-17T00:00:00,MEM vs. CHI,W,22.616666666666667,1,3,0.333,0,0,0.0,0,1,0.0,4,6,10,6,1,2,1,0,1,1,2,8,31.0,0,0,24.0,1,1,1,1,55,55,56,52,1,2,1,45,47,45,38,24,37,4,37,6,15,1,10,53,65,31,29,15,1,33,1,22:37,1,2021-22
2021-22,203500,Steven Adams,Steven,1610612763,MEM,Memphis Grizzlies,0022100674,2022-01-19T00:00:00,MEM @ MIL,L,26.133333333333333,2,8,0.25,0,0,0.0,0,4,0.0,8,3,11,2,1,2,0,1,2,3,4,5,25.2,0,0,21.0,1,52,52,52,42,35,7,61,1,2,1,45,17,45,4,59,28,50,37,6,39,42,32,24,47,37,41,15,1,41,1,26:08,1,2021-22
2021-22,203500,Steven Adams,Steven,1610612763,MEM,Memphis Grizzlies,0022100692,2022-01-21T00:00:00,MEM @ DEN,W,34.416666666666664,2,4,0.5,0,0,0.0,0,2,0.0,3,3,6,3,2,4,0,0,2,1,4,4,25.7,0,0,21.0,1,1,1,1,7,35,40,45,1,2,1,45,34,45,47,59,62,35,14,1,39,1,32,53,47,42,39,15,1,41,1,34:25,1,2021-22
2021-22,203500,Steven Adams,Steven,1610612763,MEM,Memphis Grizzlies,0022100705,2022-01-23T00:00:00,MEM @ DAL,L,32.4,1,4,0.25,0,0,0.0,3,4,0.75,1,10,11,2,0,1,0,3,1,4,5,-13,24.2,0,0,20.0,1,52,52,52,10,55,40,61,1,2,1,11,17,15,70,2,28,50,62,19,39,76,10,12,42,64,43,15,1,45,1,32:24,1,2021-22
2021-22,203500,Steven Adams,Steven,1610612763,MEM,Memphis Grizzlies,0022100728,2022-01-26T00:00:00,MEM @ SAS,W,28.243333333333332,2,2,1.0,0,0,0.0,0,0,0.0,2,6,8,3,2,1,1,0,3,0,4,7,22.1,0,0,19.0,1,1,1,1,28,35,66,1,1,2,1,45,51,45,60,24,49,35,14,19,15,1,52,68,47,33,48,15,1,50,1,28:15,1,2021-22
2021-22,203500,Steven Adams,Steven,1610612763,MEM,Memphis Grizzlies,0022100740,2022-01-28T00:00:00,MEM vs. UTA,W,23.826666666666668,1,4,0.25,0,0,0.0,0,0,0.0,3,4,7,3,3,0,0,0,3,0,2,5,11.9,0,0,12.0,1,1,1,1,48,55,40,61,1,2,1,45,51,45,47,52,58,35,4,42,39,1,52,68,65,37,71,15,1,69,1,23:50,1,2021-22
2021-22,203500,Steven Adams,Steven,1610612763,MEM,Memphis Grizzlies,0022100749,2022-01-29T00:00:00,MEM vs. WAS,W,28.533333333333335,4,7,0.571,0,0,0.0,2,2,1.0,10,5,15,4,1,1,3,1,2,2,10,25,45.0,1,0,37.0,1,1,1,1,26,15,16,40,1,2,1,18,34,1,1,37,7,21,37,19,1,42,32,36,17,5,5,1,1,7,1,28:32,1,2021-22
2021-22,203500,Steven Adams,Steven,1610612763,MEM,Memphis Grizzlies,0022100761,2022-01-31T00:00:00,MEM @ PHI,L,37.895,3,5,0.6,0,0,0.0,1,3,0.333,5,7,12,2,3,2,3,1,1,2,7,6,36.4,0,0,31.0,1,52,52,52,1,23,30,34,1,2,1,32,28,37,28,12,22,50,4,6,1,42,10,36,28,34,17,15,1,16,1,37:54,1,2021-22
2021-22,203500,Steven Adams,Steven,1610612763,MEM,Memphis Grizzlies,0022100776,2022-02-02T00:00:00,MEM @ NYK,W,30.066666666666666,1,4,0.25,0,0,0.0,0,0,0.0,8,5,13,4,2,0,0,0,3,2,2,5,21.6,0,0,19.0,1,1,1,1,23,55,40,61,1,2,1,45,51,45,4,37,15,21,14,42,39,1,52,36,65,37,50,15,1,50,1,30:04,1,2021-22
2021-22,203500,Steven Adams,Steven,1610612763,MEM,Memphis Grizzlies,0022100796,2022-02-05T00:00:00,MEM @ ORL,W,23.233333333333334,6,6,1.0,0,0,0.0,0,0,0.0,4,7,11,8,2,0,0,0,3,2,12,13,35.2,1,0,31.0,1,1,1,1,49,4,24,1,1,2,1,45,51,45,38,12,28,1,14,42,39,1,52,36,12,24,19,1,1,16,1,23:14,1,2021-22
2021-22,203500,Steven Adams,Steven,1610612763,MEM,Memphis Grizzlies,0022100818,2022-02-08T00:00:00,MEM vs. LAC,W,20.45,3,4,0.75,0,0,0.0,3,3,1.0,3,5,8,3,2,0,0,0,1,2,9,24,21.1,0,0,20.0,1,1,1,1,65,23,40,15,1,2,1,11,28,1,47,37,49,35,14,42,39,1,10,36,20,7,54,15,1,45,1,20:27,1,2021-22
2021-22,203500,Steven Adams,Steven,1610612763,MEM,Memphis Grizzlies,0022100831,2022-02-10T00:00:00,MEM @ DET,W,26.45,6,9,0.667,0,0,0.0,4,9,0.444,7,7,14,5,1,0,1,1,1,8,16,8,42.3,1,0,37.0,1,1,1,1,38,4,4,21,1,2,1,7,1,32,13,12,8,8,37,42,15,42,10,1,4,31,9,1,1,7,1,26:27,1,2021-22
2021-22,203500,Steven Adams,Steven,1610612763,MEM,Memphis Grizzlies,0022100846,2022-02-12T00:00:00,MEM @ CHA,W,15.833333333333334,6,8,0.75,0,0,0.0,3,7,0.429,8,3,11,4,0,0,3,0,6,6,15,19,43.2,1,0,36.0,1,1,1,1,76,4,7,15,1,2,1,11,4,33,4,59,28,21,62,42,1,1,76,6,5,11,6,1,1,9,1,15:50,1,2021-22
2021-22,203500,Steven Adams,Steven,1610612763,MEM,Memphis Grizzlies,0022100872,2022-02-15T00:00:00,MEM @ NOP,W,31.716666666666665,7,8,0.875,0,0,0.0,0,3,0.0,6,7,13,5,1,1,0,1,3,4,14,6,39.1,1,0,34.0,1,1,1,1,12,2,7,10,1,2,1,45,28,45,21,12,15,8,37,19,39,42,52,12,7,34,12,1,1,12,1,31:43,1,2021-22
2021-22,203500,Steven Adams,Steven,1610612763,MEM,Memphis Grizzlies,0022100879,2022-02-16T00:00:00,MEM vs. POR,L,35.74333333333333,1,4,0.25,0,0,0.0,0,0,0.0,3,3,6,4,3,0,1,0,5,3,2,-7,15.2,0,0,14.0,1,52,52,52,5,55,40,61,1,2,1,45,51,45,47,59,62,21,4,42,15,1,73,24,65,60,65,15,1,63,1,35:45,1,2021-22
2021-22,203500,Steven Adams,Steven,1610612763,MEM,Memphis Grizzlies,0022100892,2022-02-24T00:00:00,MEM @ MIN,L,27.416666666666668,2,6,0.333,0,0,0.0,2,4,0.5,6,6,12,5,2,0,1,0,4,2,6,-7,28.9,0,0,25.0,1,52,52,52,31,35,24,52,1,2,1,18,17,23,21,24,22,8,14,42,15,1,66,36,31,60,33,15,1,30,1,27:25,1,2021-22
2021-22,203500,Steven Adams,Steven,1610612763,MEM,Memphis Grizzlies,0022100909,2022-02-26T00:00:00,MEM @ CHI,W,34.986666666666665,5,9,0.556,0,0,0.0,2,4,0.5,8,13,21,5,3,0,2,0,0,5,12,16,47.7,1,0,42.0,1,1,1,1,6,10,4,44,1,2,1,18,17,23,4,1,1,8,4,42,9,1,1,7,12,15,3,1,1,2,1,34:59,1,2021-22
2021-22,203500,Steven Adams,Steven,1610612763,MEM,Memphis Grizzlies,0022100923,2022-02-28T00:00:00,MEM vs. SAS,W,31.033333333333335,2,3,0.667,0,0,0.0,0,0,0.0,5,9,14,5,2,1,3,0,1,0,4,11,38.3,0,0,31.0,1,1,1,1,15,35,56,21,1,2,1,45,51,45,28,4,8,8,14,19,1,1,10,68,47,26,13,15,1,16,1,31:02,1,2021-22
2021-22,203500,Steven Adams,Steven,1610612763,MEM,Memphis Grizzlies,0022100940,2022-03-03T00:00:00,MEM @ BOS,L,26.416666666666668,2,4,0.5,0,0,0.0,0,0,0.0,7,1,8,4,1,0,0,1,2,0,4,-16,18.6,0,0,16.0,1,52,52,52,40,35,40,45,1,2,1,45,51,45,13,74,49,21,37,42,39,42,32,68,47,69,61,15,1,60,1,26:25,1,2021-22
2021-22,203500,Steven Adams,Steven,1610612763,MEM,Memphis Grizzlies,0022100957,2022-03-05T00:00:00,MEM vs. ORL,W,22.633333333333333,2,2,1.0,0,0,0.0,0,0,0.0,1,5,6,4,1,0,0,0,2,0,4,14,16.2,0,0,14.0,1,1,1,1,54,35,66,1,1,2,1,45,51,45,70,37,62,21,37,42,39,1,32,68,47,20,64,15,1,63,1,22:38,1,2021-22
2021-22,203500,Steven Adams,Steven,1610612763,MEM,Memphis Grizzlies,0022100964,2022-03-06T00:00:00,MEM @ HOU,L,36.876666666666665,9,11,0.818,0,0,0.0,5,9,0.556,7,5,12,5,0,1,3,1,2,5,23,-13,56.9,1,0,48.0,1,52,52,52,2,1,1,12,1,2,1,1,1,21,13,37,22,8,62,19,1,42,32,7,1,64,1,1,1,1,1,36:53,1,2021-22
2021-22,203500,Steven Adams,Steven,1610612763,MEM,Memphis Grizzlies,0022100978,2022-03-08T00:00:00,MEM vs. NOP,W,28.8,2,3,0.667,0,0,0.0,0,2,0.0,2,3,5,3,1,1,0,1,1,3,4,27,16.5,0,0,14.0,1,1,1,1,25,35,56,21,1,2,1,45,34,45,60,59,69,35,37,19,39,42,10,24,47,3,63,15,1,63,1,28:48,1,2021-22
2021-22,203500,Steven Adams,Steven,1610612763,MEM,Memphis Grizzlies,0022101000,2022-03-11T00:00:00,MEM vs. NYK,W,24.85,2,7,0.286,0,0,0.0,2,4,0.5,6,3,9,0,1,1,1,0,4,3,6,-8,21.8,0,0,19.0,1,1,1,1,44,35,16,59,1,2,1,18,17,23,21,59,40,75,37,19,15,1,66,24,31,62,49,15,1,50,1,24:51,1,2021-22
2021-22,203500,Steven Adams,Steven,1610612763,MEM,Memphis Grizzlies,0022101018,2022-03-13T00:00:00,MEM @ OKC,W,24.966666666666665,4,7,0.571,0,1,0.0,1,1,1.0,7,9,16,2,2,0,1,1,1,4,9,14,32.2,0,0,29.0,1,1,1,1,43,15,16,40,1,1,1,32,47,1,13,4,2,50,14,42,15,42,10,12,20,20,27,15,1,22,1,24:58,1,2021-22
2021-22,203500,Steven Adams,Steven,1610612763,MEM,Memphis Grizzlies,0022101029,2022-03-15T00:00:00,MEM @ IND,W,22.933333333333334,6,7,0.857,0,0,0.0,1,2,0.5,7,6,13,2,2,0,1,0,1,1,13,17,32.6,1,0,30.0,1,1,1,1,52,4,16,11,1,2,1,32,34,23,13,24,15,50,14,42,15,1,10,53,9,13,26,1,1,19,1,22:56,1,2021-22
2021-22,203500,Steven Adams,Steven,1610612763,MEM,Memphis Grizzlies,0022101047,2022-03-18T00:00:00,MEM @ ATL,L,30.216666666666665,1,3,0.333,0,0,0.0,1,3,0.333,4,7,11,1,0,1,1,0,1,3,3,-16,23.7,0,0,19.0,1,52,52,52,21,55,56,52,1,2,1,32,28,37,38,12,28,68,62,19,15,1,10,24,60,69,46,15,1,50,1,30:13,1,2021-22
2021-22,203500,Steven Adams,Steven,1610612763,MEM,Memphis Grizzlies,0022101063,2022-03-20T00:00:00,MEM @ HOU,W,24.033333333333335,2,6,0.333,0,0,0.0,1,2,0.5,3,6,9,3,2,1,0,0,5,3,5,16,21.3,0,0,19.0,1,1,1,1,47,35,24,52,1,2,1,32,34,23,47,24,40,35,14,19,39,1,73,24,42,15,52,15,1,50,1,24:02,1,2021-22
2021-22,203500,Steven Adams,Steven,1610612763,MEM,Memphis Grizzlies,0022101089,2022-03-23T00:00:00,MEM vs. BKN,W,27.7,2,3,0.667,0,0,0.0,3,4,0.75,5,6,11,5,0,1,1,0,1,2,7,-14,33.7,0,0,27.0,1,1,1,1,30,35,56,21,1,2,1,11,17,15,28,24,28,8,62,19,15,1,10,36,28,67,22,15,1,26,1,27:42,1,2021-22
2021-22,203500,Steven Adams,Steven,1610612763,MEM,Memphis Grizzlies,0022101096,2022-03-24T00:00:00,MEM vs. IND,W,22.95,3,7,0.429,0,0,0.0,0,0,0.0,9,7,16,6,0,3,3,1,3,2,6,25,52.2,0,0,40.0,1,1,1,1,51,23,16,49,1,2,1,45,51,45,2,12,2,4,62,2,1,42,52,36,31,5,2,15,1,3,1,22:57,1,2021-22
2021-22,203500,Steven Adams,Steven,1610612763,MEM,Memphis Grizzlies,0022101112,2022-03-26T00:00:00,MEM vs. MIL,W,24.2,2,7,0.286,0,0,0.0,0,0,0.0,6,5,11,5,1,1,2,2,2,1,4,5,32.7,0,0,26.0,1,1,1,1,46,35,16,59,1,2,1,45,51,45,21,37,28,8,37,19,9,69,32,53,47,37,25,15,1,29,1,24:12,1,2021-22
2021-22,203500,Steven Adams,Steven,1610612763,MEM,Memphis Grizzlies,0022101129,2022-03-28T00:00:00,MEM vs. GSW,W,20.3,3,5,0.6,0,0,0.0,2,3,0.667,3,6,9,2,0,2,1,0,4,3,8,19,30.8,0,0,25.0,1,1,1,1,66,23,30,34,1,2,1,18,28,19,47,24,40,50,62,6,15,1,66,24,24,11,30,15,1,30,1,20:18,1,2021-22
2021-22,203500,Steven Adams,Steven,1610612763,MEM,Memphis Grizzlies,0022101144,2022-03-30T00:00:00,MEM @ SAS,W,30.955,3,4,0.75,0,0,0.0,2,2,1.0,3,5,8,2,2,1,0,0,4,4,8,2,21.6,0,0,20.0,1,1,1,1,16,23,40,15,1,2,1,18,34,1,47,37,49,50,14,19,39,1,66,12,24,45,50,15,1,45,1,30:57,1,2021-22
2021-22,203500,Steven Adams,Steven,1610612763,MEM,Memphis Grizzlies,0022101187,2022-04-05T00:00:00,MEM @ UTA,L,28.13,1,4,0.25,0,0,0.0,1,4,0.25,3,10,13,8,3,2,1,1,2,2,3,2,36.6,0,0,30.0,1,52,52,52,29,55,40,61,1,2,1,32,17,42,47,2,15,1,4,6,15,42,32,36,60,45,16,15,1,19,1,28:08,1,2021-22
2021-22,203500,Steven Adams,Steven,1610612763,MEM,Memphis Grizzlies,0022101201,2022-04-07T00:00:00,MEM @ DEN,L,23.216666666666665,1,1,1.0,0,0,0.0,0,2,0.0,2,6,8,5,1,0,0,0,3,2,2,-13,18.1,0,0,15.0,1,52,52,52,50,55,72,1,1,2,1,45,34,45,60,24,49,8,37,42,39,1,52,36,65,64,62,15,1,61,1,23:13,1,2021-22
2021-22,203500,Steven Adams,Steven,1610612763,MEM,Memphis Grizzlies,0022101213,2022-04-09T00:00:00,MEM vs. NOP,W,21.988333333333333,2,3,0.667,0,0,0.0,0,0,0.0,4,7,11,4,2,0,1,0,4,0,4,10,24.2,0,0,21.0,1,1,1,1,57,35,56,21,1,2,1,45,51,45,38,12,28,21,14,42,15,1,66,68,47,27,43,15,1,41,1,21:59,1,2021-22
2022-23,203500,Steven Adams,Steven,1610612763,MEM,Memphis Grizzlies,0022200009,2022-10-19T00:00:00,MEM vs. NYK,W,32.53333333333333,1,2,0.5,0,0,0.0,1,4,0.25,6,8,14,3,1,1,1,0,1,7,3,-1,29.3,0,0,24.0,1,1,1,1,7,37,39,27,1,2,1,14,10,21,13,11,13,10,24,7,13,1,4,2,37,29,23,16,1,24,1,32:32,1,2022-23
2022-23,203500,Steven Adams,Steven,1610612763,MEM,Memphis Grizzlies,0022200024,2022-10-21T00:00:00,MEM @ HOU,W,33.24,3,4,0.75,0,0,0.0,0,2,0.0,2,7,9,2,0,0,2,0,5,2,6,23,25.8,0,0,21.0,1,1,1,1,5,22,31,7,1,2,1,25,17,25,35,14,28,15,36,28,5,1,39,23,28,4,27,16,1,29,1,33:14,1,2022-23
2022-23,203500,Steven Adams,Steven,1610612763,MEM,Memphis Grizzlies,0022200034,2022-10-22T00:00:00,MEM @ DAL,L,22.316666666666666,1,3,0.333,0,0,0.0,0,2,0.0,1,3,4,1,3,1,4,2,1,2,2,-30,20.3,0,0,17.0,1,29,29,29,32,37,36,38,1,2,1,25,17,25,40,37,41,30,7,7,2,41,4,23,39,42,33,16,1,35,1,22:19,1,2022-23
2022-23,203500,Steven Adams,Steven,1610612763,MEM,Memphis Grizzlies,0022200049,2022-10-24T00:00:00,MEM vs. BKN,W,31.265,3,5,0.6,0,0,0.0,3,6,0.5,4,9,13,2,0,1,1,1,2,6,9,20,33.6,0,0,28.0,1,1,1,1,11,22,23,22,1,2,1,4,7,8,24,7,15,15,36,7,13,31,15,3,19,6,15,16,1,19,1,31:16,1,2022-23
2022-23,203500,Steven Adams,Steven,1610612763,MEM,Memphis Grizzlies,0022200069,2022-10-27T00:00:00,MEM @ SAC,W,23.88,6,9,0.667,0,0,0.0,0,3,0.0,7,4,11,4,4,0,0,0,4,4,12,2,27.2,1,0,27.0,1,1,1,1,30,4,7,15,1,2,1,25,15,25,8,31,17,5,3,28,28,1,34,13,10,24,26,1,1,20,1,23:53,1,2022-23
2022-23,203500,Steven Adams,Steven,1610612763,MEM,Memphis Grizzlies,0022200087,2022-10-29T00:00:00,MEM @ UTA,L,19.216666666666665,1,2,0.5,0,0,0.0,0,0,0.0,5,5,10,1,4,1,1,0,4,1,2,11,17.5,0,0,17.0,1,29,29,29,40,37,39,27,1,2,1,25,36,25,16,25,21,30,3,7,13,1,34,32,39,14,36,16,1,35,1,19:13,1,2022-23
2022-23,203500,Steven Adams,Steven,1610612763,MEM,Memphis Grizzlies,0022200101,2022-10-31T00:00:00,MEM @ UTA,L,18.516666666666666,1,4,0.25,0,0,0.0,0,1,0.0,2,7,9,1,4,1,1,0,1,1,2,-11,16.3,0,0,16.0,1,29,29,29,41,37,31,42,1,2,1,25,33,25,35,14,28,30,3,7,13,1,4,32,39,40,38,16,1,37,1,18:31,1,2022-23
2022-23,203500,Steven Adams,Steven,1610612763,MEM,Memphis Grizzlies,0022200116,2022-11-02T00:00:00,MEM @ POR,W,33.605,6,9,0.667,0,0,0.0,2,3,0.667,4,7,11,5,1,0,2,0,2,2,14,-6,39.7,1,0,34.0,1,1,1,1,3,4,7,15,1,2,1,8,15,5,24,14,17,3,24,28,5,1,15,23,5,37,8,1,1,8,1,33:36,1,2022-23
2022-23,203500,Steven Adams,Steven,1610612763,MEM,Memphis Grizzlies,0022200125,2022-11-04T00:00:00,MEM vs. CHA,W,21.733333333333334,6,10,0.6,0,0,0.0,1,2,0.5,11,8,19,4,2,2,2,0,2,1,13,31,51.8,1,0,44.0,1,1,1,1,36,4,4,22,1,2,1,14,17,8,2,11,3,5,13,4,5,1,15,32,7,1,2,1,1,1,1,21:44,1,2022-23
2022-23,203500,Steven Adams,Steven,1610612763,MEM,Memphis Grizzlies,0022200142,2022-11-06T00:00:00,MEM vs. WAS,W,22.183333333333334,2,2,1.0,0,0,0.0,0,0,0.0,5,5,10,1,1,0,0,0,3,0,4,9,16.5,0,0,15.0,1,1,1,1,34,32,39,1,1,2,1,25,36,25,16,25,21,30,24,28,28,1,26,41,34,17,37,16,1,38,1,22:11,1,2022-23
2022-23,203500,Steven Adams,Steven,1610612763,MEM,Memphis Grizzlies,0022200169,2022-11-09T00:00:00,MEM @ SAS,W,37.443333333333335,3,4,0.75,0,0,0.0,1,2,0.5,10,9,19,2,6,1,1,0,3,3,7,5,32.8,0,0,32.0,1,1,1,1,1,22,31,7,1,2,1,14,17,8,3,7,3,15,1,7,13,1,26,17,27,20,18,16,1,12,1,37:27,1,2022-23
2022-23,203500,Steven Adams,Steven,1610612763,MEM,Memphis Grizzlies,0022200181,2022-11-11T00:00:00,MEM vs. MIN,W,26.85,1,3,0.333,0,0,0.0,1,4,0.25,5,4,9,3,1,1,1,0,4,5,3,6,23.3,0,0,19.0,1,1,1,1,24,37,36,38,1,2,1,14,10,21,16,31,28,10,24,7,13,1,34,8,37,19,30,16,1,30,1,26:51,1,2022-23
2022-23,203500,Steven Adams,Steven,1610612763,MEM,Memphis Grizzlies,0022200194,2022-11-13T00:00:00,MEM @ WAS,L,29.383333333333333,6,8,0.75,0,0,0.0,0,0,0.0,6,4,10,6,3,1,0,0,5,2,12,4,33.0,1,0,30.0,1,29,29,29,15,4,11,7,1,2,1,25,36,25,13,31,21,1,7,7,28,1,39,23,10,21,16,1,1,14,1,29:23,1,2022-23
2022-23,203500,Steven Adams,Steven,1610612763,MEM,Memphis Grizzlies,0022200206,2022-11-15T00:00:00,MEM @ NOP,L,12.816666666666666,1,2,0.5,0,0,0.0,0,2,0.0,2,3,5,1,2,0,0,0,3,1,2,-2,7.5,0,0,8.0,1,29,29,29,42,37,39,27,1,2,1,25,17,25,35,37,39,30,13,28,28,1,26,32,39,33,42,16,1,42,1,12:49,1,2022-23
2022-23,203500,Steven Adams,Steven,1610612763,MEM,Memphis Grizzlies,0022200229,2022-11-18T00:00:00,MEM vs. OKC,W,25.3,3,3,1.0,0,0,0.0,0,4,0.0,3,4,7,0,2,0,0,0,1,3,6,15,12.4,0,0,13.0,1,1,1,1,26,22,36,1,1,2,1,25,10,25,31,31,35,40,13,28,28,1,4,17,28,12,40,16,1,39,1,25:18,1,2022-23
2022-23,203500,Steven Adams,Steven,1610612763,MEM,Memphis Grizzlies,0022200243,2022-11-20T00:00:00,MEM @ BKN,L,28.633333333333333,7,10,0.7,0,0,0.0,1,8,0.125,4,6,10,2,5,3,0,1,2,6,15,3,34.0,1,0,33.0,1,29,29,29,17,1,4,13,1,2,1,14,4,24,24,19,21,15,2,1,28,31,15,3,3,23,13,1,1,11,1,28:38,1,2022-23
2022-23,203500,Steven Adams,Steven,1610612763,MEM,Memphis Grizzlies,0022200257,2022-11-22T00:00:00,MEM vs. SAC,L,30.186666666666667,2,5,0.4,0,0,0.0,1,4,0.25,5,11,16,0,3,0,1,0,3,2,5,1,24.2,0,0,23.0,1,29,29,29,12,32,23,33,1,2,1,14,10,21,16,2,8,40,7,28,13,1,26,23,33,27,28,16,1,25,1,30:11,1,2022-23
2022-23,203500,Steven Adams,Steven,1610612763,MEM,Memphis Grizzlies,0022200279,2022-11-25T00:00:00,MEM vs. NOP,W,25.033333333333335,7,10,0.7,0,0,0.0,1,2,0.5,4,7,11,1,2,1,0,1,1,2,15,26,30.7,1,0,29.0,1,1,1,1,28,1,4,13,1,2,1,14,17,8,24,14,17,30,13,7,28,31,4,23,3,2,20,1,1,16,1,25:02,1,2022-23
2022-23,203500,Steven Adams,Steven,1610612763,MEM,Memphis Grizzlies,0022200296,2022-11-27T00:00:00,MEM @ NYK,W,31.333333333333332,6,9,0.667,0,0,0.0,4,9,0.444,7,3,10,2,0,0,1,0,1,6,16,2,34.0,1,0,30.0,1,1,1,1,10,4,7,15,1,2,1,1,2,16,8,37,21,15,36,28,13,1,4,3,1,24,13,1,1,14,1,31:20,1,2022-23
2022-23,203500,Steven Adams,Steven,1610612763,MEM,Memphis Grizzlies,0022200317,2022-11-30T00:00:00,MEM @ MIN,L,29.316666666666666,3,8,0.375,0,1,0.0,2,2,1.0,6,6,12,2,0,1,1,1,1,3,8,-3,31.4,0,0,26.0,1,29,29,29,16,22,11,36,1,1,1,8,17,1,13,19,16,15,36,7,13,31,4,17,23,35,19,16,1,21,1,29:19,1,2022-23
2022-23,203500,Steven Adams,Steven,1610612763,MEM,Memphis Grizzlies,0022200332,2022-12-02T00:00:00,MEM vs. PHI,W,33.516666666666666,4,11,0.364,0,0,0.0,1,2,0.5,10,6,16,6,3,3,3,2,4,2,9,-1,52.2,0,0,43.0,1,1,1,1,4,15,2,37,1,2,1,14,17,8,3,19,8,1,7,1,3,41,34,23,19,29,1,16,1,2,1,33:31,1,2022-23
2022-23,203500,Steven Adams,Steven,1610612763,MEM,Memphis Grizzlies,0022200357,2022-12-05T00:00:00,MEM vs. MIA,W,27.85,4,6,0.667,0,0,0.0,0,0,0.0,1,3,4,1,1,0,0,0,2,1,8,-2,13.3,0,0,13.0,1,1,1,1,21,15,20,15,1,2,1,25,36,25,40,37,41,30,24,28,28,1,15,32,23,33,39,16,1,39,1,27:51,1,2022-23
2022-23,203500,Steven Adams,Steven,1610612763,MEM,Memphis Grizzlies,0022200368,2022-12-07T00:00:00,MEM vs. OKC,W,20.85,4,4,1.0,0,0,0.0,0,1,0.0,2,3,5,2,1,0,2,0,0,1,8,10,22.0,0,0,19.0,1,1,1,1,38,15,31,1,1,2,1,25,33,25,35,37,39,15,24,28,5,1,1,32,23,16,31,16,1,30,1,20:51,1,2022-23
2022-23,203500,Steven Adams,Steven,1610612763,MEM,Memphis Grizzlies,0022200383,2022-12-09T00:00:00,MEM vs. DET,W,23.0,5,8,0.625,0,0,0.0,0,2,0.0,3,5,8,4,2,1,1,1,1,5,10,17,29.6,0,0,26.0,1,1,1,1,31,11,11,21,1,2,1,25,17,25,31,25,34,5,13,7,13,31,4,8,14,7,22,16,1,21,1,23:00,1,2022-23
2022-23,203500,Steven Adams,Steven,1610612763,MEM,Memphis Grizzlies,0022200425,2022-12-15T00:00:00,MEM vs. MIL,W,20.633333333333333,4,8,0.5,0,0,0.0,2,2,1.0,5,1,6,1,1,1,5,0,2,1,10,21,35.7,0,0,29.0,1,1,1,1,39,15,11,27,1,2,1,8,17,1,16,42,37,30,24,7,1,1,15,32,14,5,12,16,1,16,1,20:38,1,2022-23
2022-23,203500,Steven Adams,Steven,1610612763,MEM,Memphis Grizzlies,0022200443,2022-12-17T00:00:00,MEM @ OKC,L,28.63,3,5,0.6,0,0,0.0,3,5,0.6,2,5,7,2,2,2,2,0,6,3,9,7,30.4,0,0,26.0,1,29,29,29,18,22,23,22,1,2,1,4,9,6,35,25,35,15,13,4,5,1,42,17,19,18,21,16,1,21,1,28:38,1,2022-23
2022-23,203500,Steven Adams,Steven,1610612763,MEM,Memphis Grizzlies,0022200465,2022-12-20T00:00:00,MEM @ DEN,L,30.083333333333332,2,5,0.4,0,0,0.0,0,0,0.0,4,6,10,2,2,1,0,0,2,2,4,-8,20.0,0,0,18.0,1,29,29,29,14,32,23,33,1,2,1,25,36,25,24,19,21,15,13,7,28,1,15,23,34,38,35,16,1,33,1,30:05,1,2022-23
2022-23,203500,Steven Adams,Steven,1610612763,MEM,Memphis Grizzlies,0022200490,2022-12-23T00:00:00,MEM @ PHX,W,22.25,3,5,0.6,0,0,0.0,0,4,0.0,7,4,11,2,0,1,1,0,0,4,6,16,28.2,0,0,23.0,1,1,1,1,33,22,23,22,1,2,1,25,10,25,8,31,17,15,36,7,13,1,1,13,28,10,24,16,1,25,1,22:15,1,2022-23
2022-23,203500,Steven Adams,Steven,1610612763,MEM,Memphis Grizzlies,0022200496,2022-12-25T00:00:00,MEM @ GSW,L,21.19333333333333,2,6,0.333,0,0,0.0,2,2,1.0,7,7,14,1,0,0,1,1,2,6,6,2,27.3,0,0,23.0,1,29,29,29,37,32,20,38,1,2,1,8,17,1,8,14,13,30,36,28,13,31,15,3,28,24,25,16,1,25,1,21:12,1,2022-23
2022-23,203500,Steven Adams,Steven,1610612763,MEM,Memphis Grizzlies,0022200510,2022-12-27T00:00:00,MEM vs. PHX,L,25.3,3,5,0.6,0,0,0.0,0,0,0.0,3,6,9,1,1,0,1,1,1,0,6,-13,20.3,0,0,18.0,1,29,29,29,26,22,23,22,1,2,1,25,36,25,31,19,28,30,24,28,13,31,4,41,28,41,33,16,1,33,1,25:18,1,2022-23
2022-23,203500,Steven Adams,Steven,1610612763,MEM,Memphis Grizzlies,0022200526,2022-12-29T00:00:00,MEM @ TOR,W,32.281666666666666,7,11,0.636,0,0,0.0,0,2,0.0,8,9,17,3,2,1,0,0,1,5,14,17,39.9,1,0,36.0,1,1,1,1,9,1,2,20,1,2,1,25,17,25,5,7,6,10,13,7,28,1,4,8,5,7,7,1,1,7,1,32:17,1,2022-23
2022-23,203500,Steven Adams,Steven,1610612763,MEM,Memphis Grizzlies,0022200543,2022-12-31T00:00:00,MEM vs. NOP,W,27.166666666666668,4,6,0.667,0,0,0.0,2,6,0.333,5,16,21,3,0,2,2,0,3,4,10,-1,51.7,1,0,42.0,1,1,1,1,23,15,20,15,1,2,1,8,7,19,16,1,2,10,36,4,5,1,26,13,14,29,3,1,1,4,1,27:10,1,2022-23
2022-23,203500,Steven Adams,Steven,1610612763,MEM,Memphis Grizzlies,0022200547,2023-01-01T00:00:00,MEM vs. SAC,W,34.48,5,12,0.417,0,0,0.0,1,2,0.5,13,10,23,3,4,1,2,0,4,3,11,4,48.1,1,0,43.0,1,1,1,1,2,11,1,32,1,2,1,14,17,8,1,6,1,10,3,7,5,1,34,17,12,21,5,1,1,2,1,34:29,1,2022-23
2022-23,203500,Steven Adams,Steven,1610612763,MEM,Memphis Grizzlies,0022200564,2023-01-04T00:00:00,MEM @ CHA,W,27.205,3,7,0.429,0,0,0.0,3,7,0.429,4,11,15,2,2,1,2,1,1,5,9,24,37.0,0,0,32.0,1,1,1,1,22,22,16,31,1,2,1,4,5,18,24,2,11,15,13,7,5,31,4,8,19,3,11,16,1,12,1,27:12,1,2022-23
2022-23,203500,Steven Adams,Steven,1610612763,MEM,Memphis Grizzlies,0022200576,2023-01-05T00:00:00,MEM @ ORL,W,30.166666666666668,2,5,0.4,0,0,0.0,0,1,0.0,1,5,6,0,2,1,0,0,5,3,4,-5,12.2,0,0,12.0,1,1,1,1,13,32,23,33,1,2,1,25,33,25,40,25,37,40,13,7,28,1,39,17,34,36,41,16,1,41,1,30:10,1,2022-23
2022-23,203500,Steven Adams,Steven,1610612763,MEM,Memphis Grizzlies,0022200608,2023-01-09T00:00:00,MEM vs. SAS,W,28.316666666666666,5,7,0.714,0,0,0.0,3,11,0.273,4,11,15,4,2,1,0,0,0,8,13,11,38.0,1,0,34.0,1,1,1,1,20,11,16,11,1,2,1,4,1,20,24,2,11,5,13,7,28,1,1,1,7,14,10,1,1,8,1,28:19,1,2022-23
2022-23,203500,Steven Adams,Steven,1610612763,MEM,Memphis Grizzlies,0022200623,2023-01-11T00:00:00,MEM vs. SAS,W,32.516666666666666,5,7,0.714,0,0,0.0,1,2,0.5,7,11,18,5,1,1,3,1,2,4,11,14,51.1,1,0,42.0,1,1,1,1,8,11,16,11,1,2,1,14,17,8,8,2,5,3,24,7,3,31,15,13,12,13,4,1,1,4,1,32:31,1,2022-23
2022-23,203500,Steven Adams,Steven,1610612763,MEM,Memphis Grizzlies,0022200643,2023-01-14T00:00:00,MEM @ IND,W,22.15,4,4,1.0,0,0,0.0,2,2,1.0,3,6,9,2,3,0,1,0,3,2,10,16,23.8,0,0,23.0,1,1,1,1,35,15,31,1,1,2,1,8,17,1,31,19,28,15,7,28,13,1,26,23,14,10,29,16,1,25,1,22:09,1,2022-23
2022-23,203500,Steven Adams,Steven,1610612763,MEM,Memphis Grizzlies,0022200663,2023-01-16T00:00:00,MEM vs. PHX,W,24.116666666666667,4,5,0.8,0,0,0.0,0,0,0.0,5,4,9,2,1,0,0,0,3,1,8,17,20.8,0,0,19.0,1,1,1,1,29,15,23,6,1,2,1,25,36,25,16,31,28,15,24,28,28,1,26,32,23,7,32,16,1,30,1,24:07,1,2022-23
2022-23,203500,Steven Adams,Steven,1610612763,MEM,Memphis Grizzlies,0022200672,2023-01-18T00:00:00,MEM vs. CLE,W,28.45,6,8,0.75,0,0,0.0,1,2,0.5,5,5,10,4,1,1,0,1,3,1,13,-8,33.0,1,0,29.0,1,1,1,1,19,4,11,7,1,2,1,14,17,8,16,25,21,5,24,7,28,31,26,32,7,38,16,1,1,16,1,28:27,1,2022-23
2022-23,203500,Steven Adams,Steven,1610612763,MEM,Memphis Grizzlies,0022200690,2023-01-20T00:00:00,MEM @ LAL,L,25.798333333333332,6,7,0.857,0,0,0.0,4,9,0.444,8,9,17,2,1,0,1,0,2,6,16,-1,41.4,1,0,37.0,1,29,29,29,25,4,16,5,1,2,1,1,2,16,5,7,6,15,24,28,13,1,15,3,1,29,6,1,1,6,1,25:48,1,2022-23
2022-23,203500,Steven Adams,Steven,1610612763,MEM,Memphis Grizzlies,0022200703,2023-01-22T00:00:00,MEM @ PHX,L,32.55,3,9,0.333,0,0,0.0,4,7,0.571,8,8,16,2,3,3,0,0,2,5,10,1,38.2,1,0,34.0,1,29,29,29,6,22,7,38,1,2,1,1,5,7,5,11,8,15,7,1,28,1,15,8,14,27,9,1,1,8,1,32:33,1,2022-23
2024-25,203500,Steven Adams,Steven,1610612745,HOU,Houston Rockets,0022400109,2024-10-28T00:00:00,HOU @ SAS,W,13.866666666666667,3,3,1.0,0,0,0.0,0,1,0.0,1,2,3,0,1,0,0,0,3,1,6,11,8.6,0,0,9.0,1,1,1,1,28,8,20,1,1,3,1,25,30,25,39,32,42,36,12,20,20,1,55,26,10,12,40,4,1,33,1,13:52,1,2024-25
2024-25,203500,Steven Adams,Steven,1610612745,HOU,Houston Rockets,0022400129,2024-10-31T00:00:00,HOU @ DAL,W,9.966666666666667,0,0,0.0,0,0,0.0,0,0,0.0,1,0,1,3,0,1,0,0,2,0,0,-4,8.7,0,0,6.0,1,1,1,1,42,45,50,45,1,3,1,25,34,25,39,52,50,3,36,4,20,1,39,47,50,43,39,4,1,45,1,9:58,1,2024-25
2024-25,203500,Steven Adams,Steven,1610612745,HOU,Houston Rockets,0022400161,2024-11-04T00:00:00,HOU vs. NYK,W,13.65,1,4,0.25,0,0,0.0,2,4,0.5,3,2,5,3,1,0,0,0,1,2,4,-6,13.5,0,0,12.0,1,1,1,1,29,27,12,42,1,3,1,5,3,8,20,32,30,3,12,20,20,1,23,16,18,47,23,4,1,25,1,13:39,1,2024-25
2024-25,203500,Steven Adams,Steven,1610612745,HOU,Houston Rockets,0022400192,2024-11-08T00:00:00,HOU @ OKC,L,15.516666666666667,2,2,1.0,0,0,0.0,1,3,0.333,1,1,2,1,3,1,0,0,1,3,5,-11,8.9,0,0,10.0,1,39,39,39,22,12,26,1,1,3,1,13,11,21,39,40,47,17,3,4,20,1,23,8,15,55,35,4,1,30,1,15:31,1,2024-25
2024-25,203500,Steven Adams,Steven,1610612745,HOU,Houston Rockets,0022400213,2024-11-11T00:00:00,HOU vs. WAS,W,15.181666666666667,1,2,0.5,0,0,0.0,0,0,0.0,3,4,7,1,4,0,0,1,2,1,2,-4,7.9,0,0,10.0,1,1,1,1,24,27,26,23,1,3,1,25,34,25,20,14,18,17,1,20,20,51,39,26,34,43,42,4,1,30,1,15:11,1,2024-25
2024-25,203500,Steven Adams,Steven,1610612745,HOU,Houston Rockets,0022400016,2024-11-15T00:00:00,HOU vs. LAC,W,6.95,0,0,0.0,0,0,0.0,0,0,0.0,0,0,0,0,1,1,0,0,1,0,0,-10,2.0,0,0,2.0,1,1,1,1,49,45,50,45,1,3,1,25,34,25,50,52,55,36,12,4,20,1,23,47,50,53,55,4,1,54,1,6:57,1,2024-25
2024-25,203500,Steven Adams,Steven,1610612745,HOU,Houston Rockets,0022400248,2024-11-18T00:00:00,HOU @ MIL,L,5.483333333333333,1,2,0.5,0,0,0.0,0,0,0.0,1,1,2,0,1,0,0,0,0,1,2,-12,3.4,0,0,4.0,1,39,39,39,53,27,26,23,1,3,1,25,34,25,39,40,47,36,12,20,20,1,1,26,34,57,53,4,1,52,1,5:29,1,2024-25
2024-25,203500,Steven Adams,Steven,1610612745,HOU,Houston Rockets,0022400031,2024-11-22T00:00:00,HOU vs. POR,W,14.983333333333333,0,0,0.0,0,0,0.0,1,2,0.5,0,1,1,3,3,0,0,0,1,1,1,15,3.7,0,0,5.0,1,1,1,1,25,45,50,45,1,3,1,13,15,8,50,40,50,3,3,20,20,1,23,26,46,10,52,4,1,49,1,14:59,1,2024-25
2024-25,203500,Steven Adams,Steven,1610612745,HOU,Houston Rockets,0022400290,2024-11-27T00:00:00,HOU @ PHI,W,7.0,0,2,0.0,0,0,0.0,2,4,0.5,2,2,4,0,1,0,1,1,2,2,2,4,8.8,0,0,8.0,1,1,1,1,48,45,26,45,1,3,1,5,3,8,26,32,34,36,12,20,8,51,39,16,34,25,36,4,1,38,1,7:00,1,2024-25
2024-25,203500,Steven Adams,Steven,1610612745,HOU,Houston Rockets,0022400310,2024-12-01T00:00:00,HOU vs. OKC,W,3.5,0,0,0.0,0,0,0.0,1,2,0.5,0,1,1,0,0,0,0,0,0,1,1,5,2.2,0,0,2.0,1,1,1,1,55,45,50,45,1,3,1,13,15,8,50,40,50,36,36,20,20,1,1,26,46,24,54,4,1,54,1,3:30,1,2024-25
2024-25,203500,Steven Adams,Steven,1610612745,HOU,Houston Rockets,0022400059,2024-12-03T00:00:00,HOU @ SAC,L,10.516666666666667,0,1,0.0,0,0,0.0,1,2,0.5,2,4,6,0,1,0,0,1,1,1,1,9,7.2,0,0,7.0,1,39,39,39,40,45,42,45,1,3,1,13,15,8,26,14,23,36,12,20,20,51,23,26,46,14,45,4,1,43,1,10:31,1,2024-25
2024-25,203500,Steven Adams,Steven,1610612745,HOU,Houston Rockets,0022400332,2024-12-05T00:00:00,HOU @ GSW,L,17.571666666666665,3,4,0.75,0,0,0.0,0,0,0.0,4,2,6,3,0,0,1,1,2,0,6,10,20.7,0,0,17.0,1,39,39,39,16,8,12,14,1,3,1,25,34,25,13,32,23,3,36,20,8,51,39,47,10,13,15,4,1,14,1,17:34,1,2024-25
2024-25,203500,Steven Adams,Steven,1610612745,HOU,Houston Rockets,0022400356,2024-12-08T00:00:00,HOU @ LAC,W,9.933333333333334,2,2,1.0,0,0,0.0,0,2,0.0,1,3,4,0,1,0,0,0,0,2,4,0,7.8,0,0,8.0,1,1,1,1,43,12,26,1,1,3,1,25,15,25,39,23,34,36,12,20,20,1,1,16,18,33,43,4,1,38,1,9:56,1,2024-25
2024-25,203500,Steven Adams,Steven,1610612745,HOU,Houston Rockets,0022401230,2024-12-14T00:00:00,HOU @ OKC,L,6.32,1,2,0.5,0,0,0.0,2,4,0.5,3,3,6,0,1,0,0,0,0,3,4,-1,10.2,0,0,10.0,1,39,39,39,51,27,26,23,1,3,1,5,3,8,20,23,23,36,12,20,20,1,1,8,18,38,30,4,1,30,1,6:19,1,2024-25
2024-25,203500,Steven Adams,Steven,1610612745,HOU,Houston Rockets,0022400365,2024-12-19T00:00:00,HOU vs. NOP,W,10.316666666666666,1,1,1.0,0,0,0.0,0,0,0.0,1,3,4,1,2,1,0,0,0,0,2,-7,9.3,0,0,9.0,1,1,1,1,41,27,42,1,1,3,1,25,34,25,39,23,34,17,7,4,20,1,1,47,34,51,33,4,1,33,1,10:19,1,2024-25
2024-25,203500,Steven Adams,Steven,1610612745,HOU,Houston Rockets,0022400391,2024-12-23T00:00:00,HOU @ CHA,W,11.583333333333334,1,1,1.0,0,0,0.0,0,2,0.0,4,4,8,3,0,0,1,0,2,1,2,4,19.1,0,0,15.0,1,1,1,1,36,27,42,1,1,3,1,25,15,25,13,14,13,3,36,20,8,1,39,26,34,25,18,4,1,18,1,11:35,1,2024-25
2024-25,203500,Steven Adams,Steven,1610612745,HOU,Houston Rockets,0022400416,2024-12-26T00:00:00,HOU @ NOP,W,10.8,1,1,1.0,0,0,0.0,0,1,0.0,0,5,5,0,1,0,1,0,1,3,2,9,10.0,0,0,9.0,1,1,1,1,39,27,42,1,1,3,1,25,30,25,50,6,30,36,12,20,8,1,23,8,34,14,31,4,1,33,1,10:48,1,2024-25
2024-25,203500,Steven Adams,Steven,1610612745,HOU,Houston Rockets,0022400422,2024-12-27T00:00:00,HOU vs. MIN,L,2.8,0,1,0.0,0,0,0.0,0,0,0.0,1,0,1,1,0,1,0,0,0,0,0,0,5.7,0,0,4.0,1,39,39,39,56,45,42,45,1,3,1,25,34,25,39,52,50,17,36,4,20,1,1,47,50,33,50,4,1,52,1,2:48,1,2024-25
2024-25,203500,Steven Adams,Steven,1610612745,HOU,Houston Rockets,0022400439,2024-12-29T00:00:00,HOU vs. MIA,L,12.483333333333333,2,3,0.667,0,0,0.0,0,0,0.0,5,4,9,3,0,0,0,0,1,0,4,-6,19.3,0,0,16.0,1,39,39,39,33,12,20,16,1,3,1,25,34,25,9,14,8,3,36,20,20,1,23,47,18,47,17,4,1,16,1,12:29,1,2024-25
2024-25,203500,Steven Adams,Steven,1610612745,HOU,Houston Rockets,0022400460,2025-01-01T00:00:00,HOU vs. DAL,W,7.383333333333333,2,3,0.667,0,0,0.0,0,0,0.0,1,3,4,0,0,0,0,0,0,1,4,-2,8.8,0,0,8.0,1,1,1,1,46,12,20,16,1,3,1,25,34,25,39,23,34,36,36,20,20,1,1,26,18,39,36,4,1,38,1,7:23,1,2024-25
2024-25,203500,Steven Adams,Steven,1610612745,HOU,Houston Rockets,0022400471,2025-01-03T00:00:00,HOU vs. BOS,L,6.85,2,4,0.5,0,0,0.0,2,2,1.0,4,0,4,1,0,0,0,0,0,2,6,8,12.3,0,0,11.0,1,39,39,39,50,12,12,23,1,3,1,5,15,1,13,52,34,17,36,20,20,1,1,16,10,17,26,4,1,27,1,6:51,1,2024-25
2024-25,203500,Steven Adams,Steven,1610612745,HOU,Houston Rockets,0022400491,2025-01-05T00:00:00,HOU vs. LAL,W,16.576666666666668,3,4,0.75,0,0,0.0,2,4,0.5,7,2,9,1,0,1,1,0,2,6,8,17,26.3,0,0,22.0,1,1,1,1,20,8,12,14,1,3,1,5,3,8,4,32,8,17,36,4,8,1,39,2,6,5,10,4,1,9,1,16:35,1,2024-25
2024-25,203500,Steven Adams,Steven,1610612745,HOU,Houston Rockets,0022400503,2025-01-07T00:00:00,HOU @ WAS,W,11.416666666666666,0,1,0.0,0,0,0.0,0,2,0.0,2,4,6,0,1,0,0,0,1,1,0,-7,6.2,0,0,6.0,1,1,1,1,37,45,42,45,1,3,1,25,15,25,26,14,23,36,12,20,20,1,23,26,50,51,48,4,1,45,1,11:25,1,2024-25
2024-25,203500,Steven Adams,Steven,1610612745,HOU,Houston Rockets,0022400520,2025-01-09T00:00:00,HOU @ MEM,W,12.443333333333333,0,0,0.0,0,0,0.0,0,2,0.0,4,5,9,0,2,0,0,0,2,2,0,0,8.8,0,0,9.0,1,1,1,1,34,45,50,45,1,3,1,25,15,25,13,6,8,36,7,20,20,1,39,16,50,33,36,4,1,33,1,12:27,1,2024-25
2024-25,203500,Steven Adams,Steven,1610612745,HOU,Houston Rockets,0022400551,2025-01-13T00:00:00,HOU vs. MEM,W,13.04,1,2,0.5,0,0,0.0,0,1,0.0,6,1,7,1,2,0,1,0,0,2,2,3,12.9,0,0,12.0,1,1,1,1,32,27,26,23,1,3,1,25,30,25,7,40,18,17,7,20,8,1,1,16,34,28,24,4,1,25,1,13:02,1,2024-25
2024-25,203500,Steven Adams,Steven,1610612745,HOU,Houston Rockets,0022400568,2025-01-15T00:00:00,HOU @ DEN,W,7.108333333333333,1,1,1.0,0,0,0.0,0,0,0.0,2,1,3,1,1,0,1,0,0,1,2,6,9.1,0,0,8.0,1,1,1,1,47,27,42,1,1,3,1,25,34,25,26,40,42,17,12,20,8,1,1,26,34,22,34,4,1,38,1,7:07,1,2024-25
2024-25,203500,Steven Adams,Steven,1610612745,HOU,Houston Rockets,0022400576,2025-01-16T00:00:00,HOU @ SAC,L,14.25,2,2,1.0,0,0,0.0,1,2,0.5,1,4,5,2,0,0,2,0,0,1,5,16,20.0,0,0,16.0,1,39,39,39,27,12,26,1,1,3,1,13,15,8,39,14,30,11,36,20,3,1,1,26,15,8,16,4,1,16,1,14:15,1,2024-25
2024-25,203500,Steven Adams,Steven,1610612745,HOU,Houston Rockets,0022400591,2025-01-18T00:00:00,HOU @ POR,W,17.186666666666667,1,4,0.25,0,0,0.0,0,0,0.0,5,4,9,2,0,1,1,0,2,3,2,13,21.8,0,0,17.0,1,1,1,1,18,27,12,42,1,3,1,25,34,25,9,14,8,11,36,4,8,1,39,8,34,11,13,4,1,14,1,17:11,1,2024-25
2024-25,203500,Steven Adams,Steven,1610612745,HOU,Houston Rockets,0022400615,2025-01-22T00:00:00,HOU vs. CLE,W,18.666666666666668,1,2,0.5,0,0,0.0,1,4,0.25,5,6,11,2,1,0,2,0,1,6,3,-2,24.2,0,0,20.0,1,1,1,1,14,27,26,23,1,3,1,13,3,24,9,1,6,11,12,20,3,1,23,2,30,39,11,4,1,11,1,18:40,1,2024-25
2024-25,203500,Steven Adams,Steven,1610612745,HOU,Houston Rockets,0022400640,2025-01-25T00:00:00,HOU @ CLE,W,14.97,4,6,0.667,0,0,0.0,6,9,0.667,2,2,4,2,1,1,1,0,0,6,14,7,26.8,0,0,24.0,1,1,1,1,26,3,6,16,1,3,1,1,1,7,26,32,34,11,12,4,8,1,1,2,1,18,9,4,1,6,1,14:58,1,2024-25
2024-25,203500,Steven Adams,Steven,1610612745,HOU,Houston Rockets,0022400650,2025-01-27T00:00:00,HOU @ BOS,W,13.616666666666667,2,3,0.667,0,0,0.0,0,0,0.0,3,1,4,0,2,0,0,0,2,0,4,-11,6.8,0,0,8.0,1,1,1,1,30,12,20,16,1,3,1,25,34,25,20,40,34,36,7,20,20,1,39,47,18,55,46,4,1,38,1,13:37,1,2024-25
2024-25,203500,Steven Adams,Steven,1610612745,HOU,Houston Rockets,0022400676,2025-01-30T00:00:00,HOU @ MEM,L,23.031666666666666,4,9,0.444,0,0,0.0,3,3,1.0,7,3,10,3,1,1,0,0,2,3,11,-6,29.5,1,0,26.0,1,39,39,39,5,3,2,36,1,3,1,2,11,1,4,23,7,3,12,4,20,1,39,8,3,47,6,1,1,3,1,23:02,1,2024-25
2024-25,203500,Steven Adams,Steven,1610612745,HOU,Houston Rockets,0022400689,2025-02-01T00:00:00,HOU vs. BKN,L,24.97833333333333,4,5,0.8,0,0,0.0,3,6,0.5,2,5,7,0,0,1,3,0,2,7,11,3,31.4,0,0,26.0,1,39,39,39,3,3,9,13,1,3,1,2,2,8,26,6,18,36,36,4,1,1,39,1,3,28,2,4,1,3,1,24:59,1,2024-25
2024-25,203500,Steven Adams,Steven,1610612745,HOU,Houston Rockets,0022400702,2025-02-03T00:00:00,HOU @ NYK,L,26.476666666666667,4,9,0.444,0,0,0.0,0,0,0.0,7,6,13,1,1,0,1,1,3,2,8,18,27.1,0,0,24.0,1,39,39,39,1,3,2,36,1,3,1,25,34,25,4,1,2,17,12,20,8,51,55,16,6,4,8,4,1,6,1,26:29,1,2024-25
2024-25,203500,Steven Adams,Steven,1610612745,HOU,Houston Rockets,0022400711,2025-02-04T00:00:00,HOU @ BKN,L,13.398333333333333,2,4,0.5,0,0,0.0,0,0,0.0,0,1,1,1,0,0,0,0,1,2,4,-5,6.7,0,0,6.0,1,39,39,39,31,12,12,23,1,3,1,25,34,25,50,40,50,17,36,20,20,1,23,16,18,45,47,4,1,45,1,13:24,1,2024-25
2024-25,203500,Steven Adams,Steven,1610612745,HOU,Houston Rockets,0022400741,2025-02-08T00:00:00,HOU @ DAL,L,22.303333333333335,1,9,0.111,0,0,0.0,0,0,0.0,9,3,12,1,0,0,0,3,0,1,2,4,17.9,0,0,15.0,1,39,39,39,10,27,2,44,1,3,1,25,34,25,3,23,3,17,36,20,20,58,1,26,34,25,20,4,1,18,1,22:18,1,2024-25
2024-25,203500,Steven Adams,Steven,1610612745,HOU,Houston Rockets,0022400779,2025-02-12T00:00:00,HOU vs. PHX,W,9.566666666666666,2,5,0.4,0,0,0.0,1,3,0.333,5,1,6,0,1,0,0,0,0,3,5,-5,11.2,0,0,11.0,1,1,1,1,44,12,9,38,1,3,1,13,11,21,9,40,23,36,12,20,20,1,1,8,15,45,29,4,1,27,1,9:34,1,2024-25
2024-25,203500,Steven Adams,Steven,1610612745,HOU,Houston Rockets,0022400784,2025-02-13T00:00:00,HOU vs. GSW,L,5.633333333333333,0,0,0.0,0,0,0.0,0,0,0.0,0,3,3,0,1,1,0,0,0,1,0,-3,5.6,0,0,5.0,1,39,39,39,52,45,50,45,1,3,1,25,34,25,50,23,42,36,12,4,20,1,1,26,50,41,51,4,1,49,1,5:38,1,2024-25
2024-25,203500,Steven Adams,Steven,1610612745,HOU,Houston Rockets,0022400801,2025-02-21T00:00:00,HOU vs. MIN,W,4.64,0,0,0.0,0,0,0.0,0,0,0.0,0,0,0,0,0,0,0,0,1,0,0,-10,0.0,0,0,0.0,1,1,1,1,54,45,50,45,1,3,1,25,34,25,50,52,55,36,36,20,20,1,23,47,50,53,56,4,1,56,1,4:38,1,2024-25
2024-25,203500,Steven Adams,Steven,1610612745,HOU,Houston Rockets,0022400831,2025-02-25T00:00:00,HOU vs. MIL,W,0.0,0,0,0.0,0,0,0.0,0,0,0.0,0,0,0,0,0,0,0,0,0,0,0,0,0.0,0,0,0.0,1,1,1,1,58,45,50,45,1,3,1,25,34,25,50,52,55,36,36,20,20,1,1,47,50,33,56,4,1,56,1,0:00,1,2024-25
2024-25,203500,Steven Adams,Steven,1610612745,HOU,Houston Rockets,0022400844,2025-02-26T00:00:00,HOU vs. SAS,W,18.95,2,6,0.333,0,1,0.0,0,0,0.0,2,3,5,5,1,2,2,1,0,1,4,6,28.5,0,0,22.0,1,1,1,1,12,12,6,39,1,1,1,25,34,25,26,23,30,2,12,1,3,51,1,26,18,22,7,4,1,9,1,18:57,1,2024-25
2024-25,203500,Steven Adams,Steven,1610612745,HOU,Houston Rockets,0022400862,2025-03-01T00:00:00,HOU vs. SAC,L,7.75,1,3,0.333,0,0,0.0,0,0,0.0,1,1,2,1,0,0,0,0,0,0,2,-6,5.9,0,0,5.0,1,39,39,39,45,27,20,39,1,3,1,25,34,25,39,40,47,17,36,20,20,1,1,47,34,47,49,4,1,49,1,7:45,1,2024-25
2024-25,203500,Steven Adams,Steven,1610612745,HOU,Houston Rockets,0022400882,2025-03-04T00:00:00,HOU @ IND,L,15.48,1,3,0.333,0,0,0.0,1,2,0.5,2,1,3,1,0,0,0,0,0,2,3,0,8.1,0,0,7.0,1,39,39,39,23,27,20,39,1,3,1,13,15,8,26,40,42,17,36,20,20,1,1,16,30,33,41,4,1,43,1,15:29,1,2024-25
2024-25,203500,Steven Adams,Steven,1610612745,HOU,Houston Rockets,0022400902,2025-03-06T00:00:00,HOU @ NOP,W,18.733333333333334,1,2,0.5,0,0,0.0,1,2,0.5,3,5,8,6,2,1,0,1,3,1,3,17,22.6,0,0,19.0,1,1,1,1,13,27,26,23,1,3,1,13,15,8,20,6,13,1,7,4,20,51,55,26,30,5,12,4,1,12,1,18:44,1,2024-25
2024-25,203500,Steven Adams,Steven,1610612745,HOU,Houston Rockets,0022400913,2025-03-08T00:00:00,HOU vs. NOP,W,18.266666666666666,3,5,0.6,0,0,0.0,0,0,0.0,3,5,8,2,1,2,2,0,2,1,6,16,29.6,0,0,24.0,1,1,1,1,15,8,9,20,1,3,1,25,34,25,20,6,13,11,12,1,3,1,39,26,10,8,5,4,1,6,1,18:16,1,2024-25
2024-25,203500,Steven Adams,Steven,1610612745,HOU,Houston Rockets,0022400934,2025-03-10T00:00:00,HOU vs. ORL,W,23.233333333333334,5,6,0.833,0,0,0.0,1,3,0.333,11,6,17,1,3,0,0,0,0,5,11,17,29.9,1,0,29.0,1,1,1,1,4,2,6,12,1,3,1,13,11,21,1,1,1,17,3,20,20,1,1,5,3,5,4,1,1,2,1,23:14,1,2024-25
2024-25,203500,Steven Adams,Steven,1610612745,HOU,Houston Rockets,0022400949,2025-03-12T00:00:00,HOU vs. PHX,W,11.283333333333333,0,1,0.0,0,0,0.0,1,2,0.5,2,2,4,1,0,0,0,0,1,1,1,1,7.3,0,0,6.0,1,1,1,1,38,45,42,45,1,3,1,13,15,8,26,32,34,17,36,20,20,1,23,26,46,32,44,4,1,45,1,11:17,1,2024-25
2024-25,203500,Steven Adams,Steven,1610612745,HOU,Houston Rockets,0022400970,2025-03-15T00:00:00,HOU vs. CHI,W,22.45,2,4,0.5,0,0,0.0,0,4,0.0,4,5,9,3,1,1,0,0,1,3,4,3,21.3,0,0,18.0,1,1,1,1,8,12,12,23,1,3,1,25,3,25,13,6,8,3,12,4,20,1,23,8,18,28,14,4,1,13,1,22:27,1,2024-25
2024-25,203500,Steven Adams,Steven,1610612745,HOU,Houston Rockets,0022400985,2025-03-17T00:00:00,HOU vs. PHI,W,0.021666666666666667,0,0,0.0,0,0,0.0,0,0,0.0,0,0,0,0,0,0,0,0,0,0,0,2,0.0,0,0,0.0,1,1,1,1,57,45,50,45,1,3,1,25,34,25,50,52,55,36,36,20,20,1,1,47,50,31,56,4,1,56,1,0:01,1,2024-25
2024-25,203500,Steven Adams,Steven,1610612745,HOU,Houston Rockets,0022400999,2025-03-19T00:00:00,HOU @ ORL,W,22.816666666666666,1,2,0.5,0,0,0.0,1,1,1.0,1,5,6,0,4,1,1,0,1,1,3,22,12.2,0,0,13.0,1,1,1,1,7,27,26,23,1,3,1,13,30,1,39,6,23,36,1,4,8,1,23,26,30,1,27,4,1,23,1,22:49,1,2024-25
2024-25,203500,Steven Adams,Steven,1610612745,HOU,Houston Rockets,0022401015,2025-03-21T00:00:00,HOU @ MIA,W,20.491666666666667,2,2,1.0,0,0,0.0,0,2,0.0,4,4,8,1,1,1,0,0,2,1,4,7,17.1,0,0,15.0,1,1,1,1,11,12,26,1,1,3,1,25,15,25,13,14,13,17,12,4,20,1,39,26,18,18,21,4,1,18,1,20:30,1,2024-25
2024-25,203500,Steven Adams,Steven,1610612745,HOU,Houston Rockets,0022401035,2025-03-23T00:00:00,HOU vs. DEN,L,22.408333333333335,6,10,0.6,0,0,0.0,2,4,0.5,10,2,12,2,1,0,3,0,3,3,14,9,39.4,1,0,34.0,1,39,39,39,9,1,1,20,1,3,1,5,3,8,2,32,3,11,12,20,1,1,55,8,1,14,1,1,1,1,1,22:25,1,2024-25
2024-25,203500,Steven Adams,Steven,1610612745,HOU,Houston Rockets,0022401049,2025-03-25T00:00:00,HOU vs. ATL,W,25.45,2,2,1.0,0,0,0.0,3,4,0.75,4,3,7,1,1,0,0,0,2,4,7,19,15.9,0,0,15.0,1,1,1,1,2,12,26,1,1,3,1,2,3,6,13,23,18,17,12,20,20,1,39,6,9,3,22,4,1,18,1,25:27,1,2024-25
2024-25,203500,Steven Adams,Steven,1610612745,HOU,Houston Rockets,0022401088,2025-03-30T00:00:00,HOU @ PHX,W,12.016666666666667,2,2,1.0,0,0,0.0,2,2,1.0,2,1,3,0,0,0,0,0,1,2,6,21,9.6,0,0,9.0,1,1,1,1,35,12,26,1,1,3,1,5,15,1,26,40,42,36,36,20,20,1,23,16,10,2,32,4,1,33,1,12:01,1,2024-25
2024-25,203500,Steven Adams,Steven,1610612745,HOU,Houston Rockets,0022401096,2025-03-31T00:00:00,HOU @ LAL,L,15.721666666666668,1,2,0.5,0,1,0.0,2,2,1.0,2,5,7,0,3,1,0,0,0,4,4,-3,12.4,0,0,13.0,1,39,39,39,21,27,26,23,1,1,1,5,15,1,26,6,18,36,3,4,20,1,1,6,18,41,25,4,1,23,1,15:43,1,2024-25
2024-25,203500,Steven Adams,Steven,1610612745,HOU,Houston Rockets,0022401123,2025-04-04T00:00:00,HOU vs. OKC,W,22.95,4,7,0.571,0,0,0.0,0,0,0.0,6,6,12,0,0,2,1,0,2,1,8,7,31.4,0,0,26.0,1,1,1,1,6,3,5,22,1,3,1,25,34,25,7,1,3,36,36,1,8,1,39,26,6,18,2,4,1,3,1,22:57,1,2024-25
2024-25,203500,Steven Adams,Steven,1610612745,HOU,Houston Rockets,0022401143,2025-04-06T00:00:00,HOU @ GSW,W,16.866666666666667,1,2,0.5,0,0,0.0,0,0,0.0,2,6,8,1,0,0,2,0,1,0,2,7,19.1,0,0,15.0,1,1,1,1,19,27,26,23,1,3,1,25,34,25,26,1,13,17,36,20,3,1,23,47,34,18,18,4,1,18,1,16:52,1,2024-25
2024-25,203500,Steven Adams,Steven,1610612745,HOU,Houston Rockets,0022401193,2025-04-13T00:00:00,HOU vs. DEN,L,17.216666666666665,2,4,0.5,0,0,0.0,0,0,0.0,2,4,6,1,1,0,0,0,2,1,4,-23,11.7,0,0,11.0,1,39,39,39,17,12,12,23,1,3,1,25,34,25,26,14,23,17,12,20,20,1,39,26,18,58,28,4,1,27,1,17:13,1,2024-25
2025-26,203500,Steven Adams,Steven,1610612745,HOU,Houston Rockets,0022500001,2025-10-21T00:00:00,HOU @ OKC,L,36.50666666666667,1,4,0.25,0,0,0.0,2,2,1.0,5,8,13,3,3,0,0,0,4,5,4,2,21.1,0,0,20.0,1,19,19,19,1,19,9,20,1,1,1,5,8,1,6,1,1,2,1,12,11,1,24,3,14,17,12,4,1,12,1,36:30,1,2025-26
2025-26,203500,Steven Adams,Steven,1610612745,HOU,Houston Rockets,0022500093,2025-10-24T00:00:00,HOU vs. DET,L,25.233333333333334,4,4,1.0,0,0,0.0,3,4,0.75,6,4,10,0,1,3,0,0,2,3,11,-4,31.0,1,0,27.0,1,19,19,19,8,4,9,1,1,1,1,3,5,9,3,11,8,18,6,1,11,1,12,6,4,20,3,1,1,3,1,25:14,1,2025-26
2025-26,203500,Steven Adams,Steven,1610612745,HOU,Houston Rockets,0022500116,2025-10-27T00:00:00,HOU vs. BKN,W,16.058333333333334,0,1,0.0,0,0,0.0,4,4,1.0,5,3,8,1,1,0,1,0,1,2,4,20,17.1,0,0,15.0,1,1,1,1,22,24,24,24,1,1,1,2,5,1,6,15,12,12,6,12,5,1,6,10,14,5,16,4,1,16,1,16:04,1,2025-26
2025-26,203500,Steven Adams,Steven,1610612745,HOU,Houston Rockets,0022500131,2025-10-29T00:00:00,HOU @ TOR,W,19.706666666666667,5,6,0.833,0,0,0.0,2,2,1.0,8,4,12,2,1,1,1,0,3,1,12,14,34.4,1,0,30.0,1,1,1,1,15,1,4,4,1,1,1,5,8,1,1,11,3,7,6,6,5,1,19,14,2,8,2,1,1,2,1,19:42,1,2025-26
2025-26,203500,Steven Adams,Steven,1610612745,HOU,Houston Rockets,0022500146,2025-11-01T00:00:00,HOU @ BOS,W,14.45,2,3,0.667,0,0,0.0,0,0,0.0,3,2,5,3,1,0,0,0,1,1,4,13,13.5,0,0,12.0,1,1,1,1,24,7,19,8,1,1,1,20,21,20,17,22,22,2,6,12,11,1,6,14,14,10,23,4,1,23,1,14:27,1,2025-26
2025-26,203500,Steven Adams,Steven,1610612745,HOU,Houston Rockets,0022500160,2025-11-03T00:00:00,HOU vs. DAL,W,23.128333333333334,2,3,0.667,0,0,0.0,0,2,0.0,3,6,9,1,1,2,2,0,3,2,4,6,27.3,0,0,22.0,1,1,1,1,9,7,19,8,1,1,1,20,8,20,17,4,10,12,6,2,1,1,19,10,14,13,5,4,1,6,1,23:08,1,2025-26
2025-26,203500,Steven Adams,Steven,1610612745,HOU,Houston Rockets,0022500032,2025-11-07T00:00:00,HOU @ SAS,L,20.078333333333333,1,4,0.25,0,0,0.0,1,1,1.0,3,5,8,1,0,1,0,0,2,2,3,-7,17.1,0,0,14.0,1,19,19,19,14,19,9,20,1,1,1,12,20,1,17,6,12,12,20,6,11,1,12,10,21,23,16,4,1,20,1,20:05,1,2025-26
2025-26,203500,Steven Adams,Steven,1610612745,HOU,Houston Rockets,0022500191,2025-11-09T00:00:00,HOU @ MIL,W,22.3,5,7,0.714,0,0,0.0,2,2,1.0,5,1,6,1,1,0,0,0,2,1,12,-3,19.7,0,0,19.0,1,1,1,1,11,1,3,7,1,1,1,5,8,1,6,24,20,12,6,12,11,1,12,14,2,19,13,4,1,13,1,22:18,1,2025-26
2025-26,203500,Steven Adams,Steven,1610612745,HOU,Houston Rockets,0022500218,2025-11-12T00:00:00,HOU vs. WAS,W,16.883333333333333,2,5,0.4,0,0,0.0,1,2,0.5,5,3,8,4,1,0,2,1,2,1,5,21,25.6,0,0,21.0,1,1,1,1,20,7,8,17,1,1,1,12,8,10,6,15,12,1,6,12,1,20,12,14,11,4,8,4,1,10,1,16:53,1,2025-26
2025-26,203500,Steven Adams,Steven,1610612745,HOU,Houston Rockets,0022500042,2025-11-14T00:00:00,HOU vs. POR,W,17.516666666666666,2,4,0.5,0,0,0.0,1,2,0.5,5,6,11,0,0,1,2,0,1,1,5,22,27.2,0,0,22.0,1,1,1,1,18,7,9,11,1,1,1,12,8,10,6,4,6,18,20,6,1,1,6,14,11,3,6,4,1,6,1,17:31,1,2025-26
2025-26,203500,Steven Adams,Steven,1610612745,HOU,Houston Rockets,0022500236,2025-11-16T00:00:00,HOU vs. ORL,W,27.248333333333335,1,8,0.125,0,0,0.0,1,2,0.5,8,5,13,0,2,0,0,1,3,1,3,-2,16.6,0,0,16.0,1,1,1,1,5,19,2,23,1,1,1,12,8,10,1,6,1,18,4,12,11,20,19,14,21,18,19,4,1,14,1,27:15,1,2025-26
2025-26,203500,Steven Adams,Steven,1610612745,HOU,Houston Rockets,0022500255,2025-11-19T00:00:00,HOU @ CLE,W,27.983333333333334,2,6,0.333,0,0,0.0,2,2,1.0,6,5,11,3,2,0,1,0,2,1,6,6,24.7,0,0,22.0,1,1,1,1,3,7,4,18,1,1,1,5,8,1,3,6,6,2,4,12,5,1,12,14,8,13,9,4,1,6,1,27:59,1,2025-26
2025-26,203500,Steven Adams,Steven,1610612745,HOU,Houston Rockets,0022500054,2025-11-21T00:00:00,HOU vs. DEN,L,23.116666666666667,2,2,1.0,0,0,0.0,1,3,0.333,5,3,8,2,1,0,0,0,1,3,5,14,16.6,0,0,15.0,1,19,19,19,10,7,23,1,1,1,1,12,7,18,6,15,12,7,6,12,11,1,6,6,11,8,19,4,1,16,1,23:07,1,2025-26
2025-26,203500,Steven Adams,Steven,1610612745,HOU,Houston Rockets,0022500290,2025-11-24T00:00:00,HOU @ PHX,W,16.486666666666668,2,4,0.5,0,0,0.0,2,2,1.0,3,4,7,0,0,1,0,0,2,3,6,6,17.4,0,0,15.0,1,1,1,1,21,7,9,11,1,1,1,5,8,1,17,11,19,18,20,6,11,1,12,6,8,13,15,4,1,16,1,16:29,1,2025-26
2025-26,203500,Steven Adams,Steven,1610612745,HOU,Houston Rockets,0022500301,2025-11-30T00:00:00,HOU @ UTA,W,16.94333333333333,2,4,0.5,0,0,0.0,9,10,0.9,4,8,12,2,0,1,1,0,0,6,13,24,36.4,1,0,31.0,1,1,1,1,19,7,9,11,1,1,1,1,1,8,15,1,3,7,20,6,5,1,1,1,1,2,1,1,1,1,1,16:57,1,2025-26
2025-26,203500,Steven Adams,Steven,1610612745,HOU,Houston Rockets,0022500330,2025-12-03T00:00:00,HOU vs. SAC,W,17.833333333333332,5,6,0.833,0,0,0.0,1,2,0.5,5,3,8,0,3,0,2,0,0,2,11,7,23.6,0,0,23.0,1,1,1,1,17,1,4,4,1,1,1,12,8,10,6,15,12,18,1,12,1,1,1,10,4,12,10,4,1,4,1,17:50,1,2025-26
2025-26,203500,Steven Adams,Steven,1610612745,HOU,Houston Rockets,0022500346,2025-12-05T00:00:00,HOU vs. PHX,W,29.866666666666667,2,4,0.5,0,0,0.0,0,0,0.0,3,5,8,3,1,2,1,0,5,3,4,18,26.1,0,0,21.0,1,1,1,1,2,7,9,11,1,1,1,20,21,20,17,6,12,2,6,2,5,1,25,6,14,6,7,4,1,10,1,29:52,1,2025-26
2025-26,203500,Steven Adams,Steven,1610612745,HOU,Houston Rockets,0022501205,2025-12-11T00:00:00,HOU vs. LAC,W,17.916666666666668,2,4,0.5,0,0,0.0,0,0,0.0,3,3,6,2,1,2,0,1,0,0,4,10,19.2,0,0,16.0,1,1,1,1,16,7,9,11,1,1,1,20,21,20,17,15,20,7,6,2,11,20,1,23,14,11,14,4,1,14,1,17:55,1,2025-26
2025-26,203500,Steven Adams,Steven,1610612745,HOU,Houston Rockets,0022501225,2025-12-15T00:00:00,HOU @ DEN,L,15.505,1,1,1.0,0,0,0.0,1,2,0.5,0,0,0,0,1,0,0,0,3,1,3,-8,2.0,0,0,3.0,1,19,19,19,23,19,24,1,1,1,1,12,8,10,25,25,25,18,6,12,11,1,19,14,21,24,25,4,1,25,1,15:30,1,2025-26
2025-26,203500,Steven Adams,Steven,1610612745,HOU,Houston Rockets,0022500375,2025-12-18T00:00:00,HOU @ NOP,L,27.813333333333333,2,10,0.2,0,0,0.0,2,5,0.4,6,4,10,3,1,1,1,1,3,4,6,3,27.5,0,0,23.0,1,19,19,19,4,7,1,22,1,1,1,5,4,17,3,11,8,2,6,6,5,20,19,5,8,16,4,4,1,4,1,27:49,1,2025-26
2025-26,203500,Steven Adams,Steven,1610612745,HOU,Houston Rockets,0022500386,2025-12-20T00:00:00,HOU @ DEN,W,25.238333333333333,0,4,0.0,0,0,0.0,1,2,0.5,5,7,12,0,0,0,0,0,1,1,1,-10,15.4,0,0,13.0,1,1,1,1,7,24,9,24,1,1,1,12,8,10,6,3,3,18,20,12,11,1,6,14,25,25,21,4,1,21,1,25:14,1,2025-26
2025-26,203500,Steven Adams,Steven,1610612745,HOU,Houston Rockets,0022500422,2025-12-23T00:00:00,HOU @ LAC,L,14.0,1,3,0.333,0,0,0.0,0,0,0.0,1,3,4,1,1,0,0,1,1,0,2,-5,7.3,0,0,7.0,1,19,19,19,25,19,19,18,1,1,1,20,21,20,24,15,24,12,6,12,11,20,6,23,24,22,24,4,1,24,1,14:00,1,2025-26
2025-26,203500,Steven Adams,Steven,1610612745,HOU,Houston Rockets,0022500012,2025-12-25T00:00:00,HOU @ LAL,W,25.55,2,3,0.667,0,0,0.0,0,0,0.0,4,5,9,2,1,0,0,0,0,0,4,-4,16.8,0,0,15.0,1,1,1,1,6,7,19,8,1,1,1,20,21,20,15,6,10,7,6,12,11,1,1,23,14,20,18,4,1,16,1,25:33,1,2025-26
2025-26,203500,Steven Adams,Steven,1610612745,HOU,Houston Rockets,0022500438,2025-12-27T00:00:00,HOU vs. CLE,W,22.166666666666668,3,6,0.5,0,0,0.0,3,6,0.5,5,3,8,1,3,2,0,0,0,5,9,26,23.1,0,0,22.0,1,1,1,1,13,5,4,11,1,1,1,3,2,10,6,15,12,12,1,2,11,1,1,3,6,1,11,4,1,6,1,22:10,1,2025-26
2025-26,203500,Steven Adams,Steven,1610612745,HOU,Houston Rockets,0022500453,2025-12-29T00:00:00,HOU vs. IND,W,22.288333333333334,3,4,0.75,0,0,0.0,2,6,0.333,3,2,5,0,0,0,0,1,2,6,8,17,14.0,0,0,13.0,1,1,1,1,12,5,9,6,1,1,1,5,2,18,17,22,22,18,20,12,11,20,12,1,7,7,22,4,1,21,1,22:17,1,2025-26
