SEASON_YEAR,PLAYER_ID,PLAYER_NAME,NICKNAME,TEAM_ID,TEAM_ABBREVIATION,TEAM_NAME,GAME_ID,GAME_DATE,MATCHUP,WL,MIN,FGM,FGA,FG_PCT,FG3M,FG3A,FG3_PCT,FTM,FTA,FT_PCT,OREB,DREB,REB,AST,TOV,STL,BLK,BLKA,PF,PFD,PTS,PLUS_MINUS,NBA_FANTASY_PTS,DD2,TD3,WNBA_FANTASY_PTS,GP_RANK,W_RANK,L_RANK,W_PCT_RANK,MIN_RANK,FGM_RANK,FGA_RANK,FG_PCT_RANK,FG3M_RANK,FG3A_RANK,FG3_PCT_RANK,FTM_RANK,FTA_RANK,FT_PCT_RANK,OREB_RANK,DREB_RANK,REB_RANK,AST_RANK,TOV_RANK,STL_RANK,BLK_RANK,BLKA_RANK,PF_RANK,PFD_RANK,PTS_RANK,PLUS_MINUS_RANK,NBA_FANTASY_PTS_RANK,DD2_RANK,TD3_RANK,WNBA_FANTASY_PTS_RANK,AVAILABLE_FLAG,MIN_SEC,TEAM_COUNT,player_name,season,player_id,season_type
2025-26,1626157,Karl-Anthony Towns,Karl-Anthony,1610612752,NYK,New York Knicks,0022500467,2025-12-31T00:00:00,NYK @ SAS,L,33.47,5,10,0.5,2,5,0.4,8,8,1.0,1,6,7,4,3,1,0,0,6,4,20,-15,34.4,0,0,35.0,1,22,22,22,13,21,28,9,10,13,13,7,11,1,26,26,29,5,8,8,15,1,30,19,17,31,22,23,1,20,1,33:28,1,Karl-Anthony Towns,2025-26,1626157,Regular Season
2025-26,1626157,Karl-Anthony Towns,Karl-Anthony,1610612752,NYK,New York Knicks,0022500454,2025-12-29T00:00:00,NYK @ NOP,W,29.971666666666668,4,9,0.444,2,4,0.5,2,2,1.0,2,10,12,4,0,0,2,3,4,1,12,6,38.4,1,0,34.0,1,1,1,1,26,27,29,17,10,18,5,27,27,1,19,7,13,5,29,19,1,28,14,30,27,14,18,1,1,22,1,29:58,1,Karl-Anthony Towns,2025-26,1626157,Regular Season
2025-26,1626157,Karl-Anthony Towns,Karl-Anthony,1610612752,NYK,New York Knicks,0022500435,2025-12-27T00:00:00,NYK @ ATL,W,29.8,8,15,0.533,3,6,0.5,17,18,0.944,5,10,15,1,2,0,0,2,3,9,36,-7,53.5,1,0,55.0,1,1,1,1,27,9,12,7,4,7,5,1,1,14,2,7,4,26,17,19,15,21,8,2,4,28,7,1,1,6,1,29:48,1,Karl-Anthony Towns,2025-26,1626157,Regular Season
2025-26,1626157,Karl-Anthony Towns,Karl-Anthony,1610612752,NYK,New York Knicks,0022500009,2025-12-25T00:00:00,NYK vs. CLE,W,27.385,5,13,0.385,0,2,0.0,1,2,0.5,2,12,14,1,2,2,0,0,4,4,11,7,33.3,1,0,30.0,1,1,1,1,30,21,19,24,27,26,27,29,27,29,19,3,7,26,17,2,15,1,14,19,28,12,25,1,1,28,1,27:23,1,Karl-Anthony Towns,2025-26,1626157,Regular Season
2025-26,1626157,Karl-Anthony Towns,Karl-Anthony,1610612752,NYK,New York Knicks,0022500416,2025-12-23T00:00:00,NYK @ MIN,L,34.51833333333333,14,24,0.583,3,6,0.5,9,11,0.818,4,9,13,1,5,1,0,0,6,5,40,6,55.1,1,0,59.0,1,22,22,22,11,1,2,5,4,7,5,4,3,22,7,12,9,26,1,8,15,1,30,14,1,14,6,1,1,4,1,34:31,1,Karl-Anthony Towns,2025-26,1626157,Regular Season
2025-26,1626157,Karl-Anthony Towns,Karl-Anthony,1610612752,NYK,New York Knicks,0022500398,2025-12-21T00:00:00,NYK vs. MIA,W,28.783333333333335,1,5,0.2,0,0,0.0,0,2,0.0,1,5,6,2,3,2,0,1,4,2,2,-1,15.2,0,0,14.0,1,1,1,1,28,31,31,30,27,31,27,31,27,31,26,29,31,18,8,2,15,11,14,27,31,26,31,23,1,31,1,28:47,1,Karl-Anthony Towns,2025-26,1626157,Regular Season
2025-26,1626157,Karl-Anthony Towns,Karl-Anthony,1610612752,NYK,New York Knicks,0022500382,2025-12-19T00:00:00,NYK vs. PHI,L,35.333333333333336,7,15,0.467,1,5,0.2,7,9,0.778,3,8,11,1,3,0,0,1,4,8,22,-7,33.7,1,0,35.0,1,22,22,22,9,11,12,12,17,13,22,11,6,25,12,17,18,26,8,19,15,11,14,3,12,28,24,1,1,20,1,35:20,1,Karl-Anthony Towns,2025-26,1626157,Regular Season
2025-26,1626157,Karl-Anthony Towns,Karl-Anthony,1610612752,NYK,New York Knicks,0022501229,2025-12-13T00:00:00,NYK @ ORL,W,37.185,9,11,0.818,2,4,0.5,9,10,0.9,1,7,8,2,0,1,1,0,3,8,29,12,47.6,0,0,45.0,1,1,1,1,3,8,23,1,10,18,5,4,5,16,26,21,26,18,29,8,8,1,8,3,7,9,10,23,1,11,1,37:11,1,Karl-Anthony Towns,2025-26,1626157,Regular Season
2025-26,1626157,Karl-Anthony Towns,Karl-Anthony,1610612752,NYK,New York Knicks,0022501202,2025-12-09T00:00:00,NYK @ TOR,W,30.798333333333332,4,11,0.364,1,2,0.5,5,6,0.833,5,11,16,1,1,1,2,2,4,3,14,21,42.7,1,0,38.0,1,1,1,1,24,27,23,28,17,26,5,18,19,20,2,5,3,26,24,8,1,21,14,24,26,2,14,1,1,17,1,30:48,1,Karl-Anthony Towns,2025-26,1626157,Regular Season
2025-26,1626157,Karl-Anthony Towns,Karl-Anthony,1610612752,NYK,New York Knicks,0022500343,2025-12-05T00:00:00,NYK vs. UTA,W,22.283333333333335,5,11,0.455,4,6,0.667,4,4,1.0,1,8,9,4,1,1,0,0,1,2,18,21,36.8,0,0,37.0,1,1,1,1,31,21,23,14,2,7,3,21,23,1,26,17,25,5,24,8,15,1,1,27,21,2,19,23,1,18,1,22:17,1,Karl-Anthony Towns,2025-26,1626157,Regular Season
2025-26,1626157,Karl-Anthony Towns,Karl-Anthony,1610612752,NYK,New York Knicks,0022500328,2025-12-03T00:00:00,NYK vs. CHA,W,39.19,13,23,0.565,3,7,0.429,6,7,0.857,5,13,18,5,1,2,0,3,2,5,35,21,69.1,1,0,65.0,1,1,1,1,1,3,4,6,4,5,11,15,14,18,2,2,1,2,24,2,15,28,3,14,5,2,1,1,1,1,1,39:11,1,Karl-Anthony Towns,2025-26,1626157,Regular Season
2025-26,1626157,Karl-Anthony Towns,Karl-Anthony,1610612752,NYK,New York Knicks,0022500320,2025-12-02T00:00:00,NYK @ BOS,L,33.233333333333334,12,19,0.632,2,5,0.4,3,3,1.0,2,5,7,2,4,0,1,1,2,7,29,10,39.4,0,0,42.0,1,22,22,22,14,5,6,3,10,13,13,26,26,1,19,29,29,18,3,19,8,11,3,7,7,11,17,23,1,14,1,33:14,1,Karl-Anthony Towns,2025-26,1626157,Regular Season
2025-26,1626157,Karl-Anthony Towns,Karl-Anthony,1610612752,NYK,New York Knicks,0022500303,2025-11-30T00:00:00,NYK vs. TOR,W,31.033333333333335,8,15,0.533,1,4,0.25,5,7,0.714,3,5,8,2,4,0,0,2,3,5,22,3,30.6,0,0,33.0,1,1,1,1,22,9,12,7,17,18,18,18,14,27,12,29,26,18,3,19,15,21,8,14,12,19,28,23,1,25,1,31:02,1,Karl-Anthony Towns,2025-26,1626157,Regular Season
2025-26,1626157,Karl-Anthony Towns,Karl-Anthony,1610612752,NYK,New York Knicks,0022500074,2025-11-28T00:00:00,NYK vs. MIL,W,35.678333333333335,2,8,0.25,1,2,0.5,4,5,0.8,3,7,10,4,2,0,1,1,4,3,9,0,28.0,0,0,26.0,1,1,1,1,7,29,30,29,17,26,5,21,21,23,12,21,21,5,17,19,8,11,14,24,29,23,29,23,1,29,1,35:41,1,Karl-Anthony Towns,2025-26,1626157,Regular Season
2025-26,1626157,Karl-Anthony Towns,Karl-Anthony,1610612752,NYK,New York Knicks,0022500061,2025-11-26T00:00:00,NYK @ CHA,W,32.36666666666667,6,13,0.462,0,3,0.0,7,7,1.0,4,6,10,3,3,0,0,1,2,6,19,6,32.5,1,0,32.0,1,1,1,1,18,14,19,13,27,24,27,11,14,1,7,26,21,14,8,19,15,11,3,9,19,14,26,1,1,27,1,32:22,1,Karl-Anthony Towns,2025-26,1626157,Regular Season
2025-26,1626157,Karl-Anthony Towns,Karl-Anthony,1610612752,NYK,New York Knicks,0022500285,2025-11-24T00:00:00,NYK @ BKN,W,32.96666666666667,14,20,0.7,3,4,0.75,6,6,1.0,3,9,12,3,1,1,2,1,3,4,37,25,63.9,1,0,61.0,1,1,1,1,16,1,5,2,4,18,2,15,19,1,12,12,13,14,24,8,1,11,8,19,3,1,2,1,1,3,1,32:58,1,Karl-Anthony Towns,2025-26,1626157,Regular Season
2025-26,1626157,Karl-Anthony Towns,Karl-Anthony,1610612752,NYK,New York Knicks,0022500269,2025-11-22T00:00:00,NYK @ ORL,L,37.17166666666667,6,14,0.429,2,6,0.333,10,11,0.909,2,6,8,3,4,0,0,1,3,8,24,-14,34.1,0,0,37.0,1,22,22,22,4,14,16,18,10,7,17,2,3,15,19,26,26,14,3,19,15,11,8,3,11,30,23,23,1,18,1,37:10,1,Karl-Anthony Towns,2025-26,1626157,Regular Season
2025-26,1626157,Karl-Anthony Towns,Karl-Anthony,1610612752,NYK,New York Knicks,0022500262,2025-11-19T00:00:00,NYK @ DAL,W,34.82666666666667,6,16,0.375,1,6,0.167,5,9,0.556,4,10,14,6,3,2,0,0,4,5,18,4,46.8,1,0,43.0,1,1,1,1,10,14,10,25,17,7,25,18,6,28,7,7,7,1,8,2,15,1,14,14,21,18,12,1,1,12,1,34:50,1,Karl-Anthony Towns,2025-26,1626157,Regular Season
2025-26,1626157,Karl-Anthony Towns,Karl-Anthony,1610612752,NYK,New York Knicks,0022500244,2025-11-17T00:00:00,NYK @ MIA,L,32.61666666666667,7,19,0.368,1,7,0.143,7,7,1.0,4,11,15,2,4,0,1,2,5,6,22,3,42.0,1,0,42.0,1,22,22,22,17,11,6,27,17,5,26,11,14,1,7,5,4,18,3,19,8,21,24,9,12,19,15,1,1,14,1,32:37,1,Karl-Anthony Towns,2025-26,1626157,Regular Season
2025-26,1626157,Karl-Anthony Towns,Karl-Anthony,1610612752,NYK,New York Knicks,0022500039,2025-11-14T00:00:00,NYK vs. MIA,W,38.031666666666666,13,26,0.5,6,14,0.429,7,9,0.778,2,9,11,4,0,1,0,3,3,8,39,13,61.2,1,0,62.0,1,1,1,1,2,3,1,9,1,1,11,11,6,25,19,12,18,5,29,8,15,28,8,3,2,7,3,1,1,2,1,38:02,1,Karl-Anthony Towns,2025-26,1626157,Regular Season
2025-26,1626157,Karl-Anthony Towns,Karl-Anthony,1610612752,NYK,New York Knicks,0022500215,2025-11-12T00:00:00,NYK vs. ORL,L,34.51833333333333,6,15,0.4,1,4,0.25,2,2,1.0,2,10,12,4,2,1,0,0,5,2,15,-2,36.4,1,0,34.0,1,22,22,22,11,14,12,23,17,18,18,27,27,1,19,7,13,5,17,8,15,1,24,27,23,27,20,1,1,22,1,34:31,1,Karl-Anthony Towns,2025-26,1626157,Regular Season
2025-26,1626157,Karl-Anthony Towns,Karl-Anthony,1610612752,NYK,New York Knicks,0022500208,2025-11-11T00:00:00,NYK vs. MEM,W,31.671666666666667,7,17,0.412,3,8,0.375,4,5,0.8,4,9,13,4,2,3,2,1,4,4,21,0,55.6,1,0,51.0,1,1,1,1,20,11,8,22,4,2,15,21,21,23,7,12,9,5,17,1,1,11,14,19,16,23,5,1,1,7,1,31:40,1,Karl-Anthony Towns,2025-26,1626157,Regular Season
2025-26,1626157,Karl-Anthony Towns,Karl-Anthony,1610612752,NYK,New York Knicks,0022500192,2025-11-09T00:00:00,NYK vs. BKN,W,28.333333333333332,10,17,0.588,0,2,0.0,8,8,1.0,3,9,12,2,2,2,0,3,5,6,28,21,49.4,1,0,46.0,1,1,1,1,29,7,8,4,27,26,27,7,11,1,12,12,13,18,17,2,15,28,24,9,9,2,9,1,1,9,1,28:20,1,Karl-Anthony Towns,2025-26,1626157,Regular Season
2025-26,1626157,Karl-Anthony Towns,Karl-Anthony,1610612752,NYK,New York Knicks,0022500175,2025-11-05T00:00:00,NYK vs. MIN,W,31.26,5,11,0.455,1,5,0.2,4,4,1.0,3,7,10,4,4,0,2,0,5,3,15,15,35.0,1,0,34.0,1,1,1,1,21,21,23,14,17,13,22,21,23,1,12,21,21,5,3,19,1,1,24,24,23,6,21,1,1,22,1,31:16,1,Karl-Anthony Towns,2025-26,1626157,Regular Season
2025-26,1626157,Karl-Anthony Towns,Karl-Anthony,1610612752,NYK,New York Knicks,0022500159,2025-11-03T00:00:00,NYK vs. WAS,W,30.483333333333334,12,24,0.5,3,8,0.375,6,7,0.857,5,8,13,5,3,2,0,2,4,7,33,13,59.1,1,0,58.0,1,1,1,1,25,5,2,9,4,2,15,15,14,18,2,17,9,2,8,2,15,21,14,7,6,7,4,1,1,5,1,30:29,1,Karl-Anthony Towns,2025-26,1626157,Regular Season
2025-26,1626157,Karl-Anthony Towns,Karl-Anthony,1610612752,NYK,New York Knicks,0022500153,2025-11-02T00:00:00,NYK vs. CHI,W,36.13333333333333,5,11,0.455,2,2,1.0,8,8,1.0,3,12,15,5,1,0,2,1,1,6,20,12,50.5,1,0,46.0,1,1,1,1,5,21,23,14,10,26,1,7,11,1,12,3,4,2,24,19,1,11,1,9,17,9,8,1,1,9,1,36:08,1,Karl-Anthony Towns,2025-26,1626157,Regular Season
2025-26,1626157,Karl-Anthony Towns,Karl-Anthony,1610612752,NYK,New York Knicks,0022500023,2025-10-31T00:00:00,NYK @ CHI,L,31.711666666666666,6,14,0.429,1,5,0.2,9,9,1.0,2,8,10,4,2,0,1,1,2,6,22,7,41.0,1,0,39.0,1,22,22,22,19,14,16,18,17,13,22,4,6,1,19,17,21,5,17,19,8,11,3,9,12,12,16,1,1,16,1,31:43,1,Karl-Anthony Towns,2025-26,1626157,Regular Season
2025-26,1626157,Karl-Anthony Towns,Karl-Anthony,1610612752,NYK,New York Knicks,0022500125,2025-10-28T00:00:00,NYK @ MIL,L,35.388333333333335,2,12,0.167,0,3,0.0,4,4,1.0,5,7,12,1,3,1,1,2,5,4,8,0,26.9,0,0,25.0,1,22,22,22,8,29,21,31,27,24,27,21,23,1,2,21,13,26,8,8,8,21,24,19,30,23,30,23,1,30,1,35:23,1,Karl-Anthony Towns,2025-26,1626157,Regular Season
2025-26,1626157,Karl-Anthony Towns,Karl-Anthony,1610612752,NYK,New York Knicks,0022500108,2025-10-26T00:00:00,NYK @ MIA,L,35.85666666666667,6,14,0.429,2,8,0.25,1,2,0.5,1,17,18,2,3,1,2,0,5,1,15,2,45.6,1,0,43.0,1,22,22,22,6,14,16,18,10,2,18,29,27,29,26,1,1,18,8,8,1,1,24,30,23,21,13,1,1,12,1,35:51,1,Karl-Anthony Towns,2025-26,1626157,Regular Season
2025-26,1626157,Karl-Anthony Towns,Karl-Anthony,1610612752,NYK,New York Knicks,0022500018,2025-10-24T00:00:00,NYK vs. BOS,W,33.071666666666665,6,16,0.375,4,6,0.667,10,12,0.833,6,7,13,3,5,1,1,2,2,12,26,6,47.1,1,0,50.0,1,1,1,1,15,14,10,25,2,7,3,2,2,20,1,21,9,14,1,8,8,21,3,1,10,14,11,1,1,8,1,33:04,1,Karl-Anthony Towns,2025-26,1626157,Regular Season
2025-26,1626157,Karl-Anthony Towns,Karl-Anthony,1610612752,NYK,New York Knicks,0022500003,2025-10-22T00:00:00,NYK vs. CLE,W,30.991666666666667,5,12,0.417,1,4,0.25,8,9,0.889,1,10,11,2,3,0,0,0,4,5,19,2,32.2,1,0,33.0,1,1,1,1,23,21,21,21,17,18,18,7,6,17,26,7,18,18,8,19,15,1,14,14,19,21,27,1,1,25,1,30:60,1,Karl-Anthony Towns,2025-26,1626157,Regular Season
2025-26,1627734,Domantas Sabonis,Domantas,1610612758,SAC,Sacramento Kings,0022500234,2025-11-16T00:00:00,SAC @ SAS,L,36.18333333333333,7,14,0.5,0,1,0.0,3,4,0.75,3,10,13,5,3,3,0,0,3,5,17,-7,46.1,1,0,41.0,1,3,3,3,5,5,4,6,5,8,5,5,4,4,7,3,4,3,3,1,3,1,2,4,6,3,3,1,1,3,1,36:11,1,Domantas Sabonis,2025-26,1627734,Regular Season
2025-26,1627734,Domantas Sabonis,Domantas,1610612758,SAC,Sacramento Kings,0022500044,2025-11-14T00:00:00,SAC @ MIN,L,39.35,14,24,0.583,1,2,0.5,5,8,0.625,4,7,11,3,2,0,1,1,5,8,34,-17,52.7,1,0,51.0,1,3,3,3,1,1,1,4,1,3,1,3,3,6,4,9,8,6,6,9,1,5,8,1,1,7,1,1,1,1,1,39:21,1,Domantas Sabonis,2025-26,1627734,Regular Season
2025-26,1627734,Domantas Sabonis,Domantas,1610612758,SAC,Sacramento Kings,0022500223,2025-11-12T00:00:00,SAC vs. ATL,L,26.4,4,9,0.444,0,1,0.0,4,4,1.0,0,5,5,2,4,2,0,1,2,3,12,-38,23.0,0,0,23.0,1,3,3,3,10,10,9,9,5,8,5,4,4,1,11,11,11,10,2,3,3,5,1,6,8,11,11,10,1,11,1,26:24,1,Domantas Sabonis,2025-26,1627734,Regular Season
2025-26,1627734,Domantas Sabonis,Domantas,1610612758,SAC,Sacramento Kings,0022500212,2025-11-11T00:00:00,SAC vs. DEN,L,25.6,8,12,0.667,1,3,0.333,2,4,0.5,2,6,8,4,0,0,0,1,6,3,19,-18,34.6,0,0,32.0,1,3,3,3,11,2,7,1,1,2,3,7,4,7,9,10,10,5,11,9,3,5,11,6,4,8,9,10,1,9,1,25:36,1,Domantas Sabonis,2025-26,1627734,Regular Season
2025-26,1627734,Domantas Sabonis,Domantas,1610612758,SAC,Sacramento Kings,0022500197,2025-11-09T00:00:00,SAC vs. MIN,L,29.833333333333332,5,17,0.294,0,2,0.0,10,12,0.833,5,8,13,3,3,1,0,5,4,7,20,-19,40.1,1,0,38.0,1,3,3,3,9,7,2,11,5,3,5,1,1,2,2,7,4,6,3,4,3,11,5,2,3,9,6,1,1,4,1,29:50,1,Domantas Sabonis,2025-26,1627734,Regular Season
2025-26,1627734,Domantas Sabonis,Domantas,1610612758,SAC,Sacramento Kings,0022500162,2025-11-03T00:00:00,SAC @ DEN,L,36.86666666666667,5,10,0.5,0,0,0.0,3,4,0.75,4,13,17,5,2,1,0,2,3,4,13,-14,41.9,1,0,37.0,1,3,3,3,3,7,8,6,5,11,5,5,4,4,4,1,2,3,6,4,3,9,2,5,7,4,4,1,1,6,1,36:52,1,Domantas Sabonis,2025-26,1627734,Regular Season
2025-26,1627734,Domantas Sabonis,Domantas,1610612758,SAC,Sacramento Kings,0022500142,2025-11-01T00:00:00,SAC @ MIL,W,36.95,8,13,0.615,0,2,0.0,8,10,0.8,5,8,13,6,3,1,0,1,5,6,24,5,48.6,1,0,45.0,1,1,1,1,2,2,6,3,5,3,5,2,2,3,2,7,4,1,3,4,3,5,8,3,2,1,2,1,1,2,1,36:57,1,Domantas Sabonis,2025-26,1627734,Regular Season
2025-26,1627734,Domantas Sabonis,Domantas,1610612758,SAC,Sacramento Kings,0022500132,2025-10-29T00:00:00,SAC @ CHI,L,31.516666666666666,8,14,0.571,1,4,0.25,1,2,0.5,1,10,11,6,2,1,0,0,4,1,18,-21,41.2,1,0,38.0,1,3,3,3,7,2,4,5,1,1,4,8,8,7,10,3,8,1,6,4,3,1,5,9,5,10,5,1,1,4,1,31:31,1,Domantas Sabonis,2025-26,1627734,Regular Season
2025-26,1627734,Domantas Sabonis,Domantas,1610612758,SAC,Sacramento Kings,0022500126,2025-10-28T00:00:00,SAC @ OKC,L,35.2,5,15,0.333,0,2,0.0,0,0,0.0,6,12,18,3,5,1,1,3,4,1,10,-15,37.1,1,0,35.0,1,3,3,3,6,7,3,10,5,3,5,10,11,10,1,2,1,6,1,4,1,10,5,9,10,5,8,1,1,7,1,35:12,1,Domantas Sabonis,2025-26,1627734,Regular Season
2025-26,1627734,Domantas Sabonis,Domantas,1610612758,SAC,Sacramento Kings,0022500113,2025-10-26T00:00:00,SAC vs. LAL,L,30.5,4,8,0.5,1,2,0.5,1,2,0.5,4,10,14,3,2,3,0,0,5,1,10,0,38.3,1,0,34.0,1,3,3,3,8,10,11,6,1,3,1,8,8,7,4,3,3,6,6,1,3,1,8,9,10,2,7,1,1,8,1,30:30,1,Domantas Sabonis,2025-26,1627734,Regular Season
2025-26,1627734,Domantas Sabonis,Domantas,1610612758,SAC,Sacramento Kings,0022500098,2025-10-24T00:00:00,SAC vs. UTA,W,36.63333333333333,6,9,0.667,0,1,0.0,0,1,0.0,3,9,12,1,2,0,0,0,3,2,12,-15,25.9,1,0,25.0,1,1,1,1,4,6,9,1,5,8,5,10,10,10,7,6,7,11,6,9,3,1,2,8,8,5,10,1,1,10,1,36:38,1,Domantas Sabonis,2025-26,1627734,Regular Season
2025-26,203497,Rudy Gobert,Rudy,1610612750,MIN,Minnesota Timberwolves,0022500463,2025-12-31T00:00:00,MIN @ ATL,L,28.45,3,6,0.5,0,0,0.0,0,0,0.0,4,7,11,3,1,1,0,0,1,0,6,-22,25.7,0,0,22.0,1,22,22,22,26,24,16,28,1,1,1,29,31,29,14,16,19,5,14,6,28,1,3,34,29,33,24,14,1,25,1,28:27,1,Rudy Gobert,2025-26,203497,Regular Season
2025-26,203497,Rudy Gobert,Rudy,1610612750,MIN,Minnesota Timberwolves,0022500452,2025-12-29T00:00:00,MIN @ CHI,W,29.616666666666667,4,5,0.8,0,0,0.0,1,4,0.25,0,10,10,1,0,1,4,1,2,4,9,14,37.5,0,0,30.0,1,1,1,1,23,15,25,10,1,1,1,20,12,26,34,5,20,19,25,6,3,22,9,16,19,8,11,14,1,13,1,29:37,1,Rudy Gobert,2025-26,203497,Regular Season
2025-26,203497,Rudy Gobert,Rudy,1610612750,MIN,Minnesota Timberwolves,0022500439,2025-12-27T00:00:00,MIN vs. BKN,L,31.433333333333334,2,6,0.333,0,0,0.0,2,4,0.5,4,4,8,0,0,2,1,0,2,6,6,-14,24.6,0,0,20.0,1,22,22,22,21,30,16,33,1,1,1,12,12,11,14,27,24,30,25,1,15,1,9,4,29,31,26,14,1,27,1,31:26,1,Rudy Gobert,2025-26,203497,Regular Season
2025-26,203497,Rudy Gobert,Rudy,1610612750,MIN,Minnesota Timberwolves,0022500013,2025-12-25T00:00:00,MIN @ DEN,L,33.98,4,7,0.571,0,0,0.0,1,2,0.5,5,7,12,0,0,0,6,2,6,2,9,18,41.4,0,0,33.0,1,22,22,22,13,15,11,27,1,1,1,20,22,11,8,16,11,30,25,16,1,34,32,27,19,6,9,14,1,10,1,33:59,1,Rudy Gobert,2025-26,203497,Regular Season
2025-26,203497,Rudy Gobert,Rudy,1610612750,MIN,Minnesota Timberwolves,0022500416,2025-12-23T00:00:00,MIN vs. NYK,W,37.75,4,6,0.667,0,0,0.0,3,4,0.75,6,10,16,2,1,2,3,1,2,4,11,10,47.2,1,0,39.0,1,1,1,1,5,15,16,19,1,1,1,5,12,3,4,5,3,12,14,1,5,22,9,16,14,10,6,1,1,6,1,37:45,1,Rudy Gobert,2025-26,203497,Regular Season
2025-26,203497,Rudy Gobert,Rudy,1610612750,MIN,Minnesota Timberwolves,0022500400,2025-12-21T00:00:00,MIN vs. MIL,W,39.291666666666664,5,7,0.714,0,0,0.0,1,4,0.25,6,12,18,3,0,1,1,1,2,3,11,-4,43.1,1,0,36.0,1,1,1,1,2,11,11,18,1,1,1,20,12,26,4,2,1,5,25,6,15,22,9,25,14,26,7,1,1,8,1,39:18,1,Rudy Gobert,2025-26,203497,Regular Season
2025-26,203497,Rudy Gobert,Rudy,1610612750,MIN,Minnesota Timberwolves,0022500385,2025-12-19T00:00:00,MIN vs. OKC,W,33.11833333333333,3,7,0.429,0,0,0.0,3,7,0.429,6,8,14,1,2,0,0,1,3,6,9,0,25.3,0,0,24.0,1,1,1,1,17,24,11,31,1,1,1,5,5,22,4,12,7,19,6,16,28,22,17,4,19,21,25,14,1,21,1,33:07,1,Rudy Gobert,2025-26,203497,Regular Season
2025-26,203497,Rudy Gobert,Rudy,1610612750,MIN,Minnesota Timberwolves,0022500368,2025-12-17T00:00:00,MIN vs. MEM,L,35.46666666666667,6,8,0.75,0,0,0.0,4,6,0.667,7,9,16,4,4,1,4,1,2,5,16,1,52.2,1,0,46.0,1,22,22,22,7,6,7,14,1,1,1,3,7,5,1,8,3,2,1,6,3,22,9,10,4,20,1,1,1,1,1,35:28,1,Rudy Gobert,2025-26,203497,Regular Season
2025-26,203497,Rudy Gobert,Rudy,1610612750,MIN,Minnesota Timberwolves,0022501220,2025-12-14T00:00:00,MIN vs. SAC,W,20.066666666666666,3,4,0.75,0,0,0.0,1,6,0.167,5,7,12,3,1,0,1,1,1,4,7,9,27.9,0,0,24.0,1,1,1,1,34,24,28,14,1,1,1,20,7,28,8,16,11,5,14,16,15,22,3,16,27,11,21,14,1,21,1,20:04,1,Rudy Gobert,2025-26,203497,Regular Season
2025-26,203497,Rudy Gobert,Rudy,1610612750,MIN,Minnesota Timberwolves,0022501215,2025-12-12T00:00:00,MIN @ GSW,W,35.17666666666667,11,13,0.846,0,0,0.0,2,3,0.667,4,10,14,1,0,2,1,0,4,4,24,8,51.3,1,0,45.0,1,1,1,1,9,1,1,8,1,1,1,12,19,5,14,5,7,19,25,1,15,1,23,16,2,13,3,1,1,2,1,35:11,1,Rudy Gobert,2025-26,203497,Regular Season
2025-26,203497,Rudy Gobert,Rudy,1610612750,MIN,Minnesota Timberwolves,0022500365,2025-12-08T00:00:00,MIN vs. PHX,L,20.983333333333334,7,9,0.778,0,0,0.0,1,2,0.5,5,3,8,1,0,1,0,1,2,2,15,0,29.1,0,0,26.0,1,22,22,22,33,4,5,13,1,1,1,20,22,11,8,31,24,19,25,6,28,22,9,27,5,21,20,14,1,19,1,20:59,1,Rudy Gobert,2025-26,203497,Regular Season
2025-26,203497,Rudy Gobert,Rudy,1610612750,MIN,Minnesota Timberwolves,0022500355,2025-12-06T00:00:00,MIN vs. LAC,W,32.7,1,1,1.0,0,0,0.0,2,4,0.5,2,5,7,2,2,0,1,0,6,4,4,-9,16.4,0,0,15.0,1,1,1,1,18,32,34,1,1,1,1,12,12,11,26,25,29,12,6,16,15,1,32,16,32,30,31,14,1,33,1,32:42,1,Rudy Gobert,2025-26,203497,Regular Season
2025-26,203497,Rudy Gobert,Rudy,1610612750,MIN,Minnesota Timberwolves,0022500337,2025-12-04T00:00:00,MIN @ NOP,W,23.95,5,8,0.625,0,0,0.0,5,8,0.625,6,6,12,3,1,0,1,0,1,5,15,0,35.9,1,0,32.0,1,1,1,1,31,11,7,26,1,1,1,2,2,10,4,19,11,5,14,16,15,1,3,10,5,21,12,1,1,11,1,23:57,1,Rudy Gobert,2025-26,203497,Regular Season
2025-26,203497,Rudy Gobert,Rudy,1610612750,MIN,Minnesota Timberwolves,0022500321,2025-12-02T00:00:00,MIN @ NOP,W,38.05,9,10,0.9,0,0,0.0,8,10,0.8,4,9,13,2,0,1,1,0,5,10,26,9,50.6,1,0,45.0,1,1,1,1,4,2,2,4,1,1,1,1,1,2,14,8,9,12,25,6,15,1,29,1,1,11,4,1,1,2,1,38:03,1,Rudy Gobert,2025-26,203497,Regular Season
2025-26,203497,Rudy Gobert,Rudy,1610612750,MIN,Minnesota Timberwolves,0022500306,2025-11-30T00:00:00,MIN vs. SAS,W,24.033333333333335,4,6,0.667,0,0,0.0,0,1,0.0,2,6,8,2,0,0,0,0,1,2,8,-8,20.6,0,0,18.0,1,1,1,1,30,15,16,19,1,1,1,29,29,29,26,19,24,12,25,16,28,1,3,27,24,28,29,14,1,29,1,24:02,1,Rudy Gobert,2025-26,203497,Regular Season
2025-26,203497,Rudy Gobert,Rudy,1610612750,MIN,Minnesota Timberwolves,0022500293,2025-11-29T00:00:00,MIN vs. BOS,W,30.095,5,6,0.833,0,0,0.0,2,3,0.667,2,6,8,3,0,0,0,0,1,4,12,15,26.1,0,0,23.0,1,1,1,1,22,11,16,9,1,1,1,12,19,5,26,19,24,5,25,16,28,1,3,16,12,7,23,14,1,24,1,30:06,1,Rudy Gobert,2025-26,203497,Regular Season
2025-26,203497,Rudy Gobert,Rudy,1610612750,MIN,Minnesota Timberwolves,0022500064,2025-11-26T00:00:00,MIN @ OKC,L,32.211666666666666,1,3,0.333,0,0,0.0,3,8,0.375,3,9,12,3,1,0,3,1,4,7,5,0,31.9,0,0,26.0,1,22,22,22,19,32,30,33,1,1,1,5,2,23,20,8,11,5,14,16,5,22,23,2,31,21,16,14,1,19,1,32:13,1,Rudy Gobert,2025-26,203497,Regular Season
2025-26,203497,Rudy Gobert,Rudy,1610612750,MIN,Minnesota Timberwolves,0022500292,2025-11-24T00:00:00,MIN @ SAC,L,40.74333333333333,4,6,0.667,0,0,0.0,3,4,0.75,5,8,13,1,2,0,2,0,3,6,11,5,32.1,1,0,29.0,1,22,22,22,1,15,16,19,1,1,1,5,12,3,8,12,9,19,6,16,9,1,17,4,14,19,15,1,1,16,1,40:45,1,Rudy Gobert,2025-26,203497,Regular Season
2025-26,203497,Rudy Gobert,Rudy,1610612750,MIN,Minnesota Timberwolves,0022500053,2025-11-21T00:00:00,MIN @ PHX,L,34.74166666666667,5,10,0.5,0,0,0.0,2,4,0.5,7,5,12,4,2,0,1,0,5,6,12,6,33.4,1,0,30.0,1,22,22,22,10,11,2,28,1,1,1,12,12,11,1,25,11,2,6,16,15,1,29,4,12,16,14,1,1,13,1,34:45,1,Rudy Gobert,2025-26,203497,Regular Season
2025-26,203497,Rudy Gobert,Rudy,1610612750,MIN,Minnesota Timberwolves,0022500259,2025-11-19T00:00:00,MIN vs. WAS,W,36.083333333333336,4,5,0.8,0,0,0.0,1,2,0.5,7,8,15,3,4,0,1,0,4,7,9,6,30.5,0,0,29.0,1,1,1,1,6,15,25,10,1,1,1,20,22,11,1,12,5,5,1,16,15,1,23,2,19,16,19,14,1,16,1,36:05,1,Rudy Gobert,2025-26,203497,Regular Season
2025-26,203497,Rudy Gobert,Rudy,1610612750,MIN,Minnesota Timberwolves,0022500246,2025-11-17T00:00:00,MIN vs. DAL,W,29.1,6,8,0.75,0,0,0.0,3,6,0.5,5,4,9,4,2,2,1,0,0,5,15,19,38.8,0,0,34.0,1,1,1,1,24,6,7,14,1,1,1,5,7,11,8,27,21,2,6,1,15,1,1,10,5,5,10,14,1,9,1,29:06,1,Rudy Gobert,2025-26,203497,Regular Season
2025-26,203497,Rudy Gobert,Rudy,1610612750,MIN,Minnesota Timberwolves,0022500232,2025-11-15T00:00:00,MIN vs. DEN,L,23.166666666666668,2,3,0.667,0,0,0.0,0,0,0.0,2,4,6,0,4,0,3,0,4,1,4,-22,16.2,0,0,16.0,1,22,22,22,32,30,30,19,1,1,1,29,31,29,26,27,31,30,1,16,5,1,23,33,32,33,32,14,1,31,1,23:10,1,Rudy Gobert,2025-26,203497,Regular Season
2025-26,203497,Rudy Gobert,Rudy,1610612750,MIN,Minnesota Timberwolves,0022500044,2025-11-14T00:00:00,MIN vs. SAC,W,34.33166666666666,4,6,0.667,0,0,0.0,3,8,0.375,2,6,8,1,1,1,1,0,3,6,11,14,27.1,0,0,24.0,1,1,1,1,11,15,16,19,1,1,1,5,2,23,26,19,24,19,14,6,15,1,17,4,14,8,22,14,1,21,1,34:20,1,Rudy Gobert,2025-26,203497,Regular Season
2025-26,203497,Rudy Gobert,Rudy,1610612750,MIN,Minnesota Timberwolves,0022500205,2025-11-10T00:00:00,MIN @ UTA,W,33.583333333333336,7,8,0.875,0,0,0.0,0,1,0.0,3,9,12,1,2,0,2,1,5,5,14,8,33.9,1,0,31.0,1,1,1,1,16,4,7,6,1,1,1,29,29,29,20,8,11,19,6,16,9,22,29,10,9,13,13,1,1,12,1,33:35,1,Rudy Gobert,2025-26,203497,Regular Season
2025-26,203497,Rudy Gobert,Rudy,1610612750,MIN,Minnesota Timberwolves,0022500197,2025-11-09T00:00:00,MIN @ SAC,W,33.766666666666666,9,10,0.9,0,0,0.0,1,2,0.5,1,11,12,1,1,1,5,0,1,4,19,21,51.9,1,0,44.0,1,1,1,1,14,2,2,4,1,1,1,20,22,11,33,4,11,19,14,6,2,1,3,16,3,4,2,1,1,4,1,33:46,1,Rudy Gobert,2025-26,203497,Regular Season
2025-26,203497,Rudy Gobert,Rudy,1610612750,MIN,Minnesota Timberwolves,0022500036,2025-11-07T00:00:00,MIN vs. UTA,W,28.783333333333335,4,6,0.667,0,0,0.0,0,0,0.0,3,6,9,2,2,1,3,0,3,2,8,24,31.8,0,0,27.0,1,1,1,1,25,15,16,19,1,1,1,29,31,29,20,19,21,12,6,6,5,1,17,27,24,3,17,14,1,18,1,28:47,1,Rudy Gobert,2025-26,203497,Regular Season
2025-26,203497,Rudy Gobert,Rudy,1610612750,MIN,Minnesota Timberwolves,0022500175,2025-11-05T00:00:00,MIN @ NYK,L,28.198333333333334,3,3,1.0,0,0,0.0,1,2,0.5,3,6,9,0,2,0,0,0,2,5,7,-8,15.8,0,0,16.0,1,22,22,22,27,24,30,1,1,1,1,20,22,11,20,19,21,30,6,16,28,1,9,10,27,28,33,14,1,31,1,28:12,1,Rudy Gobert,2025-26,203497,Regular Season
2025-26,203497,Rudy Gobert,Rudy,1610612750,MIN,Minnesota Timberwolves,0022500156,2025-11-03T00:00:00,MIN @ BKN,W,33.68333333333333,6,6,1.0,0,0,0.0,3,6,0.5,4,8,12,1,3,0,1,0,4,5,15,27,30.9,1,0,30.0,1,1,1,1,15,6,16,1,1,1,1,5,7,11,14,12,11,19,4,16,15,1,23,10,5,2,18,1,1,13,1,33:41,1,Rudy Gobert,2025-26,203497,Regular Season
2025-26,203497,Rudy Gobert,Rudy,1610612750,MIN,Minnesota Timberwolves,0022500143,2025-11-01T00:00:00,MIN @ CHA,W,35.32666666666667,6,9,0.667,0,0,0.0,2,3,0.667,3,12,15,5,1,2,2,1,0,3,14,31,50.5,1,0,42.0,1,1,1,1,8,6,5,19,1,1,1,12,19,5,20,2,5,1,14,1,9,22,1,25,9,1,5,1,1,5,1,35:20,1,Rudy Gobert,2025-26,203497,Regular Season
2025-26,203497,Rudy Gobert,Rudy,1610612750,MIN,Minnesota Timberwolves,0022500136,2025-10-29T00:00:00,MIN vs. LAL,L,38.21666666666667,4,5,0.8,0,0,0.0,1,2,0.5,2,4,6,2,3,0,2,0,3,4,9,7,22.2,0,0,21.0,1,22,22,22,3,15,25,10,1,1,1,20,22,11,26,27,31,12,4,16,9,1,17,16,19,15,28,14,1,26,1,38:13,1,Rudy Gobert,2025-26,203497,Regular Season
2025-26,203497,Rudy Gobert,Rudy,1610612750,MIN,Minnesota Timberwolves,0022500008,2025-10-27T00:00:00,MIN vs. DEN,L,26.45,3,7,0.429,0,0,0.0,2,2,1.0,2,3,5,1,1,1,2,1,4,2,8,-18,23.5,0,0,20.0,1,22,22,22,29,24,11,31,1,1,1,12,22,1,26,31,34,19,14,6,9,22,23,27,24,32,27,14,1,27,1,26:27,1,Rudy Gobert,2025-26,203497,Regular Season
2025-26,203497,Rudy Gobert,Rudy,1610612750,MIN,Minnesota Timberwolves,0022500110,2025-10-26T00:00:00,MIN vs. IND,W,33.998333333333335,6,7,0.857,0,0,0.0,2,7,0.286,4,14,18,1,1,0,2,0,2,6,14,6,42.1,1,0,37.0,1,1,1,1,12,6,11,7,1,1,1,12,5,25,14,1,1,19,14,16,9,1,9,4,9,16,8,1,1,7,1,33:60,1,Rudy Gobert,2025-26,203497,Regular Season
2025-26,203497,Rudy Gobert,Rudy,1610612750,MIN,Minnesota Timberwolves,0022500019,2025-10-24T00:00:00,MIN @ LAL,L,28.166666666666668,1,2,0.5,0,0,0.0,0,0,0.0,5,2,7,2,1,0,0,0,3,2,2,-6,12.4,0,0,11.0,1,22,22,22,28,32,33,28,1,1,1,29,31,29,8,34,29,12,14,16,28,1,17,27,34,27,34,14,1,34,1,28:10,1,Rudy Gobert,2025-26,203497,Regular Season
2025-26,203497,Rudy Gobert,Rudy,1610612750,MIN,Minnesota Timberwolves,0022500089,2025-10-22T00:00:00,MIN @ POR,W,31.85333333333333,3,4,0.75,0,0,0.0,4,6,0.667,3,3,6,0,0,0,1,1,6,4,10,0,20.2,0,0,18.0,1,1,1,1,20,24,28,14,1,1,1,3,7,5,20,31,31,30,25,16,15,22,32,16,18,21,30,14,1,29,1,31:51,1,Rudy Gobert,2025-26,203497,Regular Season
2025-26,1627826,Ivica Zubac,Ivica,1610612746,LAC,LA Clippers,0022500395,2025-12-20T00:00:00,LAC vs. LAL,W,10.783333333333333,2,3,0.667,0,0,0.0,1,1,1.0,1,1,2,1,1,0,0,0,0,1,5,13,7.9,0,0,8.0,1,1,1,1,28,28,28,9,1,1,1,14,20,1,25,28,28,20,19,11,19,1,1,24,28,5,28,17,1,28,1,10:47,1,Ivica Zubac,2025-26,1627826,Regular Season
2025-26,1627826,Ivica Zubac,Ivica,1610612746,LAC,LA Clippers,0022500369,2025-12-18T00:00:00,LAC @ OKC,L,31.683333333333334,3,7,0.429,0,0,0.0,5,6,0.833,3,8,11,3,2,0,2,2,1,4,11,-14,32.7,1,0,29.0,1,8,8,8,17,24,23,25,1,1,1,3,4,11,13,13,14,9,9,11,2,25,4,5,20,25,22,1,1,22,1,31:41,1,Ivica Zubac,2025-26,1627826,Regular Season
2025-26,1627826,Ivica Zubac,Ivica,1610612746,LAC,LA Clippers,0022501226,2025-12-15T00:00:00,LAC vs. MEM,L,33.126666666666665,3,6,0.5,0,0,0.0,0,0,0.0,3,10,13,2,4,0,1,1,3,2,6,-12,23.6,0,0,23.0,1,8,8,8,14,24,25,21,1,1,1,22,23,22,13,6,6,13,2,11,9,12,15,21,27,23,24,17,1,24,1,33:08,1,Ivica Zubac,2025-26,1627826,Regular Season
2025-26,1627826,Ivica Zubac,Ivica,1610612746,LAC,LA Clippers,0022501205,2025-12-11T00:00:00,LAC @ HOU,L,34.53333333333333,13,14,0.929,0,0,0.0,7,11,0.636,4,3,7,1,1,1,2,0,2,7,33,9,50.9,0,0,47.0,1,8,8,8,9,2,4,1,1,1,1,1,1,16,10,25,23,20,19,3,2,1,9,2,1,6,2,17,1,2,1,34:32,1,Ivica Zubac,2025-26,1627826,Regular Season
2025-26,1627826,Ivica Zubac,Ivica,1610612746,LAC,LA Clippers,0022500355,2025-12-06T00:00:00,LAC @ MIN,L,38.42333333333333,7,14,0.5,0,0,0.0,1,5,0.2,6,7,13,2,3,0,1,2,4,8,15,4,33.6,1,0,32.0,1,8,8,8,3,11,4,21,1,1,1,14,5,21,2,15,6,13,3,11,9,25,22,1,13,10,19,1,1,14,1,38:25,1,Ivica Zubac,2025-26,1627826,Regular Season
2025-26,1627826,Ivica Zubac,Ivica,1610612746,LAC,LA Clippers,0022500347,2025-12-05T00:00:00,LAC @ MEM,L,34.78333333333333,4,6,0.667,0,0,0.0,2,2,1.0,1,5,6,1,2,1,0,0,3,3,10,-12,19.7,0,0,19.0,1,8,8,8,7,21,25,9,1,1,1,10,15,1,25,21,26,20,9,3,19,1,15,12,21,23,26,17,1,26,1,34:47,1,Ivica Zubac,2025-26,1627826,Regular Season
2025-26,1627826,Ivica Zubac,Ivica,1610612746,LAC,LA Clippers,0022500327,2025-12-03T00:00:00,LAC @ ATL,W,33.016666666666666,6,8,0.75,0,0,0.0,2,3,0.667,3,14,17,5,3,0,0,0,1,3,14,18,38.9,1,0,36.0,1,1,1,1,15,16,21,3,1,1,1,10,9,13,13,1,4,2,3,11,19,1,4,12,14,2,9,1,1,7,1,33:01,1,Ivica Zubac,2025-26,1627826,Regular Season
2025-26,1627826,Ivica Zubac,Ivica,1610612746,LAC,LA Clippers,0022500313,2025-12-01T00:00:00,LAC @ MIA,L,30.545,7,13,0.538,0,0,0.0,2,3,0.667,3,10,13,2,1,0,1,1,1,3,16,4,36.6,1,0,33.0,1,8,8,8,20,11,9,19,1,1,1,10,9,13,13,6,6,13,19,11,9,12,4,12,11,10,13,1,1,12,1,30:33,1,Ivica Zubac,2025-26,1627826,Regular Season
2025-26,1627826,Ivica Zubac,Ivica,1610612746,LAC,LA Clippers,0022500300,2025-11-29T00:00:00,LAC vs. DAL,L,37.89,8,12,0.667,0,0,0.0,3,3,1.0,2,9,11,4,2,1,1,0,5,4,19,4,42.2,1,0,38.0,1,8,8,8,4,9,12,9,1,1,1,7,9,1,20,10,14,4,9,3,9,1,25,5,7,10,5,1,1,6,1,37:53,1,Ivica Zubac,2025-26,1627826,Regular Season
2025-26,1627826,Ivica Zubac,Ivica,1610612746,LAC,LA Clippers,0022500079,2025-11-28T00:00:00,LAC vs. MEM,L,39.14333333333333,4,11,0.364,0,0,0.0,1,1,1.0,3,9,12,5,2,0,2,1,3,4,9,-8,34.9,0,0,30.0,1,8,8,8,2,21,17,28,1,1,1,14,20,1,13,10,10,2,9,11,2,12,15,5,23,17,16,17,1,18,1,39:09,1,Ivica Zubac,2025-26,1627826,Regular Season
2025-26,1627826,Ivica Zubac,Ivica,1610612746,LAC,LA Clippers,0022500059,2025-11-25T00:00:00,LAC @ LAL,L,36.916666666666664,5,12,0.417,0,0,0.0,0,2,0.0,6,4,10,4,1,1,2,1,5,3,10,-11,36.0,1,0,30.0,1,8,8,8,5,19,12,26,1,1,1,22,15,22,2,23,19,4,19,3,2,12,25,12,21,21,14,1,1,18,1,36:55,1,Ivica Zubac,2025-26,1627826,Regular Season
2025-26,1627826,Ivica Zubac,Ivica,1610612746,LAC,LA Clippers,0022500278,2025-11-23T00:00:00,LAC @ CLE,L,32.91,15,22,0.682,0,0,0.0,3,3,1.0,7,11,18,4,2,0,0,1,3,4,33,6,58.6,1,0,55.0,1,8,8,8,16,1,1,8,1,1,1,7,9,1,1,5,2,4,9,11,19,12,15,5,1,9,1,1,1,1,1,32:55,1,Ivica Zubac,2025-26,1627826,Regular Season
2025-26,1627826,Ivica Zubac,Ivica,1610612746,LAC,LA Clippers,0022500268,2025-11-22T00:00:00,LAC @ CHA,W,29.856666666666666,9,12,0.75,0,0,0.0,0,0,0.0,2,7,9,6,1,0,1,0,1,2,18,17,39.8,0,0,35.0,1,1,1,1,22,5,12,3,1,1,1,22,23,22,20,15,20,1,19,11,9,1,4,21,9,3,8,17,1,9,1,29:51,1,Ivica Zubac,2025-26,1627826,Regular Season
2025-26,1627826,Ivica Zubac,Ivica,1610612746,LAC,LA Clippers,0022500264,2025-11-20T00:00:00,LAC @ ORL,L,31.566666666666666,7,16,0.438,0,0,0.0,0,0,0.0,5,14,19,0,1,0,0,1,2,2,14,-8,35.8,1,0,33.0,1,8,8,8,19,11,2,24,1,1,1,22,23,22,5,1,1,28,19,11,19,12,9,21,14,17,15,1,1,12,1,31:34,1,Ivica Zubac,2025-26,1627826,Regular Season
2025-26,1627826,Ivica Zubac,Ivica,1610612746,LAC,LA Clippers,0022500243,2025-11-17T00:00:00,LAC @ PHI,L,33.93,7,13,0.538,0,0,0.0,0,0,0.0,5,8,13,1,0,1,0,0,1,0,14,-7,34.1,1,0,30.0,1,8,8,8,10,11,9,19,1,1,1,22,23,22,5,13,6,20,27,3,19,1,4,28,14,16,18,1,1,18,1,33:56,1,Ivica Zubac,2025-26,1627826,Regular Season
2025-26,1627826,Ivica Zubac,Ivica,1610612746,LAC,LA Clippers,0022500233,2025-11-16T00:00:00,LAC @ BOS,L,33.62833333333333,6,10,0.6,0,0,0.0,4,4,1.0,2,10,12,2,1,1,1,0,4,4,16,-15,38.4,1,0,34.0,1,8,8,8,11,16,18,14,1,1,1,5,6,1,20,6,10,13,19,3,9,1,22,5,11,27,10,1,1,10,1,33:38,1,Ivica Zubac,2025-26,1627826,Regular Season
2025-26,1627826,Ivica Zubac,Ivica,1610612746,LAC,LA Clippers,0022500046,2025-11-14T00:00:00,LAC @ DAL,W,46.18333333333333,11,15,0.733,0,0,0.0,5,7,0.714,4,7,11,2,5,1,1,1,4,5,27,25,44.2,1,0,44.0,1,1,1,1,1,3,3,5,1,1,1,3,3,12,10,15,14,13,1,3,9,12,22,4,3,1,3,1,1,3,1,46:11,1,Ivica Zubac,2025-26,1627826,Regular Season
2025-26,1627826,Ivica Zubac,Ivica,1610612746,LAC,LA Clippers,0022500224,2025-11-12T00:00:00,LAC vs. DEN,L,31.57,9,14,0.643,0,0,0.0,0,0,0.0,6,3,9,1,2,0,2,1,2,1,18,-10,34.3,0,0,32.0,1,8,8,8,18,5,4,12,1,1,1,22,23,22,2,25,20,20,9,11,2,12,9,24,9,19,17,17,1,14,1,31:34,1,Ivica Zubac,2025-26,1627826,Regular Season
2025-26,1627826,Ivica Zubac,Ivica,1610612746,LAC,LA Clippers,0022500206,2025-11-10T00:00:00,LAC vs. ATL,L,30.12,6,10,0.6,0,0,0.0,1,4,0.25,3,9,12,1,2,0,2,1,3,3,13,1,32.9,1,0,30.0,1,8,8,8,21,16,18,14,1,1,1,14,6,20,13,10,10,20,9,11,2,12,15,12,19,14,20,1,1,18,1,30:07,1,Ivica Zubac,2025-26,1627826,Regular Season
2025-26,1627826,Ivica Zubac,Ivica,1610612746,LAC,LA Clippers,0022500190,2025-11-08T00:00:00,LAC vs. PHX,L,35.11666666666667,10,12,0.833,0,0,0.0,1,2,0.5,2,13,15,4,3,0,0,1,3,1,21,-10,42.0,1,0,40.0,1,8,8,8,6,4,12,2,1,1,1,14,15,17,20,3,5,4,3,11,19,12,15,24,5,19,6,1,1,4,1,35:07,1,Ivica Zubac,2025-26,1627826,Regular Season
2025-26,1627826,Ivica Zubac,Ivica,1610612746,LAC,LA Clippers,0022500182,2025-11-06T00:00:00,LAC @ PHX,L,27.151666666666667,8,14,0.571,0,0,0.0,7,8,0.875,5,6,11,2,2,2,0,0,2,6,23,-11,43.2,1,0,40.0,1,8,8,8,24,9,4,18,1,1,1,1,2,10,5,19,14,13,9,1,19,1,9,3,4,21,4,1,1,4,1,27:09,1,Ivica Zubac,2025-26,1627826,Regular Season
2025-26,1627826,Ivica Zubac,Ivica,1610612746,LAC,LA Clippers,0022500170,2025-11-04T00:00:00,LAC vs. OKC,L,25.616666666666667,3,8,0.375,0,0,0.0,1,2,0.5,4,3,7,2,2,2,0,3,2,4,7,7,22.4,0,0,20.0,1,8,8,8,25,24,21,27,1,1,1,14,15,17,10,25,23,13,9,1,19,28,9,5,26,8,25,17,1,25,1,25:37,1,Ivica Zubac,2025-26,1627826,Regular Season
2025-26,1627826,Ivica Zubac,Ivica,1610612746,LAC,LA Clippers,0022500164,2025-11-03T00:00:00,LAC vs. MIA,L,33.43333333333333,4,9,0.444,0,0,0.0,1,2,0.5,5,13,18,3,3,1,1,1,5,4,9,-6,38.1,0,0,34.0,1,8,8,8,13,21,20,23,1,1,1,14,15,17,5,3,2,9,3,3,9,12,25,5,23,15,11,17,1,10,1,33:26,1,Ivica Zubac,2025-26,1627826,Regular Season
2025-26,1627826,Ivica Zubac,Ivica,1610612746,LAC,LA Clippers,0022500027,2025-10-31T00:00:00,LAC vs. NOP,W,33.61,5,7,0.714,0,0,0.0,4,4,1.0,1,10,11,1,0,0,3,0,5,3,14,2,37.7,1,0,32.0,1,1,1,1,12,19,23,6,1,1,1,5,6,1,25,6,14,20,27,11,1,1,25,12,14,13,12,1,1,14,1,33:37,1,Ivica Zubac,2025-26,1627826,Regular Season
2025-26,1627826,Ivica Zubac,Ivica,1610612746,LAC,LA Clippers,0022500127,2025-10-28T00:00:00,LAC @ GSW,L,24.133333333333333,7,12,0.583,0,0,0.0,0,0,0.0,5,7,12,1,3,0,1,1,0,1,14,-14,29.9,1,0,29.0,1,8,8,8,27,11,12,17,1,1,1,22,23,22,5,15,10,20,3,11,9,12,1,24,14,25,23,1,1,22,1,24:08,1,Ivica Zubac,2025-26,1627826,Regular Season
2025-26,1627826,Ivica Zubac,Ivica,1610612746,LAC,LA Clippers,0022500112,2025-10-26T00:00:00,LAC vs. POR,W,34.593333333333334,9,14,0.643,0,0,0.0,3,3,1.0,2,6,8,3,1,0,2,1,3,3,21,8,40.1,0,0,36.0,1,1,1,1,8,5,4,12,1,1,1,7,9,1,20,19,22,9,19,11,2,12,15,12,5,7,7,17,1,7,1,34:36,1,Ivica Zubac,2025-26,1627826,Regular Season
2025-26,1627826,Ivica Zubac,Ivica,1610612746,LAC,LA Clippers,0022500099,2025-10-24T00:00:00,LAC vs. PHX,W,24.666666666666668,3,5,0.6,0,0,0.0,2,3,0.667,0,5,5,4,3,0,0,0,2,3,8,15,17.0,0,0,17.0,1,1,1,1,26,24,27,14,1,1,1,10,9,13,28,21,27,4,3,11,19,1,9,12,25,4,27,17,1,27,1,24:40,1,Ivica Zubac,2025-26,1627826,Regular Season
2025-26,1627826,Ivica Zubac,Ivica,1610612746,LAC,LA Clippers,0022500087,2025-10-22T00:00:00,LAC @ UTA,L,27.183333333333334,9,13,0.692,0,0,0.0,1,1,1.0,3,4,7,3,2,0,1,2,0,3,19,-21,32.9,0,0,31.0,1,8,8,8,23,5,9,7,1,1,1,14,20,1,13,23,23,9,9,11,9,25,1,12,7,28,20,17,1,17,1,27:11,1,Ivica Zubac,2025-26,1627826,Regular Season
2025-26,1631105,Jalen Duren,Jalen,1610612765,DET,Detroit Pistons,0022500472,2026-01-01T00:00:00,DET vs. MIA,L,18.345,6,12,0.5,0,0,0.0,0,0,0.0,0,5,5,0,1,1,0,0,1,0,12,-17,20.0,0,0,19.0,1,23,23,23,30,15,9,26,1,1,1,28,29,28,29,20,29,25,16,8,19,1,2,31,25,29,29,19,1,27,1,18:21,1,Jalen Duren,2025-26,1631105,Regular Season
2025-26,1631105,Jalen Duren,Jalen,1610612765,DET,Detroit Pistons,0022500460,2025-12-30T00:00:00,DET @ LAL,W,27.516666666666666,6,8,0.75,0,0,0.0,2,4,0.5,1,7,8,2,5,5,0,1,4,4,14,1,36.6,0,0,34.0,1,1,1,1,20,15,24,4,1,1,1,19,17,20,27,10,20,9,2,1,19,13,18,13,22,21,17,19,1,16,1,27:31,1,Jalen Duren,2025-26,1631105,Regular Season
2025-26,1631105,Jalen Duren,Jalen,1610612765,DET,Detroit Pistons,0022500445,2025-12-28T00:00:00,DET @ LAC,L,31.433333333333334,8,12,0.667,0,0,0.0,2,2,1.0,5,9,14,2,1,0,1,0,0,1,18,-17,39.8,1,0,36.0,1,23,23,23,10,9,9,12,1,1,1,19,23,1,10,8,7,9,16,19,9,1,1,26,15,29,12,1,1,13,1,31:26,1,Jalen Duren,2025-26,1631105,Regular Season
2025-26,1631105,Jalen Duren,Jalen,1610612765,DET,Detroit Pistons,0022500430,2025-12-26T00:00:00,DET @ UTA,L,21.516666666666666,5,7,0.714,0,0,0.0,1,1,1.0,2,2,4,0,4,0,0,1,5,1,11,-3,11.8,0,0,15.0,1,23,23,23,27,23,27,10,1,1,1,24,27,1,22,29,30,25,6,19,19,13,26,26,27,25,31,19,1,31,1,21:31,1,Jalen Duren,2025-26,1631105,Regular Season
2025-26,1631105,Jalen Duren,Jalen,1610612765,DET,Detroit Pistons,0022500421,2025-12-23T00:00:00,DET @ SAC,W,32.483333333333334,10,15,0.667,0,0,0.0,3,7,0.429,7,6,13,4,1,0,2,1,3,4,23,-2,49.6,1,0,44.0,1,1,1,1,8,5,4,12,1,1,1,17,11,27,3,14,9,2,16,19,2,13,12,13,7,24,7,1,1,7,1,32:29,1,Jalen Duren,2025-26,1631105,Regular Season
2025-26,1631105,Jalen Duren,Jalen,1610612765,DET,Detroit Pistons,0022500408,2025-12-22T00:00:00,DET @ POR,W,23.616666666666667,11,15,0.733,0,0,0.0,4,6,0.667,6,4,10,2,0,1,2,1,4,4,26,16,50.0,1,0,44.0,1,1,1,1,26,3,4,8,1,1,1,13,13,13,6,24,17,9,29,8,2,13,18,13,4,8,6,1,1,7,1,23:37,1,Jalen Duren,2025-26,1631105,Regular Season
2025-26,1631105,Jalen Duren,Jalen,1610612765,DET,Detroit Pistons,0022500390,2025-12-20T00:00:00,DET vs. CHA,W,24.648333333333333,9,16,0.563,0,0,0.0,1,2,0.5,5,6,11,2,1,1,0,1,3,2,19,13,37.2,1,0,34.0,1,1,1,1,24,7,2,23,1,1,1,24,23,20,10,14,14,9,16,8,19,13,12,20,12,10,16,1,1,16,1,24:39,1,Jalen Duren,2025-26,1631105,Regular Season
2025-26,1631105,Jalen Duren,Jalen,1610612765,DET,Detroit Pistons,0022500376,2025-12-18T00:00:00,DET @ DAL,L,34.401666666666664,8,20,0.4,0,0,0.0,1,2,0.5,10,3,13,1,1,2,0,7,2,2,17,-21,39.1,1,0,35.0,1,23,23,23,4,9,1,30,1,1,1,24,23,20,1,26,9,19,16,3,19,31,5,20,17,31,13,1,1,14,1,34:24,1,Jalen Duren,2025-26,1631105,Regular Season
2025-26,1631105,Jalen Duren,Jalen,1610612765,DET,Detroit Pistons,0022501222,2025-12-15T00:00:00,DET @ BOS,W,29.083333333333332,3,6,0.5,0,0,0.0,0,0,0.0,0,3,3,0,1,2,2,1,4,1,6,-1,20.6,0,0,17.0,1,1,1,1,16,29,29,26,1,1,1,28,29,28,29,26,31,25,16,3,2,13,18,26,30,22,28,19,1,29,1,29:05,1,Jalen Duren,2025-26,1631105,Regular Season
2025-26,1631105,Jalen Duren,Jalen,1610612765,DET,Detroit Pistons,0022501210,2025-12-12T00:00:00,DET vs. ATL,W,24.266666666666666,6,10,0.6,0,0,0.0,2,4,0.5,2,5,7,2,0,1,1,3,2,2,14,8,31.4,0,0,27.0,1,1,1,1,25,15,18,17,1,1,1,19,17,20,22,20,23,9,29,8,9,27,5,20,22,12,20,19,1,25,1,24:16,1,Jalen Duren,2025-26,1631105,Regular Season
2025-26,1631105,Jalen Duren,Jalen,1610612765,DET,Detroit Pistons,0022500353,2025-12-06T00:00:00,DET vs. MIL,W,32.61666666666667,6,8,0.75,0,0,0.0,4,5,0.8,4,12,16,1,1,0,1,0,2,3,16,27,38.7,1,0,35.0,1,1,1,1,7,15,24,4,1,1,1,13,16,9,16,2,3,19,16,19,9,1,5,18,19,2,14,1,1,14,1,32:37,1,Jalen Duren,2025-26,1631105,Regular Season
2025-26,1631105,Jalen Duren,Jalen,1610612765,DET,Detroit Pistons,0022500342,2025-12-05T00:00:00,DET vs. POR,W,27.003333333333334,6,11,0.545,0,0,0.0,6,9,0.667,2,6,8,0,6,0,1,2,5,7,18,-1,24.6,0,0,28.0,1,1,1,1,22,15,15,25,1,1,1,8,6,13,22,14,20,25,1,19,9,22,26,4,15,22,25,19,1,23,1,27:00,1,Jalen Duren,2025-26,1631105,Regular Season
2025-26,1631105,Jalen Duren,Jalen,1610612765,DET,Detroit Pistons,0022500331,2025-12-03T00:00:00,DET @ MIL,L,25.923333333333332,4,7,0.571,0,0,0.0,0,1,0.0,5,1,6,3,1,1,0,2,6,1,8,18,21.7,0,0,19.0,1,23,23,23,23,27,27,22,1,1,1,28,27,28,10,31,25,3,16,8,19,22,31,26,28,5,27,19,1,27,1,25:55,1,Jalen Duren,2025-26,1631105,Regular Season
2025-26,1631105,Jalen Duren,Jalen,1610612765,DET,Detroit Pistons,0022500309,2025-12-01T00:00:00,DET vs. ATL,W,32.31666666666667,9,12,0.75,0,0,0.0,3,4,0.75,6,5,11,0,3,0,0,0,1,3,21,3,31.2,1,0,32.0,1,1,1,1,9,7,9,4,1,1,1,17,17,10,6,20,14,25,9,19,19,1,2,18,9,19,22,1,1,18,1,32:19,1,Jalen Duren,2025-26,1631105,Regular Season
2025-26,1631105,Jalen Duren,Jalen,1610612765,DET,Detroit Pistons,0022500072,2025-11-28T00:00:00,DET vs. ORL,L,31.183333333333334,5,8,0.625,0,0,0.0,6,6,1.0,2,10,12,2,5,1,4,3,3,5,16,22,43.4,1,0,40.0,1,23,23,23,11,23,24,16,1,1,1,8,13,1,22,4,12,9,2,8,1,27,12,10,19,3,10,1,1,10,1,31:11,1,Jalen Duren,2025-26,1631105,Regular Season
2025-26,1631105,Jalen Duren,Jalen,1610612765,DET,Detroit Pistons,0022500060,2025-11-26T00:00:00,DET @ BOS,L,30.291666666666668,4,10,0.4,0,0,0.0,4,6,0.667,6,10,16,1,3,0,0,3,3,4,12,6,29.7,1,0,29.0,1,23,23,23,13,27,18,30,1,1,1,13,13,13,6,4,3,19,9,19,19,27,12,13,25,15,24,1,1,22,1,30:18,1,Jalen Duren,2025-26,1631105,Regular Season
2025-26,1631105,Jalen Duren,Jalen,1610612765,DET,Detroit Pistons,0022500283,2025-11-24T00:00:00,DET @ IND,W,30.295,6,10,0.6,0,0,0.0,5,8,0.625,5,7,12,2,3,0,0,0,5,5,17,7,31.4,1,0,31.0,1,1,1,1,12,15,18,17,1,1,1,10,7,18,10,10,12,9,9,19,19,1,26,10,17,14,20,1,1,19,1,30:18,1,Jalen Duren,2025-26,1631105,Regular Season
2025-26,1631105,Jalen Duren,Jalen,1610612765,DET,Detroit Pistons,0022500272,2025-11-22T00:00:00,DET @ MIL,W,27.35,7,10,0.7,0,0,0.0,5,8,0.625,0,6,6,5,3,0,0,0,1,6,19,15,30.7,0,0,30.0,1,1,1,1,21,13,18,11,1,1,1,10,7,18,29,14,25,1,9,19,19,1,2,8,12,9,23,19,1,20,1,27:21,1,Jalen Duren,2025-26,1631105,Regular Season
2025-26,1631105,Jalen Duren,Jalen,1610612765,DET,Detroit Pistons,0022500251,2025-11-18T00:00:00,DET @ ATL,W,28.883333333333333,8,12,0.667,0,0,0.0,8,11,0.727,4,4,8,3,2,2,1,2,4,8,24,4,45.1,0,0,41.0,1,1,1,1,17,9,9,12,1,1,1,3,3,11,16,24,20,3,14,3,9,22,18,3,5,18,9,19,1,9,1,28:53,1,Jalen Duren,2025-26,1631105,Regular Season
2025-26,1631105,Jalen Duren,Jalen,1610612765,DET,Detroit Pistons,0022500242,2025-11-17T00:00:00,DET vs. IND,W,28.56833333333333,12,13,0.923,0,0,0.0,7,11,0.636,5,10,15,3,1,0,0,0,3,6,31,20,52.5,1,0,49.0,1,1,1,1,18,2,8,1,1,1,1,5,3,16,10,4,6,3,16,19,19,1,12,8,2,4,3,1,1,1,1,28:34,1,Jalen Duren,2025-26,1631105,Regular Season
2025-26,1631105,Jalen Duren,Jalen,1610612765,DET,Detroit Pistons,0022500199,2025-11-10T00:00:00,DET vs. WAS,W,39.82,6,10,0.6,0,0,0.0,7,11,0.636,7,7,14,3,5,2,0,2,2,7,19,-6,41.3,1,0,40.0,1,1,1,1,1,15,18,17,1,1,1,5,3,16,3,10,7,3,2,3,19,22,5,4,12,26,11,1,1,10,1,39:49,1,Jalen Duren,2025-26,1631105,Regular Season
2025-26,1631105,Jalen Duren,Jalen,1610612765,DET,Detroit Pistons,0022500195,2025-11-09T00:00:00,DET @ PHI,W,37.38333333333333,8,11,0.727,0,0,0.0,5,7,0.714,4,12,16,1,3,2,2,0,5,5,21,6,50.7,1,0,46.0,1,1,1,1,2,9,15,9,1,1,1,10,11,12,16,2,3,19,9,3,2,1,26,10,9,15,5,1,1,6,1,37:23,1,Jalen Duren,2025-26,1631105,Regular Season
2025-26,1631105,Jalen Duren,Jalen,1610612765,DET,Detroit Pistons,0022500031,2025-11-07T00:00:00,DET @ BKN,W,30.15,11,14,0.786,0,0,0.0,8,8,1.0,2,9,11,0,1,3,0,0,4,9,30,8,51.2,1,0,47.0,1,1,1,1,14,3,7,3,1,1,1,3,7,1,22,8,14,25,16,2,19,1,18,1,3,12,4,1,1,4,1,30:09,1,Jalen Duren,2025-26,1631105,Regular Season
2025-26,1631105,Jalen Duren,Jalen,1610612765,DET,Detroit Pistons,0022500172,2025-11-05T00:00:00,DET vs. UTA,W,34.61666666666667,10,15,0.667,0,0,0.0,2,4,0.5,7,15,22,3,1,0,1,1,2,2,22,18,54.9,1,0,49.0,1,1,1,1,3,5,4,12,1,1,1,19,17,20,3,1,1,3,16,19,9,13,5,20,8,5,1,1,1,1,1,34:37,1,Jalen Duren,2025-26,1631105,Regular Season
2025-26,1631105,Jalen Duren,Jalen,1610612765,DET,Detroit Pistons,0022500161,2025-11-03T00:00:00,DET @ MEM,W,34.36666666666667,5,11,0.455,0,0,0.0,4,4,1.0,3,6,9,3,2,1,1,3,2,2,14,13,33.3,0,0,30.0,1,1,1,1,5,23,15,29,1,1,1,13,17,1,20,14,19,3,14,8,9,27,5,20,22,10,18,19,1,20,1,34:22,1,Jalen Duren,2025-26,1631105,Regular Season
2025-26,1631105,Jalen Duren,Jalen,1610612765,DET,Detroit Pistons,0022500147,2025-11-01T00:00:00,DET @ DAL,W,29.1,13,16,0.813,0,0,0.0,7,8,0.875,5,5,10,2,0,1,1,0,5,7,33,28,54.0,1,0,49.0,1,1,1,1,15,1,2,2,1,1,1,5,7,8,10,20,17,9,29,8,9,1,26,4,1,1,2,1,1,1,1,29:06,1,Jalen Duren,2025-26,1631105,Regular Season
2025-26,1631105,Jalen Duren,Jalen,1610612765,DET,Detroit Pistons,0022500129,2025-10-29T00:00:00,DET vs. ORL,W,32.68833333333333,5,9,0.556,0,0,0.0,11,12,0.917,6,7,13,2,5,0,1,1,3,7,21,18,37.6,1,0,38.0,1,1,1,1,6,23,23,24,1,1,1,2,2,7,6,10,9,9,2,19,9,13,12,4,9,5,15,1,1,12,1,32:41,1,Jalen Duren,2025-26,1631105,Regular Season
2025-26,1631105,Jalen Duren,Jalen,1610612765,DET,Detroit Pistons,0022500007,2025-10-27T00:00:00,DET vs. CLE,L,20.583333333333332,3,5,0.6,0,0,0.0,2,4,0.5,1,6,7,2,4,1,2,0,4,4,8,-9,24.4,0,0,23.0,1,23,23,23,28,29,30,17,1,1,1,19,17,20,27,14,23,9,6,8,2,1,18,13,28,27,26,19,1,26,1,20:35,1,Jalen Duren,2025-26,1631105,Regular Season
2025-26,1631105,Jalen Duren,Jalen,1610612765,DET,Detroit Pistons,0022500106,2025-10-26T00:00:00,DET vs. BOS,W,28.216666666666665,6,12,0.5,0,0,0.0,12,13,0.923,8,10,18,1,4,0,2,2,4,9,24,2,49.1,1,0,47.0,1,1,1,1,19,15,9,26,1,1,1,1,1,6,2,4,2,19,6,19,2,22,18,1,5,20,8,1,1,4,1,28:13,1,Jalen Duren,2025-26,1631105,Regular Season
2025-26,1631105,Jalen Duren,Jalen,1610612765,DET,Detroit Pistons,0022500093,2025-10-24T00:00:00,DET @ HOU,W,12.0,3,4,0.75,0,0,0.0,0,0,0.0,3,3,6,0,1,1,1,0,2,1,6,5,18.2,0,0,16.0,1,1,1,1,31,29,31,4,1,1,1,28,29,28,20,26,25,25,16,8,9,1,5,26,30,17,30,19,1,30,1,12:00,1,Jalen Duren,2025-26,1631105,Regular Season
2025-26,1631105,Jalen Duren,Jalen,1610612765,DET,Detroit Pistons,0022500084,2025-10-22T00:00:00,DET @ CHI,L,19.753333333333334,7,12,0.583,0,0,0.0,1,2,0.5,4,2,6,1,1,1,2,1,4,2,15,-9,31.7,0,0,28.0,1,23,23,23,29,13,9,21,1,1,1,24,23,20,16,29,25,19,16,8,2,13,18,20,21,27,19,19,1,23,1,19:45,1,Jalen Duren,2025-26,1631105,Regular Season
2025-26,1628392,Isaiah Hartenstein,Isaiah,1610612760,OKC,Oklahoma City Thunder,0022500442,2025-12-28T00:00:00,OKC vs. PHI,W,19.653333333333332,2,6,0.333,0,0,0.0,1,1,1.0,0,3,3,3,2,1,1,2,4,1,5,13,17.1,0,0,15.0,1,1,1,1,23,19,14,22,1,5,1,13,17,1,23,19,24,7,8,7,5,23,17,15,20,7,23,9,1,23,1,19:39,1,Isaiah Hartenstein,2025-26,1628392,Regular Season
2025-26,1628392,Isaiah Hartenstein,Isaiah,1610612760,OKC,Oklahoma City Thunder,0022500010,2025-12-25T00:00:00,OKC vs. SAS,L,23.516666666666666,5,7,0.714,0,0,0.0,3,4,0.75,3,9,12,3,1,1,0,0,1,2,13,-1,33.9,1,0,30.0,1,20,20,20,19,10,11,9,1,5,1,3,4,7,13,6,7,7,19,7,13,1,2,10,9,17,8,1,1,7,1,23:31,1,Isaiah Hartenstein,2025-26,1628392,Regular Season
2025-26,1628392,Isaiah Hartenstein,Isaiah,1610612760,OKC,Oklahoma City Thunder,0022500417,2025-12-23T00:00:00,OKC @ SAS,L,25.65,4,7,0.571,0,0,0.0,0,0,0.0,5,7,12,0,3,0,0,0,5,0,8,-9,19.4,0,0,20.0,1,20,20,20,16,14,11,16,1,5,1,18,20,18,2,9,7,21,3,18,13,1,19,22,16,24,21,9,1,21,1,25:39,1,Isaiah Hartenstein,2025-26,1628392,Regular Season
2025-26,1628392,Isaiah Hartenstein,Isaiah,1610612760,OKC,Oklahoma City Thunder,0022500385,2025-12-19T00:00:00,OKC @ MIN,L,27.515,0,2,0.0,0,0,0.0,1,2,0.5,3,7,10,0,2,0,1,0,3,1,1,9,14.0,0,0,13.0,1,20,20,20,11,24,23,24,1,5,1,13,11,11,13,9,13,21,8,18,5,1,13,15,24,11,24,9,1,24,1,27:31,1,Isaiah Hartenstein,2025-26,1628392,Regular Season
2025-26,1628392,Isaiah Hartenstein,Isaiah,1610612760,OKC,Oklahoma City Thunder,0022501230,2025-12-13T00:00:00,OKC @ SAS,L,20.231666666666666,5,9,0.556,0,0,0.0,0,0,0.0,8,1,9,1,3,1,1,1,3,1,10,-7,25.3,0,0,24.0,1,20,20,20,21,10,9,17,1,5,1,18,20,18,1,24,15,20,3,7,5,15,13,15,13,22,18,9,1,16,1,20:14,1,Isaiah Hartenstein,2025-26,1628392,Regular Season
2025-26,1628392,Isaiah Hartenstein,Isaiah,1610612760,OKC,Oklahoma City Thunder,0022500064,2025-11-26T00:00:00,OKC vs. MIN,W,28.045,6,10,0.6,0,0,0.0,3,6,0.5,2,5,7,2,0,1,1,1,1,3,15,-1,32.4,0,0,28.0,1,1,1,1,10,7,6,14,1,5,1,3,1,11,17,16,19,15,24,7,5,15,2,7,6,17,11,9,1,11,1,28:03,1,Isaiah Hartenstein,2025-26,1628392,Regular Season
2025-26,1628392,Isaiah Hartenstein,Isaiah,1610612760,OKC,Oklahoma City Thunder,0022500280,2025-11-23T00:00:00,OKC vs. POR,W,22.216666666666665,3,9,0.333,0,0,0.0,1,2,0.5,2,12,14,3,2,0,3,2,2,1,7,18,35.3,0,0,30.0,1,1,1,1,20,17,9,22,1,5,1,13,11,11,17,3,2,7,8,18,1,23,6,15,18,3,6,9,1,7,1,22:13,1,Isaiah Hartenstein,2025-26,1628392,Regular Season
2025-26,1628392,Isaiah Hartenstein,Isaiah,1610612760,OKC,Oklahoma City Thunder,0022500055,2025-11-21T00:00:00,OKC @ UTA,W,23.716666666666665,5,5,1.0,0,0,0.0,2,4,0.5,1,5,6,7,4,1,0,0,2,2,12,5,28.7,0,0,27.0,1,1,1,1,17,10,17,1,1,5,1,6,4,11,22,16,23,2,1,7,13,1,6,10,10,16,15,9,1,14,1,23:43,1,Isaiah Hartenstein,2025-26,1628392,Regular Season
2025-26,1628392,Isaiah Hartenstein,Isaiah,1610612760,OKC,Oklahoma City Thunder,0022500261,2025-11-19T00:00:00,OKC vs. SAC,W,26.516666666666666,1,2,0.5,0,0,0.0,2,2,1.0,4,8,12,3,1,0,2,0,5,3,4,8,27.9,0,0,23.0,1,1,1,1,13,23,23,19,1,5,1,6,11,1,8,8,7,7,19,18,3,1,19,7,22,13,17,9,1,17,1,26:31,1,Isaiah Hartenstein,2025-26,1628392,Regular Season
2025-26,1628392,Isaiah Hartenstein,Isaiah,1610612760,OKC,Oklahoma City Thunder,0022500247,2025-11-17T00:00:00,OKC @ NOP,W,26.833333333333332,7,10,0.7,0,1,0.0,2,3,0.667,5,2,7,6,2,4,1,0,1,2,16,19,46.4,0,0,39.0,1,1,1,1,12,4,6,10,1,1,1,6,8,9,2,23,19,3,8,1,5,1,2,10,4,2,3,9,1,3,1,26:50,1,Isaiah Hartenstein,2025-26,1628392,Regular Season
2025-26,1628392,Isaiah Hartenstein,Isaiah,1610612760,OKC,Oklahoma City Thunder,0022500229,2025-11-15T00:00:00,OKC @ CHA,W,30.366666666666667,6,10,0.6,0,0,0.0,0,0,0.0,5,7,12,5,2,1,0,0,3,0,12,-1,34.9,1,0,31.0,1,1,1,1,6,7,6,14,1,5,1,18,20,18,2,9,7,4,8,7,13,1,13,22,10,17,7,1,1,6,1,30:22,1,Isaiah Hartenstein,2025-26,1628392,Regular Season
2025-26,1628392,Isaiah Hartenstein,Isaiah,1610612760,OKC,Oklahoma City Thunder,0022500222,2025-11-12T00:00:00,OKC vs. LAL,W,20.166666666666668,5,6,0.833,0,0,0.0,1,2,0.5,2,6,8,0,2,1,0,0,2,1,11,14,21.6,0,0,21.0,1,1,1,1,22,10,14,3,1,5,1,13,11,11,17,15,16,21,8,7,13,1,6,15,12,6,20,9,1,19,1,20:10,1,Isaiah Hartenstein,2025-26,1628392,Regular Season
2025-26,1628392,Isaiah Hartenstein,Isaiah,1610612760,OKC,Oklahoma City Thunder,0022500210,2025-11-11T00:00:00,OKC vs. GSW,W,19.546666666666667,4,5,0.8,0,0,0.0,0,0,0.0,4,3,7,2,3,0,1,0,2,0,8,13,19.4,0,0,19.0,1,1,1,1,24,14,17,5,1,5,1,18,20,18,8,19,19,15,3,18,5,1,6,22,16,7,21,9,1,22,1,19:33,1,Isaiah Hartenstein,2025-26,1628392,Regular Season
2025-26,1628392,Isaiah Hartenstein,Isaiah,1610612760,OKC,Oklahoma City Thunder,0022500194,2025-11-09T00:00:00,OKC @ MEM,W,30.288333333333334,8,11,0.727,0,0,0.0,2,4,0.5,4,9,13,2,3,0,1,1,5,3,18,8,36.6,1,0,35.0,1,1,1,1,7,2,3,7,1,5,1,6,4,11,8,6,6,15,3,18,5,15,19,7,2,13,5,1,1,4,1,30:17,1,Isaiah Hartenstein,2025-26,1628392,Regular Season
2025-26,1628392,Isaiah Hartenstein,Isaiah,1610612760,OKC,Oklahoma City Thunder,0022500038,2025-11-07T00:00:00,OKC @ SAC,W,30.616666666666667,14,17,0.824,0,0,0.0,5,6,0.833,3,16,19,3,2,1,3,1,2,5,33,32,70.3,1,0,63.0,1,1,1,1,5,1,1,4,1,5,1,1,1,5,13,1,1,7,8,7,1,15,6,2,1,1,1,1,1,1,1,30:37,1,Isaiah Hartenstein,2025-26,1628392,Regular Season
2025-26,1628392,Isaiah Hartenstein,Isaiah,1610612760,OKC,Oklahoma City Thunder,0022500180,2025-11-05T00:00:00,OKC @ POR,L,31.166666666666668,3,4,0.75,0,1,0.0,4,5,0.8,4,7,11,3,4,2,0,0,3,4,10,-3,29.7,1,0,28.0,1,20,20,20,3,17,20,6,1,1,1,2,3,6,8,9,12,7,1,3,13,1,13,4,13,20,14,1,1,11,1,31:10,1,Isaiah Hartenstein,2025-26,1628392,Regular Season
2025-26,1628392,Isaiah Hartenstein,Isaiah,1610612760,OKC,Oklahoma City Thunder,0022500170,2025-11-04T00:00:00,OKC @ LAC,W,23.533333333333335,4,6,0.667,0,0,0.0,2,2,1.0,2,5,7,3,1,4,0,1,2,2,10,11,33.9,0,0,28.0,1,1,1,1,18,14,14,11,1,5,1,6,11,1,17,16,19,7,19,1,13,15,6,10,13,10,8,9,1,11,1,23:32,1,Isaiah Hartenstein,2025-26,1628392,Regular Season
2025-26,1628392,Isaiah Hartenstein,Isaiah,1610612760,OKC,Oklahoma City Thunder,0022500148,2025-11-02T00:00:00,OKC vs. NOP,W,25.793333333333333,6,7,0.857,0,0,0.0,2,3,0.667,4,10,14,8,2,1,1,0,4,4,14,13,46.8,1,0,40.0,1,1,1,1,14,7,11,2,1,5,1,6,8,9,8,5,2,1,8,7,5,1,17,4,7,7,2,1,1,2,1,25:48,1,Isaiah Hartenstein,2025-26,1628392,Regular Season
2025-26,1628392,Isaiah Hartenstein,Isaiah,1610612760,OKC,Oklahoma City Thunder,0022500140,2025-10-30T00:00:00,OKC vs. WAS,W,25.72833333333333,7,11,0.636,0,0,0.0,3,4,0.75,5,3,8,5,3,2,0,1,2,6,17,15,37.1,0,0,34.0,1,1,1,1,15,4,3,13,1,5,1,3,4,7,2,19,16,4,3,3,13,15,6,1,3,5,4,9,1,5,1,25:44,1,Isaiah Hartenstein,2025-26,1628392,Regular Season
2025-26,1628392,Isaiah Hartenstein,Isaiah,1610612760,OKC,Oklahoma City Thunder,0022500126,2025-10-28T00:00:00,OKC vs. SAC,W,30.816666666666666,2,3,0.667,0,0,0.0,0,1,0.0,2,12,14,3,2,1,2,0,1,1,4,-5,32.3,0,0,27.0,1,1,1,1,4,19,22,11,1,5,1,18,17,18,17,3,2,7,8,7,3,1,2,15,22,21,13,9,1,14,1,30:49,1,Isaiah Hartenstein,2025-26,1628392,Regular Season
2025-26,1628392,Isaiah Hartenstein,Isaiah,1610612760,OKC,Oklahoma City Thunder,0022500119,2025-10-27T00:00:00,OKC @ DAL,W,29.876666666666665,8,11,0.727,0,0,0.0,0,0,0.0,5,7,12,0,1,1,0,1,5,2,16,-7,32.4,1,0,30.0,1,1,1,1,8,2,3,7,1,5,1,18,20,18,2,9,7,21,19,7,13,15,19,10,4,22,11,1,1,7,1,29:53,1,Isaiah Hartenstein,2025-26,1628392,Regular Season
2025-26,1628392,Isaiah Hartenstein,Isaiah,1610612760,OKC,Oklahoma City Thunder,0022500101,2025-10-25T00:00:00,OKC @ ATL,W,29.016666666666666,7,13,0.538,0,1,0.0,0,1,0.0,3,7,10,2,2,2,0,1,0,1,14,16,33.0,1,0,30.0,1,1,1,1,9,4,2,18,1,1,1,18,17,18,13,9,13,15,8,3,13,15,1,15,7,4,10,1,1,7,1,29:01,1,Isaiah Hartenstein,2025-26,1628392,Regular Season
2025-26,1628392,Isaiah Hartenstein,Isaiah,1610612760,OKC,Oklahoma City Thunder,0022500005,2025-10-23T00:00:00,OKC @ IND,W,36.88666666666666,2,4,0.5,0,0,0.0,1,3,0.333,0,14,14,2,2,0,0,0,5,4,5,6,22.8,0,0,21.0,1,1,1,1,1,19,20,19,1,5,1,13,8,17,23,2,2,15,8,18,13,1,19,4,20,15,19,9,1,19,1,36:53,1,Isaiah Hartenstein,2025-26,1628392,Regular Season
2025-26,1628392,Isaiah Hartenstein,Isaiah,1610612760,OKC,Oklahoma City Thunder,0022500001,2025-10-21T00:00:00,OKC vs. HOU,W,36.84166666666667,2,5,0.4,0,1,0.0,2,2,1.0,5,3,8,5,1,2,0,0,6,5,6,9,28.1,0,0,23.0,1,1,1,1,2,19,17,21,1,1,1,6,11,1,2,19,16,4,19,3,13,1,24,2,19,11,16,9,1,17,1,36:51,1,Isaiah Hartenstein,2025-26,1628392,Regular Season
2025-26,1630552,Jalen Johnson,Jalen,1610612737,ATL,Atlanta Hawks,0022500479,2026-01-02T00:00:00,ATL @ NYK,W,38.0,7,14,0.5,1,3,0.333,3,6,0.5,1,9,10,11,4,2,0,2,1,4,18,11,48.5,1,1,44.0,1,1,1,1,10,22,24,19,16,18,18,20,9,30,15,13,15,8,9,4,13,23,3,10,25,8,19,1,1,20,1,38:00,1,Jalen Johnson,2025-26,1630552,Regular Season
2025-26,1630552,Jalen Johnson,Jalen,1610612737,ATL,Atlanta Hawks,0022500463,2025-12-31T00:00:00,ATL vs. MIN,W,32.21666666666667,15,22,0.682,3,6,0.5,1,1,1.0,2,8,10,6,3,2,1,0,1,1,34,12,61.0,1,0,59.0,1,1,1,1,26,2,3,3,5,7,6,30,31,1,8,19,15,25,17,4,4,1,3,30,4,7,7,1,8,7,1,32:13,1,Jalen Johnson,2025-26,1630552,Regular Season
2025-26,1630552,Jalen Johnson,Jalen,1610612737,ATL,Atlanta Hawks,0022500435,2025-12-27T00:00:00,ATL vs. NYK,L,37.07,7,16,0.438,1,3,0.333,5,6,0.833,0,9,9,12,2,0,2,1,3,3,20,4,52.8,1,0,46.0,1,17,17,17,15,22,17,27,16,18,18,10,9,19,22,13,21,3,24,30,1,10,21,14,23,11,13,1,8,16,1,37:04,1,Jalen Johnson,2025-26,1630552,Regular Season
2025-26,1630552,Jalen Johnson,Jalen,1610612737,ATL,Atlanta Hawks,0022500423,2025-12-26T00:00:00,ATL vs. MIA,L,37.68333333333333,10,17,0.588,1,6,0.167,3,4,0.75,0,9,9,10,4,1,0,0,2,4,24,-5,48.8,1,0,46.0,1,17,17,17,12,7,14,10,16,7,23,20,18,25,22,13,21,10,9,11,13,1,12,10,14,20,18,1,8,16,1,37:41,1,Jalen Johnson,2025-26,1630552,Regular Season
2025-26,1630552,Jalen Johnson,Jalen,1610612737,ATL,Atlanta Hawks,0022500411,2025-12-23T00:00:00,ATL vs. CHI,L,38.86333333333334,11,23,0.478,1,7,0.143,1,3,0.333,0,9,9,10,5,1,2,1,3,3,24,-14,53.8,1,0,50.0,1,17,17,17,8,4,2,23,16,5,25,30,23,32,22,13,21,10,6,11,1,10,21,14,14,27,12,1,8,12,1,38:52,1,Jalen Johnson,2025-26,1630552,Regular Season
2025-26,1630552,Jalen Johnson,Jalen,1610612737,ATL,Atlanta Hawks,0022500396,2025-12-21T00:00:00,ATL vs. CHI,L,35.583333333333336,12,20,0.6,2,6,0.333,10,11,0.909,3,8,11,9,2,0,0,2,2,7,36,-5,60.7,1,0,58.0,1,17,17,17,16,3,6,8,8,7,18,2,3,17,5,19,10,12,24,30,13,23,12,3,3,20,8,1,8,8,1,35:35,1,Jalen Johnson,2025-26,1630552,Regular Season
2025-26,1630552,Jalen Johnson,Jalen,1610612737,ATL,Atlanta Hawks,0022500383,2025-12-19T00:00:00,ATL vs. SAS,L,31.116666666666667,6,11,0.545,1,1,1.0,4,4,1.0,2,9,11,6,7,1,0,1,2,2,17,-15,35.2,1,0,37.0,1,17,17,17,28,27,29,14,16,30,1,12,18,1,8,13,10,25,1,11,13,10,12,25,27,29,28,1,8,28,1,31:07,1,Jalen Johnson,2025-26,1630552,Regular Season
2025-26,1630552,Jalen Johnson,Jalen,1610612737,ATL,Atlanta Hawks,0022500371,2025-12-18T00:00:00,ATL @ CHA,L,39.483333333333334,16,27,0.593,4,9,0.444,7,7,1.0,1,10,11,9,4,1,1,0,3,5,43,-2,71.7,1,0,71.0,1,17,17,17,4,1,1,9,1,1,13,6,8,1,15,8,10,12,9,11,4,1,21,8,1,18,2,1,8,2,1,39:29,1,Jalen Johnson,2025-26,1630552,Regular Season
2025-26,1630552,Jalen Johnson,Jalen,1610612737,ATL,Atlanta Hawks,0022501217,2025-12-14T00:00:00,ATL vs. PHI,W,35.06666666666667,5,17,0.294,0,1,0.0,2,2,1.0,4,6,10,12,2,1,1,2,3,2,12,4,46.0,1,1,38.0,1,1,1,1,17,30,14,31,26,30,26,24,26,1,1,26,15,3,24,11,4,23,21,25,30,11,21,1,1,25,1,35:04,1,Jalen Johnson,2025-26,1630552,Regular Season
2025-26,1630552,Jalen Johnson,Jalen,1610612737,ATL,Atlanta Hawks,0022501210,2025-12-12T00:00:00,ATL @ DET,L,33.56666666666667,7,19,0.368,1,6,0.167,4,4,1.0,4,7,11,12,6,2,0,1,3,3,19,-25,50.2,1,1,47.0,1,17,17,17,22,22,8,30,16,7,23,12,18,1,1,23,10,3,2,4,13,10,21,14,24,32,15,1,1,15,1,33:34,1,Jalen Johnson,2025-26,1630552,Regular Season
2025-26,1630552,Jalen Johnson,Jalen,1610612737,ATL,Atlanta Hawks,0022500351,2025-12-06T00:00:00,ATL @ WAS,W,39.11666666666667,10,18,0.556,2,5,0.4,8,8,1.0,0,12,12,12,3,2,0,2,1,6,30,7,65.4,1,1,60.0,1,1,1,1,6,7,10,13,8,11,15,3,6,1,22,4,7,3,17,4,13,23,3,6,6,9,5,1,1,4,1,39:07,1,Jalen Johnson,2025-26,1630552,Regular Season
2025-26,1630552,Jalen Johnson,Jalen,1610612737,ATL,Atlanta Hawks,0022500340,2025-12-05T00:00:00,ATL vs. DEN,L,37.6,9,20,0.45,1,4,0.25,2,2,1.0,4,14,18,16,3,2,0,1,3,2,21,3,69.6,1,1,60.0,1,17,17,17,14,14,6,25,16,14,22,24,26,1,1,2,1,1,17,4,13,10,21,25,21,13,3,1,1,4,1,37:36,1,Jalen Johnson,2025-26,1630552,Regular Season
2025-26,1630552,Jalen Johnson,Jalen,1610612737,ATL,Atlanta Hawks,0022500309,2025-12-01T00:00:00,ATL @ DET,L,37.68333333333333,9,17,0.529,4,8,0.5,7,8,0.875,3,10,13,7,4,0,0,1,5,8,29,6,51.1,1,0,53.0,1,17,17,17,12,14,14,17,1,2,6,6,6,18,5,8,4,20,9,30,13,10,31,2,7,10,14,1,8,9,1,37:41,1,Jalen Johnson,2025-26,1630552,Regular Season
2025-26,1630552,Jalen Johnson,Jalen,1610612737,ATL,Atlanta Hawks,0022500304,2025-11-30T00:00:00,ATL @ PHI,W,45.11666666666667,10,21,0.476,4,8,0.5,17,22,0.773,0,14,14,7,6,1,1,1,1,11,41,-3,68.3,1,0,70.0,1,1,1,1,1,7,5,24,1,2,6,1,1,24,22,2,3,20,2,11,4,10,3,1,2,19,4,1,8,3,1,45:07,1,Jalen Johnson,2025-26,1630552,Regular Season
2025-26,1630552,Jalen Johnson,Jalen,1610612737,ATL,Atlanta Hawks,0022500069,2025-11-28T00:00:00,ATL vs. CLE,W,38.8,9,18,0.5,3,7,0.429,8,12,0.667,3,9,12,12,3,2,0,2,1,6,29,20,64.4,1,1,60.0,1,1,1,1,9,14,10,19,5,5,14,3,2,26,5,13,7,3,17,4,13,23,3,6,7,3,6,1,1,4,1,38:48,1,Jalen Johnson,2025-26,1630552,Regular Season
2025-26,1630552,Jalen Johnson,Jalen,1610612737,ATL,Atlanta Hawks,0022500057,2025-11-25T00:00:00,ATL @ WAS,L,30.066666666666666,3,12,0.25,0,4,0.0,1,1,1.0,2,5,7,7,5,1,2,2,3,1,7,-20,29.9,0,0,27.0,1,17,17,17,29,32,28,32,26,14,26,30,31,1,8,30,27,20,6,11,1,23,21,30,32,31,31,25,8,31,1,30:04,1,Jalen Johnson,2025-26,1630552,Regular Season
2025-26,1630552,Jalen Johnson,Jalen,1610612737,ATL,Atlanta Hawks,0022500276,2025-11-23T00:00:00,ATL vs. CHA,W,39.56666666666667,11,22,0.5,2,4,0.5,4,5,0.8,1,7,8,11,0,1,0,1,0,3,28,3,57.1,1,0,51.0,1,1,1,1,3,4,3,19,8,14,6,12,15,21,15,23,24,8,32,11,13,10,1,14,9,13,10,1,8,11,1,39:34,1,Jalen Johnson,2025-26,1630552,Regular Season
2025-26,1630552,Jalen Johnson,Jalen,1610612737,ATL,Atlanta Hawks,0022500270,2025-11-22T00:00:00,ATL @ NOP,W,34.483333333333334,6,15,0.4,2,4,0.5,4,6,0.667,1,10,11,9,4,1,1,3,1,3,18,20,46.7,1,0,44.0,1,1,1,1,21,27,22,29,8,14,6,12,9,26,15,8,10,12,9,11,4,32,3,14,25,3,20,1,8,20,1,34:29,1,Jalen Johnson,2025-26,1630552,Regular Season
2025-26,1630552,Jalen Johnson,Jalen,1610612737,ATL,Atlanta Hawks,0022500267,2025-11-20T00:00:00,ATL @ SAS,L,37.95,10,15,0.667,2,3,0.667,4,6,0.667,0,12,12,7,4,1,0,1,3,4,26,-1,49.9,1,0,49.0,1,17,17,17,11,7,22,4,8,18,3,12,9,26,22,4,7,20,9,11,13,10,21,10,10,16,17,1,8,13,1,37:57,1,Jalen Johnson,2025-26,1630552,Regular Season
2025-26,1630552,Jalen Johnson,Jalen,1610612737,ATL,Atlanta Hawks,0022500251,2025-11-18T00:00:00,ATL vs. DET,L,39.1,8,18,0.444,3,8,0.375,6,6,1.0,0,8,8,9,4,3,1,2,2,5,25,-7,56.1,0,0,53.0,1,17,17,17,7,20,10,26,5,2,17,9,9,1,22,19,24,12,9,2,4,23,12,8,11,22,11,25,8,9,1,39:06,1,Jalen Johnson,2025-26,1630552,Regular Season
2025-26,1630552,Jalen Johnson,Jalen,1610612737,ATL,Atlanta Hawks,0022500239,2025-11-16T00:00:00,ATL @ PHX,W,39.45,9,13,0.692,2,3,0.667,5,6,0.833,2,8,10,7,5,1,0,1,1,3,25,21,45.5,1,0,46.0,1,1,1,1,5,14,26,2,8,18,3,10,9,19,8,19,15,20,6,11,13,10,3,14,11,2,22,1,8,16,1,39:27,1,Jalen Johnson,2025-26,1630552,Regular Season
2025-26,1630552,Jalen Johnson,Jalen,1610612737,ATL,Atlanta Hawks,0022500227,2025-11-13T00:00:00,ATL @ UTA,W,40.64,10,19,0.526,4,5,0.8,7,11,0.636,2,16,18,14,6,7,0,1,0,7,31,16,88.6,1,1,81.0,1,1,1,1,2,7,8,18,1,11,2,6,3,29,8,1,1,2,2,1,13,10,1,3,5,5,1,1,1,1,1,40:38,1,Jalen Johnson,2025-26,1630552,Regular Season
2025-26,1630552,Jalen Johnson,Jalen,1610612737,ATL,Atlanta Hawks,0022500223,2025-11-12T00:00:00,ATL @ SAC,W,23.83,9,10,0.9,2,3,0.667,4,4,1.0,0,10,10,8,1,1,0,0,2,3,24,39,50.0,1,0,46.0,1,1,1,1,32,14,31,1,8,18,3,12,18,1,22,8,15,16,28,11,13,1,12,14,14,1,16,1,8,16,1,23:50,1,Jalen Johnson,2025-26,1630552,Regular Season
2025-26,1630552,Jalen Johnson,Jalen,1610612737,ATL,Atlanta Hawks,0022500206,2025-11-10T00:00:00,ATL @ LAC,W,34.75,7,16,0.438,0,3,0.0,2,2,1.0,0,10,10,8,1,1,1,2,2,1,16,3,45.0,1,0,38.0,1,1,1,1,20,22,17,27,26,18,26,24,26,1,22,8,15,16,28,11,4,23,12,30,29,13,25,1,8,25,1,34:45,1,Jalen Johnson,2025-26,1630552,Regular Season
2025-26,1630552,Jalen Johnson,Jalen,1610612737,ATL,Atlanta Hawks,0022500030,2025-11-07T00:00:00,ATL vs. TOR,L,33.04,8,14,0.571,2,5,0.4,3,3,1.0,1,6,7,4,6,1,0,0,2,3,21,-9,32.4,0,0,36.0,1,17,17,17,24,20,24,11,8,11,15,20,23,1,15,26,27,30,2,11,13,1,12,14,21,23,29,25,8,29,1,33:02,1,Jalen Johnson,2025-26,1630552,Regular Season
2025-26,1630552,Jalen Johnson,Jalen,1610612737,ATL,Atlanta Hawks,0022500166,2025-11-04T00:00:00,ATL vs. ORL,W,32.983333333333334,6,11,0.545,1,2,0.5,4,5,0.8,0,6,6,5,3,1,0,0,4,4,17,-1,31.7,0,0,31.0,1,1,1,1,25,27,29,14,16,27,6,12,15,21,22,26,31,27,17,11,13,1,29,10,27,16,30,25,8,30,1,32:59,1,Jalen Johnson,2025-26,1630552,Regular Season
2025-26,1630552,Jalen Johnson,Jalen,1610612737,ATL,Atlanta Hawks,0022500151,2025-11-02T00:00:00,ATL @ CLE,L,34.76833333333333,10,16,0.625,1,2,0.5,2,5,0.4,1,12,13,5,4,1,0,1,1,3,23,-12,45.1,1,0,44.0,1,17,17,17,19,7,17,5,16,27,6,24,15,31,15,4,4,27,9,11,13,10,3,14,17,25,24,1,8,20,1,34:46,1,Jalen Johnson,2025-26,1630552,Regular Season
2025-26,1630552,Jalen Johnson,Jalen,1610612737,ATL,Atlanta Hawks,0022500020,2025-10-31T00:00:00,ATL @ IND,W,33.28333333333333,9,16,0.563,0,3,0.0,4,4,1.0,1,12,13,8,1,2,1,0,2,2,22,13,57.6,1,0,49.0,1,1,1,1,23,14,17,12,26,18,26,12,18,1,15,4,4,16,28,4,4,1,12,25,19,6,9,1,8,13,1,33:17,1,Jalen Johnson,2025-26,1630552,Regular Season
2025-26,1630552,Jalen Johnson,Jalen,1610612737,ATL,Atlanta Hawks,0022500130,2025-10-29T00:00:00,ATL @ BKN,W,29.416666666666668,10,16,0.625,1,3,0.333,2,2,1.0,4,3,7,5,2,1,0,0,4,3,23,-11,39.9,0,0,38.0,1,1,1,1,30,7,17,5,16,18,18,24,26,1,1,32,27,27,24,11,13,1,29,14,17,24,27,25,8,25,1,29:25,1,Jalen Johnson,2025-26,1630552,Regular Season
2025-26,1630552,Jalen Johnson,Jalen,1610612737,ATL,Atlanta Hawks,0022500115,2025-10-27T00:00:00,ATL @ CHI,L,31.733333333333334,11,18,0.611,0,3,0.0,3,3,1.0,2,4,6,3,1,3,0,2,2,2,25,-14,44.7,0,0,40.0,1,17,17,17,27,4,10,7,26,18,26,20,23,1,8,31,31,31,28,2,13,23,12,25,11,27,26,25,8,24,1,31:44,1,Jalen Johnson,2025-26,1630552,Regular Season
2025-26,1630552,Jalen Johnson,Jalen,1610612737,ATL,Atlanta Hawks,0022500090,2025-10-24T00:00:00,ATL @ ORL,W,25.966666666666665,5,10,0.5,0,0,0.0,2,2,1.0,2,6,8,1,3,1,0,0,5,3,12,-12,23.1,0,0,23.0,1,1,1,1,31,30,31,19,26,32,26,24,26,1,8,26,24,32,17,11,13,1,31,14,30,25,32,25,8,32,1,25:58,1,Jalen Johnson,2025-26,1630552,Regular Season
2025-26,1630552,Jalen Johnson,Jalen,1610612737,ATL,Atlanta Hawks,0022500082,2025-10-22T00:00:00,ATL vs. TOR,L,34.815,7,13,0.538,0,2,0.0,8,10,0.8,0,7,7,8,3,1,1,1,1,7,22,-15,45.4,0,0,41.0,1,17,17,17,18,22,26,16,26,27,26,3,5,21,22,23,27,16,17,11,4,10,3,3,19,29,23,25,8,23,1,34:49,1,Jalen Johnson,2025-26,1630552,Regular Season
2025-26,1628389,Bam Adebayo,Bam,1610612748,MIA,Miami Heat,0022500472,2026-01-01T00:00:00,MIA @ DET,W,32.88333333333333,5,14,0.357,1,2,0.5,4,4,1.0,3,11,14,0,1,2,1,1,2,5,15,17,39.8,1,0,36.0,1,1,1,1,12,15,10,22,9,20,4,8,12,1,2,4,3,24,14,2,8,17,14,7,18,5,9,1,1,12,1,32:53,1,Bam Adebayo,2025-26,1628389,Regular Season
2025-26,1628389,Bam Adebayo,Bam,1610612748,MIA,Miami Heat,0022500450,2025-12-29T00:00:00,MIA vs. DEN,W,21.163333333333334,5,10,0.5,1,2,0.5,2,2,1.0,3,7,10,4,2,1,0,0,3,1,13,3,32.0,1,0,30.0,1,1,1,1,25,15,23,10,9,20,4,19,20,1,2,14,10,3,8,8,13,1,21,23,22,14,22,1,1,20,1,21:10,1,Bam Adebayo,2025-26,1628389,Regular Season
2025-26,1628389,Bam Adebayo,Bam,1610612748,MIA,Miami Heat,0022500414,2025-12-23T00:00:00,MIA vs. TOR,L,34.13666666666666,4,11,0.364,0,2,0.0,1,3,0.333,1,11,12,3,1,2,0,0,2,5,9,-16,32.9,0,0,28.0,1,14,14,14,8,20,19,19,19,20,19,22,18,23,13,4,7,7,14,2,13,1,14,7,23,24,19,14,1,23,1,34:08,1,Bam Adebayo,2025-26,1628389,Regular Season
2025-26,1628389,Bam Adebayo,Bam,1610612748,MIA,Miami Heat,0022500398,2025-12-21T00:00:00,MIA @ NYK,L,33.56666666666667,4,11,0.364,0,3,0.0,6,7,0.857,3,6,9,0,3,0,0,0,3,5,14,-5,21.8,0,0,23.0,1,14,14,14,9,20,19,19,19,15,19,4,5,9,2,17,16,24,4,20,13,1,21,7,21,18,25,14,1,24,1,33:34,1,Bam Adebayo,2025-26,1628389,Regular Season
2025-26,1628389,Bam Adebayo,Bam,1610612748,MIA,Miami Heat,0022500381,2025-12-19T00:00:00,MIA @ BOS,L,36.105,6,13,0.462,0,1,0.0,4,6,0.667,4,6,10,4,3,1,0,1,5,3,16,-15,34.0,1,0,32.0,1,14,14,14,5,13,13,13,19,26,19,8,7,16,1,17,10,3,4,8,13,17,25,15,17,23,18,1,1,18,1,36:06,1,Bam Adebayo,2025-26,1628389,Regular Season
2025-26,1628389,Bam Adebayo,Bam,1610612748,MIA,Miami Heat,0022500373,2025-12-18T00:00:00,MIA @ BKN,W,31.063333333333333,4,13,0.308,0,2,0.0,0,2,0.0,2,15,17,1,3,1,3,2,5,3,8,12,38.9,0,0,34.0,1,1,1,1,15,20,13,24,19,20,19,24,20,24,9,1,1,19,4,8,1,25,25,15,25,8,10,14,1,15,1,31:04,1,Bam Adebayo,2025-26,1628389,Regular Season
2025-26,1628389,Bam Adebayo,Bam,1610612748,MIA,Miami Heat,0022501227,2025-12-15T00:00:00,MIA vs. TOR,L,33.016666666666666,7,13,0.538,1,3,0.333,5,8,0.625,0,10,10,2,2,1,0,1,2,5,20,-5,36.0,1,0,35.0,1,14,14,14,11,8,13,7,9,15,11,6,3,20,23,8,10,14,8,8,13,17,14,7,8,18,14,1,1,13,1,33:01,1,Bam Adebayo,2025-26,1628389,Regular Season
2025-26,1628389,Bam Adebayo,Bam,1610612748,MIA,Miami Heat,0022501201,2025-12-09T00:00:00,MIA @ ORL,L,35.55,7,14,0.5,0,3,0.0,5,6,0.833,1,7,8,2,0,1,3,0,1,4,19,6,43.6,0,0,37.0,1,14,14,14,6,8,10,10,19,15,19,6,7,11,13,14,17,14,23,8,1,1,4,13,10,11,6,14,1,10,1,35:33,1,Bam Adebayo,2025-26,1628389,Regular Season
2025-26,1628389,Bam Adebayo,Bam,1610612748,MIA,Miami Heat,0022500354,2025-12-06T00:00:00,MIA vs. SAC,L,24.583333333333332,4,9,0.444,0,3,0.0,1,2,0.5,2,5,7,3,0,0,0,0,0,1,9,-17,21.9,0,0,19.0,1,14,14,14,24,20,24,14,19,15,19,22,20,22,9,22,19,7,23,20,13,1,1,23,23,26,24,14,1,25,1,24:35,1,Bam Adebayo,2025-26,1628389,Regular Season
2025-26,1628389,Bam Adebayo,Bam,1610612748,MIA,Miami Heat,0022500339,2025-12-05T00:00:00,MIA @ ORL,L,39.516666666666666,9,15,0.6,2,4,0.5,4,6,0.667,2,13,15,3,5,2,2,0,2,7,24,3,53.5,1,0,52.0,1,14,14,14,1,6,8,2,6,11,4,8,7,16,9,2,2,7,2,2,4,1,14,1,5,14,2,1,1,2,1,39:31,1,Bam Adebayo,2025-26,1628389,Regular Season
2025-26,1628389,Bam Adebayo,Bam,1610612748,MIA,Miami Heat,0022500332,2025-12-03T00:00:00,MIA @ DAL,L,28.4,10,19,0.526,1,6,0.167,0,0,0.0,1,6,7,1,1,1,0,0,1,2,21,-6,32.9,0,0,32.0,1,14,14,14,22,2,2,9,9,4,18,24,25,24,13,17,19,19,14,8,13,1,4,18,7,20,19,14,1,18,1,28:24,1,Bam Adebayo,2025-26,1628389,Regular Season
2025-26,1628389,Bam Adebayo,Bam,1610612748,MIA,Miami Heat,0022500313,2025-12-01T00:00:00,MIA vs. LAC,W,31.638333333333332,10,17,0.588,5,8,0.625,2,2,1.0,3,11,14,3,1,2,2,0,0,1,27,33,59.3,1,0,57.0,1,1,1,1,14,2,5,3,1,2,2,19,20,1,2,4,3,7,14,2,4,1,1,23,2,1,1,1,1,1,1,31:38,1,Bam Adebayo,2025-26,1628389,Regular Season
2025-26,1628389,Bam Adebayo,Bam,1610612748,MIA,Miami Heat,0022500296,2025-11-29T00:00:00,MIA vs. DET,L,33.2,5,9,0.556,1,2,0.5,4,6,0.667,2,8,10,1,3,2,1,0,1,4,15,14,34.5,1,0,33.0,1,14,14,14,10,15,24,4,9,20,4,8,7,16,9,13,10,19,4,2,8,1,4,13,18,7,17,1,1,16,1,33:12,1,Bam Adebayo,2025-26,1628389,Regular Season
2025-26,1628389,Bam Adebayo,Bam,1610612748,MIA,Miami Heat,0022500062,2025-11-26T00:00:00,MIA vs. MIL,W,28.616666666666667,7,16,0.438,1,5,0.2,2,2,1.0,0,11,11,2,1,0,1,1,0,2,17,-11,35.2,1,0,33.0,1,1,1,1,21,8,6,16,9,5,14,19,20,1,23,4,9,14,14,20,8,17,1,18,14,21,15,1,1,16,1,28:37,1,Bam Adebayo,2025-26,1628389,Regular Season
2025-26,1628389,Bam Adebayo,Bam,1610612748,MIA,Miami Heat,0022500286,2025-11-24T00:00:00,MIA vs. DAL,W,29.336666666666666,5,13,0.385,0,3,0.0,7,11,0.636,3,3,6,1,2,1,2,1,1,7,17,-16,32.7,0,0,30.0,1,1,1,1,19,15,13,18,19,15,19,3,1,19,2,25,23,19,8,8,4,17,4,1,14,24,21,14,1,20,1,29:20,1,Bam Adebayo,2025-26,1628389,Regular Season
2025-26,1628389,Bam Adebayo,Bam,1610612748,MIA,Miami Heat,0022500275,2025-11-23T00:00:00,MIA @ PHI,W,32.526666666666664,7,14,0.5,1,4,0.25,3,4,0.75,3,10,13,1,2,1,0,0,1,2,18,4,36.1,1,0,35.0,1,1,1,1,13,8,10,10,9,11,13,14,12,13,2,8,5,19,8,8,13,1,4,18,12,12,12,1,1,13,1,32:32,1,Bam Adebayo,2025-26,1628389,Regular Season
2025-26,1628389,Bam Adebayo,Bam,1610612748,MIA,Miami Heat,0022500051,2025-11-21T00:00:00,MIA @ CHI,W,29.456666666666667,4,11,0.364,2,5,0.4,8,10,0.8,1,6,7,5,1,0,3,0,3,6,18,24,41.9,0,0,38.0,1,1,1,1,18,20,19,19,6,5,10,1,2,12,13,17,19,1,14,20,1,1,21,5,12,4,7,14,1,8,1,29:27,1,Bam Adebayo,2025-26,1628389,Regular Season
2025-26,1628389,Bam Adebayo,Bam,1610612748,MIA,Miami Heat,0022500257,2025-11-19T00:00:00,MIA vs. GSW,W,28.8,7,13,0.538,3,4,0.75,3,3,1.0,1,6,7,3,1,1,2,0,1,2,20,15,40.9,0,0,39.0,1,1,1,1,20,8,13,7,4,11,1,14,18,1,13,17,19,7,14,8,4,1,4,18,8,6,8,14,1,5,1,28:48,1,Bam Adebayo,2025-26,1628389,Regular Season
2025-26,1628389,Bam Adebayo,Bam,1610612748,MIA,Miami Heat,0022500178,2025-11-05T00:00:00,MIA @ DEN,L,8.2,1,5,0.2,0,2,0.0,0,0,0.0,0,1,1,0,0,0,0,0,1,0,2,4,3.2,0,0,3.0,1,14,14,14,26,26,26,26,19,20,19,24,25,24,23,26,26,24,23,20,13,1,4,26,26,12,26,14,1,26,1,8:12,1,Bam Adebayo,2025-26,1628389,Regular Season
2025-26,1628389,Bam Adebayo,Bam,1610612748,MIA,Miami Heat,0022500164,2025-11-03T00:00:00,MIA @ LAC,W,30.216666666666665,10,18,0.556,2,4,0.5,3,5,0.6,0,10,10,4,2,2,0,0,1,5,25,2,47.0,1,0,45.0,1,1,1,1,17,2,4,4,6,11,4,14,11,21,23,8,10,3,8,2,13,1,4,7,4,16,4,1,1,4,1,30:13,1,Bam Adebayo,2025-26,1628389,Regular Season
2025-26,1628389,Bam Adebayo,Bam,1610612748,MIA,Miami Heat,0022500155,2025-11-02T00:00:00,MIA @ LAL,L,36.333333333333336,6,11,0.545,1,5,0.2,4,4,1.0,1,7,8,5,0,3,1,0,1,5,17,-13,46.1,0,0,39.0,1,14,14,14,4,13,19,6,9,5,14,8,12,1,13,14,17,1,23,1,8,1,4,7,14,22,5,14,1,5,1,36:20,1,Bam Adebayo,2025-26,1628389,Regular Season
2025-26,1628389,Bam Adebayo,Bam,1610612748,MIA,Miami Heat,0022500141,2025-10-30T00:00:00,MIA @ SAS,L,37.166666666666664,12,27,0.444,4,13,0.308,3,4,0.75,1,9,10,3,2,1,1,2,2,7,31,7,51.5,1,0,52.0,1,14,14,14,3,1,1,14,2,1,12,14,12,13,13,11,10,7,8,8,8,25,14,1,1,10,3,1,1,2,1,37:10,1,Bam Adebayo,2025-26,1628389,Regular Season
2025-26,1628389,Bam Adebayo,Bam,1610612748,MIA,Miami Heat,0022500124,2025-10-28T00:00:00,MIA vs. CHA,W,30.266666666666666,10,16,0.625,3,5,0.6,3,4,0.75,1,5,6,2,1,0,0,0,2,2,26,29,35.2,0,0,37.0,1,1,1,1,16,2,6,1,4,5,3,14,12,13,13,22,23,14,14,20,13,1,14,18,3,2,15,14,1,10,1,30:16,1,Bam Adebayo,2025-26,1628389,Regular Season
2025-26,1628389,Bam Adebayo,Bam,1610612748,MIA,Miami Heat,0022500108,2025-10-26T00:00:00,MIA vs. NYK,W,38.31666666666667,5,15,0.333,1,5,0.2,8,8,1.0,1,12,13,3,6,1,0,1,1,7,19,10,36.1,1,0,38.0,1,1,1,1,2,15,8,23,9,5,14,1,3,1,13,3,5,7,1,8,13,17,4,1,10,9,12,1,1,8,1,38:19,1,Bam Adebayo,2025-26,1628389,Regular Season
2025-26,1628389,Bam Adebayo,Bam,1610612748,MIA,Miami Heat,0022500094,2025-10-24T00:00:00,MIA @ MEM,W,28.35,8,19,0.421,4,8,0.5,4,4,1.0,1,4,5,4,1,1,0,1,2,3,24,25,38.0,0,0,39.0,1,1,1,1,23,7,2,17,2,2,4,8,12,1,13,24,25,3,14,8,13,17,14,15,5,3,11,14,1,5,1,28:21,1,Bam Adebayo,2025-26,1628389,Regular Season
2025-26,1628389,Bam Adebayo,Bam,1610612748,MIA,Miami Heat,0022500081,2025-10-22T00:00:00,MIA @ ORL,L,34.2,4,13,0.308,1,5,0.2,6,7,0.857,3,9,12,2,4,0,0,1,3,6,15,-2,28.4,1,0,30.0,1,14,14,14,7,20,13,24,9,5,14,4,5,9,2,11,7,14,3,20,13,17,21,5,18,17,23,1,1,20,1,34:12,1,Bam Adebayo,2025-26,1628389,Regular Season
2025-26,1630578,Alperen Sengun,Alperen,1610612745,HOU,Houston Rockets,0022500471,2026-01-01T00:00:00,HOU @ BKN,W,33.666666666666664,8,12,0.667,0,0,0.0,4,6,0.667,2,4,6,6,1,2,1,0,4,6,20,30,44.2,0,0,38.0,1,1,1,1,19,16,23,5,11,24,11,15,13,16,16,21,20,15,25,5,8,1,14,11,16,1,17,17,2,18,1,33:40,1,Alperen Sengun,2025-26,1630578,Regular Season
2025-26,1630578,Alperen Sengun,Alperen,1610612745,HOU,Houston Rockets,0022500012,2025-12-25T00:00:00,HOU @ LAL,W,31.216666666666665,5,7,0.714,0,0,0.0,4,4,1.0,3,9,12,4,6,1,0,0,1,5,14,24,31.4,1,0,32.0,1,1,1,1,20,24,27,2,11,24,11,15,20,1,10,3,4,24,1,13,17,1,2,17,25,3,24,1,2,23,1,31:13,1,Alperen Sengun,2025-26,1630578,Regular Season
2025-26,1630578,Alperen Sengun,Alperen,1610612745,HOU,Houston Rockets,0022500422,2025-12-23T00:00:00,HOU @ LAC,L,28.083333333333332,9,16,0.563,0,0,0.0,1,1,1.0,6,5,11,7,3,2,1,2,2,4,19,-9,48.7,1,0,43.0,1,19,19,19,26,13,14,12,11,24,11,25,25,1,2,16,6,9,14,5,8,20,6,22,18,24,13,1,2,15,1,28:05,1,Alperen Sengun,2025-26,1630578,Regular Season
2025-26,1630578,Alperen Sengun,Alperen,1610612745,HOU,Houston Rockets,0022500401,2025-12-21T00:00:00,HOU @ SAC,L,40.92333333333333,12,17,0.706,0,1,0.0,4,6,0.667,1,5,6,3,4,2,2,0,4,6,28,3,47.7,0,0,45.0,1,19,19,19,4,2,12,3,11,17,11,15,13,16,23,16,20,26,8,5,3,1,14,11,5,15,15,17,2,12,1,40:55,1,Alperen Sengun,2025-26,1630578,Regular Season
2025-26,1630578,Alperen Sengun,Alperen,1610612745,HOU,Houston Rockets,0022500386,2025-12-20T00:00:00,HOU @ DEN,W,30.356666666666666,4,9,0.444,0,1,0.0,0,0,0.0,0,6,6,4,5,1,1,0,3,3,8,24,22.2,0,0,22.0,1,1,1,1,22,27,25,19,11,17,11,26,26,26,27,13,20,24,3,13,8,1,7,25,27,3,27,17,2,27,1,30:21,1,Alperen Sengun,2025-26,1630578,Regular Season
2025-26,1630578,Alperen Sengun,Alperen,1610612745,HOU,Houston Rockets,0022500375,2025-12-18T00:00:00,HOU @ NOP,L,35.696666666666665,11,26,0.423,0,4,0.0,6,10,0.6,6,5,11,8,2,2,2,2,5,5,28,-5,63.2,1,0,55.0,1,19,19,19,14,5,3,22,11,4,11,7,3,22,2,16,6,6,21,5,3,20,18,17,5,22,5,1,2,5,1,35:42,1,Alperen Sengun,2025-26,1630578,Regular Season
2025-26,1630578,Alperen Sengun,Alperen,1610612745,HOU,Houston Rockets,0022501225,2025-12-15T00:00:00,HOU @ DEN,L,42.483333333333334,14,27,0.519,0,2,0.0,5,6,0.833,4,6,10,10,4,2,1,0,5,8,33,-6,65.0,1,1,59.0,1,19,19,19,3,1,2,14,11,11,11,11,13,6,6,13,12,2,8,5,8,1,18,2,2,23,4,1,1,4,1,42:29,1,Alperen Sengun,2025-26,1630578,Regular Season
2025-26,1630578,Alperen Sengun,Alperen,1610612745,HOU,Houston Rockets,0022501205,2025-12-11T00:00:00,HOU vs. LAC,W,36.01833333333333,9,22,0.409,0,3,0.0,4,6,0.667,5,10,15,5,5,4,0,1,5,6,22,-2,54.5,1,0,50.0,1,1,1,1,12,13,5,23,11,7,11,15,13,16,4,2,2,21,3,1,17,11,18,11,14,21,7,1,2,7,1,36:01,1,Alperen Sengun,2025-26,1630578,Regular Season
2025-26,1630578,Alperen Sengun,Alperen,1610612745,HOU,Houston Rockets,0022500330,2025-12-03T00:00:00,HOU vs. SAC,W,29.79,11,20,0.55,0,1,0.0,6,7,0.857,3,7,10,3,3,4,0,1,3,4,28,-1,53.5,1,0,49.0,1,1,1,1,24,5,7,13,11,17,11,7,11,5,10,8,12,26,14,1,17,11,7,22,5,20,8,1,2,9,1,29:47,1,Alperen Sengun,2025-26,1630578,Regular Season
2025-26,1630578,Alperen Sengun,Alperen,1610612745,HOU,Houston Rockets,0022500316,2025-12-01T00:00:00,HOU @ UTA,L,38.14833333333333,12,19,0.632,1,3,0.333,6,8,0.75,3,5,8,14,3,2,5,1,4,8,31,3,79.6,1,0,68.0,1,19,19,19,7,2,9,9,6,7,8,7,9,12,10,16,17,1,14,5,1,11,14,2,3,15,1,1,2,1,1,38:09,1,Alperen Sengun,2025-26,1630578,Regular Season
2025-26,1630578,Alperen Sengun,Alperen,1610612745,HOU,Houston Rockets,0022500301,2025-11-30T00:00:00,HOU @ UTA,W,28.41,10,15,0.667,0,1,0.0,7,9,0.778,1,3,4,5,2,1,0,1,4,7,27,10,40.3,0,0,38.0,1,1,1,1,25,8,15,5,11,17,11,5,8,11,23,24,27,21,21,13,17,11,14,6,9,10,20,17,2,18,1,28:25,1,Alperen Sengun,2025-26,1630578,Regular Season
2025-26,1630578,Alperen Sengun,Alperen,1610612745,HOU,Houston Rockets,0022500066,2025-11-26T00:00:00,HOU @ GSW,W,34.56666666666667,7,18,0.389,0,4,0.0,2,5,0.4,4,2,6,6,1,1,0,0,3,7,16,-14,34.2,0,0,30.0,1,1,1,1,18,18,10,24,11,4,11,21,17,25,6,27,20,15,25,13,17,1,7,6,22,26,23,17,2,25,1,34:34,1,Alperen Sengun,2025-26,1630578,Regular Season
2025-26,1630578,Alperen Sengun,Alperen,1610612745,HOU,Houston Rockets,0022500290,2025-11-24T00:00:00,HOU @ PHX,W,34.705,8,14,0.571,2,4,0.5,0,0,0.0,2,3,5,5,4,0,1,1,3,0,18,12,30.5,0,0,32.0,1,1,1,1,17,16,17,11,3,4,6,26,26,26,16,24,25,21,8,24,8,11,7,27,19,9,25,17,2,23,1,34:42,1,Alperen Sengun,2025-26,1630578,Regular Season
2025-26,1630578,Alperen Sengun,Alperen,1610612745,HOU,Houston Rockets,0022500054,2025-11-21T00:00:00,HOU vs. DEN,L,36.153333333333336,6,14,0.429,0,1,0.0,2,3,0.667,2,3,5,6,4,1,0,2,5,5,14,-16,28.0,0,0,27.0,1,19,19,19,11,20,17,20,11,17,11,21,23,16,16,24,25,15,8,13,17,20,18,17,25,27,26,17,2,26,1,36:09,1,Alperen Sengun,2025-26,1630578,Regular Season
2025-26,1630578,Alperen Sengun,Alperen,1610612745,HOU,Houston Rockets,0022500255,2025-11-19T00:00:00,HOU @ CLE,W,38.0,10,17,0.588,0,0,0.0,8,10,0.8,2,9,11,7,5,1,1,1,3,7,28,2,52.7,1,0,50.0,1,1,1,1,9,8,12,10,11,24,11,2,3,7,16,3,6,9,3,13,8,11,7,6,5,18,9,1,2,7,1,38:00,1,Alperen Sengun,2025-26,1630578,Regular Season
2025-26,1630578,Alperen Sengun,Alperen,1610612745,HOU,Houston Rockets,0022500236,2025-11-16T00:00:00,HOU vs. ORL,W,44.595,11,31,0.355,0,1,0.0,8,10,0.8,8,4,12,8,5,0,2,1,5,8,30,5,57.4,1,0,54.0,1,1,1,1,2,5,1,26,11,17,11,2,3,7,1,21,4,6,3,24,3,11,18,2,4,14,6,1,2,6,1,44:36,1,Alperen Sengun,2025-26,1630578,Regular Season
2025-26,1630578,Alperen Sengun,Alperen,1610612745,HOU,Houston Rockets,0022500042,2025-11-14T00:00:00,HOU vs. POR,W,36.45,9,13,0.692,4,6,0.667,3,4,0.75,3,7,10,9,0,3,3,0,3,4,25,21,68.5,1,0,60.0,1,1,1,1,10,13,20,4,2,2,3,20,20,12,10,8,12,3,27,3,2,1,7,22,11,7,2,1,2,3,1,36:27,1,Alperen Sengun,2025-26,1630578,Regular Season
2025-26,1630578,Alperen Sengun,Alperen,1610612745,HOU,Houston Rockets,0022500218,2025-11-12T00:00:00,HOU vs. WAS,W,27.766666666666666,6,13,0.462,2,3,0.667,2,4,0.5,5,8,13,6,2,0,0,3,1,6,16,1,38.6,1,0,37.0,1,1,1,1,27,20,20,17,3,7,3,21,20,24,4,7,3,15,21,24,17,26,2,11,22,19,21,1,2,20,1,27:46,1,Alperen Sengun,2025-26,1630578,Regular Season
2025-26,1630578,Alperen Sengun,Alperen,1610612745,HOU,Houston Rockets,0022500191,2025-11-09T00:00:00,HOU @ MIL,W,39.666666666666664,10,15,0.667,1,1,1.0,2,3,0.667,4,7,11,7,5,0,0,1,5,2,23,21,41.7,1,0,42.0,1,1,1,1,6,8,15,5,6,17,1,21,23,16,6,8,6,9,3,24,17,11,18,26,13,7,19,1,2,16,1,39:40,1,Alperen Sengun,2025-26,1630578,Regular Season
2025-26,1630578,Alperen Sengun,Alperen,1610612745,HOU,Houston Rockets,0022500032,2025-11-07T00:00:00,HOU @ SAS,L,35.97833333333333,10,22,0.455,1,6,0.167,4,5,0.8,3,6,9,8,3,1,1,2,5,5,25,-12,50.8,0,0,47.0,1,19,19,19,13,8,5,18,6,2,10,15,17,7,10,13,16,6,14,13,8,20,18,17,11,25,11,17,2,10,1,35:59,1,Alperen Sengun,2025-26,1630578,Regular Season
2025-26,1630578,Alperen Sengun,Alperen,1610612745,HOU,Houston Rockets,0022500176,2025-11-05T00:00:00,HOU @ MEM,W,34.74,6,14,0.429,0,2,0.0,8,10,0.8,3,13,16,7,6,1,1,2,1,6,20,10,49.7,1,0,47.0,1,1,1,1,16,20,17,20,11,11,11,2,3,7,10,1,1,9,1,13,8,20,2,11,16,10,12,1,2,10,1,34:44,1,Alperen Sengun,2025-26,1630578,Regular Season
2025-26,1630578,Alperen Sengun,Alperen,1610612745,HOU,Houston Rockets,0022500160,2025-11-03T00:00:00,HOU vs. DAL,W,39.81333333333333,10,20,0.5,0,2,0.0,6,11,0.545,2,9,11,6,3,1,0,2,5,9,26,9,48.2,1,0,45.0,1,1,1,1,5,8,7,15,11,11,11,7,1,23,16,3,6,15,14,13,17,20,18,1,10,12,14,1,2,12,1,39:49,1,Alperen Sengun,2025-26,1630578,Regular Season
2025-26,1630578,Alperen Sengun,Alperen,1610612745,HOU,Houston Rockets,0022500146,2025-11-01T00:00:00,HOU @ BOS,W,30.596666666666668,5,13,0.385,1,3,0.333,5,7,0.714,1,9,10,9,4,1,2,0,3,7,16,24,46.5,1,0,42.0,1,1,1,1,21,24,20,25,6,7,8,11,11,14,23,3,12,3,8,13,3,1,7,6,22,3,16,1,2,16,1,30:36,1,Alperen Sengun,2025-26,1630578,Regular Season
2025-26,1630578,Alperen Sengun,Alperen,1610612745,HOU,Houston Rockets,0022500131,2025-10-29T00:00:00,HOU @ TOR,W,35.115,6,8,0.75,1,2,0.5,5,8,0.625,1,7,8,9,2,2,2,0,1,5,18,24,51.1,0,0,44.0,1,1,1,1,15,20,26,1,6,11,6,11,9,21,23,8,17,3,21,5,3,1,2,17,19,3,10,17,2,14,1,35:07,1,Alperen Sengun,2025-26,1630578,Regular Season
2025-26,1630578,Alperen Sengun,Alperen,1610612745,HOU,Houston Rockets,0022500116,2025-10-27T00:00:00,HOU vs. BKN,W,30.016666666666666,7,11,0.636,2,2,1.0,5,5,1.0,2,4,6,6,3,1,0,0,0,8,21,25,37.2,0,0,37.0,1,1,1,1,23,18,24,8,3,11,1,11,17,1,16,21,20,15,14,13,17,1,1,2,15,2,22,17,2,20,1,30:01,1,Alperen Sengun,2025-26,1630578,Regular Season
2025-26,1630578,Alperen Sengun,Alperen,1610612745,HOU,Houston Rockets,0022500093,2025-10-24T00:00:00,HOU vs. DET,L,38.11,5,18,0.278,0,2,0.0,7,10,0.7,2,5,7,7,3,3,0,5,5,7,17,3,41.9,0,0,37.0,1,19,19,19,8,24,10,27,11,11,11,5,3,15,16,16,19,9,14,3,17,27,18,6,21,15,18,17,2,20,1,38:07,1,Alperen Sengun,2025-26,1630578,Regular Season
2025-26,1630578,Alperen Sengun,Alperen,1610612745,HOU,Houston Rockets,0022500001,2025-10-21T00:00:00,HOU @ OKC,L,48.89,12,24,0.5,5,8,0.625,10,11,0.909,4,7,11,7,4,2,1,1,5,6,39,9,67.7,1,0,68.0,1,19,19,19,1,2,4,15,1,1,5,1,1,4,6,8,6,9,8,5,8,11,18,11,1,12,3,1,2,1,1,48:53,1,Alperen Sengun,2025-26,1630578,Regular Season
2025-26,203083,Andre Drummond,Andre,1610612755,PHI,Philadelphia 76ers,0022500473,2026-01-01T00:00:00,PHI @ DAL,W,6.766666666666667,1,2,0.5,0,1,0.0,0,0,0.0,2,2,4,0,1,0,0,0,2,0,2,-1,5.8,0,0,6.0,1,1,1,1,28,21,25,12,12,13,12,18,19,18,19,22,23,16,8,14,20,1,15,25,25,17,26,12,1,26,1,6:46,1,Andre Drummond,2025-26,203083,Regular Season
2025-26,203083,Andre Drummond,Andre,1610612755,PHI,Philadelphia 76ers,0022500442,2025-12-28T00:00:00,PHI @ OKC,L,17.55,2,4,0.5,0,0,0.0,0,0,0.0,2,2,4,0,4,0,0,1,4,2,4,-14,4.8,0,0,8.0,1,18,18,18,17,14,17,12,12,24,12,18,19,18,19,22,23,16,1,14,20,24,26,5,20,28,28,12,1,25,1,17:33,1,Andre Drummond,2025-26,203083,Regular Season
2025-26,203083,Andre Drummond,Andre,1610612755,PHI,Philadelphia 76ers,0022500427,2025-12-26T00:00:00,PHI @ CHI,L,7.943333333333333,1,4,0.25,0,2,0.0,0,0,0.0,2,2,4,0,0,0,0,0,1,0,2,-11,6.8,0,0,6.0,1,18,18,18,27,21,17,24,12,3,12,18,19,18,19,22,23,16,17,14,20,1,3,25,25,26,25,12,1,26,1,7:57,1,Andre Drummond,2025-26,203083,Regular Season
2025-26,203083,Andre Drummond,Andre,1610612755,PHI,Philadelphia 76ers,0022500410,2025-12-23T00:00:00,PHI vs. BKN,L,16.566666666666666,5,10,0.5,0,0,0.0,2,2,1.0,8,5,13,0,1,0,0,0,1,1,12,-10,26.6,1,0,25.0,1,18,18,18,20,5,4,12,12,24,12,5,8,1,2,15,3,16,8,14,20,1,3,17,7,24,13,1,1,12,1,16:34,1,Andre Drummond,2025-26,203083,Regular Season
2025-26,203083,Andre Drummond,Andre,1610612755,PHI,Philadelphia 76ers,0022500387,2025-12-20T00:00:00,PHI vs. DAL,W,23.233333333333334,2,5,0.4,1,2,0.5,1,4,0.25,7,5,12,3,0,0,0,0,1,3,6,-10,24.9,0,0,22.0,1,1,1,1,12,14,15,21,4,3,5,9,1,17,4,15,8,1,17,14,20,1,3,2,14,24,14,12,1,14,1,23:14,1,Andre Drummond,2025-26,203083,Regular Season
2025-26,203083,Andre Drummond,Andre,1610612755,PHI,Philadelphia 76ers,0022500382,2025-12-19T00:00:00,PHI @ NYK,W,32.3,4,7,0.571,3,4,0.75,3,3,1.0,2,11,13,1,1,0,1,0,3,2,14,9,33.1,1,0,33.0,1,1,1,1,7,11,9,9,1,1,4,1,5,1,19,3,3,8,8,14,7,1,20,5,2,4,6,1,1,5,1,32:18,1,Andre Drummond,2025-26,203083,Regular Season
2025-26,203083,Andre Drummond,Andre,1610612755,PHI,Philadelphia 76ers,0022501217,2025-12-14T00:00:00,PHI @ ATL,L,19.808333333333334,2,6,0.333,0,1,0.0,1,2,0.5,5,5,10,3,0,1,3,0,1,1,5,6,33.5,0,0,26.0,1,18,18,18,14,14,11,22,12,13,12,9,8,10,6,15,14,1,17,4,1,1,3,17,17,10,5,12,1,10,1,19:49,1,Andre Drummond,2025-26,203083,Regular Season
2025-26,203083,Andre Drummond,Andre,1610612755,PHI,Philadelphia 76ers,0022501211,2025-12-12T00:00:00,PHI vs. IND,W,16.066666666666666,0,1,0.0,0,0,0.0,0,0,0.0,4,5,9,1,1,0,2,0,1,2,0,-6,17.3,0,0,14.0,1,1,1,1,21,28,27,28,12,24,12,18,19,18,8,15,17,8,8,14,2,1,3,5,28,22,21,12,1,23,1,16:04,1,Andre Drummond,2025-26,203083,Regular Season
2025-26,203083,Andre Drummond,Andre,1610612755,PHI,Philadelphia 76ers,0022500362,2025-12-07T00:00:00,PHI vs. LAL,L,17.733333333333334,5,11,0.455,0,1,0.0,1,2,0.5,8,4,12,0,0,0,1,0,1,3,11,-15,28.4,1,0,25.0,1,18,18,18,16,5,2,20,12,13,12,9,8,10,2,20,8,16,17,14,7,1,3,2,10,29,11,1,1,12,1,17:44,1,Andre Drummond,2025-26,203083,Regular Season
2025-26,203083,Andre Drummond,Andre,1610612755,PHI,Philadelphia 76ers,0022500348,2025-12-05T00:00:00,PHI @ MIL,W,23.411666666666665,2,4,0.5,0,2,0.0,1,2,0.5,3,3,6,2,2,2,0,0,3,1,5,8,19.2,0,0,17.0,1,1,1,1,9,14,17,12,12,3,12,9,8,10,16,21,21,4,4,1,20,1,20,17,17,7,19,12,1,17,1,23:25,1,Andre Drummond,2025-26,203083,Regular Season
2025-26,203083,Andre Drummond,Andre,1610612755,PHI,Philadelphia 76ers,0022500333,2025-12-04T00:00:00,PHI vs. GSW,W,16.573333333333334,0,1,0.0,0,1,0.0,0,0,0.0,1,1,2,0,0,0,1,0,0,2,0,3,5.4,0,0,4.0,1,1,1,1,19,28,27,28,12,13,12,18,19,18,26,28,27,16,17,14,7,1,1,5,28,12,27,12,1,28,1,16:34,1,Andre Drummond,2025-26,203083,Regular Season
2025-26,203083,Andre Drummond,Andre,1610612755,PHI,Philadelphia 76ers,0022500318,2025-12-02T00:00:00,PHI vs. WAS,W,17.183333333333334,5,8,0.625,1,2,0.5,1,1,1.0,4,6,10,3,2,1,1,1,5,1,12,9,32.5,1,0,30.0,1,1,1,1,18,5,7,7,4,3,5,9,18,1,8,12,14,1,4,4,7,24,29,17,7,4,8,1,1,6,1,17:11,1,Andre Drummond,2025-26,203083,Regular Season
2025-26,203083,Andre Drummond,Andre,1610612755,PHI,Philadelphia 76ers,0022500304,2025-11-30T00:00:00,PHI vs. ATL,L,5.983333333333333,1,1,1.0,0,0,0.0,0,0,0.0,0,1,1,0,0,0,0,0,2,0,2,1,3.2,0,0,3.0,1,18,18,18,29,21,27,1,12,24,12,18,19,18,28,28,29,16,17,14,20,1,15,25,25,16,29,12,1,29,1,5:59,1,Andre Drummond,2025-26,203083,Regular Season
2025-26,203083,Andre Drummond,Andre,1610612755,PHI,Philadelphia 76ers,0022500070,2025-11-28T00:00:00,PHI @ BKN,W,10.516666666666667,2,2,1.0,1,1,1.0,2,2,1.0,2,2,4,1,0,0,1,0,0,2,7,9,16.3,0,0,15.0,1,1,1,1,26,14,25,1,4,13,1,5,8,1,19,22,23,8,17,14,7,1,1,5,12,4,23,12,1,21,1,10:31,1,Andre Drummond,2025-26,203083,Regular Season
2025-26,203083,Andre Drummond,Andre,1610612755,PHI,Philadelphia 76ers,0022500058,2025-11-25T00:00:00,PHI vs. ORL,L,22.316666666666666,1,6,0.167,1,2,0.5,0,0,0.0,2,10,12,0,2,0,2,1,4,0,3,-33,21.4,0,0,20.0,1,18,18,18,13,21,11,27,4,3,5,18,19,18,19,4,8,16,4,14,2,24,26,25,23,30,16,12,1,15,1,22:19,1,Andre Drummond,2025-26,203083,Regular Season
2025-26,203083,Andre Drummond,Andre,1610612755,PHI,Philadelphia 76ers,0022500275,2025-11-23T00:00:00,PHI vs. MIA,L,38.016666666666666,6,12,0.5,1,2,0.5,1,2,0.5,9,15,24,1,2,0,2,0,1,2,14,-2,48.3,1,0,44.0,1,18,18,18,1,1,1,12,4,3,5,9,8,10,1,1,1,8,4,14,2,1,3,5,2,19,1,1,1,1,1,38:01,1,Andre Drummond,2025-26,203083,Regular Season
2025-26,203083,Andre Drummond,Andre,1610612755,PHI,Philadelphia 76ers,0022500266,2025-11-20T00:00:00,PHI @ MIL,W,18.333333333333332,1,4,0.25,0,1,0.0,1,2,0.5,2,6,8,1,1,1,1,1,6,2,3,-1,19.1,0,0,16.0,1,1,1,1,15,21,17,24,12,13,12,9,8,10,19,12,18,8,8,4,7,24,30,5,23,17,20,12,1,20,1,18:20,1,Andre Drummond,2025-26,203083,Regular Season
2025-26,203083,Andre Drummond,Andre,1610612755,PHI,Philadelphia 76ers,0022500258,2025-11-19T00:00:00,PHI vs. TOR,L,34.05,5,9,0.556,0,1,0.0,0,0,0.0,4,8,12,0,3,2,1,0,3,1,10,-4,30.4,1,0,28.0,1,18,18,18,5,5,5,10,12,13,12,18,19,18,8,8,8,16,2,1,7,1,20,17,11,20,10,1,1,9,1,34:03,1,Andre Drummond,2025-26,203083,Regular Season
2025-26,203083,Andre Drummond,Andre,1610612755,PHI,Philadelphia 76ers,0022500243,2025-11-17T00:00:00,PHI vs. LAC,W,37.931666666666665,5,8,0.625,1,2,0.5,3,4,0.75,5,13,18,0,1,1,0,0,1,3,14,2,37.6,1,0,35.0,1,1,1,1,2,5,7,7,4,3,5,1,1,6,6,2,2,16,8,4,20,1,3,2,2,14,4,1,1,3,1,37:56,1,Andre Drummond,2025-26,203083,Regular Season
2025-26,203083,Andre Drummond,Andre,1610612755,PHI,Philadelphia 76ers,0022500041,2025-11-14T00:00:00,PHI @ DET,L,35.733333333333334,5,6,0.833,2,2,1.0,0,0,0.0,4,7,11,2,3,1,0,0,4,1,12,4,28.2,1,0,29.0,1,18,18,18,3,5,11,4,2,3,1,18,19,18,8,9,13,4,2,4,20,1,26,17,7,11,12,1,1,7,1,35:44,1,Andre Drummond,2025-26,203083,Regular Season
2025-26,203083,Andre Drummond,Andre,1610612755,PHI,Philadelphia 76ers,0022500209,2025-11-11T00:00:00,PHI vs. BOS,W,33.333333333333336,6,11,0.545,0,2,0.0,2,3,0.667,4,9,13,0,0,0,1,1,1,2,14,10,32.6,1,0,29.0,1,1,1,1,6,1,2,11,12,3,12,5,5,9,8,5,3,16,17,14,7,24,3,5,2,3,7,1,1,7,1,33:20,1,Andre Drummond,2025-26,203083,Regular Season
2025-26,203083,Andre Drummond,Andre,1610612755,PHI,Philadelphia 76ers,0022500195,2025-11-09T00:00:00,PHI vs. DET,L,34.56666666666667,6,9,0.667,2,4,0.5,3,4,0.75,3,9,12,2,0,1,1,1,3,4,17,-11,40.4,1,0,37.0,1,18,18,18,4,1,5,6,2,1,5,1,1,6,16,5,8,4,17,4,7,24,20,1,1,26,2,1,1,2,1,34:34,1,Andre Drummond,2025-26,203083,Regular Season
2025-26,203083,Andre Drummond,Andre,1610612755,PHI,Philadelphia 76ers,0022500184,2025-11-08T00:00:00,PHI vs. TOR,W,16.066666666666666,1,5,0.2,0,0,0.0,2,2,1.0,3,5,8,1,1,0,1,0,1,1,4,8,17.1,0,0,15.0,1,1,1,1,21,21,15,26,12,24,12,5,8,1,16,15,18,8,8,14,7,1,3,17,20,7,22,12,1,21,1,16:04,1,Andre Drummond,2025-26,203083,Regular Season
2025-26,203083,Andre Drummond,Andre,1610612755,PHI,Philadelphia 76ers,0022500171,2025-11-05T00:00:00,PHI @ CLE,L,28.143333333333334,6,7,0.857,1,1,1.0,0,0,0.0,4,9,13,1,1,1,2,0,2,2,13,3,38.1,1,0,34.0,1,18,18,18,8,1,9,3,4,13,1,18,19,18,8,5,3,8,8,4,2,1,15,5,6,12,3,1,1,4,1,28:09,1,Andre Drummond,2025-26,203083,Regular Season
2025-26,203083,Andre Drummond,Andre,1610612755,PHI,Philadelphia 76ers,0022500149,2025-11-02T00:00:00,PHI @ BKN,W,23.255,2,4,0.5,0,1,0.0,1,2,0.5,1,7,8,0,1,1,1,0,3,2,5,20,19.6,0,0,17.0,1,1,1,1,11,14,17,12,12,13,12,9,8,10,26,9,18,16,8,4,7,1,20,5,17,1,18,12,1,17,1,23:15,1,Andre Drummond,2025-26,203083,Regular Season
2025-26,203083,Andre Drummond,Andre,1610612755,PHI,Philadelphia 76ers,0022500021,2025-10-31T00:00:00,PHI vs. BOS,L,11.7,1,3,0.333,1,2,0.5,3,4,0.75,0,2,2,0,0,1,1,0,1,2,6,7,14.4,0,0,13.0,1,18,18,18,24,21,24,22,4,3,5,1,1,6,28,22,27,16,17,4,7,1,3,5,14,9,24,12,1,24,1,11:42,1,Andre Drummond,2025-26,203083,Regular Season
2025-26,203083,Andre Drummond,Andre,1610612755,PHI,Philadelphia 76ers,0022500123,2025-10-28T00:00:00,PHI @ WAS,W,11.52,3,4,0.75,0,0,0.0,0,0,0.0,4,6,10,0,0,0,1,1,1,0,6,-5,21.0,0,0,18.0,1,1,1,1,25,12,17,5,12,24,12,18,19,18,8,12,14,16,17,14,7,24,3,25,14,21,17,12,1,16,1,11:31,1,Andre Drummond,2025-26,203083,Regular Season
2025-26,203083,Andre Drummond,Andre,1610612755,PHI,Philadelphia 76ers,0022500114,2025-10-27T00:00:00,PHI vs. ORL,W,23.366666666666667,2,4,0.5,0,1,0.0,0,2,0.0,4,2,6,1,0,1,2,0,3,1,4,-9,21.7,0,0,17.0,1,1,1,1,10,14,17,12,12,13,12,18,8,18,8,22,21,8,17,4,2,1,20,17,20,23,15,12,1,17,1,23:22,1,Andre Drummond,2025-26,203083,Regular Season
2025-26,203083,Andre Drummond,Andre,1610612755,PHI,Philadelphia 76ers,0022500102,2025-10-25T00:00:00,PHI vs. CHA,W,15.801666666666666,3,6,0.5,0,1,0.0,1,3,0.333,6,7,13,2,0,2,0,0,2,2,7,12,31.6,0,0,26.0,1,1,1,1,23,12,11,12,12,13,12,9,5,16,5,9,3,4,17,1,20,1,15,5,12,2,9,12,1,10,1,15:48,1,Andre Drummond,2025-26,203083,Regular Season
2025-26,203083,Andre Drummond,Andre,1610612755,PHI,Philadelphia 76ers,0022500083,2025-10-22T00:00:00,PHI @ BOS,W,2.72,0,0,0.0,0,0,0.0,0,0,0.0,0,1,1,0,0,0,0,0,2,0,0,2,1.2,0,0,1.0,1,1,1,1,30,28,30,28,12,24,12,18,19,18,28,28,29,16,17,14,20,1,15,25,28,14,30,12,1,30,1,2:43,1,Andre Drummond,2025-26,203083,Regular Season
2025-26,1630581,Josh Giddey,Josh,1610612741,CHI,Chicago Bulls,0022500452,2025-12-29T00:00:00,CHI vs. MIN,L,17.866666666666667,3,10,0.3,1,4,0.25,4,4,1.0,0,4,4,3,1,0,0,0,0,3,11,-1,19.3,0,0,19.0,1,16,16,16,30,27,26,27,19,17,25,15,18,1,21,27,29,29,27,20,10,1,1,13,27,18,30,20,8,30,1,17:52,1,Josh Giddey,2025-26,1630581,Regular Season
2025-26,1630581,Josh Giddey,Josh,1610612741,CHI,Chicago Bulls,0022500437,2025-12-27T00:00:00,CHI vs. MIL,L,26.15,4,10,0.4,1,3,0.333,4,4,1.0,1,6,7,9,4,0,0,1,1,3,13,-11,30.9,0,0,30.0,1,16,16,16,28,25,26,22,19,20,19,15,18,1,10,21,19,15,11,20,10,13,4,13,25,24,27,20,8,27,1,26:09,1,Josh Giddey,2025-26,1630581,Regular Season
2025-26,1630581,Josh Giddey,Josh,1610612741,CHI,Chicago Bulls,0022500427,2025-12-26T00:00:00,CHI vs. PHI,W,32.61666666666667,3,12,0.25,1,6,0.167,5,6,0.833,1,5,6,11,5,1,0,1,1,3,12,6,33.7,1,0,32.0,1,1,1,1,19,27,20,29,19,7,27,8,11,14,10,24,25,9,5,8,10,13,4,13,26,7,25,1,8,26,1,32:37,1,Josh Giddey,2025-26,1630581,Regular Season
2025-26,1630581,Josh Giddey,Josh,1610612741,CHI,Chicago Bulls,0022500411,2025-12-23T00:00:00,CHI @ ATL,W,36.13333333333333,8,15,0.533,2,5,0.4,1,2,0.5,1,10,11,15,7,0,0,0,1,2,19,4,47.7,1,1,47.0,1,1,1,1,5,7,10,7,8,11,13,27,25,26,10,7,6,1,2,20,10,1,4,27,14,12,11,1,1,11,1,36:08,1,Josh Giddey,2025-26,1630581,Regular Season
2025-26,1630581,Josh Giddey,Josh,1610612741,CHI,Chicago Bulls,0022500396,2025-12-21T00:00:00,CHI @ ATL,W,31.85,6,12,0.5,2,6,0.333,5,8,0.625,0,9,9,12,1,2,0,1,3,4,19,2,52.8,1,0,46.0,1,1,1,1,21,17,20,10,8,7,19,8,4,22,21,11,14,5,27,3,10,13,24,7,14,16,9,1,8,12,1,31:51,1,Josh Giddey,2025-26,1630581,Regular Season
2025-26,1630581,Josh Giddey,Josh,1610612741,CHI,Chicago Bulls,0022500384,2025-12-19T00:00:00,CHI @ CLE,W,29.983333333333334,7,15,0.467,3,7,0.429,0,0,0.0,1,5,6,7,2,1,0,0,2,3,17,8,35.7,0,0,35.0,1,1,1,1,26,12,10,15,4,4,11,30,30,30,10,24,25,19,22,8,10,1,13,13,21,3,22,20,8,23,1,29:59,1,Josh Giddey,2025-26,1630581,Regular Season
2025-26,1630581,Josh Giddey,Josh,1610612741,CHI,Chicago Bulls,0022500367,2025-12-17T00:00:00,CHI vs. CLE,W,33.5,8,18,0.444,5,11,0.455,2,2,1.0,0,11,11,11,3,2,1,1,2,1,23,15,58.7,1,1,56.0,1,1,1,1,14,7,5,16,1,1,10,22,25,1,21,3,6,9,16,3,3,13,13,29,7,2,5,1,1,4,1,33:30,1,Josh Giddey,2025-26,1630581,Regular Season
2025-26,1630581,Josh Giddey,Josh,1610612741,CHI,Chicago Bulls,0022501223,2025-12-14T00:00:00,CHI vs. NOP,L,24.066666666666666,4,10,0.4,1,3,0.333,2,2,1.0,3,4,7,5,4,0,0,1,3,1,11,-6,22.9,0,0,24.0,1,16,16,16,29,25,26,22,19,20,19,22,25,1,3,27,19,26,11,20,10,13,24,29,27,21,29,20,8,29,1,24:04,1,Josh Giddey,2025-26,1630581,Regular Season
2025-26,1630581,Josh Giddey,Josh,1610612741,CHI,Chicago Bulls,0022501209,2025-12-12T00:00:00,CHI @ CHA,W,34.21666666666667,10,17,0.588,2,4,0.5,4,4,1.0,1,6,7,11,3,1,0,0,2,3,26,8,50.9,1,0,48.0,1,1,1,1,12,2,8,3,8,17,3,15,18,1,10,21,19,9,16,8,10,1,13,13,4,3,10,1,8,9,1,34:13,1,Josh Giddey,2025-26,1630581,Regular Season
2025-26,1630581,Josh Giddey,Josh,1610612741,CHI,Chicago Bulls,0022500361,2025-12-07T00:00:00,CHI vs. GSW,L,34.95,6,15,0.4,3,6,0.5,3,5,0.6,0,3,3,5,4,1,2,1,2,2,18,-21,34.1,0,0,35.0,1,16,16,16,9,17,10,22,4,7,3,20,15,24,21,30,30,26,11,8,1,13,13,27,18,30,24,20,8,23,1,34:57,1,Josh Giddey,2025-26,1630581,Regular Season
2025-26,1630581,Josh Giddey,Josh,1610612741,CHI,Chicago Bulls,0022500345,2025-12-05T00:00:00,CHI vs. IND,L,32.983333333333334,2,9,0.222,1,3,0.333,4,4,1.0,0,7,7,6,5,1,0,2,1,4,9,-17,24.4,0,0,25.0,1,16,16,16,16,30,29,30,19,20,19,15,18,1,21,15,19,21,5,8,10,23,4,7,29,28,28,20,8,28,1,32:59,1,Josh Giddey,2025-26,1630581,Regular Season
2025-26,1630581,Josh Giddey,Josh,1610612741,CHI,Chicago Bulls,0022500329,2025-12-03T00:00:00,CHI vs. BKN,L,36.016666666666666,10,14,0.714,0,2,0.0,8,11,0.727,2,9,11,11,3,0,0,0,0,7,28,3,54.7,1,1,50.0,1,16,16,16,6,2,13,1,28,27,28,1,1,17,5,11,6,9,16,20,10,1,1,1,3,13,7,1,1,7,1,36:01,1,Josh Giddey,2025-26,1630581,Regular Season
2025-26,1630581,Josh Giddey,Josh,1610612741,CHI,Chicago Bulls,0022500314,2025-12-01T00:00:00,CHI @ ORL,L,35.65,8,14,0.571,3,6,0.5,3,5,0.6,1,8,9,6,8,3,1,2,2,3,22,5,45.8,0,0,48.0,1,16,16,16,7,7,13,4,4,7,3,20,15,24,10,14,14,21,1,1,3,23,13,13,9,10,12,20,8,9,1,35:39,1,Josh Giddey,2025-26,1630581,Regular Season
2025-26,1630581,Josh Giddey,Josh,1610612741,CHI,Chicago Bulls,0022500295,2025-11-29T00:00:00,CHI @ IND,L,33.53333333333333,7,13,0.538,2,5,0.4,1,4,0.25,1,10,11,7,3,0,0,2,1,3,17,7,37.7,1,0,37.0,1,16,16,16,13,12,19,6,8,11,13,27,18,29,10,7,6,19,16,20,10,23,4,13,21,6,20,1,8,20,1,33:32,1,Josh Giddey,2025-26,1630581,Regular Season
2025-26,1630581,Josh Giddey,Josh,1610612741,CHI,Chicago Bulls,0022500071,2025-11-28T00:00:00,CHI @ CHA,L,33.25,8,16,0.5,3,7,0.429,6,7,0.857,0,11,11,9,0,1,0,1,1,3,25,6,54.7,1,0,50.0,1,16,16,16,15,7,9,10,4,4,11,4,7,11,21,3,6,15,29,8,10,13,4,13,6,7,7,1,8,7,1,33:15,1,Josh Giddey,2025-26,1630581,Regular Season
2025-26,1630581,Josh Giddey,Josh,1610612741,CHI,Chicago Bulls,0022500289,2025-11-24T00:00:00,CHI @ NOP,L,35.05,6,12,0.5,4,10,0.4,5,6,0.833,0,7,7,6,5,0,0,0,3,3,21,-13,33.4,0,0,38.0,1,16,16,16,8,17,20,10,2,2,13,8,11,14,21,15,19,21,5,20,10,1,24,13,10,26,26,20,8,18,1,35:03,1,Josh Giddey,2025-26,1630581,Regular Season
2025-26,1630581,Josh Giddey,Josh,1610612741,CHI,Chicago Bulls,0022500271,2025-11-22T00:00:00,CHI vs. WAS,W,34.25,5,12,0.417,2,3,0.667,6,7,0.857,1,11,12,11,2,3,1,0,2,4,18,3,58.9,1,1,51.0,1,1,1,1,11,22,20,20,8,20,1,4,7,11,10,3,5,9,22,1,3,1,13,7,18,13,4,1,1,5,1,34:15,1,Josh Giddey,2025-26,1630581,Regular Season
2025-26,1630581,Josh Giddey,Josh,1610612741,CHI,Chicago Bulls,0022500051,2025-11-21T00:00:00,CHI vs. MIA,L,31.4,6,14,0.429,1,3,0.333,6,9,0.667,4,7,11,9,3,0,0,1,2,5,19,-4,42.7,1,0,40.0,1,16,16,16,22,17,13,17,19,20,19,4,3,20,1,15,6,15,16,20,10,13,13,3,14,20,16,1,8,17,1,31:24,1,Josh Giddey,2025-26,1630581,Regular Season
2025-26,1630581,Josh Giddey,Josh,1610612741,CHI,Chicago Bulls,0022500263,2025-11-19T00:00:00,CHI @ POR,W,30.916666666666668,3,9,0.333,2,3,0.667,1,1,1.0,0,5,5,13,5,1,1,0,3,3,9,-13,35.5,0,0,33.0,1,1,1,1,24,27,29,26,8,20,1,27,29,1,21,24,27,3,5,8,3,1,24,13,29,26,23,20,8,25,1,30:55,1,Josh Giddey,2025-26,1630581,Regular Season
2025-26,1630581,Josh Giddey,Josh,1610612741,CHI,Chicago Bulls,0022500248,2025-11-17T00:00:00,CHI @ DEN,W,30.316666666666666,8,12,0.667,0,2,0.0,5,8,0.625,4,10,14,6,2,0,0,0,3,5,21,-17,44.8,1,0,41.0,1,1,1,1,25,7,20,2,28,27,28,8,4,22,1,7,2,21,22,20,10,1,24,3,10,28,13,1,8,14,1,30:19,1,Josh Giddey,2025-26,1630581,Regular Season
2025-26,1630581,Josh Giddey,Josh,1610612741,CHI,Chicago Bulls,0022500240,2025-11-16T00:00:00,CHI @ UTA,L,42.3,9,21,0.429,2,7,0.286,6,7,0.857,2,11,13,13,6,2,2,2,2,4,26,-3,67.1,1,1,62.0,1,16,16,16,1,6,1,17,8,4,24,4,7,11,5,3,3,3,3,3,1,23,13,7,4,19,1,1,1,1,1,42:18,1,Josh Giddey,2025-26,1630581,Regular Season
2025-26,1630581,Josh Giddey,Josh,1610612741,CHI,Chicago Bulls,0022500186,2025-11-08T00:00:00,CHI @ CLE,L,32.833333333333336,5,18,0.278,0,3,0.0,5,5,1.0,2,7,9,6,2,2,1,2,2,3,15,-12,41.8,0,0,36.0,1,16,16,16,18,22,5,28,28,20,28,8,15,1,5,15,14,21,22,3,3,23,13,13,24,25,18,20,8,21,1,32:50,1,Josh Giddey,2025-26,1630581,Regular Season
2025-26,1630581,Josh Giddey,Josh,1610612741,CHI,Chicago Bulls,0022500035,2025-11-07T00:00:00,CHI @ MIL,L,34.583333333333336,6,14,0.429,2,5,0.4,2,4,0.5,0,7,7,14,4,1,0,2,1,4,16,-6,44.4,1,0,41.0,1,16,16,16,10,17,13,17,8,11,13,22,18,26,21,15,19,2,11,8,10,23,4,7,23,21,14,1,8,14,1,34:35,1,Josh Giddey,2025-26,1630581,Regular Season
2025-26,1630581,Josh Giddey,Josh,1610612741,CHI,Chicago Bulls,0022500167,2025-11-04T00:00:00,CHI vs. PHI,W,37.4,10,19,0.526,2,4,0.5,7,8,0.875,3,12,15,12,5,1,0,2,3,5,29,8,63.0,1,1,60.0,1,1,1,1,4,2,3,8,8,17,3,3,4,10,3,1,1,5,5,8,10,23,24,3,2,3,2,1,1,2,1,37:24,1,Josh Giddey,2025-26,1630581,Regular Season
2025-26,1630581,Josh Giddey,Josh,1610612741,CHI,Chicago Bulls,0022500153,2025-11-02T00:00:00,CHI @ NYK,L,38.28333333333333,10,19,0.526,1,5,0.2,2,2,1.0,2,9,11,12,4,2,0,0,2,3,23,0,56.2,1,1,51.0,1,16,16,16,3,2,3,8,19,11,26,22,25,1,5,11,6,5,11,3,10,1,13,13,7,17,6,1,1,5,1,38:17,1,Josh Giddey,2025-26,1630581,Regular Season
2025-26,1630581,Josh Giddey,Josh,1610612741,CHI,Chicago Bulls,0022500023,2025-10-31T00:00:00,CHI vs. NYK,W,38.483333333333334,12,21,0.571,4,8,0.5,4,6,0.667,0,10,10,9,0,1,0,2,1,5,32,5,60.5,1,0,57.0,1,1,1,1,2,1,1,4,2,3,3,15,11,20,21,7,13,15,29,8,10,23,4,3,1,10,3,1,8,3,1,38:29,1,Josh Giddey,2025-26,1630581,Regular Season
2025-26,1630581,Josh Giddey,Josh,1610612741,CHI,Chicago Bulls,0022500132,2025-10-29T00:00:00,CHI vs. SAC,W,31.116666666666667,7,14,0.5,1,2,0.5,5,7,0.714,2,6,8,12,5,0,0,0,1,4,20,24,42.6,1,0,41.0,1,1,1,1,23,12,13,10,19,27,3,8,7,19,5,21,17,5,5,20,10,1,4,7,13,1,17,1,8,14,1,31:07,1,Josh Giddey,2025-26,1630581,Regular Season
2025-26,1630581,Josh Giddey,Josh,1610612741,CHI,Chicago Bulls,0022500115,2025-10-27T00:00:00,CHI vs. ATL,W,32.93333333333333,7,14,0.5,2,5,0.4,2,4,0.5,1,12,13,5,3,1,1,0,0,3,18,3,44.1,1,0,42.0,1,1,1,1,17,12,13,10,8,11,13,22,18,26,10,1,3,26,16,8,3,1,1,13,18,13,15,1,8,13,1,32:56,1,Josh Giddey,2025-26,1630581,Regular Season
2025-26,1630581,Josh Giddey,Josh,1610612741,CHI,Chicago Bulls,0022500100,2025-10-25T00:00:00,CHI @ ORL,W,32.083333333333336,7,18,0.389,2,5,0.4,5,6,0.833,1,7,8,3,2,1,0,1,2,3,21,-10,36.1,0,0,36.0,1,1,1,1,20,12,5,25,8,11,13,8,11,14,10,15,17,29,22,8,10,13,13,13,10,23,21,20,8,21,1,32:05,1,Josh Giddey,2025-26,1630581,Regular Season
2025-26,1630581,Josh Giddey,Josh,1610612741,CHI,Chicago Bulls,0022500084,2025-10-22T00:00:00,CHI vs. DET,W,28.8,5,12,0.417,1,2,0.5,8,11,0.727,1,4,5,11,6,0,1,1,5,7,19,6,38.5,1,0,38.0,1,1,1,1,27,22,20,20,19,27,3,1,1,17,10,27,27,9,3,20,3,13,30,1,14,7,19,1,8,18,1,28:48,1,Josh Giddey,2025-26,1630581,Regular Season
2025-26,1630596,Evan Mobley,Evan,1610612739,CLE,Cleveland Cavaliers,0022500478,2026-01-02T00:00:00,CLE vs. DEN,W,32.28333333333333,4,10,0.4,0,2,0.0,0,5,0.0,5,6,11,4,0,1,3,3,2,3,8,-9,39.2,0,0,31.0,1,1,1,1,22,27,23,25,20,22,20,28,12,28,2,16,6,14,28,8,5,30,9,16,28,25,19,15,1,21,1,32:17,1,Evan Mobley,2025-26,1630596,Regular Season
2025-26,1630596,Evan Mobley,Evan,1610612739,CLE,Cleveland Cavaliers,0022500465,2025-12-31T00:00:00,CLE vs. PHX,W,28.666666666666668,7,10,0.7,0,1,0.0,2,3,0.667,2,8,10,5,2,1,5,0,3,3,16,15,51.5,1,0,43.0,1,1,1,1,25,10,23,4,20,27,20,15,20,12,14,6,9,5,12,8,1,1,17,16,19,8,7,1,1,10,1,28:40,1,Evan Mobley,2025-26,1630596,Regular Season
2025-26,1630596,Evan Mobley,Evan,1610612739,CLE,Cleveland Cavaliers,0022500456,2025-12-29T00:00:00,CLE @ SAS,W,28.633333333333333,7,13,0.538,0,2,0.0,2,2,1.0,2,5,7,2,1,0,3,1,4,1,16,11,35.4,0,0,31.0,1,1,1,1,26,10,15,10,20,22,20,15,23,1,14,22,24,26,21,17,5,14,24,27,19,10,22,15,1,21,1,28:38,1,Evan Mobley,2025-26,1630596,Regular Season
2025-26,1630596,Evan Mobley,Evan,1610612739,CLE,Cleveland Cavaliers,0022500438,2025-12-27T00:00:00,CLE @ HOU,L,20.066666666666666,2,9,0.222,0,2,0.0,0,0,0.0,2,2,4,2,3,1,1,2,1,0,4,-12,14.8,0,0,14.0,1,18,18,18,30,29,26,30,20,22,20,28,30,28,14,29,30,26,5,8,16,26,2,30,30,27,30,15,1,30,1,20:04,1,Evan Mobley,2025-26,1630596,Regular Season
2025-26,1630596,Evan Mobley,Evan,1610612739,CLE,Cleveland Cavaliers,0022500009,2025-12-25T00:00:00,CLE @ NYK,L,25.316666666666666,6,8,0.75,0,1,0.0,2,2,1.0,2,7,9,3,2,0,0,0,4,1,14,4,27.3,0,0,26.0,1,18,18,18,29,20,28,1,20,27,20,15,23,1,14,12,16,20,12,17,26,1,24,27,22,14,25,15,1,27,1,25:19,1,Evan Mobley,2025-26,1630596,Regular Season
2025-26,1630596,Evan Mobley,Evan,1610612739,CLE,Cleveland Cavaliers,0022501212,2025-12-12T00:00:00,CLE @ WAS,W,36.233333333333334,7,17,0.412,2,6,0.333,7,9,0.778,5,8,13,6,0,0,0,2,4,5,23,0,47.6,1,0,44.0,1,1,1,1,3,10,4,23,8,4,12,2,4,9,2,6,3,2,28,17,26,26,24,6,4,16,9,1,1,9,1,36:14,1,Evan Mobley,2025-26,1630596,Regular Season
2025-26,1630596,Evan Mobley,Evan,1610612739,CLE,Cleveland Cavaliers,0022500352,2025-12-06T00:00:00,CLE vs. GSW,L,35.138333333333335,8,19,0.421,0,5,0.0,2,2,1.0,2,8,10,1,1,1,1,2,1,4,18,-3,36.5,1,0,33.0,1,18,18,18,9,6,1,21,20,8,20,15,23,1,14,6,9,29,21,8,16,26,2,10,14,21,21,1,1,20,1,35:08,1,Evan Mobley,2025-26,1630596,Regular Season
2025-26,1630596,Evan Mobley,Evan,1610612739,CLE,Cleveland Cavaliers,0022500341,2025-12-05T00:00:00,CLE vs. SAS,W,32.303333333333335,7,12,0.583,0,0,0.0,3,4,0.75,1,9,10,5,2,0,2,1,2,4,17,9,40.5,1,0,36.0,1,1,1,1,21,10,20,8,20,30,20,12,15,10,23,3,9,5,12,17,8,14,9,10,18,11,16,1,1,17,1,32:18,1,Evan Mobley,2025-26,1630596,Regular Season
2025-26,1630596,Evan Mobley,Evan,1610612739,CLE,Cleveland Cavaliers,0022500324,2025-12-03T00:00:00,CLE vs. POR,L,34.78666666666667,8,14,0.571,3,7,0.429,4,4,1.0,2,8,10,5,2,2,5,0,3,3,23,2,61.5,1,0,55.0,1,18,18,18,11,6,13,9,2,3,10,8,15,1,14,6,9,5,12,5,1,1,17,16,4,15,1,1,1,1,1,34:47,1,Evan Mobley,2025-26,1630596,Regular Season
2025-26,1630596,Evan Mobley,Evan,1610612739,CLE,Cleveland Cavaliers,0022500310,2025-12-01T00:00:00,CLE @ IND,W,28.191666666666666,6,13,0.462,0,3,0.0,1,2,0.5,1,4,5,5,0,0,2,1,5,1,13,22,32.5,0,0,27.0,1,1,1,1,27,20,15,16,20,17,20,26,23,21,23,27,27,5,28,17,8,14,30,27,26,3,24,15,1,25,1,28:12,1,Evan Mobley,2025-26,1630596,Regular Season
2025-26,1630596,Evan Mobley,Evan,1610612739,CLE,Cleveland Cavaliers,0022500302,2025-11-30T00:00:00,CLE vs. BOS,L,38.666666666666664,11,17,0.647,3,6,0.5,2,2,1.0,5,9,14,4,1,0,0,1,1,2,27,8,48.8,1,0,48.0,1,18,18,18,2,1,4,5,2,4,5,15,23,1,2,3,1,14,21,17,26,14,2,21,2,12,8,1,1,5,1,38:40,1,Evan Mobley,2025-26,1630596,Regular Season
2025-26,1630596,Evan Mobley,Evan,1610612739,CLE,Cleveland Cavaliers,0022500069,2025-11-28T00:00:00,CLE @ ATL,L,33.64833333333333,7,17,0.412,3,6,0.5,3,3,1.0,4,10,14,7,2,2,2,2,2,2,20,-4,57.3,1,0,52.0,1,18,18,18,19,10,4,23,2,4,5,12,20,1,5,1,1,1,12,5,8,26,9,21,12,22,2,1,1,2,1,33:39,1,Evan Mobley,2025-26,1630596,Regular Season
2025-26,1630596,Evan Mobley,Evan,1610612739,CLE,Cleveland Cavaliers,0022500284,2025-11-24T00:00:00,CLE @ TOR,L,31.183333333333334,5,7,0.714,2,3,0.667,2,2,1.0,0,5,5,4,4,0,1,0,0,2,14,-21,25.0,0,0,27.0,1,18,18,18,23,23,29,3,8,17,3,15,23,1,28,22,27,14,2,17,16,1,1,21,22,29,27,15,1,25,1,31:11,1,Evan Mobley,2025-26,1630596,Regular Season
2025-26,1630596,Evan Mobley,Evan,1610612739,CLE,Cleveland Cavaliers,0022500278,2025-11-23T00:00:00,CLE vs. LAC,W,34.35,9,12,0.75,0,2,0.0,0,4,0.0,3,7,10,2,1,2,2,0,3,2,18,26,44.0,1,0,38.0,1,1,1,1,14,3,20,1,20,22,20,28,15,28,9,12,9,26,21,5,8,1,17,21,14,2,13,1,1,16,1,34:21,1,Evan Mobley,2025-26,1630596,Regular Season
2025-26,1630596,Evan Mobley,Evan,1610612739,CLE,Cleveland Cavaliers,0022500048,2025-11-21T00:00:00,CLE vs. IND,W,34.833333333333336,7,13,0.538,1,1,1.0,7,11,0.636,4,8,12,4,2,0,4,0,2,7,22,18,52.4,1,0,47.0,1,1,1,1,10,10,15,10,12,27,1,2,2,15,5,6,5,14,12,17,3,1,9,2,8,5,4,1,1,7,1,34:50,1,Evan Mobley,2025-26,1630596,Regular Season
2025-26,1630596,Evan Mobley,Evan,1610612739,CLE,Cleveland Cavaliers,0022500255,2025-11-19T00:00:00,CLE vs. HOU,L,35.675,7,13,0.538,0,3,0.0,4,10,0.4,1,5,6,0,3,0,0,0,2,8,18,-10,22.2,0,0,24.0,1,18,18,18,6,10,15,10,20,17,20,8,3,25,23,22,25,30,5,17,26,1,9,1,14,26,29,15,1,28,1,35:41,1,Evan Mobley,2025-26,1630596,Regular Season
2025-26,1630596,Evan Mobley,Evan,1610612739,CLE,Cleveland Cavaliers,0022500241,2025-11-17T00:00:00,CLE vs. MIL,W,36.041666666666664,4,9,0.444,1,2,0.5,5,8,0.625,0,6,6,6,6,0,1,0,4,4,14,5,27.2,0,0,29.0,1,1,1,1,4,27,26,17,12,22,5,4,5,16,28,16,25,2,1,17,16,1,24,10,22,13,26,15,1,24,1,36:03,1,Evan Mobley,2025-26,1630596,Regular Season
2025-26,1630596,Evan Mobley,Evan,1610612739,CLE,Cleveland Cavaliers,0022500228,2025-11-15T00:00:00,CLE vs. MEM,W,35.31666666666667,7,16,0.438,3,6,0.5,5,8,0.625,3,10,13,4,4,0,4,0,4,5,22,0,51.6,1,0,50.0,1,1,1,1,8,10,9,19,2,4,5,4,5,16,9,1,3,14,2,17,3,1,24,6,8,16,6,1,1,3,1,35:19,1,Evan Mobley,2025-26,1630596,Regular Season
2025-26,1630596,Evan Mobley,Evan,1610612739,CLE,Cleveland Cavaliers,0022500225,2025-11-13T00:00:00,CLE vs. TOR,L,34.78333333333333,2,7,0.286,1,3,0.333,2,4,0.5,3,6,9,3,1,1,0,1,2,3,7,-18,24.3,0,0,22.0,1,18,18,18,12,29,29,29,12,17,12,15,15,21,9,16,16,20,21,8,26,14,9,16,29,28,28,15,1,29,1,34:47,1,Evan Mobley,2025-26,1630596,Regular Season
2025-26,1630596,Evan Mobley,Evan,1610612739,CLE,Cleveland Cavaliers,0022500201,2025-11-10T00:00:00,CLE @ MIA,L,38.71333333333333,8,15,0.533,3,4,0.75,2,7,0.286,8,2,10,5,2,0,1,1,3,5,21,0,41.5,1,0,41.0,1,18,18,18,1,6,12,13,2,13,2,15,8,27,1,29,9,5,12,17,16,14,17,6,11,16,15,1,1,12,1,38:43,1,Evan Mobley,2025-26,1630596,Regular Season
2025-26,1630596,Evan Mobley,Evan,1610612739,CLE,Cleveland Cavaliers,0022500186,2025-11-08T00:00:00,CLE vs. CHI,W,33.608333333333334,9,14,0.643,1,4,0.25,5,7,0.714,2,6,8,5,1,0,1,0,3,7,24,17,43.1,0,0,40.0,1,1,1,1,20,3,13,7,12,13,15,4,8,11,14,16,18,5,21,17,16,1,17,2,3,6,14,15,1,13,1,33:37,1,Evan Mobley,2025-26,1630596,Regular Season
2025-26,1630596,Evan Mobley,Evan,1610612739,CLE,Cleveland Cavaliers,0022500029,2025-11-07T00:00:00,CLE @ WAS,W,27.85,7,16,0.438,0,4,0.0,4,7,0.571,4,6,10,3,1,1,1,1,1,6,18,20,39.5,1,0,35.0,1,1,1,1,28,10,9,19,20,13,20,8,8,20,5,16,9,20,21,8,16,14,2,4,14,4,18,1,1,19,1,27:51,1,Evan Mobley,2025-26,1630596,Regular Season
2025-26,1630596,Evan Mobley,Evan,1610612739,CLE,Cleveland Cavaliers,0022500171,2025-11-05T00:00:00,CLE vs. PHI,W,34.031666666666666,9,17,0.529,3,5,0.6,2,3,0.667,1,4,5,3,4,1,2,1,1,3,23,-2,38.5,0,0,40.0,1,1,1,1,18,3,4,14,2,8,4,15,20,12,23,27,27,20,2,8,8,14,2,16,4,20,20,15,1,13,1,34:02,1,Evan Mobley,2025-26,1630596,Regular Season
2025-26,1630596,Evan Mobley,Evan,1610612739,CLE,Cleveland Cavaliers,0022500151,2025-11-02T00:00:00,CLE vs. ATL,W,34.56333333333333,6,16,0.375,1,3,0.333,1,2,0.5,2,6,8,5,3,3,1,1,1,2,14,13,40.1,0,0,36.0,1,1,1,1,13,20,9,27,12,17,12,26,23,21,14,16,18,5,5,1,16,14,2,21,22,9,17,15,1,17,1,34:34,1,Evan Mobley,2025-26,1630596,Regular Season
2025-26,1630596,Evan Mobley,Evan,1610612739,CLE,Cleveland Cavaliers,0022500022,2025-10-31T00:00:00,CLE vs. TOR,L,35.583333333333336,11,17,0.647,2,5,0.4,5,8,0.625,3,5,8,3,3,3,1,0,2,5,29,-7,52.1,0,0,50.0,1,18,18,18,7,1,4,5,8,8,11,4,5,16,9,22,18,20,5,1,16,1,9,6,1,23,5,15,1,3,1,35:35,1,Evan Mobley,2025-26,1630596,Regular Season
2025-26,1630596,Evan Mobley,Evan,1610612739,CLE,Cleveland Cavaliers,0022500128,2025-10-29T00:00:00,CLE @ BOS,L,34.1,7,19,0.368,2,8,0.25,3,5,0.6,4,7,11,4,3,1,2,1,1,4,19,-22,44.2,1,0,42.0,1,18,18,18,16,10,1,28,8,1,15,12,12,19,5,12,6,14,5,8,8,14,2,10,13,30,12,1,1,11,1,34:06,1,Evan Mobley,2025-26,1630596,Regular Season
2025-26,1630596,Evan Mobley,Evan,1610612739,CLE,Cleveland Cavaliers,0022500007,2025-10-27T00:00:00,CLE @ DET,W,30.35333333333333,5,10,0.5,1,5,0.2,4,6,0.667,2,9,11,5,2,1,3,1,3,4,15,27,45.7,1,0,40.0,1,1,1,1,24,23,23,15,12,8,18,8,11,12,14,3,6,5,12,8,5,14,17,10,21,1,10,1,1,13,1,30:21,1,Evan Mobley,2025-26,1630596,Regular Season
2025-26,1630596,Evan Mobley,Evan,1610612739,CLE,Cleveland Cavaliers,0022500107,2025-10-26T00:00:00,CLE vs. MIL,W,34.03333333333333,5,13,0.385,1,5,0.2,12,12,1.0,1,7,8,6,2,3,2,0,4,6,23,16,54.6,0,0,48.0,1,1,1,1,17,23,15,26,12,8,18,1,1,1,23,12,18,2,12,1,8,1,24,4,4,7,3,15,1,5,1,34:02,1,Evan Mobley,2025-26,1630596,Regular Season
2025-26,1630596,Evan Mobley,Evan,1610612739,CLE,Cleveland Cavaliers,0022500091,2025-10-24T00:00:00,CLE @ BKN,W,34.225,5,12,0.417,1,4,0.25,2,4,0.5,3,5,8,5,3,0,2,0,2,2,13,-8,33.1,0,0,31.0,1,1,1,1,15,23,20,22,12,13,15,15,15,21,9,22,18,5,5,17,8,1,9,21,26,24,23,15,1,21,1,34:14,1,Evan Mobley,2025-26,1630596,Regular Season
2025-26,1630596,Evan Mobley,Evan,1610612739,CLE,Cleveland Cavaliers,0022500003,2025-10-22T00:00:00,CLE @ NYK,L,35.935,8,18,0.444,4,8,0.5,2,5,0.4,0,8,8,3,3,3,1,1,3,4,22,0,45.1,0,0,45.0,1,18,18,18,5,6,3,17,1,1,5,15,12,25,28,6,18,20,5,1,16,14,17,10,8,16,11,15,1,8,1,35:56,1,Evan Mobley,2025-26,1630596,Regular Season
2025-26,1629028,Deandre Ayton,Deandre,1610612747,LAL,Los Angeles Lakers,0022500485,2026-01-02T00:00:00,LAL vs. MEM,W,24.816666666666666,2,4,0.5,0,0,0.0,0,0,0.0,1,5,6,0,1,1,0,0,3,1,4,-1,13.2,0,0,12.0,1,1,1,1,25,27,27,26,1,1,1,14,19,14,23,16,20,15,17,6,18,1,12,10,27,13,24,13,1,25,1,24:49,1,Deandre Ayton,2025-26,1629028,Regular Season
2025-26,1629028,Deandre Ayton,Deandre,1610612747,LAL,Los Angeles Lakers,0022500460,2025-12-30T00:00:00,LAL vs. DET,L,25.766666666666666,5,8,0.625,0,0,0.0,0,0,0.0,0,2,2,0,1,1,0,0,5,0,10,-9,14.4,0,0,14.0,1,19,19,19,23,18,18,20,1,1,1,14,19,14,27,24,26,15,17,6,18,1,25,22,21,19,22,13,1,23,1,25:46,1,Deandre Ayton,2025-26,1629028,Regular Season
2025-26,1629028,Deandre Ayton,Deandre,1610612747,LAL,Los Angeles Lakers,0022500446,2025-12-28T00:00:00,LAL vs. SAC,W,30.166666666666668,5,9,0.556,0,0,0.0,1,2,0.5,2,9,11,2,0,0,2,0,0,4,11,24,33.2,1,0,28.0,1,1,1,1,14,18,13,23,1,1,1,5,4,7,16,5,7,2,22,18,3,1,1,1,18,2,13,1,1,15,1,30:10,1,Deandre Ayton,2025-26,1629028,Regular Season
2025-26,1629028,Deandre Ayton,Deandre,1610612747,LAL,Los Angeles Lakers,0022500012,2025-12-25T00:00:00,LAL vs. HOU,L,36.28333333333333,5,6,0.833,0,0,0.0,0,0,0.0,1,1,2,0,1,0,0,1,3,0,10,-14,11.4,0,0,12.0,1,19,19,19,2,18,23,6,1,1,1,14,19,14,23,27,26,15,17,18,18,17,12,22,21,24,26,13,1,25,1,36:17,1,Deandre Ayton,2025-26,1629028,Regular Season
2025-26,1629028,Deandre Ayton,Deandre,1610612747,LAL,Los Angeles Lakers,0022500418,2025-12-23T00:00:00,LAL @ PHX,L,27.433333333333334,6,8,0.75,0,0,0.0,0,1,0.0,3,7,10,1,2,3,0,0,2,2,12,-23,32.5,1,0,29.0,1,19,19,19,20,16,18,9,1,1,1,14,14,14,8,9,8,9,11,1,18,1,8,5,16,28,14,1,1,13,1,27:26,1,Deandre Ayton,2025-26,1629028,Regular Season
2025-26,1629028,Deandre Ayton,Deandre,1610612747,LAL,Los Angeles Lakers,0022501228,2025-12-14T00:00:00,LAL @ PHX,W,30.14666666666667,10,11,0.909,0,0,0.0,0,2,0.0,6,7,13,0,3,2,1,0,4,1,20,-12,41.6,1,0,39.0,1,1,1,1,15,2,7,3,1,1,1,14,4,14,1,9,4,15,4,2,7,1,20,10,5,23,7,1,1,5,1,30:09,1,Deandre Ayton,2025-26,1629028,Regular Season
2025-26,1629028,Deandre Ayton,Deandre,1610612747,LAL,Los Angeles Lakers,0022501204,2025-12-10T00:00:00,LAL vs. SAS,L,25.65,5,9,0.556,0,0,0.0,1,2,0.5,3,5,8,1,0,1,0,2,3,1,11,-10,25.1,0,0,22.0,1,19,19,19,24,18,13,23,1,1,1,5,4,7,8,16,15,9,22,6,18,26,12,10,18,21,18,13,1,18,1,25:39,1,Deandre Ayton,2025-26,1629028,Regular Season
2025-26,1629028,Deandre Ayton,Deandre,1610612747,LAL,Los Angeles Lakers,0022500362,2025-12-07T00:00:00,LAL @ PHI,W,31.413333333333334,7,7,1.0,0,0,0.0,0,0,0.0,2,10,12,2,0,1,1,0,4,1,14,10,37.4,1,0,32.0,1,1,1,1,11,12,21,1,1,1,1,14,19,14,16,2,5,2,22,6,7,1,20,10,14,6,9,1,1,10,1,31:25,1,Deandre Ayton,2025-26,1629028,Regular Season
2025-26,1629028,Deandre Ayton,Deandre,1610612747,LAL,Los Angeles Lakers,0022500338,2025-12-05T00:00:00,LAL @ BOS,L,27.533333333333335,3,9,0.333,0,0,0.0,0,0,0.0,4,6,10,0,2,1,1,1,2,0,6,-7,22.0,0,0,20.0,1,19,19,19,19,25,13,28,1,1,1,14,19,14,4,12,8,15,11,6,7,17,8,22,25,18,19,13,1,19,1,27:32,1,Deandre Ayton,2025-26,1629028,Regular Season
2025-26,1629028,Deandre Ayton,Deandre,1610612747,LAL,Los Angeles Lakers,0022500336,2025-12-04T00:00:00,LAL @ TOR,W,31.65,8,11,0.727,0,0,0.0,1,1,1.0,3,5,8,0,2,0,2,2,1,1,17,-1,30.6,0,0,29.0,1,1,1,1,10,8,7,12,1,1,1,5,14,1,8,16,15,15,11,18,3,26,5,10,9,13,15,13,1,13,1,31:39,1,Deandre Ayton,2025-26,1629028,Regular Season
2025-26,1629028,Deandre Ayton,Deandre,1610612747,LAL,Los Angeles Lakers,0022500317,2025-12-01T00:00:00,LAL vs. PHX,L,27.866666666666667,6,8,0.75,0,0,0.0,0,0,0.0,2,7,9,1,0,1,0,0,2,0,12,-9,27.3,0,0,24.0,1,19,19,19,18,16,18,9,1,1,1,14,19,14,16,9,14,9,22,6,18,1,8,22,16,19,16,13,1,17,1,27:52,1,Deandre Ayton,2025-26,1629028,Regular Season
2025-26,1629028,Deandre Ayton,Deandre,1610612747,LAL,Los Angeles Lakers,0022500308,2025-11-30T00:00:00,LAL vs. NOP,W,26.983333333333334,7,9,0.778,0,0,0.0,8,8,1.0,3,9,12,1,0,0,4,0,0,4,22,14,49.9,1,0,43.0,1,1,1,1,21,12,13,7,1,1,1,1,1,1,8,5,5,9,22,18,1,1,1,1,2,4,2,1,1,3,1,26:59,1,Deandre Ayton,2025-26,1629028,Regular Season
2025-26,1629028,Deandre Ayton,Deandre,1610612747,LAL,Los Angeles Lakers,0022500078,2025-11-28T00:00:00,LAL vs. DAL,W,36.333333333333336,8,9,0.889,0,0,0.0,1,2,0.5,2,6,8,2,2,1,2,1,1,1,17,18,36.6,0,0,33.0,1,1,1,1,1,8,13,5,1,1,1,5,4,7,16,12,15,2,11,6,3,17,5,10,9,3,10,13,1,9,1,36:20,1,Deandre Ayton,2025-26,1629028,Regular Season
2025-26,1629028,Deandre Ayton,Deandre,1610612747,LAL,Los Angeles Lakers,0022500282,2025-11-23T00:00:00,LAL @ UTA,W,13.433333333333334,1,2,0.5,0,0,0.0,0,0,0.0,1,2,3,0,0,1,0,0,1,1,2,-4,8.6,0,0,7.0,1,1,1,1,28,28,28,26,1,1,1,14,19,14,23,24,25,15,22,6,18,1,5,10,28,15,27,13,1,28,1,13:26,1,Deandre Ayton,2025-26,1629028,Regular Season
2025-26,1629028,Deandre Ayton,Deandre,1610612747,LAL,Los Angeles Lakers,0022500253,2025-11-18T00:00:00,LAL vs. UTA,W,29.995,10,13,0.769,0,0,0.0,0,2,0.0,4,10,14,1,1,1,1,1,2,1,20,10,43.3,1,0,39.0,1,1,1,1,16,2,4,8,1,1,1,14,4,14,4,2,3,9,17,6,7,17,8,10,5,6,5,1,1,5,1,29:60,1,Deandre Ayton,2025-26,1629028,Regular Season
2025-26,1629028,Deandre Ayton,Deandre,1610612747,LAL,Los Angeles Lakers,0022500231,2025-11-15T00:00:00,LAL @ MIL,W,28.433333333333334,9,13,0.692,0,0,0.0,2,2,1.0,2,8,10,0,3,2,1,1,5,1,20,12,38.0,1,0,36.0,1,1,1,1,17,6,4,16,1,1,1,3,4,1,16,8,8,15,4,2,7,17,25,10,5,5,8,1,1,8,1,28:26,1,Deandre Ayton,2025-26,1629028,Regular Season
2025-26,1629028,Deandre Ayton,Deandre,1610612747,LAL,Los Angeles Lakers,0022500045,2025-11-14T00:00:00,LAL @ NOP,W,35.56666666666667,10,11,0.909,0,0,0.0,0,0,0.0,3,13,16,2,4,2,1,0,5,0,20,35,47.2,1,0,44.0,1,1,1,1,4,2,7,3,1,1,1,14,19,14,8,1,1,2,1,2,7,1,25,22,5,1,3,1,1,2,1,35:34,1,Deandre Ayton,2025-26,1629028,Regular Season
2025-26,1629028,Deandre Ayton,Deandre,1610612747,LAL,Los Angeles Lakers,0022500222,2025-11-12T00:00:00,LAL @ OKC,L,25.816666666666666,3,5,0.6,0,0,0.0,0,1,0.0,3,2,5,1,4,1,0,1,4,2,6,-18,12.5,0,0,14.0,1,19,19,19,22,25,25,21,1,1,1,14,14,14,8,24,23,9,1,6,18,17,20,5,25,27,25,13,1,23,1,25:49,1,Deandre Ayton,2025-26,1629028,Regular Season
2025-26,1629028,Deandre Ayton,Deandre,1610612747,LAL,Los Angeles Lakers,0022500198,2025-11-10T00:00:00,LAL @ CHA,W,32.935,7,10,0.7,0,0,0.0,0,0,0.0,3,3,6,0,3,0,0,2,3,0,14,2,18.2,0,0,20.0,1,1,1,1,9,12,12,15,1,1,1,14,19,14,8,21,20,15,4,18,18,26,12,22,14,10,20,13,1,19,1,32:56,1,Deandre Ayton,2025-26,1629028,Regular Season
2025-26,1629028,Deandre Ayton,Deandre,1610612747,LAL,Los Angeles Lakers,0022500185,2025-11-08T00:00:00,LAL @ ATL,L,19.9,5,5,1.0,0,0,0.0,1,1,1.0,2,3,5,0,3,0,0,0,0,2,11,-15,14.0,0,0,16.0,1,19,19,19,26,18,25,1,1,1,1,5,14,1,16,21,23,15,4,18,18,1,1,5,18,25,23,13,1,22,1,19:54,1,Deandre Ayton,2025-26,1629028,Regular Season
2025-26,1629028,Deandre Ayton,Deandre,1610612747,LAL,Los Angeles Lakers,0022500179,2025-11-05T00:00:00,LAL vs. SAS,W,33.11666666666667,9,13,0.692,0,0,0.0,4,4,1.0,4,6,10,0,0,1,2,1,3,3,22,1,43.0,1,0,38.0,1,1,1,1,8,6,4,16,1,1,1,2,2,1,4,12,8,15,22,6,3,17,12,3,2,11,6,1,1,7,1,33:07,1,Deandre Ayton,2025-26,1629028,Regular Season
2025-26,1629028,Deandre Ayton,Deandre,1610612747,LAL,Los Angeles Lakers,0022500163,2025-11-03T00:00:00,LAL @ POR,W,30.583333333333332,14,19,0.737,0,0,0.0,1,2,0.5,4,6,10,2,3,0,3,0,5,1,29,8,50.0,1,0,47.0,1,1,1,1,13,1,1,11,1,1,1,5,4,7,4,12,8,2,4,18,2,1,25,10,1,9,1,1,1,1,1,30:35,1,Deandre Ayton,2025-26,1629028,Regular Season
2025-26,1629028,Deandre Ayton,Deandre,1610612747,LAL,Los Angeles Lakers,0022500024,2025-10-31T00:00:00,LAL @ MEM,W,16.716666666666665,4,6,0.667,0,0,0.0,1,1,1.0,0,0,0,0,1,0,0,0,0,1,9,-17,8.0,0,0,9.0,1,1,1,1,27,24,23,18,1,1,1,5,14,1,27,28,28,15,17,18,18,1,1,10,24,26,28,13,1,27,1,16:43,1,Deandre Ayton,2025-26,1629028,Regular Season
2025-26,1629028,Deandre Ayton,Deandre,1610612747,LAL,Los Angeles Lakers,0022500136,2025-10-29T00:00:00,LAL @ MIN,W,35.29833333333333,8,11,0.727,0,0,0.0,1,2,0.5,1,9,10,3,2,0,1,0,3,2,17,0,34.5,1,0,32.0,1,1,1,1,6,8,7,12,1,1,1,5,4,7,23,5,8,1,11,18,7,1,12,5,9,12,12,1,1,10,1,35:18,1,Deandre Ayton,2025-26,1629028,Regular Season
2025-26,1629028,Deandre Ayton,Deandre,1610612747,LAL,Los Angeles Lakers,0022500122,2025-10-27T00:00:00,LAL vs. POR,L,35.55,8,15,0.533,0,0,0.0,0,0,0.0,5,3,8,2,3,2,1,1,4,0,16,-10,34.6,0,0,32.0,1,19,19,19,5,8,3,25,1,1,1,14,19,14,2,21,15,2,4,2,7,17,20,22,12,21,11,13,1,10,1,35:33,1,Deandre Ayton,2025-26,1629028,Regular Season
2025-26,1629028,Deandre Ayton,Deandre,1610612747,LAL,Los Angeles Lakers,0022500113,2025-10-26T00:00:00,LAL @ SAC,W,35.95,10,17,0.588,0,0,0.0,2,4,0.5,5,10,15,2,3,1,1,0,4,2,22,-6,46.0,1,0,43.0,1,1,1,1,3,2,2,22,1,1,1,3,2,7,2,2,2,2,4,6,7,1,20,5,2,17,4,1,1,3,1,35:57,1,Deandre Ayton,2025-26,1629028,Regular Season
2025-26,1629028,Deandre Ayton,Deandre,1610612747,LAL,Los Angeles Lakers,0022500019,2025-10-24T00:00:00,LAL vs. MIN,W,30.871666666666666,7,11,0.636,0,0,0.0,1,2,0.5,3,5,8,0,2,0,1,1,3,3,15,9,25.6,0,0,25.0,1,1,1,1,12,12,7,19,1,1,1,5,4,7,8,16,15,15,11,18,7,17,12,3,13,8,17,13,1,16,1,30:52,1,Deandre Ayton,2025-26,1629028,Regular Season
2025-26,1629028,Deandre Ayton,Deandre,1610612747,LAL,Los Angeles Lakers,0022500002,2025-10-21T00:00:00,LAL vs. GSW,L,33.88333333333333,5,7,0.714,0,0,0.0,0,2,0.0,2,4,6,0,4,0,1,0,3,1,10,-4,16.2,0,0,18.0,1,19,19,19,7,18,21,14,1,1,1,14,4,14,16,20,20,15,1,18,7,1,12,10,21,15,21,13,1,21,1,33:53,1,Deandre Ayton,2025-26,1629028,Regular Season
2025-26,1629011,Mitchell Robinson,Mitchell,1610612752,NYK,New York Knicks,0022500435,2025-12-27T00:00:00,NYK @ ATL,W,18.2,3,3,1.0,0,0,0.0,0,0,0.0,4,5,9,1,0,2,1,0,1,1,6,10,27.3,0,0,22.0,1,1,1,1,9,4,8,1,1,1,1,8,12,8,11,4,9,7,14,2,8,1,3,11,5,5,7,2,1,6,1,18:12,1,Mitchell Robinson,2025-26,1629011,Regular Season
2025-26,1629011,Mitchell Robinson,Mitchell,1610612752,NYK,New York Knicks,0022500009,2025-12-25T00:00:00,NYK vs. CLE,W,16.615,0,1,0.0,0,0,0.0,0,2,0.0,8,5,13,2,1,0,1,0,2,2,0,0,20.6,0,0,17.0,1,1,1,1,15,17,18,17,1,1,1,8,6,8,2,4,3,2,5,13,8,1,9,5,19,12,10,2,1,11,1,16:37,1,Mitchell Robinson,2025-26,1629011,Regular Season
2025-26,1629011,Mitchell Robinson,Mitchell,1610612752,NYK,New York Knicks,0022500416,2025-12-23T00:00:00,NYK @ MIN,L,26.05,1,4,0.25,0,0,0.0,0,0,0.0,6,1,7,1,2,1,2,0,3,2,2,-15,18.9,0,0,16.0,1,16,16,16,1,13,3,15,1,1,1,8,12,8,6,18,14,7,1,7,3,1,14,5,14,22,15,2,1,14,1,26:03,1,Mitchell Robinson,2025-26,1629011,Regular Season
2025-26,1629011,Mitchell Robinson,Mitchell,1610612752,NYK,New York Knicks,0022500398,2025-12-21T00:00:00,NYK vs. MIA,W,22.366666666666667,3,4,0.75,0,0,0.0,3,3,1.0,2,5,7,2,0,2,1,0,3,2,9,6,29.4,0,0,24.0,1,1,1,1,4,4,3,10,1,1,1,2,5,1,20,4,14,2,14,2,8,1,14,5,2,8,5,2,1,4,1,22:22,1,Mitchell Robinson,2025-26,1629011,Regular Season
2025-26,1629011,Mitchell Robinson,Mitchell,1610612752,NYK,New York Knicks,0022500382,2025-12-19T00:00:00,NYK vs. PHI,L,26.05,7,8,0.875,0,0,0.0,7,8,0.875,6,10,16,1,1,1,2,1,2,5,21,2,49.7,1,0,44.0,1,16,16,16,1,1,1,8,1,1,1,1,1,2,6,1,1,7,5,7,3,20,9,1,1,11,1,1,1,1,1,26:03,1,Mitchell Robinson,2025-26,1629011,Regular Season
2025-26,1629011,Mitchell Robinson,Mitchell,1610612752,NYK,New York Knicks,0022501229,2025-12-13T00:00:00,NYK @ ORL,W,17.441666666666666,2,2,1.0,0,0,0.0,1,2,0.5,4,5,9,0,0,0,4,0,0,1,5,4,27.8,0,0,22.0,1,1,1,1,10,9,14,1,1,1,1,4,6,3,11,4,9,17,14,13,1,1,1,11,9,9,6,2,1,6,1,17:27,1,Mitchell Robinson,2025-26,1629011,Regular Season
2025-26,1629011,Mitchell Robinson,Mitchell,1610612752,NYK,New York Knicks,0022501202,2025-12-09T00:00:00,NYK @ TOR,W,15.985,0,0,0.0,0,0,0.0,2,8,0.25,4,1,5,4,2,1,1,0,5,4,2,-6,18.0,0,0,15.0,1,1,1,1,19,17,20,17,1,1,1,3,1,5,11,18,18,1,1,7,8,1,21,2,14,18,16,2,1,15,1,15:59,1,Mitchell Robinson,2025-26,1629011,Regular Season
2025-26,1629011,Mitchell Robinson,Mitchell,1610612752,NYK,New York Knicks,0022500357,2025-12-07T00:00:00,NYK vs. ORL,W,24.585,3,4,0.75,0,0,0.0,0,0,0.0,8,5,13,2,1,1,1,0,3,2,6,8,29.6,0,0,25.0,1,1,1,1,3,4,3,10,1,1,1,8,12,8,2,4,3,2,5,7,8,1,14,5,5,6,3,2,1,3,1,24:35,1,Mitchell Robinson,2025-26,1629011,Regular Season
2025-26,1629011,Mitchell Robinson,Mitchell,1610612752,NYK,New York Knicks,0022500343,2025-12-05T00:00:00,NYK vs. UTA,W,16.0,2,2,1.0,0,0,0.0,0,0,0.0,3,4,7,1,1,2,1,0,1,1,4,13,21.9,0,0,18.0,1,1,1,1,18,9,14,1,1,1,1,8,12,8,16,13,14,7,5,2,8,1,3,11,11,4,8,2,1,9,1,16:00,1,Mitchell Robinson,2025-26,1629011,Regular Season
2025-26,1629011,Mitchell Robinson,Mitchell,1610612752,NYK,New York Knicks,0022500320,2025-12-02T00:00:00,NYK @ BOS,L,15.95,0,0,0.0,0,0,0.0,1,4,0.25,4,1,5,0,0,0,0,0,0,4,1,-14,7.0,0,0,6.0,1,16,16,16,20,17,20,17,1,1,1,4,4,5,11,18,18,17,14,13,16,1,1,2,18,21,22,2,1,22,1,15:57,1,Mitchell Robinson,2025-26,1629011,Regular Season
2025-26,1629011,Mitchell Robinson,Mitchell,1610612752,NYK,New York Knicks,0022500303,2025-11-30T00:00:00,NYK vs. TOR,W,16.766666666666666,1,4,0.25,0,0,0.0,0,2,0.0,7,8,15,0,0,0,0,1,1,2,2,17,20.0,0,0,17.0,1,1,1,1,13,13,3,15,1,1,1,8,6,8,5,2,2,17,14,13,16,20,3,5,14,3,11,2,1,11,1,16:46,1,Mitchell Robinson,2025-26,1629011,Regular Season
2025-26,1629011,Mitchell Robinson,Mitchell,1610612752,NYK,New York Knicks,0022500074,2025-11-28T00:00:00,NYK vs. MIL,W,18.988333333333333,3,3,1.0,0,0,0.0,0,2,0.0,3,4,7,1,2,2,0,0,2,2,6,-4,19.9,0,0,18.0,1,1,1,1,7,4,8,1,1,1,1,8,6,8,16,13,14,7,1,2,16,1,9,5,5,16,12,2,1,9,1,18:59,1,Mitchell Robinson,2025-26,1629011,Regular Season
2025-26,1629011,Mitchell Robinson,Mitchell,1610612752,NYK,New York Knicks,0022500061,2025-11-26T00:00:00,NYK @ CHA,W,17.2,0,0,0.0,0,0,0.0,0,0,0.0,0,5,5,1,0,3,1,0,1,0,0,18,19.5,0,0,14.0,1,1,1,1,11,17,20,17,1,1,1,8,12,8,22,4,18,7,14,1,8,1,3,20,19,2,13,2,1,16,1,17:12,1,Mitchell Robinson,2025-26,1629011,Regular Season
2025-26,1629011,Mitchell Robinson,Mitchell,1610612752,NYK,New York Knicks,0022500269,2025-11-22T00:00:00,NYK @ ORL,L,16.688333333333333,3,3,1.0,0,0,0.0,0,0,0.0,1,2,3,0,1,0,2,0,4,0,6,-3,14.6,0,0,13.0,1,16,16,16,14,4,8,1,1,1,1,8,12,8,21,16,22,17,5,13,3,1,19,20,5,15,18,2,1,18,1,16:41,1,Mitchell Robinson,2025-26,1629011,Regular Season
2025-26,1629011,Mitchell Robinson,Mitchell,1610612752,NYK,New York Knicks,0022500262,2025-11-19T00:00:00,NYK @ DAL,W,21.543333333333333,1,1,1.0,0,0,0.0,1,6,0.167,3,5,8,1,1,0,1,0,2,4,3,-12,16.1,0,0,14.0,1,1,1,1,5,13,18,1,1,1,1,4,3,7,16,4,11,7,5,13,8,1,9,2,13,20,17,2,1,16,1,21:33,1,Mitchell Robinson,2025-26,1629011,Regular Season
2025-26,1629011,Mitchell Robinson,Mitchell,1610612752,NYK,New York Knicks,0022500244,2025-11-17T00:00:00,NYK @ MIA,L,18.48,2,3,0.667,0,0,0.0,1,2,0.5,5,6,11,1,1,1,0,0,2,1,5,4,21.7,0,0,19.0,1,16,16,16,8,9,8,12,1,1,1,4,6,3,9,3,5,7,5,7,16,1,9,11,9,9,9,2,1,8,1,18:29,1,Mitchell Robinson,2025-26,1629011,Regular Season
2025-26,1629011,Mitchell Robinson,Mitchell,1610612752,NYK,New York Knicks,0022500039,2025-11-14T00:00:00,NYK vs. MIA,W,14.128333333333334,0,2,0.0,0,0,0.0,0,0,0.0,8,2,10,2,2,0,0,0,5,1,0,-5,13.0,0,0,12.0,1,1,1,1,21,17,14,17,1,1,1,8,12,8,2,16,7,2,1,13,16,1,21,11,19,17,20,2,1,19,1,14:08,1,Mitchell Robinson,2025-26,1629011,Regular Season
2025-26,1629011,Mitchell Robinson,Mitchell,1610612752,NYK,New York Knicks,0022500215,2025-11-12T00:00:00,NYK vs. ORL,L,17.198333333333334,1,2,0.5,0,0,0.0,0,0,0.0,5,3,8,0,0,0,0,0,4,1,2,-11,11.6,0,0,10.0,1,16,16,16,12,13,14,14,1,1,1,8,12,8,9,15,11,17,14,13,16,1,19,11,14,19,21,2,1,20,1,17:12,1,Mitchell Robinson,2025-26,1629011,Regular Season
2025-26,1629011,Mitchell Robinson,Mitchell,1610612752,NYK,New York Knicks,0022500192,2025-11-09T00:00:00,NYK vs. BKN,W,16.591666666666665,4,4,1.0,0,0,0.0,0,0,0.0,3,5,8,0,0,2,2,0,3,1,8,40,29.6,0,0,24.0,1,1,1,1,16,2,3,1,1,1,1,8,12,8,16,4,11,17,14,2,3,1,14,11,3,1,3,2,1,4,1,16:36,1,Mitchell Robinson,2025-26,1629011,Regular Season
2025-26,1629011,Mitchell Robinson,Mitchell,1610612752,NYK,New York Knicks,0022500175,2025-11-05T00:00:00,NYK vs. MIN,W,16.2,4,5,0.8,0,0,0.0,0,1,0.0,9,1,10,1,1,1,3,0,1,1,8,7,32.5,0,0,27.0,1,1,1,1,17,2,2,9,1,1,1,8,11,8,1,18,7,7,5,7,2,1,3,11,3,7,2,2,1,2,1,16:12,1,Mitchell Robinson,2025-26,1629011,Regular Season
2025-26,1629011,Mitchell Robinson,Mitchell,1610612752,NYK,New York Knicks,0022500153,2025-11-02T00:00:00,NYK vs. CHI,W,13.351666666666667,0,3,0.0,0,0,0.0,0,0,0.0,4,1,5,1,0,0,2,0,1,0,0,-1,13.5,0,0,10.0,1,1,1,1,22,17,8,17,1,1,1,8,12,8,11,18,18,7,14,13,3,1,3,20,19,14,19,2,1,20,1,13:21,1,Mitchell Robinson,2025-26,1629011,Regular Season
2025-26,1629011,Mitchell Robinson,Mitchell,1610612752,NYK,New York Knicks,0022500023,2025-10-31T00:00:00,NYK @ CHI,L,19.583333333333332,2,3,0.667,0,0,0.0,0,0,0.0,6,5,11,2,1,0,0,1,3,1,4,0,19.2,0,0,17.0,1,16,16,16,6,9,8,12,1,1,1,8,12,8,6,4,5,2,5,13,16,20,14,11,11,12,14,2,1,11,1,19:35,1,Mitchell Robinson,2025-26,1629011,Regular Season
2025-26,203500,Steven Adams,Steven,1610612745,HOU,Houston Rockets,0022500453,2025-12-29T00:00:00,HOU vs. IND,W,22.288333333333334,3,4,0.75,0,0,0.0,2,6,0.333,3,2,5,0,0,0,0,1,2,6,8,17,14.0,0,0,13.0,1,1,1,1,12,5,9,6,1,1,1,5,2,18,17,22,22,18,20,12,11,20,12,1,7,7,22,4,1,21,1,22:17,1,Steven Adams,2025-26,203500,Regular Season
2025-26,203500,Steven Adams,Steven,1610612745,HOU,Houston Rockets,0022500438,2025-12-27T00:00:00,HOU vs. CLE,W,22.166666666666668,3,6,0.5,0,0,0.0,3,6,0.5,5,3,8,1,3,2,0,0,0,5,9,26,23.1,0,0,22.0,1,1,1,1,13,5,4,11,1,1,1,3,2,10,6,15,12,12,1,2,11,1,1,3,6,1,11,4,1,6,1,22:10,1,Steven Adams,2025-26,203500,Regular Season
2025-26,203500,Steven Adams,Steven,1610612745,HOU,Houston Rockets,0022500012,2025-12-25T00:00:00,HOU @ LAL,W,25.55,2,3,0.667,0,0,0.0,0,0,0.0,4,5,9,2,1,0,0,0,0,0,4,-4,16.8,0,0,15.0,1,1,1,1,6,7,19,8,1,1,1,20,21,20,15,6,10,7,6,12,11,1,1,23,14,20,18,4,1,16,1,25:33,1,Steven Adams,2025-26,203500,Regular Season
2025-26,203500,Steven Adams,Steven,1610612745,HOU,Houston Rockets,0022500422,2025-12-23T00:00:00,HOU @ LAC,L,14.0,1,3,0.333,0,0,0.0,0,0,0.0,1,3,4,1,1,0,0,1,1,0,2,-5,7.3,0,0,7.0,1,19,19,19,25,19,19,18,1,1,1,20,21,20,24,15,24,12,6,12,11,20,6,23,24,22,24,4,1,24,1,14:00,1,Steven Adams,2025-26,203500,Regular Season
2025-26,203500,Steven Adams,Steven,1610612745,HOU,Houston Rockets,0022500386,2025-12-20T00:00:00,HOU @ DEN,W,25.238333333333333,0,4,0.0,0,0,0.0,1,2,0.5,5,7,12,0,0,0,0,0,1,1,1,-10,15.4,0,0,13.0,1,1,1,1,7,24,9,24,1,1,1,12,8,10,6,3,3,18,20,12,11,1,6,14,25,25,21,4,1,21,1,25:14,1,Steven Adams,2025-26,203500,Regular Season
2025-26,203500,Steven Adams,Steven,1610612745,HOU,Houston Rockets,0022500375,2025-12-18T00:00:00,HOU @ NOP,L,27.813333333333333,2,10,0.2,0,0,0.0,2,5,0.4,6,4,10,3,1,1,1,1,3,4,6,3,27.5,0,0,23.0,1,19,19,19,4,7,1,22,1,1,1,5,4,17,3,11,8,2,6,6,5,20,19,5,8,16,4,4,1,4,1,27:49,1,Steven Adams,2025-26,203500,Regular Season
2025-26,203500,Steven Adams,Steven,1610612745,HOU,Houston Rockets,0022501225,2025-12-15T00:00:00,HOU @ DEN,L,15.505,1,1,1.0,0,0,0.0,1,2,0.5,0,0,0,0,1,0,0,0,3,1,3,-8,2.0,0,0,3.0,1,19,19,19,23,19,24,1,1,1,1,12,8,10,25,25,25,18,6,12,11,1,19,14,21,24,25,4,1,25,1,15:30,1,Steven Adams,2025-26,203500,Regular Season
2025-26,203500,Steven Adams,Steven,1610612745,HOU,Houston Rockets,0022501205,2025-12-11T00:00:00,HOU vs. LAC,W,17.916666666666668,2,4,0.5,0,0,0.0,0,0,0.0,3,3,6,2,1,2,0,1,0,0,4,10,19.2,0,0,16.0,1,1,1,1,16,7,9,11,1,1,1,20,21,20,17,15,20,7,6,2,11,20,1,23,14,11,14,4,1,14,1,17:55,1,Steven Adams,2025-26,203500,Regular Season
2025-26,203500,Steven Adams,Steven,1610612745,HOU,Houston Rockets,0022500346,2025-12-05T00:00:00,HOU vs. PHX,W,29.866666666666667,2,4,0.5,0,0,0.0,0,0,0.0,3,5,8,3,1,2,1,0,5,3,4,18,26.1,0,0,21.0,1,1,1,1,2,7,9,11,1,1,1,20,21,20,17,6,12,2,6,2,5,1,25,6,14,6,7,4,1,10,1,29:52,1,Steven Adams,2025-26,203500,Regular Season
2025-26,203500,Steven Adams,Steven,1610612745,HOU,Houston Rockets,0022500330,2025-12-03T00:00:00,HOU vs. SAC,W,17.833333333333332,5,6,0.833,0,0,0.0,1,2,0.5,5,3,8,0,3,0,2,0,0,2,11,7,23.6,0,0,23.0,1,1,1,1,17,1,4,4,1,1,1,12,8,10,6,15,12,18,1,12,1,1,1,10,4,12,10,4,1,4,1,17:50,1,Steven Adams,2025-26,203500,Regular Season
2025-26,203500,Steven Adams,Steven,1610612745,HOU,Houston Rockets,0022500301,2025-11-30T00:00:00,HOU @ UTA,W,16.94333333333333,2,4,0.5,0,0,0.0,9,10,0.9,4,8,12,2,0,1,1,0,0,6,13,24,36.4,1,0,31.0,1,1,1,1,19,7,9,11,1,1,1,1,1,8,15,1,3,7,20,6,5,1,1,1,1,2,1,1,1,1,1,16:57,1,Steven Adams,2025-26,203500,Regular Season
2025-26,203500,Steven Adams,Steven,1610612745,HOU,Houston Rockets,0022500290,2025-11-24T00:00:00,HOU @ PHX,W,16.486666666666668,2,4,0.5,0,0,0.0,2,2,1.0,3,4,7,0,0,1,0,0,2,3,6,6,17.4,0,0,15.0,1,1,1,1,21,7,9,11,1,1,1,5,8,1,17,11,19,18,20,6,11,1,12,6,8,13,15,4,1,16,1,16:29,1,Steven Adams,2025-26,203500,Regular Season
2025-26,203500,Steven Adams,Steven,1610612745,HOU,Houston Rockets,0022500054,2025-11-21T00:00:00,HOU vs. DEN,L,23.116666666666667,2,2,1.0,0,0,0.0,1,3,0.333,5,3,8,2,1,0,0,0,1,3,5,14,16.6,0,0,15.0,1,19,19,19,10,7,23,1,1,1,1,12,7,18,6,15,12,7,6,12,11,1,6,6,11,8,19,4,1,16,1,23:07,1,Steven Adams,2025-26,203500,Regular Season
2025-26,203500,Steven Adams,Steven,1610612745,HOU,Houston Rockets,0022500255,2025-11-19T00:00:00,HOU @ CLE,W,27.983333333333334,2,6,0.333,0,0,0.0,2,2,1.0,6,5,11,3,2,0,1,0,2,1,6,6,24.7,0,0,22.0,1,1,1,1,3,7,4,18,1,1,1,5,8,1,3,6,6,2,4,12,5,1,12,14,8,13,9,4,1,6,1,27:59,1,Steven Adams,2025-26,203500,Regular Season
2025-26,203500,Steven Adams,Steven,1610612745,HOU,Houston Rockets,0022500236,2025-11-16T00:00:00,HOU vs. ORL,W,27.248333333333335,1,8,0.125,0,0,0.0,1,2,0.5,8,5,13,0,2,0,0,1,3,1,3,-2,16.6,0,0,16.0,1,1,1,1,5,19,2,23,1,1,1,12,8,10,1,6,1,18,4,12,11,20,19,14,21,18,19,4,1,14,1,27:15,1,Steven Adams,2025-26,203500,Regular Season
2025-26,203500,Steven Adams,Steven,1610612745,HOU,Houston Rockets,0022500042,2025-11-14T00:00:00,HOU vs. POR,W,17.516666666666666,2,4,0.5,0,0,0.0,1,2,0.5,5,6,11,0,0,1,2,0,1,1,5,22,27.2,0,0,22.0,1,1,1,1,18,7,9,11,1,1,1,12,8,10,6,4,6,18,20,6,1,1,6,14,11,3,6,4,1,6,1,17:31,1,Steven Adams,2025-26,203500,Regular Season
2025-26,203500,Steven Adams,Steven,1610612745,HOU,Houston Rockets,0022500218,2025-11-12T00:00:00,HOU vs. WAS,W,16.883333333333333,2,5,0.4,0,0,0.0,1,2,0.5,5,3,8,4,1,0,2,1,2,1,5,21,25.6,0,0,21.0,1,1,1,1,20,7,8,17,1,1,1,12,8,10,6,15,12,1,6,12,1,20,12,14,11,4,8,4,1,10,1,16:53,1,Steven Adams,2025-26,203500,Regular Season
2025-26,203500,Steven Adams,Steven,1610612745,HOU,Houston Rockets,0022500191,2025-11-09T00:00:00,HOU @ MIL,W,22.3,5,7,0.714,0,0,0.0,2,2,1.0,5,1,6,1,1,0,0,0,2,1,12,-3,19.7,0,0,19.0,1,1,1,1,11,1,3,7,1,1,1,5,8,1,6,24,20,12,6,12,11,1,12,14,2,19,13,4,1,13,1,22:18,1,Steven Adams,2025-26,203500,Regular Season
2025-26,203500,Steven Adams,Steven,1610612745,HOU,Houston Rockets,0022500032,2025-11-07T00:00:00,HOU @ SAS,L,20.078333333333333,1,4,0.25,0,0,0.0,1,1,1.0,3,5,8,1,0,1,0,0,2,2,3,-7,17.1,0,0,14.0,1,19,19,19,14,19,9,20,1,1,1,12,20,1,17,6,12,12,20,6,11,1,12,10,21,23,16,4,1,20,1,20:05,1,Steven Adams,2025-26,203500,Regular Season
2025-26,203500,Steven Adams,Steven,1610612745,HOU,Houston Rockets,0022500160,2025-11-03T00:00:00,HOU vs. DAL,W,23.128333333333334,2,3,0.667,0,0,0.0,0,2,0.0,3,6,9,1,1,2,2,0,3,2,4,6,27.3,0,0,22.0,1,1,1,1,9,7,19,8,1,1,1,20,8,20,17,4,10,12,6,2,1,1,19,10,14,13,5,4,1,6,1,23:08,1,Steven Adams,2025-26,203500,Regular Season
2025-26,203500,Steven Adams,Steven,1610612745,HOU,Houston Rockets,0022500146,2025-11-01T00:00:00,HOU @ BOS,W,14.45,2,3,0.667,0,0,0.0,0,0,0.0,3,2,5,3,1,0,0,0,1,1,4,13,13.5,0,0,12.0,1,1,1,1,24,7,19,8,1,1,1,20,21,20,17,22,22,2,6,12,11,1,6,14,14,10,23,4,1,23,1,14:27,1,Steven Adams,2025-26,203500,Regular Season
2025-26,203500,Steven Adams,Steven,1610612745,HOU,Houston Rockets,0022500131,2025-10-29T00:00:00,HOU @ TOR,W,19.706666666666667,5,6,0.833,0,0,0.0,2,2,1.0,8,4,12,2,1,1,1,0,3,1,12,14,34.4,1,0,30.0,1,1,1,1,15,1,4,4,1,1,1,5,8,1,1,11,3,7,6,6,5,1,19,14,2,8,2,1,1,2,1,19:42,1,Steven Adams,2025-26,203500,Regular Season
2025-26,203500,Steven Adams,Steven,1610612745,HOU,Houston Rockets,0022500116,2025-10-27T00:00:00,HOU vs. BKN,W,16.058333333333334,0,1,0.0,0,0,0.0,4,4,1.0,5,3,8,1,1,0,1,0,1,2,4,20,17.1,0,0,15.0,1,1,1,1,22,24,24,24,1,1,1,2,5,1,6,15,12,12,6,12,5,1,6,10,14,5,16,4,1,16,1,16:04,1,Steven Adams,2025-26,203500,Regular Season
2025-26,203500,Steven Adams,Steven,1610612745,HOU,Houston Rockets,0022500093,2025-10-24T00:00:00,HOU vs. DET,L,25.233333333333334,4,4,1.0,0,0,0.0,3,4,0.75,6,4,10,0,1,3,0,0,2,3,11,-4,31.0,1,0,27.0,1,19,19,19,8,4,9,1,1,1,1,3,5,9,3,11,8,18,6,1,11,1,12,6,4,20,3,1,1,3,1,25:14,1,Steven Adams,2025-26,203500,Regular Season
2025-26,203500,Steven Adams,Steven,1610612745,HOU,Houston Rockets,0022500001,2025-10-21T00:00:00,HOU @ OKC,L,36.50666666666667,1,4,0.25,0,0,0.0,2,2,1.0,5,8,13,3,3,0,0,0,4,5,4,2,21.1,0,0,20.0,1,19,19,19,1,19,9,20,1,1,1,5,8,1,6,1,1,2,1,12,11,1,24,3,14,17,12,4,1,12,1,36:30,1,Steven Adams,2025-26,203500,Regular Season
2025-26,1630567,Scottie Barnes,Scottie,1610612761,TOR,Toronto Raptors,0022500468,2025-12-31T00:00:00,TOR vs. DEN,L,33.166666666666664,7,14,0.5,2,4,0.5,4,4,1.0,3,11,14,10,0,1,1,0,4,3,20,6,57.8,1,1,50.0,1,21,21,21,21,18,20,14,8,12,7,10,12,1,9,2,2,1,32,13,16,1,24,13,14,14,6,1,1,8,1,33:10,1,Scottie Barnes,2025-26,1630567,Regular Season
2025-26,1630567,Scottie Barnes,Scottie,1610612761,TOR,Toronto Raptors,0022500451,2025-12-29T00:00:00,TOR vs. ORL,W,36.916666666666664,5,12,0.417,1,2,0.5,2,2,1.0,2,9,11,2,2,2,1,1,3,3,13,-3,36.2,1,0,33.0,1,1,1,1,7,29,29,27,14,21,7,17,20,1,14,4,5,30,18,5,16,20,14,13,30,22,26,1,3,28,1,36:55,1,Scottie Barnes,2025-26,1630567,Regular Season
2025-26,1630567,Scottie Barnes,Scottie,1610612761,TOR,Toronto Raptors,0022500441,2025-12-28T00:00:00,TOR vs. GSW,W,42.446666666666665,11,17,0.647,0,1,0.0,1,1,1.0,9,16,25,10,3,3,1,3,4,2,23,24,77.0,1,1,66.0,1,1,1,1,1,3,7,6,22,28,22,23,24,1,1,1,1,1,10,2,16,32,24,25,9,1,1,1,1,1,1,42:27,1,Scottie Barnes,2025-26,1630567,Regular Season
2025-26,1630567,Scottie Barnes,Scottie,1610612761,TOR,Toronto Raptors,0022500425,2025-12-26T00:00:00,TOR @ WAS,L,29.023333333333333,6,14,0.429,0,2,0.0,2,2,1.0,2,2,4,7,3,0,0,4,0,3,14,-29,26.3,0,0,25.0,1,21,21,21,34,21,20,22,22,21,22,17,20,1,14,34,32,8,10,31,29,35,1,13,26,35,32,18,3,33,1,29:01,1,Scottie Barnes,2025-26,1630567,Regular Season
2025-26,1630567,Scottie Barnes,Scottie,1610612761,TOR,Toronto Raptors,0022500414,2025-12-23T00:00:00,TOR @ MIA,W,35.916666666666664,10,14,0.714,0,1,0.0,7,8,0.875,1,7,8,4,3,0,0,0,0,8,27,21,39.6,0,0,39.0,1,1,1,1,12,6,20,1,22,28,22,3,3,14,24,11,20,22,10,31,29,1,1,2,6,3,22,18,3,17,1,35:55,1,Scottie Barnes,2025-26,1630567,Regular Season
2025-26,1630567,Scottie Barnes,Scottie,1610612761,TOR,Toronto Raptors,0022500397,2025-12-21T00:00:00,TOR @ BKN,L,33.733333333333334,3,10,0.3,0,3,0.0,0,0,0.0,1,5,6,1,3,1,2,0,2,0,6,-22,20.7,0,0,19.0,1,21,21,21,17,33,32,35,22,19,22,26,28,26,24,21,23,35,10,13,6,1,6,33,35,34,34,18,3,34,1,33:44,1,Scottie Barnes,2025-26,1630567,Regular Season
2025-26,1630567,Scottie Barnes,Scottie,1610612761,TOR,Toronto Raptors,0022500388,2025-12-20T00:00:00,TOR vs. BOS,L,33.13333333333333,5,15,0.333,1,5,0.2,1,1,1.0,2,7,9,6,4,0,2,0,2,3,12,-10,33.8,0,0,32.0,1,21,21,21,22,29,16,32,14,6,19,23,24,1,14,11,18,10,5,31,6,1,6,13,33,29,29,18,3,30,1,33:08,1,Scottie Barnes,2025-26,1630567,Regular Season
2025-26,1630567,Scottie Barnes,Scottie,1610612761,TOR,Toronto Raptors,0022500374,2025-12-18T00:00:00,TOR @ MIL,W,35.96666666666667,10,14,0.714,2,3,0.667,2,5,0.4,5,6,11,2,5,2,2,1,1,4,24,6,47.2,1,0,47.0,1,1,1,1,11,6,20,1,8,19,2,17,10,24,2,17,5,30,3,5,6,20,4,10,7,14,14,1,3,10,1,35:58,1,Scottie Barnes,2025-26,1630567,Regular Season
2025-26,1630567,Scottie Barnes,Scottie,1610612761,TOR,Toronto Raptors,0022501227,2025-12-15T00:00:00,TOR @ MIA,W,32.435,8,16,0.5,1,4,0.25,0,1,0.0,4,6,10,6,4,2,3,0,5,2,17,14,49.0,1,0,44.0,1,1,1,1,24,12,10,14,14,12,16,26,24,26,5,17,13,10,5,5,4,1,31,25,20,7,12,1,3,12,1,32:26,1,Scottie Barnes,2025-26,1630567,Regular Season
2025-26,1630567,Scottie Barnes,Scottie,1610612761,TOR,Toronto Raptors,0022501202,2025-12-09T00:00:00,TOR vs. NYK,L,37.45,6,18,0.333,1,6,0.167,0,0,0.0,0,5,5,4,2,2,0,3,3,2,13,-20,29.0,0,0,27.0,1,21,21,21,5,21,4,32,14,5,21,26,28,26,31,21,26,22,18,5,29,32,14,25,30,33,31,18,3,31,1,37:27,1,Scottie Barnes,2025-26,1630567,Regular Season
2025-26,1630567,Scottie Barnes,Scottie,1610612761,TOR,Toronto Raptors,0022500358,2025-12-07T00:00:00,TOR vs. BOS,L,37.266666666666666,6,12,0.5,0,1,0.0,6,7,0.857,2,9,11,8,2,1,1,3,5,6,18,-8,47.2,1,0,41.0,1,21,21,21,6,21,29,14,22,28,22,5,5,16,14,4,5,5,18,13,16,32,31,3,16,27,14,1,3,14,1,37:16,1,Scottie Barnes,2025-26,1630567,Regular Season
2025-26,1630567,Scottie Barnes,Scottie,1610612761,TOR,Toronto Raptors,0022500344,2025-12-05T00:00:00,TOR vs. CHA,L,31.433333333333334,6,15,0.4,1,5,0.2,0,0,0.0,0,3,3,5,4,1,1,0,2,3,13,-15,26.1,0,0,26.0,1,21,21,21,30,21,16,30,14,6,19,26,28,26,31,29,33,17,5,13,16,1,6,13,30,31,33,18,3,32,1,31:26,1,Scottie Barnes,2025-26,1630567,Regular Season
2025-26,1630567,Scottie Barnes,Scottie,1610612761,TOR,Toronto Raptors,0022500336,2025-12-04T00:00:00,TOR vs. LAL,L,36.13333333333333,8,16,0.5,2,5,0.4,5,6,0.833,4,7,11,9,1,1,3,0,1,5,23,3,60.7,1,0,53.0,1,21,21,21,9,12,10,14,8,6,13,6,7,17,5,11,5,3,28,13,4,1,4,5,9,18,4,1,3,6,1,36:08,1,Scottie Barnes,2025-26,1630567,Regular Season
2025-26,1630567,Scottie Barnes,Scottie,1610612761,TOR,Toronto Raptors,0022500319,2025-12-02T00:00:00,TOR vs. POR,W,38.516666666666666,10,18,0.556,3,7,0.429,5,7,0.714,1,6,7,7,6,1,2,1,3,5,28,18,49.9,0,0,51.0,1,1,1,1,3,6,4,11,3,2,12,6,5,22,24,17,21,8,1,13,6,20,14,5,4,4,10,18,3,7,1,38:31,1,Scottie Barnes,2025-26,1630567,Regular Season
2025-26,1630567,Scottie Barnes,Scottie,1610612761,TOR,Toronto Raptors,0022500303,2025-11-30T00:00:00,TOR @ NYK,L,31.516666666666666,7,17,0.412,4,7,0.571,0,0,0.0,2,3,5,4,3,1,2,1,4,1,18,-6,36.0,0,0,37.0,1,21,21,21,29,18,7,29,1,2,5,26,28,26,14,29,26,22,10,13,6,20,24,30,16,23,27,18,3,19,1,31:31,1,Scottie Barnes,2025-26,1630567,Regular Season
2025-26,1630567,Scottie Barnes,Scottie,1610612761,TOR,Toronto Raptors,0022500294,2025-11-29T00:00:00,TOR @ CHA,L,39.34,11,16,0.688,1,2,0.5,7,8,0.875,3,9,12,5,3,2,1,1,3,6,30,-6,57.9,1,0,54.0,1,21,21,21,2,3,10,3,14,21,7,3,3,14,9,4,3,17,10,5,16,20,14,3,3,23,5,1,3,4,1,39:20,1,Scottie Barnes,2025-26,1630567,Regular Season
2025-26,1630567,Scottie Barnes,Scottie,1610612761,TOR,Toronto Raptors,0022500063,2025-11-26T00:00:00,TOR vs. IND,W,36.43333333333333,5,12,0.417,0,1,0.0,14,14,1.0,5,5,10,4,4,0,1,1,3,9,24,1,41.0,1,0,40.0,1,1,1,1,8,29,29,27,22,28,22,1,1,1,2,21,13,22,5,31,16,20,14,1,7,20,16,1,3,15,1,36:26,1,Scottie Barnes,2025-26,1630567,Regular Season
2025-26,1630567,Scottie Barnes,Scottie,1610612761,TOR,Toronto Raptors,0022500284,2025-11-24T00:00:00,TOR vs. CLE,W,38.3,8,13,0.615,0,2,0.0,2,2,1.0,2,9,11,6,4,1,0,0,2,1,18,14,39.2,1,0,37.0,1,1,1,1,4,12,27,8,22,21,22,17,20,1,14,4,5,10,5,13,29,1,6,30,16,7,23,1,3,19,1,38:18,1,Scottie Barnes,2025-26,1630567,Regular Season
2025-26,1630567,Scottie Barnes,Scottie,1610612761,TOR,Toronto Raptors,0022500279,2025-11-23T00:00:00,TOR vs. BKN,W,33.7,6,13,0.462,0,0,0.0,5,6,0.833,3,4,7,4,0,2,4,1,3,3,17,2,49.4,0,0,40.0,1,1,1,1,19,21,27,21,22,34,22,6,7,17,9,26,21,22,32,5,3,20,14,13,20,19,11,18,3,15,1,33:42,1,Scottie Barnes,2025-26,1630567,Regular Season
2025-26,1630567,Scottie Barnes,Scottie,1610612761,TOR,Toronto Raptors,0022500050,2025-11-21T00:00:00,TOR vs. WAS,W,29.9,10,15,0.667,3,4,0.75,0,0,0.0,0,5,5,2,2,3,0,0,3,0,23,14,39.0,0,0,39.0,1,1,1,1,32,6,16,4,3,12,1,26,28,26,31,21,26,30,18,2,29,1,14,33,9,7,24,18,3,17,1,29:54,1,Scottie Barnes,2025-26,1630567,Regular Season
2025-26,1630567,Scottie Barnes,Scottie,1610612761,TOR,Toronto Raptors,0022500258,2025-11-19T00:00:00,TOR @ PHI,W,36.03333333333333,8,17,0.471,0,2,0.0,0,0,0.0,4,5,9,5,6,1,1,2,2,3,16,14,34.3,0,0,34.0,1,1,1,1,10,12,7,20,22,21,22,26,28,26,5,21,18,17,1,13,16,30,6,13,23,7,28,18,3,24,1,36:02,1,Scottie Barnes,2025-26,1630567,Regular Season
2025-26,1630567,Scottie Barnes,Scottie,1610612761,TOR,Toronto Raptors,0022500245,2025-11-17T00:00:00,TOR vs. CHA,W,33.3,8,16,0.5,0,1,0.0,0,0,0.0,3,3,6,6,1,1,2,1,2,0,16,-6,40.2,0,0,34.0,1,1,1,1,20,12,10,14,22,28,22,26,28,26,9,29,23,10,28,13,6,20,6,33,23,23,18,18,3,24,1,33:18,1,Scottie Barnes,2025-26,1630567,Regular Season
2025-26,1630567,Scottie Barnes,Scottie,1610612761,TOR,Toronto Raptors,0022500230,2025-11-15T00:00:00,TOR @ IND,W,31.75,3,7,0.429,0,2,0.0,8,9,0.889,1,10,11,6,2,1,1,0,5,5,14,17,40.2,1,0,35.0,1,1,1,1,27,33,34,22,22,21,22,2,2,13,24,3,5,10,18,13,16,1,31,5,26,6,18,1,3,22,1,31:45,1,Scottie Barnes,2025-26,1630567,Regular Season
2025-26,1630567,Scottie Barnes,Scottie,1610612761,TOR,Toronto Raptors,0022500225,2025-11-13T00:00:00,TOR @ CLE,W,34.56666666666667,12,22,0.545,1,4,0.25,3,3,1.0,2,8,10,8,2,1,5,0,0,5,28,18,68.0,1,0,59.0,1,1,1,1,16,2,2,12,14,12,16,14,17,1,14,9,13,5,18,13,1,1,1,5,4,4,2,1,3,2,1,34:34,1,Scottie Barnes,2025-26,1630567,Regular Season
2025-26,1630567,Scottie Barnes,Scottie,1610612761,TOR,Toronto Raptors,0022500207,2025-11-11T00:00:00,TOR @ BKN,W,30.633333333333333,6,9,0.667,0,1,0.0,3,3,1.0,2,9,11,5,2,1,1,0,5,3,15,10,39.7,1,0,35.0,1,1,1,1,31,21,33,4,22,28,22,14,17,1,14,4,5,17,18,13,16,1,31,13,25,11,21,1,3,22,1,30:38,1,Scottie Barnes,2025-26,1630567,Regular Season
2025-26,1630567,Scottie Barnes,Scottie,1610612761,TOR,Toronto Raptors,0022500184,2025-11-08T00:00:00,TOR @ PHI,L,31.695,7,14,0.5,2,5,0.4,2,3,0.667,2,3,5,4,2,2,2,0,6,5,18,4,40.0,0,0,37.0,1,21,21,21,28,18,20,14,8,6,13,17,17,23,14,29,26,22,18,5,6,1,35,5,16,17,20,18,3,19,1,31:42,1,Scottie Barnes,2025-26,1630567,Regular Season
2025-26,1630567,Scottie Barnes,Scottie,1610612761,TOR,Toronto Raptors,0022500030,2025-11-07T00:00:00,TOR @ ATL,W,35.056666666666665,5,16,0.313,0,2,0.0,4,4,1.0,3,7,10,4,0,1,2,0,3,3,14,-1,41.0,1,0,34.0,1,1,1,1,14,29,10,34,22,21,22,10,12,1,9,11,13,22,32,13,6,1,14,13,26,21,16,1,3,24,1,35:03,1,Scottie Barnes,2025-26,1630567,Regular Season
2025-26,1630567,Scottie Barnes,Scottie,1610612761,TOR,Toronto Raptors,0022500165,2025-11-04T00:00:00,TOR vs. MIL,W,27.5,9,16,0.563,3,5,0.6,2,2,1.0,1,2,3,6,1,4,2,0,2,3,23,24,52.6,0,0,47.0,1,1,1,1,35,10,10,10,3,6,3,17,20,1,24,34,33,10,28,1,6,1,6,13,9,1,8,18,3,10,1,27:30,1,Scottie Barnes,2025-26,1630567,Regular Season
2025-26,1630567,Scottie Barnes,Scottie,1610612761,TOR,Toronto Raptors,0022500152,2025-11-02T00:00:00,TOR vs. MEM,W,32.28333333333333,8,19,0.421,3,8,0.375,0,0,0.0,5,7,12,8,2,1,5,0,3,2,19,9,61.4,1,0,54.0,1,1,1,1,25,12,3,26,3,1,15,26,28,26,2,11,3,5,18,13,1,1,14,25,15,12,3,1,3,4,1,32:17,1,Scottie Barnes,2025-26,1630567,Regular Season
2025-26,1630567,Scottie Barnes,Scottie,1610612761,TOR,Toronto Raptors,0022500022,2025-10-31T00:00:00,TOR @ CLE,W,34.6,6,14,0.429,1,4,0.25,1,4,0.25,2,8,10,5,3,1,1,1,2,3,14,-7,36.5,1,0,34.0,1,1,1,1,15,21,20,22,14,12,16,23,12,25,14,9,13,17,10,13,16,20,6,13,26,26,25,1,3,24,1,34:36,1,Scottie Barnes,2025-26,1630567,Regular Season
2025-26,1630567,Scottie Barnes,Scottie,1610612761,TOR,Toronto Raptors,0022500131,2025-10-29T00:00:00,TOR vs. HOU,L,32.82666666666667,11,18,0.611,4,7,0.571,5,6,0.833,1,4,5,2,0,2,1,0,4,4,31,-12,49.0,0,0,48.0,1,21,21,21,23,3,4,9,1,2,5,6,7,17,24,26,26,30,32,5,16,1,24,10,2,30,12,18,3,9,1,32:50,1,Scottie Barnes,2025-26,1630567,Regular Season
2025-26,1630567,Scottie Barnes,Scottie,1610612761,TOR,Toronto Raptors,0022500118,2025-10-27T00:00:00,TOR @ SAS,L,29.656666666666666,3,7,0.429,2,4,0.5,0,1,0.0,0,3,3,2,2,0,1,0,4,1,8,-8,15.6,0,0,17.0,1,21,21,21,33,33,34,22,8,12,7,26,24,26,31,29,33,30,18,31,16,1,24,30,34,27,35,18,3,35,1,29:39,1,Scottie Barnes,2025-26,1630567,Regular Season
2025-26,1630567,Scottie Barnes,Scottie,1610612761,TOR,Toronto Raptors,0022500111,2025-10-26T00:00:00,TOR @ DAL,L,33.733333333333334,13,24,0.542,3,5,0.6,4,5,0.8,4,7,11,6,5,1,0,1,4,4,33,5,53.2,1,0,55.0,1,21,21,21,17,1,1,13,3,6,3,10,10,20,5,11,5,10,3,13,29,20,24,10,1,16,7,1,3,3,1,33:44,1,Scottie Barnes,2025-26,1630567,Regular Season
2025-26,1630567,Scottie Barnes,Scottie,1610612761,TOR,Toronto Raptors,0022500092,2025-10-24T00:00:00,TOR vs. MIL,L,35.78333333333333,6,15,0.4,2,4,0.5,3,4,0.75,1,4,5,3,3,3,0,0,3,3,17,-17,33.5,0,0,33.0,1,21,21,21,13,21,16,30,8,12,7,14,12,21,24,26,26,29,10,2,29,1,14,13,20,32,30,18,3,28,1,35:47,1,Scottie Barnes,2025-26,1630567,Regular Season
2025-26,1630567,Scottie Barnes,Scottie,1610612761,TOR,Toronto Raptors,0022500082,2025-10-22T00:00:00,TOR @ ATL,W,31.883333333333333,9,14,0.643,0,0,0.0,4,4,1.0,0,6,6,9,1,1,2,2,4,2,22,9,50.7,0,0,43.0,1,1,1,1,26,10,20,7,22,34,22,10,12,1,31,17,23,3,28,13,6,30,24,25,13,12,9,18,3,13,1,31:53,1,Scottie Barnes,2025-26,1630567,Regular Season
2025-26,1631109,Mark Williams,Mark,1610612756,PHX,Phoenix Suns,0022500483,2026-01-02T00:00:00,PHX vs. SAC,W,21.723333333333333,3,4,0.75,0,0,0.0,9,11,0.818,2,7,9,0,1,1,1,1,2,7,15,7,30.8,0,0,28.0,1,1,1,1,20,20,25,8,2,2,2,1,1,12,19,5,10,19,10,13,8,18,9,1,11,13,12,9,1,12,1,21:43,1,Mark Williams,2025-26,1631109,Regular Season
2025-26,1631109,Mark Williams,Mark,1610612756,PHX,Phoenix Suns,0022500465,2025-12-31T00:00:00,PHX @ CLE,L,23.7,0,3,0.0,0,0,0.0,2,2,1.0,4,5,9,2,1,0,1,0,1,2,2,-12,17.8,0,0,15.0,1,19,19,19,17,28,26,28,2,2,2,14,18,1,5,15,10,4,10,21,8,1,4,18,27,22,25,9,1,26,1,23:42,1,Mark Williams,2025-26,1631109,Regular Season
2025-26,1631109,Mark Williams,Mark,1610612756,PHX,Phoenix Suns,0022500434,2025-12-27T00:00:00,PHX @ NOP,W,10.616666666666667,4,9,0.444,0,0,0.0,2,2,1.0,8,0,8,0,0,0,0,1,1,2,10,-12,19.6,0,0,18.0,1,1,1,1,29,16,7,25,2,2,2,14,18,1,3,28,13,19,17,21,19,18,4,18,17,22,23,9,1,21,1,10:37,1,Mark Williams,2025-26,1631109,Regular Season
2025-26,1631109,Mark Williams,Mark,1610612756,PHX,Phoenix Suns,0022500429,2025-12-26T00:00:00,PHX @ NOP,W,27.088333333333335,9,13,0.692,0,0,0.0,6,8,0.75,4,9,13,2,3,2,1,0,3,6,24,14,48.6,1,0,45.0,1,1,1,1,11,1,2,13,2,2,2,5,4,16,5,2,4,4,2,3,8,1,16,2,2,7,3,1,1,2,1,27:05,1,Mark Williams,2025-26,1631109,Regular Season
2025-26,1631109,Mark Williams,Mark,1610612756,PHX,Phoenix Suns,0022500418,2025-12-23T00:00:00,PHX vs. LAL,W,21.383333333333333,7,8,0.875,0,0,0.0,4,4,1.0,3,6,9,2,0,0,2,0,1,4,18,19,37.8,0,0,33.0,1,1,1,1,21,6,13,2,2,2,2,9,11,1,11,10,10,4,17,21,2,1,4,8,9,2,7,9,1,7,1,21:23,1,Mark Williams,2025-26,1631109,Regular Season
2025-26,1631109,Mark Williams,Mark,1610612756,PHX,Phoenix Suns,0022500392,2025-12-20T00:00:00,PHX @ GSW,L,18.133333333333333,2,3,0.667,0,0,0.0,0,0,0.0,1,4,5,1,0,2,1,0,0,0,4,-15,20.5,0,0,16.0,1,19,19,19,26,24,26,14,2,2,2,25,25,25,21,19,24,10,17,3,8,1,1,27,26,24,22,9,1,24,1,18:08,1,Mark Williams,2025-26,1631109,Regular Season
2025-26,1631109,Mark Williams,Mark,1610612756,PHX,Phoenix Suns,0022500378,2025-12-18T00:00:00,PHX vs. GSW,W,19.016666666666666,2,3,0.667,0,0,0.0,2,2,1.0,1,3,4,1,1,1,1,0,2,1,6,12,17.3,0,0,15.0,1,1,1,1,25,24,26,14,2,2,2,14,18,1,21,22,26,10,10,13,8,1,9,21,24,11,27,9,1,26,1,19:01,1,Mark Williams,2025-26,1631109,Regular Season
2025-26,1631109,Mark Williams,Mark,1610612756,PHX,Phoenix Suns,0022501228,2025-12-14T00:00:00,PHX vs. LAL,L,28.885,9,10,0.9,0,0,0.0,2,3,0.667,3,3,6,1,1,0,3,0,2,2,20,14,36.7,0,0,33.0,1,19,19,19,2,1,6,1,2,2,2,14,14,19,11,22,19,10,10,21,1,1,9,18,5,7,8,9,1,7,1,28:53,1,Mark Williams,2025-26,1631109,Regular Season
2025-26,1631109,Mark Williams,Mark,1610612756,PHX,Phoenix Suns,0022501203,2025-12-10T00:00:00,PHX @ OKC,L,19.033333333333335,2,5,0.4,0,0,0.0,5,7,0.714,1,4,5,1,0,1,0,1,0,4,9,-30,19.5,0,0,17.0,1,19,19,19,24,24,20,26,2,2,2,6,6,18,21,19,24,10,17,13,19,18,1,8,20,29,24,9,1,22,1,19:02,1,Mark Williams,2025-26,1631109,Regular Season
2025-26,1631109,Mark Williams,Mark,1610612756,PHX,Phoenix Suns,0022500365,2025-12-08T00:00:00,PHX @ MIN,W,28.585,7,9,0.778,1,1,1.0,7,9,0.778,3,4,7,3,0,2,0,0,4,6,22,-8,40.9,0,0,37.0,1,1,1,1,5,6,7,5,1,1,1,2,2,14,11,19,15,3,17,3,19,1,24,2,3,20,6,9,1,6,1,28:35,1,Mark Williams,2025-26,1631109,Regular Season
2025-26,1631109,Mark Williams,Mark,1610612756,PHX,Phoenix Suns,0022500346,2025-12-05T00:00:00,PHX @ HOU,L,17.033333333333335,4,6,0.667,0,0,0.0,2,2,1.0,3,0,3,0,2,2,0,0,1,1,10,-21,17.6,0,0,17.0,1,19,19,19,27,16,17,14,2,2,2,14,18,1,11,28,29,19,4,3,19,1,4,21,17,28,26,9,1,22,1,17:02,1,Mark Williams,2025-26,1631109,Regular Season
2025-26,1631109,Mark Williams,Mark,1610612756,PHX,Phoenix Suns,0022500317,2025-12-01T00:00:00,PHX @ LAL,W,24.866666666666667,6,8,0.75,0,0,0.0,1,3,0.333,1,5,6,1,0,2,1,0,0,5,13,14,30.7,0,0,26.0,1,1,1,1,16,10,13,8,2,2,2,22,14,23,21,15,19,10,17,3,8,1,1,5,14,7,13,9,1,16,1,24:52,1,Mark Williams,2025-26,1631109,Regular Season
2025-26,1631109,Mark Williams,Mark,1610612756,PHX,Phoenix Suns,0022500075,2025-11-28T00:00:00,PHX @ OKC,L,22.36,5,9,0.556,0,0,0.0,3,3,1.0,4,10,14,0,4,0,0,0,3,3,13,-10,25.8,1,0,27.0,1,19,19,19,19,14,7,21,2,2,2,11,14,1,5,1,3,19,1,21,19,1,16,14,14,21,18,1,1,14,1,22:22,1,Mark Williams,2025-26,1631109,Regular Season
2025-26,1631109,Mark Williams,Mark,1610612756,PHX,Phoenix Suns,0022500068,2025-11-26T00:00:00,PHX @ SAC,W,28.633333333333333,9,12,0.75,0,0,0.0,3,5,0.6,9,7,16,4,3,3,1,0,3,3,21,5,55.2,1,0,49.0,1,1,1,1,3,1,3,8,2,2,2,11,8,21,1,5,1,1,2,2,8,1,16,14,4,15,1,1,1,1,1,28:38,1,Mark Williams,2025-26,1631109,Regular Season
2025-26,1631109,Mark Williams,Mark,1610612756,PHX,Phoenix Suns,0022500281,2025-11-23T00:00:00,PHX vs. SAS,W,28.6,6,8,0.75,0,0,0.0,2,3,0.667,4,7,11,2,0,1,1,0,3,4,14,2,36.2,1,0,31.0,1,1,1,1,4,10,13,8,2,2,2,14,14,19,5,5,6,4,17,13,8,1,16,8,13,17,9,1,1,9,1,28:36,1,Mark Williams,2025-26,1631109,Regular Season
2025-26,1631109,Mark Williams,Mark,1610612756,PHX,Phoenix Suns,0022500053,2025-11-21T00:00:00,PHX vs. MIN,W,26.378333333333334,6,9,0.667,0,0,0.0,7,8,0.875,3,5,8,0,1,1,1,0,4,5,19,-15,33.6,0,0,31.0,1,1,1,1,12,10,7,14,2,2,2,2,4,10,11,15,13,19,10,13,8,1,24,5,7,24,10,9,1,9,1,26:23,1,Mark Williams,2025-26,1631109,Regular Season
2025-26,1631109,Mark Williams,Mark,1610612756,PHX,Phoenix Suns,0022500254,2025-11-18T00:00:00,PHX @ POR,W,21.266666666666666,7,9,0.778,0,0,0.0,1,2,0.5,4,2,6,1,2,2,1,1,3,1,15,15,30.7,0,0,28.0,1,1,1,1,22,6,7,5,2,2,2,22,18,22,5,26,19,10,4,3,8,18,16,21,11,5,13,9,1,12,1,21:16,1,Mark Williams,2025-26,1631109,Regular Season
2025-26,1631109,Mark Williams,Mark,1610612756,PHX,Phoenix Suns,0022500239,2025-11-16T00:00:00,PHX vs. ATL,L,28.096666666666668,4,5,0.8,0,0,0.0,0,0,0.0,1,3,4,1,2,0,0,0,4,0,8,-15,12.3,0,0,13.0,1,19,19,19,7,16,20,4,2,2,2,25,25,25,21,22,26,10,4,21,19,1,24,27,22,24,28,9,1,28,1,28:06,1,Mark Williams,2025-26,1631109,Regular Season
2025-26,1631109,Mark Williams,Mark,1610612756,PHX,Phoenix Suns,0022500221,2025-11-12T00:00:00,PHX @ DAL,W,26.27166666666667,5,6,0.833,0,0,0.0,0,0,0.0,3,1,4,2,1,2,2,0,2,1,10,-5,28.8,0,0,24.0,1,1,1,1,13,14,17,3,2,2,2,25,25,25,11,27,26,4,10,3,2,1,9,21,17,19,16,9,1,17,1,26:16,1,Mark Williams,2025-26,1631109,Regular Season
2025-26,1631109,Mark Williams,Mark,1610612756,PHX,Phoenix Suns,0022500204,2025-11-10T00:00:00,PHX vs. NOP,W,20.233333333333334,0,1,0.0,0,0,0.0,2,2,1.0,1,6,7,1,0,1,2,1,2,3,2,8,20.9,0,0,16.0,1,1,1,1,23,28,29,28,2,2,2,14,18,1,21,10,15,10,17,13,2,18,9,14,27,12,21,9,1,24,1,20:14,1,Mark Williams,2025-26,1631109,Regular Season
2025-26,1631109,Mark Williams,Mark,1610612756,PHX,Phoenix Suns,0022500190,2025-11-08T00:00:00,PHX @ LAC,W,28.583333333333332,7,9,0.778,0,0,0.0,5,5,1.0,1,5,6,0,2,2,0,0,3,3,19,18,30.2,0,0,29.0,1,1,1,1,6,6,7,5,2,2,2,6,8,1,21,15,19,19,4,3,19,1,16,14,7,3,15,9,1,11,1,28:35,1,Mark Williams,2025-26,1631109,Regular Season
2025-26,1631109,Mark Williams,Mark,1610612756,PHX,Phoenix Suns,0022500182,2025-11-06T00:00:00,PHX vs. LAC,W,27.616666666666667,4,8,0.5,0,0,0.0,5,6,0.833,3,7,10,0,0,2,0,1,4,5,13,18,31.0,1,0,27.0,1,1,1,1,9,16,13,22,2,2,2,6,7,11,11,5,9,19,17,3,19,18,24,5,14,3,11,1,1,14,1,27:37,1,Mark Williams,2025-26,1631109,Regular Season
2025-26,1631109,Mark Williams,Mark,1610612756,PHX,Phoenix Suns,0022500169,2025-11-04T00:00:00,PHX @ GSW,L,27.35,6,12,0.5,0,0,0.0,4,5,0.8,9,7,16,4,2,1,0,1,1,4,16,1,42.2,1,0,38.0,1,19,19,19,10,10,3,22,2,2,2,9,8,13,1,5,1,1,4,13,19,18,4,8,10,18,5,1,1,5,1,27:21,1,Mark Williams,2025-26,1631109,Regular Season
2025-26,1631109,Mark Williams,Mark,1610612756,PHX,Phoenix Suns,0022500154,2025-11-02T00:00:00,PHX vs. SAS,W,25.173333333333332,3,5,0.6,0,0,0.0,1,4,0.25,1,6,7,2,0,1,2,1,3,4,7,24,27.4,0,0,22.0,1,1,1,1,15,20,20,19,2,2,2,22,11,24,21,10,15,4,17,13,2,18,16,8,23,1,17,9,1,18,1,25:10,1,Mark Williams,2025-26,1631109,Regular Season
2025-26,1631109,Mark Williams,Mark,1610612756,PHX,Phoenix Suns,0022500025,2025-10-31T00:00:00,PHX vs. UTA,W,25.366666666666667,3,6,0.5,0,0,0.0,3,4,0.75,1,6,7,0,0,0,2,1,2,4,9,3,23.4,0,0,20.0,1,1,1,1,14,20,17,22,2,2,2,11,11,16,21,10,15,19,17,21,2,18,9,8,20,16,20,9,1,20,1,25:22,1,Mark Williams,2025-26,1631109,Regular Season
2025-26,1631109,Mark Williams,Mark,1610612756,PHX,Phoenix Suns,0022500137,2025-10-29T00:00:00,PHX vs. MEM,L,27.716666666666665,9,12,0.75,0,0,0.0,2,2,1.0,4,8,12,1,2,4,1,0,4,1,20,6,48.9,1,0,43.0,1,19,19,19,8,1,3,8,2,2,2,14,18,1,5,4,5,10,4,1,8,1,24,21,5,14,2,1,1,3,1,27:43,1,Mark Williams,2025-26,1631109,Regular Season
2025-26,1631109,Mark Williams,Mark,1610612756,PHX,Phoenix Suns,0022500120,2025-10-27T00:00:00,PHX @ UTA,L,30.883333333333333,9,14,0.643,0,0,0.0,7,9,0.778,5,6,11,0,0,2,0,1,3,6,25,13,44.2,1,0,40.0,1,19,19,19,1,1,1,18,2,2,2,2,2,14,4,10,6,19,17,3,19,18,16,2,1,10,4,1,1,4,1,30:53,1,Mark Williams,2025-26,1631109,Regular Season
2025-26,1631109,Mark Williams,Mark,1610612756,PHX,Phoenix Suns,0022500099,2025-10-24T00:00:00,PHX @ LAC,L,13.933333333333334,1,5,0.2,0,0,0.0,0,0,0.0,3,3,6,0,0,0,0,1,4,0,2,-18,9.2,0,0,8.0,1,19,19,19,28,27,20,27,2,2,2,25,25,25,11,22,19,19,17,21,19,18,24,27,27,27,29,9,1,29,1,13:56,1,Mark Williams,2025-26,1631109,Regular Season
2025-26,1631109,Mark Williams,Mark,1610612756,PHX,Phoenix Suns,0022500088,2025-10-22T00:00:00,PHX vs. SAC,W,23.64666666666667,3,5,0.6,0,0,0.0,0,0,0.0,2,9,11,0,1,0,2,1,2,1,6,15,24.2,0,0,21.0,1,1,1,1,18,20,20,19,2,2,2,25,25,25,19,2,6,19,10,21,2,18,9,21,24,5,19,9,1,19,1,23:39,1,Mark Williams,2025-26,1631109,Regular Season
2025-26,1628404,Josh Hart,Josh,1610612752,NYK,New York Knicks,0022500009,2025-12-25T00:00:00,NYK vs. CLE,W,26.416666666666668,5,9,0.556,2,5,0.4,3,3,1.0,1,4,5,3,1,0,0,0,2,2,15,-19,24.5,0,0,25.0,1,1,1,1,21,9,16,9,9,5,12,3,5,1,14,20,20,21,18,23,8,1,10,11,9,27,21,9,2,18,1,26:25,1,Josh Hart,2025-26,1628404,Regular Season
2025-26,1628404,Josh Hart,Josh,1610612752,NYK,New York Knicks,0022500416,2025-12-23T00:00:00,NYK @ MIN,L,42.45166666666667,5,14,0.357,1,3,0.333,1,1,1.0,4,11,15,8,6,2,0,2,3,3,12,-5,42.0,1,0,40.0,1,20,20,20,1,9,1,23,11,18,13,11,12,1,3,3,1,3,1,5,8,25,16,5,14,21,5,1,2,4,1,42:27,1,Josh Hart,2025-26,1628404,Regular Season
2025-26,1628404,Josh Hart,Josh,1610612752,NYK,New York Knicks,0022500398,2025-12-21T00:00:00,NYK vs. MIA,W,33.28333333333333,5,10,0.5,3,5,0.6,0,0,0.0,1,9,10,5,0,2,0,0,3,1,13,4,38.5,1,0,35.0,1,1,1,1,13,9,12,13,6,5,5,17,18,17,14,7,8,13,26,5,8,1,16,19,13,13,10,1,2,11,1,33:17,1,Josh Hart,2025-26,1628404,Regular Season
2025-26,1628404,Josh Hart,Josh,1610612752,NYK,New York Knicks,0022500382,2025-12-19T00:00:00,NYK vs. PHI,L,33.833333333333336,2,7,0.286,1,3,0.333,0,0,0.0,2,8,10,6,3,1,0,1,1,2,5,-12,26.0,0,0,24.0,1,20,20,20,9,23,21,24,11,18,13,17,18,17,8,8,8,10,4,13,8,20,3,11,25,23,19,9,2,20,1,33:50,1,Josh Hart,2025-26,1628404,Regular Season
2025-26,1628404,Josh Hart,Josh,1610612752,NYK,New York Knicks,0022501229,2025-12-13T00:00:00,NYK @ ORL,W,31.338333333333335,6,12,0.5,0,4,0.0,0,0,0.0,1,5,6,6,3,3,1,0,6,1,12,-1,37.2,0,0,32.0,1,1,1,1,14,7,4,13,22,12,22,17,18,17,14,15,17,10,4,1,2,1,27,19,14,17,11,9,2,14,1,31:20,1,Josh Hart,2025-26,1628404,Regular Season
2025-26,1628404,Josh Hart,Josh,1610612752,NYK,New York Knicks,0022501202,2025-12-09T00:00:00,NYK @ TOR,W,36.236666666666665,8,11,0.727,4,7,0.571,1,1,1.0,1,5,6,4,3,2,0,0,0,4,21,13,37.2,0,0,39.0,1,1,1,1,6,1,8,1,1,1,7,11,12,1,14,15,17,17,4,5,8,1,1,2,2,8,11,9,2,5,1,36:14,1,Josh Hart,2025-26,1628404,Regular Season
2025-26,1628404,Josh Hart,Josh,1610612752,NYK,New York Knicks,0022500357,2025-12-07T00:00:00,NYK vs. ORL,W,33.585,7,13,0.538,3,5,0.6,0,0,0.0,0,12,12,1,0,2,1,1,2,3,17,-1,41.9,1,0,39.0,1,1,1,1,11,4,2,12,6,5,5,17,18,17,24,2,4,27,26,5,2,20,10,5,7,17,6,1,2,5,1,33:35,1,Josh Hart,2025-26,1628404,Regular Season
2025-26,1628404,Josh Hart,Josh,1610612752,NYK,New York Knicks,0022500343,2025-12-05T00:00:00,NYK vs. UTA,W,27.783333333333335,3,6,0.5,0,3,0.0,2,2,1.0,1,5,6,6,2,1,0,0,1,1,8,37,25.2,0,0,22.0,1,1,1,1,19,21,25,13,22,18,22,7,9,1,14,15,17,10,12,13,8,1,3,19,21,1,20,9,2,22,1,27:47,1,Josh Hart,2025-26,1628404,Regular Season
2025-26,1628404,Josh Hart,Josh,1610612752,NYK,New York Knicks,0022500328,2025-12-03T00:00:00,NYK vs. CHA,W,36.545,4,11,0.364,1,5,0.2,6,7,0.857,2,6,8,8,2,1,1,2,1,4,15,12,40.6,0,0,36.0,1,1,1,1,4,19,8,22,11,5,19,2,2,12,8,12,13,3,12,13,2,25,3,2,9,9,7,9,2,8,1,36:33,1,Josh Hart,2025-26,1628404,Regular Season
2025-26,1628404,Josh Hart,Josh,1610612752,NYK,New York Knicks,0022500320,2025-12-02T00:00:00,NYK @ BOS,L,36.25,7,11,0.636,4,7,0.571,1,1,1.0,2,5,7,4,2,1,0,0,3,3,19,-1,34.4,0,0,36.0,1,20,20,20,5,4,8,5,1,1,7,11,12,1,8,15,15,17,12,13,8,1,16,5,4,17,14,9,2,8,1,36:15,1,Josh Hart,2025-26,1628404,Regular Season
2025-26,1628404,Josh Hart,Josh,1610612752,NYK,New York Knicks,0022500303,2025-11-30T00:00:00,NYK vs. TOR,W,34.96666666666667,8,12,0.667,4,7,0.571,0,0,0.0,5,7,12,7,4,3,0,0,2,0,20,24,49.9,1,0,49.0,1,1,1,1,7,1,4,4,1,1,7,17,18,17,2,10,4,6,3,1,8,1,10,26,3,2,2,1,2,1,1,34:58,1,Josh Hart,2025-26,1628404,Regular Season
2025-26,1628404,Josh Hart,Josh,1610612752,NYK,New York Knicks,0022500074,2025-11-28T00:00:00,NYK vs. MIL,W,39.905,5,12,0.417,0,4,0.0,9,10,0.9,2,13,15,7,3,3,0,0,4,8,19,15,53.5,1,0,47.0,1,1,1,1,2,9,4,18,22,12,22,1,1,11,8,1,1,6,4,1,8,1,22,1,4,7,1,1,2,2,1,39:54,1,Josh Hart,2025-26,1628404,Regular Season
2025-26,1628404,Josh Hart,Josh,1610612752,NYK,New York Knicks,0022500061,2025-11-26T00:00:00,NYK @ CHA,W,33.75,8,13,0.615,4,6,0.667,2,2,1.0,2,6,8,7,2,3,0,1,5,2,22,20,49.1,0,0,47.0,1,1,1,1,10,1,2,7,1,4,4,7,9,1,8,12,13,6,12,1,8,20,25,11,1,4,3,9,2,2,1,33:45,1,Josh Hart,2025-26,1628404,Regular Season
2025-26,1628404,Josh Hart,Josh,1610612752,NYK,New York Knicks,0022500285,2025-11-24T00:00:00,NYK @ BKN,W,37.666666666666664,3,8,0.375,1,3,0.333,0,1,0.0,2,10,12,7,1,2,2,0,3,3,7,17,42.9,0,0,35.0,1,1,1,1,3,21,18,21,11,18,13,17,12,17,8,4,4,6,18,5,1,1,16,5,23,6,4,9,2,11,1,37:40,1,Josh Hart,2025-26,1628404,Regular Season
2025-26,1628404,Josh Hart,Josh,1610612752,NYK,New York Knicks,0022500269,2025-11-22T00:00:00,NYK @ ORL,L,28.753333333333334,5,9,0.556,1,5,0.2,1,1,1.0,1,4,5,2,2,0,0,0,6,1,12,-19,19.0,0,0,20.0,1,20,20,20,17,9,16,9,11,5,19,11,12,1,14,20,20,24,12,23,8,1,27,19,14,27,26,9,2,23,1,28:45,1,Josh Hart,2025-26,1628404,Regular Season
2025-26,1628404,Josh Hart,Josh,1610612752,NYK,New York Knicks,0022500262,2025-11-19T00:00:00,NYK @ DAL,W,30.033333333333335,5,10,0.5,3,4,0.75,3,4,0.75,3,7,10,5,1,1,1,2,5,2,16,8,40.5,1,0,38.0,1,1,1,1,16,9,12,13,6,12,3,3,3,13,4,10,8,13,18,13,2,25,25,11,8,11,8,1,2,7,1,30:02,1,Josh Hart,2025-26,1628404,Regular Season
2025-26,1628404,Josh Hart,Josh,1610612752,NYK,New York Knicks,0022500244,2025-11-17T00:00:00,NYK @ MIA,L,34.083333333333336,6,11,0.545,0,3,0.0,2,3,0.667,1,4,5,9,6,2,1,0,3,4,14,-11,36.5,0,0,34.0,1,20,20,20,8,7,8,11,22,18,22,7,5,14,14,20,20,2,1,5,2,1,16,2,11,22,13,9,2,13,1,34:05,1,Josh Hart,2025-26,1628404,Regular Season
2025-26,1628404,Josh Hart,Josh,1610612752,NYK,New York Knicks,0022500039,2025-11-14T00:00:00,NYK vs. MIA,W,33.583333333333336,5,8,0.625,1,1,1.0,1,2,0.5,1,10,11,10,3,1,0,0,4,2,12,3,40.2,1,1,36.0,1,1,1,1,12,9,18,6,11,27,1,11,9,15,14,4,7,1,4,13,8,1,22,11,14,14,9,1,1,8,1,33:35,1,Josh Hart,2025-26,1628404,Regular Season
2025-26,1628404,Josh Hart,Josh,1610612752,NYK,New York Knicks,0022500215,2025-11-12T00:00:00,NYK vs. ORL,L,18.0,4,10,0.4,1,5,0.2,1,1,1.0,1,2,3,2,3,1,1,1,2,2,10,-16,19.6,0,0,20.0,1,20,20,20,27,19,12,19,11,5,19,11,12,1,14,26,27,24,4,13,2,20,10,11,20,24,24,9,2,23,1,18:00,1,Josh Hart,2025-26,1628404,Regular Season
2025-26,1628404,Josh Hart,Josh,1610612752,NYK,New York Knicks,0022500208,2025-11-11T00:00:00,NYK vs. MEM,W,30.311666666666667,2,7,0.286,1,3,0.333,3,3,1.0,0,4,4,8,1,2,0,0,4,2,8,6,29.8,0,0,25.0,1,1,1,1,15,23,21,24,11,18,13,3,5,1,24,20,25,3,18,5,8,1,22,11,21,12,16,9,2,18,1,30:19,1,Josh Hart,2025-26,1628404,Regular Season
2025-26,1628404,Josh Hart,Josh,1610612752,NYK,New York Knicks,0022500192,2025-11-09T00:00:00,NYK vs. BKN,W,21.091666666666665,5,7,0.714,1,2,0.5,0,0,0.0,3,4,7,2,1,1,0,1,1,0,11,18,24.4,0,0,23.0,1,1,1,1,25,9,21,2,11,25,10,17,18,17,4,20,15,24,18,13,8,20,3,26,19,5,22,9,2,21,1,21:06,1,Josh Hart,2025-26,1628404,Regular Season
2025-26,1628404,Josh Hart,Josh,1610612752,NYK,New York Knicks,0022500175,2025-11-05T00:00:00,NYK vs. MIN,W,27.483333333333334,7,12,0.583,4,5,0.8,0,0,0.0,0,5,5,4,1,0,0,0,1,1,18,12,29.0,0,0,31.0,1,1,1,1,20,4,4,8,1,5,2,17,18,17,24,15,20,17,18,23,8,1,3,19,6,9,18,9,2,15,1,27:29,1,Josh Hart,2025-26,1628404,Regular Season
2025-26,1628404,Josh Hart,Josh,1610612752,NYK,New York Knicks,0022500159,2025-11-03T00:00:00,NYK vs. WAS,W,26.383333333333333,5,7,0.714,2,4,0.5,0,0,0.0,0,10,10,5,1,0,0,0,2,1,12,21,30.5,1,0,29.0,1,1,1,1,22,9,21,2,9,12,10,17,18,17,24,4,8,13,18,23,8,1,10,19,14,3,15,1,2,16,1,26:23,1,Josh Hart,2025-26,1628404,Regular Season
2025-26,1628404,Josh Hart,Josh,1610612752,NYK,New York Knicks,0022500153,2025-11-02T00:00:00,NYK vs. CHI,W,26.011666666666667,5,10,0.5,1,4,0.25,3,3,1.0,3,6,9,3,3,1,0,0,1,2,14,1,29.3,0,0,29.0,1,1,1,1,24,9,12,13,11,12,17,3,5,1,4,12,12,21,4,13,8,1,3,11,11,16,17,9,2,16,1,26:01,1,Josh Hart,2025-26,1628404,Regular Season
2025-26,1628404,Josh Hart,Josh,1610612752,NYK,New York Knicks,0022500023,2025-10-31T00:00:00,NYK @ CHI,L,15.145,0,1,0.0,0,1,0.0,0,0,0.0,0,1,1,1,1,0,0,0,2,0,0,-18,1.7,0,0,2.0,1,20,20,20,28,28,28,28,22,27,22,17,18,17,24,28,28,27,18,23,8,1,10,26,28,25,28,9,2,28,1,15:09,1,Josh Hart,2025-26,1628404,Regular Season
2025-26,1628404,Josh Hart,Josh,1610612752,NYK,New York Knicks,0022500125,2025-10-28T00:00:00,NYK @ MIL,L,26.31833333333333,1,5,0.2,1,4,0.25,0,0,0.0,1,3,4,4,2,2,0,0,0,3,3,-18,17.8,0,0,16.0,1,20,20,20,23,26,26,26,11,12,17,17,18,17,14,25,25,17,12,5,8,1,1,5,26,25,27,9,2,27,1,26:19,1,Josh Hart,2025-26,1628404,Regular Season
2025-26,1628404,Josh Hart,Josh,1610612752,NYK,New York Knicks,0022500108,2025-10-26T00:00:00,NYK @ MIA,L,28.65,2,5,0.4,0,2,0.0,2,4,0.5,3,2,5,5,3,1,0,0,1,3,6,2,19.5,0,0,18.0,1,20,20,20,18,23,26,19,22,25,22,7,3,15,4,26,20,13,4,13,8,1,3,5,24,15,25,9,2,26,1,28:39,1,Josh Hart,2025-26,1628404,Regular Season
2025-26,1628404,Josh Hart,Josh,1610612752,NYK,New York Knicks,0022500018,2025-10-24T00:00:00,NYK vs. BOS,W,18.966666666666665,1,8,0.125,0,3,0.0,0,0,0.0,6,8,14,3,0,0,0,2,3,1,2,-2,23.3,0,0,19.0,1,1,1,1,26,26,18,27,22,18,22,17,18,17,1,8,3,21,26,23,8,25,16,19,27,20,23,9,2,25,1,18:58,1,Josh Hart,2025-26,1628404,Regular Season
