SEASON_YEAR,TEAM_ID,TEAM_ABBREVIATION,TEAM_NAME,GAME_ID,GAME_DATE,MATCHUP,WL,MIN,FGM,FGA,FG_PCT,FG3M,FG3A,FG3_PCT,FTM,FTA,FT_PCT,OREB,DREB,REB,AST,TOV,STL,BLK,BLKA,PF,PFD,PTS,PLUS_MINUS,GP_RANK,W_RANK,L_RANK,W_PCT_RANK,MIN_RANK,FGM_RANK,FGA_RANK,FG_PCT_RANK,FG3M_RANK,FG3A_RANK,FG3_PCT_RANK,FTM_RANK,FTA_RANK,FT_PCT_RANK,OREB_RANK,DREB_RANK,REB_RANK,AST_RANK,TOV_RANK,STL_RANK,BLK_RANK,BLKA_RANK,PF_RANK,PFD_RANK,PTS_RANK,PLUS_MINUS_RANK,AVAILABLE_FLAG
2025-26,1610612737,ATL,Atlanta Hawks,0022500479,2026-01-02T00:00:00,ATL @ NYK,W,48.0,42,88,0.477,12,36,0.333,15,25,0.6,9,40,49,31,13.0,12,2,6,21,17,111,12.0,1,1,1,1,2,22,24,21,25,24,22,20,10,35,17,3,5,19,12,6,31,25,20,21,27,8,1
2025-26,1610612737,ATL,Atlanta Hawks,0022500463,2025-12-31T00:00:00,ATL vs. MIN,W,48.0,51,104,0.49,16,42,0.381,8,16,0.5,16,33,49,38,10.0,9,4,6,15,16,126,24.0,1,1,1,1,2,2,1,17,10,12,14,34,26,36,3,12,5,3,5,14,23,25,4,25,11,2,1
2025-26,1610612737,ATL,Atlanta Hawks,0022500455,2025-12-29T00:00:00,ATL @ OKC,L,48.0,46,97,0.474,25,54,0.463,12,17,0.706,10,28,38,32,16.0,11,4,7,20,18,129,-11.0,1,18,18,18,2,14,7,22,1,1,5,28,25,29,13,26,21,16,18,7,23,32,15,17,8,28,1
2025-26,1610612737,ATL,Atlanta Hawks,0022500435,2025-12-27T00:00:00,ATL vs. NYK,L,48.0,43,89,0.483,17,43,0.395,22,27,0.815,9,28,37,33,12.0,6,3,4,20,25,125,-3.0,1,18,18,18,2,19,22,18,6,8,11,7,8,12,17,26,25,12,9,30,28,12,15,6,14,21,1
2025-26,1610612737,ATL,Atlanta Hawks,0022500423,2025-12-26T00:00:00,ATL vs. MIA,L,48.0,40,85,0.471,12,36,0.333,19,21,0.905,5,37,42,26,21.0,6,5,2,16,16,111,-15.0,1,18,18,18,2,26,27,24,25,24,22,11,17,5,36,7,16,29,33,30,16,4,5,25,27,30,1
2025-26,1610612737,ATL,Atlanta Hawks,0022500411,2025-12-23T00:00:00,ATL vs. CHI,L,48.0,48,95,0.505,14,42,0.333,13,20,0.65,6,32,38,38,12.0,9,4,5,24,18,123,-3.0,1,18,18,18,2,9,9,14,17,12,22,26,20,33,31,15,21,3,9,14,23,21,28,17,16,21,1
2025-26,1610612737,ATL,Atlanta Hawks,0022500396,2025-12-21T00:00:00,ATL vs. CHI,L,48.0,51,98,0.52,23,47,0.489,25,32,0.781,6,29,35,39,10.0,6,7,3,25,21,150,-2.0,1,18,18,18,2,2,4,9,3,2,4,5,5,18,31,25,30,2,5,30,4,6,33,9,1,20,1
2025-26,1610612737,ATL,Atlanta Hawks,0022500383,2025-12-19T00:00:00,ATL vs. SAS,L,48.0,38,94,0.404,10,40,0.25,12,16,0.75,10,33,43,26,17.0,7,1,4,14,12,98,-28.0,1,18,18,18,2,30,12,34,31,14,35,28,26,20,13,12,14,29,23,25,34,12,1,34,33,36,1
2025-26,1610612737,ATL,Atlanta Hawks,0022500371,2025-12-18T00:00:00,ATL @ CHA,L,48.0,48,92,0.522,11,37,0.297,19,22,0.864,9,26,35,31,15.0,6,2,3,20,21,126,-7.0,1,18,18,18,2,9,16,8,27,22,31,11,13,8,17,32,30,19,15,30,31,6,15,9,11,24,1
2025-26,1610612737,ATL,Atlanta Hawks,0022501217,2025-12-14T00:00:00,ATL vs. PHI,W,48.0,43,99,0.434,17,33,0.515,17,21,0.81,18,39,57,33,17.0,8,6,10,23,15,120,3.0,1,1,1,1,2,19,3,30,6,29,2,15,17,13,2,4,2,12,23,21,7,36,25,29,19,14,1
2025-26,1610612737,ATL,Atlanta Hawks,0022501210,2025-12-12T00:00:00,ATL @ DET,L,48.0,39,85,0.459,11,36,0.306,26,31,0.839,13,24,37,28,20.0,9,8,6,18,22,115,-27.0,1,18,18,18,2,28,27,27,27,24,30,4,6,9,8,35,25,25,31,14,1,25,10,8,22,35,1
2025-26,1610612737,ATL,Atlanta Hawks,0022500351,2025-12-06T00:00:00,ATL @ WAS,W,48.0,52,98,0.531,13,39,0.333,14,14,1.0,15,30,45,36,15.0,13,4,5,16,18,131,15.0,1,1,1,1,2,1,4,5,20,17,22,22,32,1,4,22,9,6,15,4,23,21,5,17,6,6,1
2025-26,1610612737,ATL,Atlanta Hawks,0022500340,2025-12-05T00:00:00,ATL vs. DEN,L,48.0,49,95,0.516,20,46,0.435,15,16,0.938,11,34,45,35,14.0,8,2,6,25,15,133,-1.0,1,18,18,18,2,5,9,11,4,4,6,20,26,3,11,9,9,10,13,21,31,25,33,29,3,18,1
2025-26,1610612737,ATL,Atlanta Hawks,0022500327,2025-12-03T00:00:00,ATL vs. LAC,L,48.0,34,85,0.4,13,39,0.333,11,14,0.786,7,31,38,20,16.0,9,1,1,17,18,92,-23.0,1,18,18,18,2,35,27,35,20,17,22,32,32,17,26,18,21,36,18,14,34,1,8,17,36,34,1
2025-26,1610612737,ATL,Atlanta Hawks,0022500309,2025-12-01T00:00:00,ATL @ DET,L,48.0,38,89,0.427,14,40,0.35,8,11,0.727,7,27,34,27,15.0,15,4,9,16,12,98,-1.0,1,18,18,18,2,30,22,31,17,14,18,34,35,25,26,30,33,28,15,2,23,34,5,34,33,18,1
2025-26,1610612737,ATL,Atlanta Hawks,0022500304,2025-11-30T00:00:00,ATL @ PHI,W,58.0,48,104,0.462,15,45,0.333,31,41,0.756,14,44,58,36,23.0,10,6,6,27,28,142,8.0,1,1,1,1,1,9,1,26,14,6,22,3,2,19,6,1,1,6,35,12,7,25,36,3,2,10,1
2025-26,1610612737,ATL,Atlanta Hawks,0022500069,2025-11-28T00:00:00,ATL vs. CLE,W,48.0,48,91,0.527,16,43,0.372,18,26,0.692,6,32,38,36,14.0,11,5,4,14,17,130,7.0,1,1,1,1,2,9,17,7,10,8,15,13,9,31,31,15,21,6,13,7,16,12,1,21,7,11,1
2025-26,1610612737,ATL,Atlanta Hawks,0022500057,2025-11-25T00:00:00,ATL @ WAS,L,48.0,43,95,0.453,15,43,0.349,12,16,0.75,14,30,44,33,19.0,4,6,8,19,19,113,-19.0,1,18,18,18,2,19,9,28,14,8,19,28,26,20,6,22,12,12,28,36,7,33,12,13,24,32,1
2025-26,1610612737,ATL,Atlanta Hawks,0022500276,2025-11-23T00:00:00,ATL vs. CHA,W,48.0,45,91,0.495,11,31,0.355,12,16,0.75,10,27,37,32,9.0,6,5,2,21,15,113,3.0,1,1,1,1,2,16,17,16,27,32,17,28,26,20,13,30,25,16,4,30,16,4,20,29,24,14,1
2025-26,1610612737,ATL,Atlanta Hawks,0022500270,2025-11-22T00:00:00,ATL @ NOP,W,48.0,42,90,0.467,17,46,0.37,14,19,0.737,10,32,42,28,7.0,6,7,6,20,17,115,17.0,1,1,1,1,2,22,19,25,6,4,16,22,24,24,13,15,16,25,2,30,4,25,15,21,22,5,1
2025-26,1610612737,ATL,Atlanta Hawks,0022500267,2025-11-20T00:00:00,ATL @ SAS,L,48.0,49,87,0.563,20,37,0.541,8,13,0.615,6,33,39,30,16.0,7,6,4,24,15,126,-9.0,1,18,18,18,2,5,25,2,4,22,1,34,34,34,31,12,20,22,18,25,7,12,28,29,11,27,1
2025-26,1610612737,ATL,Atlanta Hawks,0022500251,2025-11-18T00:00:00,ATL vs. DET,L,48.0,42,87,0.483,15,44,0.341,13,15,0.867,11,24,35,31,19.0,9,5,4,24,16,112,-8.0,1,18,18,18,2,22,25,19,14,7,21,26,31,6,11,35,30,19,28,14,16,12,28,25,26,25,1
2025-26,1610612737,ATL,Atlanta Hawks,0022500239,2025-11-16T00:00:00,ATL @ PHX,W,48.0,45,85,0.529,14,43,0.326,20,24,0.833,9,25,34,35,17.0,11,3,3,19,24,124,2.0,1,1,1,1,2,16,27,6,17,8,29,10,11,10,17,34,33,10,23,7,28,6,12,7,15,17,1
2025-26,1610612737,ATL,Atlanta Hawks,0022500227,2025-11-13T00:00:00,ATL @ UTA,W,48.0,46,90,0.511,24,47,0.511,16,22,0.727,9,34,43,36,18.0,18,6,5,18,19,132,10.0,1,1,1,1,2,14,19,12,2,2,3,16,13,25,17,9,14,6,27,1,7,21,10,13,5,9,1
2025-26,1610612737,ATL,Atlanta Hawks,0022500223,2025-11-12T00:00:00,ATL @ SAC,W,48.0,49,85,0.576,17,40,0.425,18,22,0.818,7,38,45,42,21.0,14,6,1,20,19,133,33.0,1,1,1,1,2,5,27,1,6,14,8,13,13,11,26,5,9,1,33,3,7,1,15,13,3,1,1
2025-26,1610612737,ATL,Atlanta Hawks,0022500206,2025-11-10T00:00:00,ATL @ LAC,W,48.0,38,84,0.452,13,34,0.382,16,20,0.8,7,34,41,30,12.0,7,8,9,22,14,105,3.0,1,1,1,1,2,30,34,29,20,28,13,16,20,15,26,9,18,22,9,25,1,34,24,33,31,14,1
2025-26,1610612737,ATL,Atlanta Hawks,0022500185,2025-11-08T00:00:00,ATL vs. LAL,W,48.0,48,93,0.516,16,39,0.41,10,11,0.909,7,30,37,37,11.0,13,6,5,14,11,122,20.0,1,1,1,1,2,9,14,10,10,17,9,33,35,4,26,22,25,5,8,4,7,21,1,36,18,3,1
2025-26,1610612737,ATL,Atlanta Hawks,0022500030,2025-11-07T00:00:00,ATL vs. TOR,L,48.0,33,96,0.344,9,38,0.237,22,23,0.957,19,35,54,24,19.0,8,7,6,19,21,97,-12.0,1,18,18,18,2,36,8,36,34,21,36,7,12,2,1,8,4,34,28,21,4,25,12,9,35,29,1
2025-26,1610612737,ATL,Atlanta Hawks,0022500166,2025-11-04T00:00:00,ATL vs. ORL,W,48.0,40,72,0.556,13,30,0.433,34,42,0.81,6,28,34,23,20.0,11,6,1,24,30,127,15.0,1,1,1,1,2,26,36,3,20,33,7,1,1,13,31,26,33,35,31,7,7,1,28,2,10,6,1
2025-26,1610612737,ATL,Atlanta Hawks,0022500151,2025-11-02T00:00:00,ATL @ CLE,L,48.0,39,77,0.506,6,23,0.261,25,35,0.714,8,38,46,28,23.0,9,3,4,21,28,109,-8.0,1,18,18,18,2,28,35,13,36,36,34,5,4,28,23,5,7,25,35,14,28,12,20,3,30,25,1
2025-26,1610612737,ATL,Atlanta Hawks,0022500020,2025-10-31T00:00:00,ATL @ IND,W,48.0,51,94,0.543,10,30,0.333,16,20,0.8,12,43,55,30,10.0,10,5,3,23,16,128,20.0,1,1,1,1,2,2,12,4,31,33,22,16,20,15,10,2,3,22,5,12,16,6,25,25,9,3,1
2025-26,1610612737,ATL,Atlanta Hawks,0022500130,2025-10-29T00:00:00,ATL @ BKN,W,48.0,44,93,0.473,13,33,0.394,16,22,0.727,13,31,44,33,8.0,11,8,4,26,17,117,5.0,1,1,1,1,2,18,14,23,20,29,12,16,13,25,8,18,12,12,3,7,1,12,35,21,21,12,1
2025-26,1610612737,ATL,Atlanta Hawks,0022500115,2025-10-27T00:00:00,ATL @ CHI,L,48.0,49,98,0.5,11,32,0.344,14,20,0.7,8,28,36,32,6.0,8,1,4,17,20,123,-5.0,1,18,18,18,2,5,4,15,27,31,20,22,20,30,23,26,29,16,1,21,34,12,8,12,16,23,1
2025-26,1610612737,ATL,Atlanta Hawks,0022500101,2025-10-25T00:00:00,ATL vs. OKC,L,48.0,35,85,0.412,16,39,0.41,14,21,0.667,15,31,46,25,17.0,7,5,3,23,19,100,-17.0,1,18,18,18,2,34,27,33,10,17,9,22,17,32,4,18,7,32,23,25,16,6,25,13,32,31,1
2025-26,1610612737,ATL,Atlanta Hawks,0022500090,2025-10-24T00:00:00,ATL @ ORL,W,48.0,41,85,0.482,8,29,0.276,21,28,0.75,9,31,40,26,16.0,9,5,3,21,26,111,4.0,1,1,1,1,2,25,27,20,35,35,33,9,7,20,17,18,19,29,18,14,16,6,20,5,27,13,1
2025-26,1610612737,ATL,Atlanta Hawks,0022500082,2025-10-22T00:00:00,ATL vs. TOR,L,48.0,38,90,0.422,10,35,0.286,32,37,0.865,8,26,34,25,16.0,7,6,4,24,31,118,-20.0,1,18,18,18,2,30,19,32,31,27,32,2,3,7,23,32,33,32,18,25,7,12,28,1,20,33,1
2025-26,1610612738,BOS,Boston Celtics,0022500474,2026-01-01T00:00:00,BOS @ SAC,W,48.0,44,87,0.506,17,41,0.415,15,18,0.833,5,35,40,25,13.0,8,6,2,12,17,120,14.0,1,1,1,1,1,12,23,9,11,20,9,18,20,9,33,8,22,12,19,15,14,3,1,24,14,9,1
2025-26,1610612738,BOS,Boston Celtics,0022500459,2025-12-30T00:00:00,BOS @ UTA,W,48.0,48,94,0.511,13,44,0.295,20,23,0.87,11,33,44,27,8.0,8,9,3,17,17,129,10.0,1,1,1,1,1,6,12,8,22,12,28,5,12,5,22,10,13,7,4,15,1,10,4,24,6,12,1
2025-26,1610612738,BOS,Boston Celtics,0022500444,2025-12-28T00:00:00,BOS @ POR,L,48.0,40,91,0.44,13,44,0.295,15,19,0.789,12,27,39,19,19.0,13,5,2,23,19,108,-6.0,1,22,22,22,1,21,16,24,22,12,28,18,17,18,16,27,24,25,31,2,18,3,21,16,25,26,1
2025-26,1610612738,BOS,Boston Celtics,0022500426,2025-12-26T00:00:00,BOS @ IND,W,48.0,47,83,0.566,20,39,0.513,26,34,0.765,12,31,43,26,14.0,8,3,3,22,28,140,18.0,1,1,1,1,1,7,28,2,5,24,2,1,1,22,16,14,17,8,24,15,26,10,18,1,2,7,1
2025-26,1610612738,BOS,Boston Celtics,0022500403,2025-12-22T00:00:00,BOS vs. IND,W,48.0,38,89,0.427,11,37,0.297,16,19,0.842,11,38,49,19,13.0,6,6,3,16,21,103,8.0,1,1,1,1,1,26,19,27,29,29,27,16,17,8,22,5,6,25,19,26,14,10,3,11,28,14,1
2025-26,1610612738,BOS,Boston Celtics,0022500388,2025-12-20T00:00:00,BOS @ TOR,W,48.0,44,95,0.463,12,39,0.308,12,15,0.8,17,38,55,22,11.0,7,4,7,21,18,112,16.0,1,1,1,1,1,12,7,19,28,24,26,23,23,15,4,5,2,22,11,21,22,28,14,18,21,8,1
2025-26,1610612738,BOS,Boston Celtics,0022500381,2025-12-19T00:00:00,BOS vs. MIA,W,48.0,44,82,0.537,21,43,0.488,20,24,0.833,6,40,46,25,16.0,8,8,1,19,20,129,13.0,1,1,1,1,1,12,29,7,2,16,3,5,8,9,32,1,9,12,28,15,3,2,7,13,6,11,1
2025-26,1610612738,BOS,Boston Celtics,0022501222,2025-12-15T00:00:00,BOS vs. DET,L,48.0,38,82,0.463,10,39,0.256,19,27,0.704,7,30,37,16,13.0,7,5,3,20,20,105,-7.0,1,22,22,22,1,26,29,18,33,24,31,9,3,29,30,17,29,32,19,21,18,10,9,13,26,28,1
2025-26,1610612738,BOS,Boston Celtics,0022501206,2025-12-11T00:00:00,BOS @ MIL,L,48.0,34,88,0.386,14,49,0.286,19,25,0.76,13,26,39,18,14.0,7,1,5,15,24,101,-15.0,1,22,22,22,1,33,21,33,18,5,30,9,6,25,13,30,24,29,24,21,32,23,2,2,30,32,1
2025-26,1610612738,BOS,Boston Celtics,0022500358,2025-12-07T00:00:00,BOS @ TOR,W,48.0,44,92,0.478,20,47,0.426,13,14,0.929,14,27,41,24,11.0,8,9,3,22,18,121,8.0,1,1,1,1,1,12,14,14,5,6,7,21,27,2,9,27,20,16,11,15,1,10,18,18,12,14,1
2025-26,1610612738,BOS,Boston Celtics,0022500338,2025-12-05T00:00:00,BOS vs. LAL,W,48.0,46,84,0.548,24,45,0.533,10,12,0.833,8,30,38,31,16.0,9,5,2,20,14,126,21.0,1,1,1,1,1,8,27,4,1,9,1,27,30,9,28,17,26,3,28,10,18,3,9,31,8,5,1
2025-26,1610612738,BOS,Boston Celtics,0022500334,2025-12-04T00:00:00,BOS @ WAS,W,48.0,54,99,0.545,20,47,0.426,18,21,0.857,15,31,46,35,10.0,14,8,4,20,22,146,45.0,1,1,1,1,1,1,4,6,5,6,7,11,15,6,7,14,9,1,5,1,3,15,9,6,1,1,1
2025-26,1610612738,BOS,Boston Celtics,0022500320,2025-12-02T00:00:00,BOS vs. NYK,W,48.0,49,87,0.563,13,40,0.325,12,14,0.857,11,27,38,18,10.0,6,3,2,20,15,123,6.0,1,1,1,1,1,5,23,3,22,22,22,23,27,6,22,27,26,29,5,26,26,3,9,30,10,16,1
2025-26,1610612738,BOS,Boston Celtics,0022500302,2025-11-30T00:00:00,BOS @ CLE,W,48.0,40,81,0.494,14,40,0.35,23,29,0.793,15,31,46,19,19.0,9,4,2,17,22,117,2.0,1,1,1,1,1,21,32,11,18,22,16,2,2,17,7,14,9,25,31,10,22,3,4,6,15,20,1
2025-26,1610612738,BOS,Boston Celtics,0022500293,2025-11-29T00:00:00,BOS @ MIN,L,48.0,45,96,0.469,16,46,0.348,9,15,0.6,14,29,43,24,11.0,10,7,4,21,16,115,-4.0,1,22,22,22,1,11,6,16,12,8,17,31,23,32,9,21,17,16,11,7,9,15,14,29,18,25,1
2025-26,1610612738,BOS,Boston Celtics,0022500060,2025-11-26T00:00:00,BOS vs. DET,W,48.0,38,87,0.437,20,43,0.465,21,24,0.875,12,32,44,24,13.0,9,7,7,27,18,117,3.0,1,1,1,1,1,26,23,25,5,16,4,4,8,4,16,11,13,16,19,10,9,28,30,18,15,18,1
2025-26,1610612738,BOS,Boston Celtics,0022500277,2025-11-23T00:00:00,BOS vs. ORL,W,48.0,53,88,0.602,15,33,0.455,17,22,0.773,7,30,37,29,5.0,6,8,4,21,17,138,9.0,1,1,1,1,1,2,21,1,15,32,5,15,13,20,30,17,29,5,1,26,3,15,14,24,3,13,1
2025-26,1610612738,BOS,Boston Celtics,0022500049,2025-11-21T00:00:00,BOS vs. BKN,L,48.0,42,90,0.467,11,34,0.324,10,14,0.714,14,30,44,24,13.0,7,1,6,25,17,105,-8.0,1,22,22,22,1,18,18,17,29,31,23,27,27,28,9,17,13,16,19,21,32,26,26,24,26,29,1
2025-26,1610612738,BOS,Boston Celtics,0022500250,2025-11-18T00:00:00,BOS @ BKN,W,48.0,37,75,0.493,19,42,0.452,20,26,0.769,10,39,49,25,20.0,6,5,2,24,22,113,14.0,1,1,1,1,1,29,33,12,9,19,6,5,4,21,25,4,6,12,33,26,18,3,22,6,19,9,1
2025-26,1610612738,BOS,Boston Celtics,0022500233,2025-11-16T00:00:00,BOS vs. LAC,W,48.0,46,103,0.447,16,39,0.41,13,17,0.765,20,29,49,26,6.0,6,6,7,21,20,121,3.0,1,1,1,1,1,8,1,22,12,24,11,21,21,22,1,21,6,8,2,26,14,28,14,13,12,18,1
2025-26,1610612738,BOS,Boston Celtics,0022500216,2025-11-12T00:00:00,BOS vs. MEM,W,48.0,50,99,0.505,21,51,0.412,10,12,0.833,18,40,58,34,11.0,4,8,4,20,18,131,36.0,1,1,1,1,1,4,4,10,2,3,10,27,30,9,2,1,1,2,11,32,3,15,9,18,5,2,1
2025-26,1610612738,BOS,Boston Celtics,0022500209,2025-11-11T00:00:00,BOS @ PHI,L,48.0,36,92,0.391,13,38,0.342,15,19,0.789,13,40,53,23,11.0,4,6,6,17,22,100,-2.0,1,22,22,22,1,31,14,31,22,28,18,18,17,18,13,1,4,21,11,32,14,26,4,6,32,23,1
2025-26,1610612738,BOS,Boston Celtics,0022500193,2025-11-09T00:00:00,BOS @ ORL,W,48.0,40,85,0.471,13,33,0.394,18,25,0.72,13,28,41,22,14.0,10,2,4,27,24,111,4.0,1,1,1,1,1,21,26,15,22,32,12,11,6,27,13,25,20,22,24,7,30,15,30,2,22,17,1
2025-26,1610612738,BOS,Boston Celtics,0022500028,2025-11-07T00:00:00,BOS @ ORL,L,48.0,43,95,0.453,13,37,0.351,11,16,0.688,12,32,44,26,14.0,9,8,7,27,18,110,-13.0,1,22,22,22,1,17,7,20,22,29,15,26,22,30,16,11,13,8,24,10,3,28,30,18,23,31,1
2025-26,1610612738,BOS,Boston Celtics,0022500174,2025-11-05T00:00:00,BOS vs. WAS,W,48.0,52,95,0.547,16,41,0.39,16,21,0.762,12,28,40,31,7.0,12,3,5,24,18,136,29.0,1,1,1,1,1,3,7,5,12,20,13,16,15,24,16,25,22,3,3,3,26,23,22,18,4,4,1
2025-26,1610612738,BOS,Boston Celtics,0022500158,2025-11-03T00:00:00,BOS vs. UTA,L,48.0,37,89,0.416,11,51,0.216,18,22,0.818,10,26,36,21,10.0,12,4,2,22,21,103,-2.0,1,22,22,22,1,29,19,30,29,3,33,11,13,14,25,30,32,24,5,3,22,3,18,11,28,23,1
2025-26,1610612738,BOS,Boston Celtics,0022500146,2025-11-01T00:00:00,BOS vs. HOU,L,48.0,40,103,0.388,14,44,0.318,7,7,1.0,14,22,36,24,10.0,9,2,11,25,14,101,-27.0,1,22,22,22,1,21,1,32,18,12,24,32,33,1,9,33,32,16,5,10,30,33,26,31,30,33,1
2025-26,1610612738,BOS,Boston Celtics,0022500021,2025-10-31T00:00:00,BOS @ PHI,W,48.0,44,101,0.436,14,45,0.311,7,12,0.583,16,29,45,26,10.0,8,7,7,24,13,109,1.0,1,1,1,1,1,12,3,26,18,9,25,32,30,33,5,21,12,8,5,15,9,28,22,33,24,21,1
2025-26,1610612738,BOS,Boston Celtics,0022500128,2025-10-29T00:00:00,BOS vs. CLE,W,48.0,42,95,0.442,21,57,0.368,20,24,0.833,18,35,53,29,10.0,11,3,4,19,22,125,20.0,1,1,1,1,1,18,7,23,2,1,14,5,8,9,2,8,4,5,5,5,26,15,7,6,9,6,1
2025-26,1610612738,BOS,Boston Celtics,0022500117,2025-10-27T00:00:00,BOS @ NOP,W,48.0,46,95,0.484,18,53,0.34,12,15,0.8,16,38,54,25,12.0,5,7,0,24,19,122,32.0,1,1,1,1,1,8,7,13,10,2,20,23,23,15,5,5,3,12,17,31,9,1,22,16,11,3,1
2025-26,1610612738,BOS,Boston Celtics,0022500106,2025-10-26T00:00:00,BOS @ DET,L,48.0,40,94,0.426,15,45,0.333,18,24,0.75,12,26,38,17,12.0,11,8,5,26,24,113,-6.0,1,22,22,22,1,21,12,29,15,9,21,11,8,26,16,30,26,31,17,5,3,23,29,2,19,26,1
2025-26,1610612738,BOS,Boston Celtics,0022500018,2025-10-24T00:00:00,BOS @ NYK,L,48.0,35,82,0.427,15,44,0.341,10,15,0.667,8,29,37,19,16.0,10,7,4,25,17,95,-10.0,1,22,22,22,1,32,29,28,15,12,19,27,23,31,28,21,29,25,28,7,9,15,26,24,33,30,1
2025-26,1610612738,BOS,Boston Celtics,0022500083,2025-10-22T00:00:00,BOS vs. PHI,L,48.0,41,91,0.451,11,43,0.256,23,26,0.885,10,32,42,16,11.0,7,4,4,28,23,116,-1.0,1,22,22,22,1,20,16,21,29,16,32,2,4,3,25,11,19,32,11,21,22,15,33,5,17,22,1
2025-26,1610612751,BKN,Brooklyn Nets,0022500477,2026-01-02T00:00:00,BKN @ WAS,L,48.0,34,86,0.395,6,29,0.207,25,28,0.893,9,24,33,20,16.0,15,8,9,16,20,99,-20.0,1,11,11,11,1,24,12,28,32,32,31,7,10,6,20,26,29,30,16,1,1,32,4,19,25,28,1
2025-26,1610612751,BKN,Brooklyn Nets,0022500471,2026-01-01T00:00:00,BKN vs. HOU,L,48.0,34,76,0.447,10,30,0.333,18,30,0.6,10,17,27,18,13.0,12,2,7,17,22,96,-24.0,1,11,11,11,1,24,30,16,29,31,20,18,9,32,16,32,32,32,6,3,24,26,7,14,30,29,1
2025-26,1610612751,BKN,Brooklyn Nets,0022500449,2025-12-29T00:00:00,BKN vs. GSW,L,48.0,36,80,0.45,18,42,0.429,17,23,0.739,9,25,34,22,15.0,10,5,5,27,21,107,-13.0,1,11,11,11,1,16,25,14,4,12,3,22,19,23,20,24,26,23,14,6,10,15,29,17,19,20,1
2025-26,1610612751,BKN,Brooklyn Nets,0022500439,2025-12-27T00:00:00,BKN @ MIN,W,48.0,46,84,0.548,11,40,0.275,20,21,0.952,9,30,39,32,16.0,8,2,1,22,20,123,16.0,1,1,1,1,1,3,18,1,25,17,27,14,21,4,20,13,18,4,16,14,24,1,20,19,4,4,1
2025-26,1610612751,BKN,Brooklyn Nets,0022500410,2025-12-23T00:00:00,BKN @ PHI,W,48.0,35,82,0.427,17,45,0.378,27,33,0.818,12,27,39,24,19.0,8,2,5,25,26,114,8.0,1,1,1,1,1,20,19,20,5,6,12,4,6,11,12,19,18,16,23,14,24,15,27,1,8,9,1
2025-26,1610612751,BKN,Brooklyn Nets,0022500397,2025-12-21T00:00:00,BKN vs. TOR,W,48.0,35,75,0.467,14,35,0.4,12,16,0.75,6,42,48,29,22.0,7,4,5,17,19,96,15.0,1,1,1,1,1,20,31,10,13,27,7,26,28,19,30,1,2,9,32,18,15,15,7,23,30,5,1
2025-26,1610612751,BKN,Brooklyn Nets,0022500373,2025-12-18T00:00:00,BKN vs. MIA,L,48.0,38,98,0.388,11,49,0.224,8,11,0.727,15,34,49,24,13.0,7,7,8,17,12,95,-11.0,1,11,11,11,1,13,1,31,25,2,30,31,31,25,2,6,1,16,6,18,5,29,7,32,32,17,1
2025-26,1610612751,BKN,Brooklyn Nets,0022501219,2025-12-14T00:00:00,BKN vs. MIL,W,48.0,45,85,0.529,19,43,0.442,18,19,0.947,6,37,43,33,14.0,14,4,1,15,18,127,45.0,1,1,1,1,1,4,16,3,1,9,1,18,23,5,30,2,10,2,9,2,15,1,2,25,2,1,1
2025-26,1610612751,BKN,Brooklyn Nets,0022501214,2025-12-12T00:00:00,BKN @ DAL,L,48.0,39,86,0.453,17,39,0.436,16,19,0.842,9,34,43,26,17.0,8,5,8,22,20,111,-8.0,1,11,11,11,1,10,12,13,5,22,2,23,23,10,20,6,10,10,19,14,10,29,20,19,13,14,1
2025-26,1610612751,BKN,Brooklyn Nets,0022500350,2025-12-06T00:00:00,BKN vs. NOP,W,48.0,47,89,0.528,14,35,0.4,11,14,0.786,13,32,45,36,20.0,6,7,3,17,15,119,18.0,1,1,1,1,1,2,5,4,13,27,7,29,30,14,8,9,4,1,27,21,5,8,7,29,5,3,1
2025-26,1610612751,BKN,Brooklyn Nets,0022500335,2025-12-04T00:00:00,BKN vs. UTA,L,48.0,35,82,0.427,11,42,0.262,29,38,0.763,14,30,44,22,18.0,6,7,1,19,23,110,-13.0,1,11,11,11,1,20,19,20,25,12,28,2,1,18,6,13,6,23,21,21,5,1,15,10,14,20,1
2025-26,1610612751,BKN,Brooklyn Nets,0022500329,2025-12-03T00:00:00,BKN @ CHI,W,48.0,38,78,0.487,19,46,0.413,18,22,0.818,7,35,42,30,21.0,12,8,1,19,15,113,10.0,1,1,1,1,1,13,28,7,1,4,6,18,20,11,25,4,13,7,31,3,1,1,15,29,9,7,1
2025-26,1610612751,BKN,Brooklyn Nets,0022500312,2025-12-01T00:00:00,BKN vs. CHA,W,48.0,43,96,0.448,17,43,0.395,13,17,0.765,13,30,43,33,11.0,10,3,7,23,15,116,13.0,1,1,1,1,1,5,2,15,5,9,9,25,26,17,8,13,10,2,3,6,22,26,23,29,7,6,1
2025-26,1610612751,BKN,Brooklyn Nets,0022500297,2025-11-29T00:00:00,BKN @ MIL,L,48.0,36,77,0.468,16,42,0.381,11,17,0.647,6,25,31,23,20.0,4,4,2,16,16,99,-17.0,1,11,11,11,1,16,29,9,10,12,11,29,26,31,30,24,30,19,27,29,15,7,4,27,25,25,1
2025-26,1610612751,BKN,Brooklyn Nets,0022500070,2025-11-28T00:00:00,BKN vs. PHI,L,48.0,34,85,0.4,13,43,0.302,22,26,0.846,14,27,41,21,18.0,5,5,7,16,20,103,-12.0,1,11,11,11,1,24,16,27,21,9,23,11,14,8,6,19,14,27,21,23,10,26,4,19,23,19,1
2025-26,1610612751,BKN,Brooklyn Nets,0022500285,2025-11-24T00:00:00,BKN vs. NYK,L,48.0,33,87,0.379,14,48,0.292,20,28,0.714,13,31,44,19,10.0,5,1,6,14,21,100,-13.0,1,11,11,11,1,29,10,32,13,3,26,14,10,26,8,11,6,31,2,23,28,23,1,17,24,20,1
2025-26,1610612751,BKN,Brooklyn Nets,0022500279,2025-11-23T00:00:00,BKN @ TOR,L,48.0,35,75,0.467,12,34,0.353,27,31,0.871,10,30,40,23,19.0,5,7,4,20,22,109,-10.0,1,11,11,11,1,20,31,10,23,29,16,4,8,7,16,13,16,19,23,23,5,11,18,14,15,15,1
2025-26,1610612751,BKN,Brooklyn Nets,0022500049,2025-11-21T00:00:00,BKN @ BOS,W,48.0,43,82,0.524,13,33,0.394,14,21,0.667,7,34,41,31,14.0,5,6,1,17,25,113,8.0,1,1,1,1,1,5,19,5,21,30,10,24,21,28,25,6,14,6,9,23,9,1,7,4,9,9,1
2025-26,1610612751,BKN,Brooklyn Nets,0022500250,2025-11-18T00:00:00,BKN vs. BOS,L,48.0,33,82,0.402,14,38,0.368,19,27,0.704,12,27,39,25,14.0,12,2,5,22,24,99,-14.0,1,11,11,11,1,29,19,25,13,25,15,17,12,27,12,19,18,13,9,3,24,15,20,9,25,23,1
2025-26,1610612751,BKN,Brooklyn Nets,0022500235,2025-11-16T00:00:00,BKN @ WAS,W,48.0,42,79,0.532,17,41,0.415,28,35,0.8,7,37,44,32,15.0,4,8,3,18,25,129,23.0,1,1,1,1,1,7,27,2,5,15,5,3,3,13,25,2,6,4,14,29,1,8,14,4,1,2,1
2025-26,1610612751,BKN,Brooklyn Nets,0022500040,2025-11-14T00:00:00,BKN @ ORL,L,48.0,38,89,0.427,10,39,0.256,12,16,0.75,7,27,34,23,7.0,9,4,5,19,16,98,-7.0,1,11,11,11,1,13,5,19,29,22,29,26,28,19,25,19,26,19,1,9,15,15,15,27,28,12,1
2025-26,1610612751,BKN,Brooklyn Nets,0022500207,2025-11-11T00:00:00,BKN vs. TOR,L,48.0,32,81,0.395,14,41,0.341,31,32,0.969,7,29,36,24,13.0,7,5,4,20,23,109,-10.0,1,11,11,11,1,32,24,29,13,15,19,1,7,2,25,17,25,16,6,18,10,11,18,10,15,15,1
2025-26,1610612751,BKN,Brooklyn Nets,0022500192,2025-11-09T00:00:00,BKN @ NYK,L,48.0,33,82,0.402,14,45,0.311,18,24,0.75,15,23,38,21,19.0,5,8,3,25,25,98,-36.0,1,11,11,11,1,29,19,25,13,6,22,18,17,19,2,27,21,27,23,23,1,8,27,4,28,32,1
2025-26,1610612751,BKN,Brooklyn Nets,0022500031,2025-11-07T00:00:00,BKN vs. DET,L,48.0,34,80,0.425,17,46,0.37,22,26,0.846,8,22,30,26,20.0,5,1,1,24,19,107,-18.0,1,11,11,11,1,24,25,22,5,4,14,11,14,8,24,29,31,10,27,23,28,1,24,23,19,26,1
2025-26,1610612751,BKN,Brooklyn Nets,0022500173,2025-11-05T00:00:00,BKN @ IND,W,48.0,36,86,0.419,14,40,0.35,26,35,0.743,10,35,45,26,14.0,9,5,5,17,23,112,9.0,1,1,1,1,1,16,12,23,13,17,17,6,3,22,16,4,4,10,9,9,10,15,7,10,11,8,1
2025-26,1610612751,BKN,Brooklyn Nets,0022500156,2025-11-03T00:00:00,BKN vs. MIN,L,48.0,36,89,0.404,12,40,0.3,25,38,0.658,18,22,40,25,12.0,9,4,4,24,26,109,-16.0,1,11,11,11,1,16,5,24,23,17,24,7,1,30,1,29,16,13,4,9,15,11,24,1,15,24,1
2025-26,1610612751,BKN,Brooklyn Nets,0022500149,2025-11-02T00:00:00,BKN vs. PHI,L,48.0,39,91,0.429,7,39,0.179,20,26,0.769,13,31,44,21,19.0,10,4,6,15,25,105,-24.0,1,11,11,11,1,10,4,18,31,22,32,14,14,16,8,11,6,27,23,6,15,23,2,4,22,29,1
2025-26,1610612751,BKN,Brooklyn Nets,0022500130,2025-10-29T00:00:00,BKN vs. ATL,L,48.0,40,88,0.455,11,37,0.297,21,27,0.778,15,32,47,23,16.0,4,4,8,17,26,112,-5.0,1,11,11,11,1,9,8,12,25,26,25,13,12,15,2,9,3,19,16,29,15,29,7,1,11,11,1
2025-26,1610612751,BKN,Brooklyn Nets,0022500116,2025-10-27T00:00:00,BKN @ HOU,L,48.0,41,86,0.477,15,40,0.375,12,18,0.667,15,22,37,22,14.0,3,0,4,24,22,109,-28.0,1,11,11,11,1,8,12,8,12,17,13,26,25,28,2,29,24,23,9,32,30,11,24,14,15,31,1
2025-26,1610612751,BKN,Brooklyn Nets,0022500105,2025-10-26T00:00:00,BKN @ SAS,L,48.0,34,87,0.391,16,50,0.32,23,24,0.958,11,23,34,22,12.0,9,0,6,30,23,107,-11.0,1,11,11,11,1,24,10,30,10,1,21,10,17,3,15,27,26,23,4,9,30,23,32,10,19,17,1
2025-26,1610612751,BKN,Brooklyn Nets,0022500091,2025-10-24T00:00:00,BKN vs. CLE,L,48.0,49,96,0.51,19,45,0.422,7,7,1.0,10,28,38,30,20.0,9,0,5,28,18,124,-7.0,1,11,11,11,1,1,2,6,1,6,4,32,32,1,16,18,21,7,27,9,30,15,30,25,3,12,1
2025-26,1610612751,BKN,Brooklyn Nets,0022500080,2025-10-22T00:00:00,BKN @ CHA,L,48.0,39,88,0.443,14,40,0.35,25,34,0.735,12,26,38,25,17.0,8,3,5,28,25,117,-19.0,1,11,11,11,1,10,8,17,13,17,17,7,5,24,12,23,21,13,19,14,22,15,30,4,6,27,1
2025-26,1610612766,CHA,Charlotte Hornets,0022500462,2025-12-31T00:00:00,CHA vs. GSW,L,48.0,48,93,0.516,16,40,0.4,13,17,0.765,11,26,37,35,15.0,11,1,3,23,20,125,-7.0,1,12,12,12,4,3,9,5,12,19,8,29,29,23,18,30,29,2,13,4,32,9,26,20,9,17,1
2025-26,1610612766,CHA,Charlotte Hornets,0022500447,2025-12-29T00:00:00,CHA vs. MIL,L,48.0,40,93,0.43,17,46,0.37,16,20,0.8,17,30,47,28,13.0,5,3,5,21,17,113,-10.0,1,12,12,12,4,18,9,25,7,3,17,25,25,18,3,21,11,11,6,20,21,20,21,30,18,21,1
2025-26,1610612766,CHA,Charlotte Hornets,0022500424,2025-12-26T00:00:00,CHA @ ORL,W,48.0,41,87,0.471,19,39,0.487,19,28,0.679,16,37,53,23,15.0,3,6,7,19,25,120,15.0,1,1,1,1,4,15,21,15,4,22,3,16,7,31,5,5,2,25,13,32,8,27,15,4,12,6,1
2025-26,1610612766,CHA,Charlotte Hornets,0022500409,2025-12-23T00:00:00,CHA vs. WAS,W,48.0,42,93,0.452,20,50,0.4,22,27,0.815,14,37,51,35,5.0,3,6,7,16,20,126,17.0,1,1,1,1,4,13,9,18,3,1,8,11,10,17,8,5,5,2,1,32,8,27,6,20,6,5,1
2025-26,1610612766,CHA,Charlotte Hornets,0022500402,2025-12-22T00:00:00,CHA @ CLE,L,48.0,46,94,0.489,21,42,0.5,19,25,0.76,17,27,44,29,20.0,10,3,2,18,20,132,-7.0,1,12,12,12,4,7,8,9,2,14,1,16,15,26,3,27,18,10,28,8,21,2,10,20,5,17,1
2025-26,1610612766,CHA,Charlotte Hornets,0022500390,2025-12-20T00:00:00,CHA @ DET,L,48.0,28,89,0.315,13,41,0.317,17,20,0.85,12,31,43,21,24.0,12,7,10,23,25,86,-26.0,1,12,12,12,4,33,18,33,20,18,23,24,25,12,12,20,20,29,32,2,4,33,26,4,33,31,1
2025-26,1610612766,CHA,Charlotte Hornets,0022500371,2025-12-18T00:00:00,CHA vs. ATL,W,48.0,49,91,0.538,24,49,0.49,11,17,0.647,7,30,37,39,16.0,11,3,2,21,20,133,7.0,1,1,1,1,4,2,14,1,1,2,2,31,29,33,31,21,29,1,17,4,21,2,21,20,4,9,1
2025-26,1610612766,CHA,Charlotte Hornets,0022501218,2025-12-14T00:00:00,CHA @ CLE,W,53.0,43,98,0.439,17,44,0.386,16,21,0.762,12,41,53,28,18.0,9,7,3,26,24,119,8.0,1,1,1,1,1,9,2,24,7,10,12,25,22,24,12,1,2,11,24,10,4,9,32,9,13,8,1
2025-26,1610612766,CHA,Charlotte Hornets,0022501209,2025-12-12T00:00:00,CHA vs. CHI,L,48.0,51,97,0.526,16,37,0.432,8,10,0.8,8,24,32,30,9.0,5,3,6,19,11,126,-3.0,1,12,12,12,4,1,4,3,12,27,6,32,32,18,30,33,33,7,2,20,21,23,15,33,6,13,1
2025-26,1610612766,CHA,Charlotte Hornets,0022500359,2025-12-07T00:00:00,CHA vs. DEN,L,48.0,38,85,0.447,14,46,0.304,16,21,0.762,10,37,47,24,14.0,7,3,2,22,19,106,-9.0,1,12,12,12,4,22,26,19,18,3,26,25,22,24,21,5,11,21,10,13,21,2,24,25,27,19,1
2025-26,1610612766,CHA,Charlotte Hornets,0022500344,2025-12-05T00:00:00,CHA @ TOR,W,48.0,37,74,0.5,13,36,0.361,24,33,0.727,6,41,47,26,24.0,14,6,4,20,25,111,25.0,1,1,1,1,4,25,32,8,20,28,19,3,2,29,33,1,11,17,32,1,8,17,19,4,20,2,1
2025-26,1610612766,CHA,Charlotte Hornets,0022500328,2025-12-03T00:00:00,CHA @ NYK,L,48.0,36,90,0.4,13,42,0.31,19,21,0.905,12,32,44,19,13.0,4,7,6,18,19,104,-15.0,1,12,12,12,4,30,15,29,20,14,24,16,22,3,12,17,18,31,6,28,4,23,10,25,29,26,1
2025-26,1610612766,CHA,Charlotte Hornets,0022500312,2025-12-01T00:00:00,CHA @ BKN,L,48.0,38,85,0.447,12,32,0.375,15,18,0.833,7,35,42,26,18.0,5,7,3,15,23,103,-13.0,1,12,12,12,4,22,26,19,27,32,16,28,28,13,31,11,22,17,24,20,4,9,3,11,30,23,1
2025-26,1610612766,CHA,Charlotte Hornets,0022500294,2025-11-29T00:00:00,CHA vs. TOR,W,53.0,41,93,0.441,10,39,0.256,26,29,0.897,12,27,39,24,9.0,10,5,3,19,26,118,7.0,1,1,1,1,1,15,9,23,31,22,31,2,5,5,12,27,26,21,2,8,15,9,15,3,14,9,1
2025-26,1610612766,CHA,Charlotte Hornets,0022500071,2025-11-28T00:00:00,CHA vs. CHI,W,48.0,44,97,0.454,15,45,0.333,20,24,0.833,10,36,46,28,14.0,6,10,1,19,18,123,7.0,1,1,1,1,4,8,4,16,16,5,21,14,16,13,21,9,14,11,10,15,1,1,15,29,10,9,1
2025-26,1610612766,CHA,Charlotte Hornets,0022500061,2025-11-26T00:00:00,CHA vs. NYK,L,48.0,35,85,0.412,13,43,0.302,18,24,0.75,9,26,35,15,17.0,5,3,4,16,22,101,-28.0,1,12,12,12,4,31,26,27,20,12,27,22,16,27,25,30,32,33,21,20,21,17,6,12,31,33,1
2025-26,1610612766,CHA,Charlotte Hornets,0022500276,2025-11-23T00:00:00,CHA @ ATL,L,48.0,39,86,0.453,14,44,0.318,18,20,0.9,9,34,43,26,16.0,4,2,5,15,21,110,-3.0,1,12,12,12,4,20,23,17,18,10,22,22,25,4,25,14,20,17,17,28,29,20,3,17,23,13,1
2025-26,1610612766,CHA,Charlotte Hornets,0022500268,2025-11-22T00:00:00,CHA vs. LAC,L,48.0,41,85,0.482,11,36,0.306,23,26,0.885,11,27,38,24,11.0,5,2,2,20,19,116,-15.0,1,12,12,12,4,15,26,12,29,28,25,7,14,8,18,27,28,21,4,20,29,2,19,25,17,26,1
2025-26,1610612766,CHA,Charlotte Hornets,0022500256,2025-11-19T00:00:00,CHA @ IND,L,48.0,43,107,0.402,13,45,0.289,19,22,0.864,22,26,48,28,13.0,7,2,8,18,22,118,-9.0,1,12,12,12,4,9,1,28,20,5,29,16,19,9,1,30,9,11,6,13,29,32,10,12,14,19,1
2025-26,1610612766,CHA,Charlotte Hornets,0022500245,2025-11-17T00:00:00,CHA @ TOR,L,48.0,37,87,0.425,10,40,0.25,24,30,0.8,14,34,48,19,16.0,11,9,7,14,21,108,-2.0,1,12,12,12,4,25,21,26,31,19,33,3,4,18,8,14,9,31,17,4,2,27,2,17,24,12,1
2025-26,1610612766,CHA,Charlotte Hornets,0022500229,2025-11-15T00:00:00,CHA vs. OKC,L,48.0,37,96,0.385,16,42,0.381,6,7,0.857,12,30,42,23,15.0,6,5,6,10,15,96,-13.0,1,12,12,12,4,25,7,31,12,14,13,33,33,10,12,21,22,25,13,15,15,23,1,32,32,23,1
2025-26,1610612766,CHA,Charlotte Hornets,0022500043,2025-11-14T00:00:00,CHA @ MIL,L,53.0,47,98,0.48,17,45,0.378,23,29,0.793,10,29,39,31,13.0,11,1,3,21,25,134,-13.0,1,12,12,12,1,5,2,13,7,5,15,7,5,22,21,24,26,5,6,4,32,9,21,4,3,23,1
2025-26,1610612766,CHA,Charlotte Hornets,0022500213,2025-11-12T00:00:00,CHA vs. MIL,W,48.0,38,86,0.442,12,40,0.3,23,27,0.852,15,35,50,27,16.0,5,5,6,15,22,111,11.0,1,1,1,1,4,22,23,22,27,19,28,7,10,11,6,11,6,16,17,20,15,23,3,12,20,7,1
2025-26,1610612766,CHA,Charlotte Hornets,0022500198,2025-11-10T00:00:00,CHA vs. LAL,L,48.0,37,71,0.521,17,36,0.472,20,22,0.909,9,28,37,28,23.0,6,6,2,25,22,111,-10.0,1,12,12,12,4,25,33,4,7,28,4,14,19,2,25,26,29,11,31,15,8,2,29,12,20,21,1
2025-26,1610612766,CHA,Charlotte Hornets,0022500033,2025-11-07T00:00:00,CHA @ MIA,L,48.0,37,97,0.381,10,39,0.256,24,27,0.889,19,38,57,22,18.0,4,9,7,18,21,108,-18.0,1,12,12,12,4,25,4,32,31,22,31,3,10,6,2,4,1,28,24,28,2,27,10,17,24,30,1
2025-26,1610612766,CHA,Charlotte Hornets,0022500168,2025-11-04T00:00:00,CHA @ NOP,L,48.0,39,82,0.476,13,38,0.342,21,28,0.75,15,34,49,20,20.0,8,6,3,23,20,112,-4.0,1,12,12,12,4,20,31,14,20,25,20,13,7,27,6,14,8,30,28,12,8,9,26,20,19,15,1
2025-26,1610612766,CHA,Charlotte Hornets,0022500150,2025-11-02T00:00:00,CHA vs. UTA,W,48.0,43,88,0.489,18,43,0.419,22,22,1.0,9,37,46,31,15.0,6,6,3,25,24,126,23.0,1,1,1,1,4,9,20,10,5,12,7,11,19,1,25,5,14,5,13,15,8,9,29,9,6,3,1
2025-26,1610612766,CHA,Charlotte Hornets,0022500143,2025-11-01T00:00:00,CHA vs. MIN,L,48.0,34,86,0.395,13,45,0.289,24,27,0.889,10,35,45,23,14.0,4,4,2,16,22,105,-17.0,1,12,12,12,4,32,23,30,20,5,29,3,10,6,21,11,16,25,10,28,19,2,6,12,28,29,1
2025-26,1610612766,CHA,Charlotte Hornets,0022500138,2025-10-30T00:00:00,CHA vs. ORL,L,48.0,42,83,0.506,11,30,0.367,12,15,0.8,12,29,41,24,21.0,5,6,7,22,19,107,-16.0,1,12,12,12,4,13,30,7,29,33,18,30,31,18,12,24,24,21,30,20,8,27,24,25,26,28,1
2025-26,1610612766,CHA,Charlotte Hornets,0022500124,2025-10-28T00:00:00,CHA @ MIA,L,48.0,40,90,0.444,18,45,0.4,19,23,0.826,9,32,41,26,18.0,9,3,2,18,16,117,-27.0,1,12,12,12,4,18,15,21,5,5,8,16,18,16,25,17,24,17,24,10,21,2,10,31,16,32,1
2025-26,1610612766,CHA,Charlotte Hornets,0022500109,2025-10-26T00:00:00,CHA @ WAS,W,48.0,47,92,0.511,15,38,0.395,30,36,0.833,11,41,52,30,12.0,12,4,4,16,27,139,26.0,1,1,1,1,4,5,13,6,16,25,11,1,1,13,18,1,4,7,5,2,19,17,6,2,1,1,1
2025-26,1610612766,CHA,Charlotte Hornets,0022500102,2025-10-25T00:00:00,CHA @ PHI,L,48.0,43,89,0.483,16,42,0.381,19,28,0.679,13,32,45,30,17.0,6,3,5,26,25,121,-4.0,1,12,12,12,4,9,18,11,12,14,13,16,7,31,11,17,16,7,21,15,21,20,32,4,11,15,1
2025-26,1610612766,CHA,Charlotte Hornets,0022500080,2025-10-22T00:00:00,CHA vs. BKN,W,48.0,48,90,0.533,17,36,0.472,23,33,0.697,14,36,50,33,17.0,5,5,3,25,28,136,19.0,1,1,1,1,4,3,15,2,7,28,4,7,2,30,8,9,6,4,21,20,15,9,29,1,2,4,1
2025-26,1610612741,CHI,Chicago Bulls,0022500466,2025-12-31T00:00:00,CHI vs. NOP,W,48.0,47,92,0.511,15,43,0.349,25,34,0.735,8,41,49,33,9.0,5,7,9,18,24,134,16.0,1,1,1,1,2,9,12,9,12,8,22,6,4,27,26,2,8,9,1,22,6,27,10,8,5,1,1
2025-26,1610612741,CHI,Chicago Bulls,0022500452,2025-12-29T00:00:00,CHI vs. MIN,L,48.0,38,93,0.409,13,38,0.342,12,14,0.857,10,32,42,25,17.0,3,7,9,17,12,101,-35.0,1,17,17,17,2,26,8,32,17,16,23,27,31,4,20,25,26,28,23,31,6,27,8,32,31,32,1
2025-26,1610612741,CHI,Chicago Bulls,0022500437,2025-12-27T00:00:00,CHI vs. MIL,L,48.0,39,93,0.419,13,38,0.342,12,16,0.75,16,36,52,28,15.0,5,2,3,18,16,103,-9.0,1,17,17,17,2,22,8,29,17,16,23,27,27,22,2,14,4,20,16,22,28,5,10,24,29,23,1
2025-26,1610612741,CHI,Chicago Bulls,0022500427,2025-12-26T00:00:00,CHI vs. PHI,W,48.0,38,86,0.442,14,41,0.341,19,25,0.76,12,40,52,31,12.0,3,6,4,18,20,109,7.0,1,1,1,1,2,26,27,24,13,12,25,14,14,20,7,3,4,11,6,31,8,8,10,15,25,7,1
2025-26,1610612741,CHI,Chicago Bulls,0022500411,2025-12-23T00:00:00,CHI @ ATL,W,48.0,46,91,0.505,13,39,0.333,21,28,0.75,9,39,48,35,16.0,4,5,4,18,24,126,3.0,1,1,1,1,2,10,16,10,17,15,26,11,11,22,24,5,10,4,18,29,12,8,10,8,11,10,1
2025-26,1610612741,CHI,Chicago Bulls,0022500396,2025-12-21T00:00:00,CHI @ ATL,W,48.0,53,92,0.576,20,42,0.476,26,39,0.667,11,29,40,41,12.0,9,3,7,21,25,152,2.0,1,1,1,1,2,1,12,1,2,11,1,4,1,31,15,31,29,1,6,11,22,21,23,4,1,13,1
2025-26,1610612741,CHI,Chicago Bulls,0022500384,2025-12-19T00:00:00,CHI @ CLE,W,48.0,53,102,0.52,18,47,0.383,12,15,0.8,13,35,48,34,12.0,12,5,1,14,17,136,11.0,1,1,1,1,2,1,2,8,6,6,12,27,30,11,4,16,10,6,6,3,12,1,2,19,3,5,1
2025-26,1610612741,CHI,Chicago Bulls,0022500367,2025-12-17T00:00:00,CHI vs. CLE,W,48.0,50,89,0.562,14,36,0.389,13,18,0.722,6,37,43,35,16.0,12,3,3,17,16,127,16.0,1,1,1,1,2,4,21,2,13,21,11,26,24,29,31,9,23,4,18,3,22,5,8,24,10,1,1
2025-26,1610612741,CHI,Chicago Bulls,0022501223,2025-12-14T00:00:00,CHI vs. NOP,L,48.0,38,92,0.413,13,49,0.265,15,17,0.882,13,30,43,26,13.0,10,4,5,24,17,104,-10.0,1,17,17,17,2,26,12,30,17,4,31,22,26,3,4,30,23,23,10,8,15,11,28,19,28,24,1
2025-26,1610612741,CHI,Chicago Bulls,0022501209,2025-12-12T00:00:00,CHI @ CHA,W,48.0,52,94,0.553,10,28,0.357,15,19,0.789,11,33,44,29,12.0,3,6,3,11,19,129,3.0,1,1,1,1,2,3,7,3,29,32,21,22,21,16,15,23,20,16,6,31,8,5,1,16,8,10,1
2025-26,1610612741,CHI,Chicago Bulls,0022500361,2025-12-07T00:00:00,CHI vs. GSW,L,48.0,32,89,0.36,11,40,0.275,16,19,0.842,15,23,38,24,15.0,12,4,2,15,16,91,-32.0,1,17,17,17,2,33,21,33,27,13,29,17,21,5,3,33,31,29,16,3,15,3,4,24,33,31,1
2025-26,1610612741,CHI,Chicago Bulls,0022500345,2025-12-05T00:00:00,CHI vs. IND,L,48.0,34,77,0.442,13,35,0.371,24,29,0.828,11,35,46,21,19.0,7,2,8,15,21,105,-15.0,1,17,17,17,2,32,33,25,17,23,16,8,9,7,15,16,13,31,30,17,28,25,4,12,27,29,1
2025-26,1610612741,CHI,Chicago Bulls,0022500329,2025-12-03T00:00:00,CHI vs. BKN,L,48.0,38,90,0.422,7,30,0.233,20,25,0.8,11,31,42,20,16.0,14,1,8,15,19,103,-10.0,1,17,17,17,2,26,18,27,33,29,32,13,14,11,15,27,26,33,18,1,32,25,4,16,29,24,1
2025-26,1610612741,CHI,Chicago Bulls,0022500314,2025-12-01T00:00:00,CHI @ ORL,L,48.0,44,88,0.5,16,37,0.432,16,22,0.727,10,33,43,30,21.0,9,4,11,23,16,120,-5.0,1,17,17,17,2,15,24,11,9,19,5,17,17,28,20,23,23,15,32,11,15,32,26,24,16,20,1
2025-26,1610612741,CHI,Chicago Bulls,0022500295,2025-11-29T00:00:00,CHI @ IND,L,48.0,39,87,0.448,14,34,0.412,9,16,0.563,8,37,45,24,13.0,5,3,10,14,15,101,-2.0,1,17,17,17,2,22,25,22,13,24,9,31,27,33,26,9,17,29,10,22,22,29,2,30,31,17,1
2025-26,1610612741,CHI,Chicago Bulls,0022500071,2025-11-28T00:00:00,CHI @ CHA,L,48.0,46,97,0.474,8,36,0.222,16,20,0.8,10,34,44,31,11.0,8,1,10,18,19,116,-7.0,1,17,17,17,2,10,5,16,32,21,33,17,19,11,20,19,20,11,5,14,32,29,10,16,18,22,1
2025-26,1610612741,CHI,Chicago Bulls,0022500289,2025-11-24T00:00:00,CHI @ NOP,L,48.0,43,82,0.524,20,50,0.4,24,32,0.75,4,29,33,29,17.0,4,3,5,21,21,130,-13.0,1,17,17,17,2,17,32,6,2,2,10,8,5,22,33,31,33,16,23,29,22,11,23,12,6,28,1
2025-26,1610612741,CHI,Chicago Bulls,0022500271,2025-11-22T00:00:00,CHI vs. WAS,W,48.0,42,100,0.42,12,44,0.273,25,30,0.833,17,37,54,26,10.0,5,5,4,15,23,121,1.0,1,1,1,1,2,18,4,28,24,7,30,6,8,6,1,9,2,23,4,22,12,8,4,10,15,15,1
2025-26,1610612741,CHI,Chicago Bulls,0022500051,2025-11-21T00:00:00,CHI vs. MIA,L,48.0,37,90,0.411,12,43,0.279,21,28,0.75,8,31,39,26,18.0,5,13,7,27,22,107,-36.0,1,17,17,17,2,31,18,31,24,8,28,11,11,22,26,27,30,23,26,22,1,21,32,11,26,33,1
2025-26,1610612741,CHI,Chicago Bulls,0022500263,2025-11-19T00:00:00,CHI @ POR,W,48.0,46,96,0.479,21,49,0.429,9,14,0.643,7,31,38,36,16.0,10,9,5,26,16,122,1.0,1,1,1,1,2,10,6,14,1,4,6,31,31,32,30,27,31,3,18,8,3,11,30,24,13,15,1
2025-26,1610612741,CHI,Chicago Bulls,0022500248,2025-11-17T00:00:00,CHI @ DEN,W,48.0,48,102,0.471,19,53,0.358,15,19,0.789,13,40,53,31,9.0,5,4,5,18,14,130,3.0,1,1,1,1,2,7,2,18,4,1,20,22,21,16,4,3,3,11,1,22,15,11,10,31,6,10,1
2025-26,1610612741,CHI,Chicago Bulls,0022500240,2025-11-16T00:00:00,CHI @ UTA,L,58.0,49,108,0.454,19,50,0.38,30,32,0.938,12,48,60,38,17.0,7,10,6,29,28,147,-3.0,1,17,17,17,1,5,1,20,4,2,14,2,5,1,7,1,1,2,23,17,2,19,33,2,2,18,1
2025-26,1610612741,CHI,Chicago Bulls,0022500214,2025-11-12T00:00:00,CHI @ DET,L,48.0,41,86,0.477,12,33,0.364,19,28,0.679,12,32,44,21,21.0,11,6,5,18,25,113,-11.0,1,17,17,17,2,20,27,15,24,26,19,14,11,30,7,25,20,31,32,6,8,11,10,4,21,26,1
2025-26,1610612741,CHI,Chicago Bulls,0022500202,2025-11-10T00:00:00,CHI vs. SAS,L,48.0,41,93,0.441,16,38,0.421,19,23,0.826,11,34,45,29,13.0,10,4,7,20,17,117,-4.0,1,17,17,17,2,20,8,26,9,16,8,14,16,8,15,19,17,16,10,8,15,21,19,19,17,19,1
2025-26,1610612741,CHI,Chicago Bulls,0022500186,2025-11-08T00:00:00,CHI @ CLE,L,48.0,38,84,0.452,13,29,0.448,33,36,0.917,10,39,49,27,14.0,8,4,7,25,27,122,-6.0,1,17,17,17,2,26,29,21,17,31,3,1,2,2,20,5,8,22,13,14,15,21,29,3,13,21,1
2025-26,1610612741,CHI,Chicago Bulls,0022500035,2025-11-07T00:00:00,CHI @ MIL,L,48.0,44,90,0.489,10,33,0.303,12,16,0.75,8,37,45,34,14.0,9,3,6,19,16,110,-16.0,1,17,17,17,2,15,18,12,29,26,27,27,27,22,26,9,17,6,13,11,22,19,17,24,23,30,1
2025-26,1610612741,CHI,Chicago Bulls,0022500167,2025-11-04T00:00:00,CHI vs. PHI,W,48.0,42,89,0.472,13,34,0.382,16,20,0.8,12,36,48,26,18.0,11,9,11,19,21,113,2.0,1,1,1,1,2,18,21,17,17,24,13,17,19,11,7,14,10,23,26,6,3,32,17,12,21,13,1
2025-26,1610612741,CHI,Chicago Bulls,0022500153,2025-11-02T00:00:00,CHI @ NYK,L,48.0,45,93,0.484,17,40,0.425,9,11,0.818,12,34,46,28,14.0,7,3,5,20,12,116,-12.0,1,17,17,17,2,13,8,13,7,13,7,31,33,9,7,19,13,20,13,17,22,11,19,32,18,27,1
2025-26,1610612741,CHI,Chicago Bulls,0022500023,2025-10-31T00:00:00,CHI vs. NYK,W,48.0,45,84,0.536,17,37,0.459,28,35,0.8,6,35,41,31,9.0,8,6,5,22,25,135,10.0,1,1,1,1,2,13,29,5,7,19,2,3,3,11,31,16,28,11,1,14,8,11,25,4,4,6,1
2025-26,1610612741,CHI,Chicago Bulls,0022500132,2025-10-29T00:00:00,CHI vs. SAC,W,48.0,49,91,0.538,14,32,0.438,14,18,0.778,12,34,46,34,16.0,6,2,2,20,17,126,13.0,1,1,1,1,2,5,16,4,13,28,4,25,24,18,7,19,13,6,18,20,28,3,19,19,11,3,1
2025-26,1610612741,CHI,Chicago Bulls,0022500115,2025-10-27T00:00:00,CHI vs. ATL,W,48.0,48,92,0.522,16,43,0.372,16,21,0.762,12,39,51,33,18.0,5,4,1,20,17,128,5.0,1,1,1,1,2,7,12,7,9,8,15,17,18,19,7,5,6,9,26,22,15,1,19,19,9,8,1
2025-26,1610612741,CHI,Chicago Bulls,0022500100,2025-10-25T00:00:00,CHI @ ORL,W,48.0,39,83,0.47,10,27,0.37,22,29,0.759,9,37,46,26,20.0,13,2,5,26,25,110,12.0,1,1,1,1,2,22,31,19,29,33,17,10,9,21,24,9,13,23,31,2,28,11,30,4,23,4,1
2025-26,1610612741,CHI,Chicago Bulls,0022500084,2025-10-22T00:00:00,CHI vs. DET,W,48.0,39,87,0.448,11,30,0.367,26,32,0.813,12,38,50,29,18.0,6,8,10,23,29,115,4.0,1,1,1,1,2,22,25,22,27,29,18,4,5,10,7,8,7,16,26,20,5,29,26,1,20,9,1
2025-26,1610612739,CLE,Cleveland Cavaliers,0022500478,2026-01-02T00:00:00,CLE vs. DEN,W,48.0,43,86,0.5,16,39,0.41,11,19,0.579,14,41,55,32,17.0,7,8,3,18,15,113,5.0,1,1,1,1,3,17,28,10,14,24,8,32,25,36,10,1,4,5,28,23,6,8,10,32,23,18,1
2025-26,1610612739,CLE,Cleveland Cavaliers,0022500465,2025-12-31T00:00:00,CLE vs. PHX,W,48.0,48,96,0.5,15,38,0.395,18,22,0.818,14,40,54,31,15.0,7,9,5,17,20,129,16.0,1,1,1,1,3,7,10,10,15,29,11,19,20,13,10,3,5,10,22,23,4,22,5,19,11,4,1
2025-26,1610612739,CLE,Cleveland Cavaliers,0022500456,2025-12-29T00:00:00,CLE @ SAS,W,48.0,41,96,0.427,13,42,0.31,18,20,0.9,10,37,47,29,14.0,12,4,2,24,17,113,12.0,1,1,1,1,3,21,10,26,24,17,24,19,22,6,22,7,15,14,14,4,18,4,27,25,23,9,1
2025-26,1610612739,CLE,Cleveland Cavaliers,0022500438,2025-12-27T00:00:00,CLE @ HOU,L,48.0,41,96,0.427,11,36,0.306,7,11,0.636,15,27,42,23,15.0,10,6,9,15,14,100,-17.0,1,21,21,21,3,21,10,26,32,31,28,36,35,34,6,30,24,31,22,9,11,36,2,33,34,35,1
2025-26,1610612739,CLE,Cleveland Cavaliers,0022500009,2025-12-25T00:00:00,CLE @ NYK,L,48.0,45,86,0.523,15,34,0.441,19,23,0.826,9,36,45,30,14.0,7,0,4,22,17,124,-2.0,1,21,21,21,3,11,28,7,15,35,3,14,18,12,28,9,18,12,14,23,36,14,19,25,14,21,1
2025-26,1610612739,CLE,Cleveland Cavaliers,0022500412,2025-12-23T00:00:00,CLE vs. NOP,W,48.0,56,105,0.533,20,49,0.408,9,11,0.818,14,35,49,40,13.0,8,6,2,21,16,141,23.0,1,1,1,1,3,1,4,5,3,7,10,34,35,13,10,11,7,1,11,20,11,4,17,31,2,2,1
2025-26,1610612739,CLE,Cleveland Cavaliers,0022500402,2025-12-22T00:00:00,CLE vs. CHA,W,48.0,48,87,0.552,24,44,0.545,19,19,1.0,5,25,30,36,13.0,9,2,3,20,18,139,7.0,1,1,1,1,3,7,22,3,1,15,1,14,25,1,33,34,36,2,11,16,31,8,14,23,3,15,1
2025-26,1610612739,CLE,Cleveland Cavaliers,0022500384,2025-12-19T00:00:00,CLE vs. CHI,L,48.0,48,101,0.475,14,39,0.359,15,19,0.789,13,33,46,31,15.0,10,1,5,17,14,125,-11.0,1,21,21,21,3,7,6,15,19,24,16,25,25,18,16,17,16,10,22,9,34,22,5,33,13,29,1
2025-26,1610612739,CLE,Cleveland Cavaliers,0022500367,2025-12-17T00:00:00,CLE @ CHI,L,48.0,42,87,0.483,12,39,0.308,15,18,0.833,8,32,40,26,20.0,6,3,3,16,17,111,-16.0,1,21,21,21,3,20,22,14,28,24,25,25,28,10,31,22,28,23,34,32,29,8,4,25,26,34,1
2025-26,1610612739,CLE,Cleveland Cavaliers,0022501218,2025-12-14T00:00:00,CLE vs. CHA,L,53.0,38,95,0.4,12,38,0.316,23,29,0.793,13,33,46,27,14.0,10,3,7,24,26,111,-8.0,1,21,21,21,1,29,13,34,28,29,22,7,8,17,16,17,16,20,14,9,29,32,27,6,26,26,1
2025-26,1610612739,CLE,Cleveland Cavaliers,0022501212,2025-12-12T00:00:00,CLE @ WAS,W,48.0,41,97,0.423,15,53,0.283,33,36,0.917,15,33,48,28,7.0,11,1,6,20,27,130,4.0,1,1,1,1,3,21,8,28,15,3,33,1,1,5,6,17,10,16,1,6,34,26,14,4,8,20,1
2025-26,1610612739,CLE,Cleveland Cavaliers,0022500352,2025-12-06T00:00:00,CLE vs. GSW,L,48.0,37,107,0.346,10,42,0.238,10,12,0.833,24,37,61,15,12.0,7,4,8,18,19,94,-5.0,1,21,21,21,3,32,3,36,34,17,36,33,34,10,3,7,1,36,7,23,18,35,10,21,36,24,1
2025-26,1610612739,CLE,Cleveland Cavaliers,0022500341,2025-12-05T00:00:00,CLE vs. SAS,W,48.0,50,86,0.581,8,26,0.308,22,29,0.759,9,39,48,32,15.0,10,4,3,22,22,130,13.0,1,1,1,1,3,3,28,1,36,36,25,8,8,22,28,4,10,5,22,9,18,8,19,13,8,8,1
2025-26,1610612739,CLE,Cleveland Cavaliers,0022500324,2025-12-03T00:00:00,CLE vs. POR,L,48.0,38,94,0.404,13,52,0.25,21,24,0.875,10,35,45,23,7.0,9,11,4,24,21,110,-12.0,1,21,21,21,3,29,15,32,24,4,34,9,16,8,22,11,18,31,1,16,1,14,27,17,29,32,1
2025-26,1610612739,CLE,Cleveland Cavaliers,0022500310,2025-12-01T00:00:00,CLE @ IND,W,48.0,50,98,0.51,14,40,0.35,21,29,0.724,19,29,48,27,9.0,7,8,6,28,22,135,16.0,1,1,1,1,3,3,7,9,19,21,18,9,8,25,4,26,10,20,3,23,6,26,34,13,5,4,1
2025-26,1610612739,CLE,Cleveland Cavaliers,0022500302,2025-11-30T00:00:00,CLE vs. BOS,L,48.0,43,94,0.457,20,52,0.385,9,13,0.692,16,27,43,28,14.0,7,2,4,22,17,115,-2.0,1,21,21,21,3,17,15,21,3,4,12,34,32,29,5,30,23,16,14,23,31,14,19,25,22,21,1
2025-26,1610612739,CLE,Cleveland Cavaliers,0022500069,2025-11-28T00:00:00,CLE @ ATL,L,48.0,44,95,0.463,17,39,0.436,18,20,0.9,14,34,48,29,17.0,9,4,5,17,14,123,-7.0,1,21,21,21,3,14,13,18,10,24,4,19,22,6,10,13,10,14,28,16,18,22,5,33,15,25,1
2025-26,1610612739,CLE,Cleveland Cavaliers,0022500284,2025-11-24T00:00:00,CLE @ TOR,L,48.0,36,87,0.414,14,48,0.292,13,13,1.0,4,33,37,27,12.0,11,4,1,13,14,99,-11.0,1,21,21,21,3,33,22,29,19,8,32,29,32,1,34,17,31,20,7,6,18,2,1,33,35,29,1
2025-26,1610612739,CLE,Cleveland Cavaliers,0022500278,2025-11-23T00:00:00,CLE vs. LAC,W,48.0,45,87,0.517,17,45,0.378,13,20,0.65,8,33,41,28,14.0,10,4,2,22,17,120,15.0,1,1,1,1,3,11,22,8,10,13,13,29,22,33,31,17,27,16,14,9,18,4,19,25,16,6,1
2025-26,1610612739,CLE,Cleveland Cavaliers,0022500048,2025-11-21T00:00:00,CLE vs. IND,W,48.0,43,89,0.483,13,35,0.371,21,27,0.778,14,38,52,28,14.0,5,8,6,22,22,120,11.0,1,1,1,1,3,17,21,13,24,32,14,9,12,19,10,5,6,16,14,35,6,26,19,13,16,11,1
2025-26,1610612739,CLE,Cleveland Cavaliers,0022500255,2025-11-19T00:00:00,CLE vs. HOU,L,48.0,36,81,0.444,12,39,0.308,20,32,0.625,10,29,39,20,12.0,4,5,4,18,22,104,-10.0,1,21,21,21,3,33,35,24,28,24,25,13,5,35,22,26,29,35,7,36,15,14,10,13,32,28,1
2025-26,1610612739,CLE,Cleveland Cavaliers,0022500241,2025-11-17T00:00:00,CLE vs. MIL,W,48.0,44,79,0.557,15,35,0.429,15,21,0.714,4,41,45,25,18.0,7,5,1,17,17,118,12.0,1,1,1,1,3,14,36,2,15,32,5,25,21,26,34,1,18,26,32,23,15,2,5,25,18,9,1
2025-26,1610612739,CLE,Cleveland Cavaliers,0022500228,2025-11-15T00:00:00,CLE vs. MEM,W,48.0,38,83,0.458,13,40,0.325,19,29,0.655,11,38,49,24,21.0,7,9,5,28,25,108,8.0,1,1,1,1,3,29,33,20,24,21,20,14,8,31,20,5,7,29,36,23,4,22,34,8,30,13,1
2025-26,1610612739,CLE,Cleveland Cavaliers,0022500225,2025-11-13T00:00:00,CLE vs. TOR,L,48.0,41,91,0.451,10,41,0.244,21,26,0.808,14,23,37,26,12.0,7,6,7,20,20,113,-13.0,1,21,21,21,3,21,19,22,34,20,35,9,14,15,10,36,31,23,7,23,11,32,14,19,23,33,1
2025-26,1610612739,CLE,Cleveland Cavaliers,0022500217,2025-11-12T00:00:00,CLE @ MIA,W,48.0,45,104,0.433,14,47,0.298,26,31,0.839,15,34,49,32,13.0,13,10,6,21,29,130,14.0,1,1,1,1,3,11,5,25,19,9,31,4,6,9,6,13,7,5,11,3,2,26,17,1,8,7,1
2025-26,1610612739,CLE,Cleveland Cavaliers,0022500201,2025-11-10T00:00:00,CLE @ MIA,L,53.0,49,120,0.408,21,65,0.323,19,27,0.704,26,34,60,26,10.0,8,4,6,27,27,138,-2.0,1,21,21,21,1,5,1,31,2,1,21,14,12,28,1,13,2,23,5,20,18,26,32,4,4,21,1
2025-26,1610612739,CLE,Cleveland Cavaliers,0022500186,2025-11-08T00:00:00,CLE vs. CHI,W,48.0,46,94,0.489,17,46,0.37,19,26,0.731,10,29,39,32,9.0,6,7,4,27,25,128,6.0,1,1,1,1,3,10,15,12,10,10,15,14,14,24,22,26,29,5,3,32,9,14,32,8,12,17,1
2025-26,1610612739,CLE,Cleveland Cavaliers,0022500029,2025-11-07T00:00:00,CLE @ WAS,W,48.0,52,110,0.473,20,45,0.444,24,31,0.774,25,32,57,34,10.0,15,6,7,17,24,148,33.0,1,1,1,1,3,2,2,16,3,13,2,6,6,20,2,22,3,3,5,1,11,32,5,10,1,1,1
2025-26,1610612739,CLE,Cleveland Cavaliers,0022500171,2025-11-05T00:00:00,CLE vs. PHI,W,48.0,49,92,0.533,18,44,0.409,16,17,0.941,10,24,34,33,15.0,9,7,2,22,23,132,11.0,1,1,1,1,3,5,18,6,8,15,9,24,31,4,22,35,34,4,22,16,9,4,19,11,6,11,1
2025-26,1610612739,CLE,Cleveland Cavaliers,0022500151,2025-11-02T00:00:00,CLE vs. ATL,W,48.0,40,97,0.412,20,57,0.351,17,18,0.944,13,31,44,30,18.0,12,4,3,28,21,117,8.0,1,1,1,1,3,25,8,30,3,2,17,23,28,3,16,24,21,12,32,4,18,8,34,17,20,13,1
2025-26,1610612739,CLE,Cleveland Cavaliers,0022500022,2025-10-31T00:00:00,CLE vs. TOR,L,48.0,36,90,0.4,14,46,0.304,15,23,0.652,15,27,42,24,14.0,10,10,4,15,18,101,-11.0,1,21,21,21,3,33,20,34,19,10,29,25,18,32,6,30,24,29,14,9,2,14,2,23,33,29,1
2025-26,1610612739,CLE,Cleveland Cavaliers,0022500128,2025-10-29T00:00:00,CLE @ BOS,L,48.0,35,87,0.402,17,52,0.327,18,24,0.75,11,31,42,25,14.0,6,4,3,22,19,105,-20.0,1,21,21,21,3,36,22,33,10,4,19,19,16,23,20,24,24,26,14,32,18,8,19,21,31,36,1
2025-26,1610612739,CLE,Cleveland Cavaliers,0022500007,2025-10-27T00:00:00,CLE @ DET,W,48.0,39,85,0.459,11,35,0.314,27,35,0.771,12,36,48,25,20.0,11,4,4,25,29,116,21.0,1,1,1,1,3,27,32,19,32,32,23,3,2,21,19,9,10,26,34,6,18,14,30,1,21,3,1
2025-26,1610612739,CLE,Cleveland Cavaliers,0022500107,2025-10-26T00:00:00,CLE vs. MIL,W,48.0,39,87,0.448,12,40,0.3,28,35,0.8,10,34,44,23,17.0,10,2,6,23,26,118,5.0,1,1,1,1,3,27,22,23,28,21,30,2,2,16,22,13,21,31,28,9,31,26,26,6,18,18,1
2025-26,1610612739,CLE,Cleveland Cavaliers,0022500091,2025-10-24T00:00:00,CLE @ BKN,W,48.0,44,82,0.537,18,42,0.429,25,35,0.714,9,27,36,32,17.0,14,5,0,18,28,131,7.0,1,1,1,1,3,14,34,4,8,17,5,5,2,26,28,30,33,5,28,2,15,1,10,3,7,15,1
2025-26,1610612739,CLE,Cleveland Cavaliers,0022500003,2025-10-22T00:00:00,CLE @ NYK,L,48.0,40,86,0.465,19,46,0.413,12,18,0.667,4,28,32,21,15.0,8,4,4,25,23,111,-8.0,1,21,21,21,3,25,28,17,7,10,7,31,28,30,34,29,35,34,22,20,18,14,30,11,26,26,1
2025-26,1610612742,DAL,Dallas Mavericks,0022500473,2026-01-01T00:00:00,DAL vs. PHI,L,48.0,42,94,0.447,6,28,0.214,18,20,0.9,7,32,39,23,13.0,8,1,7,12,19,108,-15.0,1,13,13,13,5,16,7,22,30,24,32,18,22,3,28,26,28,19,10,14,35,28,2,25,24,32,1
2025-26,1610612742,DAL,Dallas Mavericks,0022500457,2025-12-29T00:00:00,DAL @ POR,L,48.0,46,91,0.505,11,32,0.344,19,24,0.792,8,33,41,33,12.0,6,7,3,19,24,122,-3.0,1,13,13,13,5,8,11,7,14,17,15,16,16,15,24,23,23,3,8,21,9,6,11,8,7,16,1
2025-26,1610612742,DAL,Dallas Mavericks,0022500432,2025-12-27T00:00:00,DAL @ SAC,L,48.0,40,87,0.46,13,27,0.481,14,20,0.7,11,40,51,23,21.0,6,8,7,11,15,107,-6.0,1,13,13,13,5,20,22,17,10,25,3,24,22,24,9,1,4,19,32,21,6,28,1,32,25,18,1
2025-26,1610612742,DAL,Dallas Mavericks,0022500011,2025-12-25T00:00:00,DAL @ GSW,L,48.0,49,89,0.551,4,14,0.286,14,21,0.667,3,38,41,18,11.0,5,5,4,16,22,116,-10.0,1,13,13,13,5,4,16,5,34,35,25,24,20,28,35,10,23,32,5,27,20,10,8,13,13,27,1
2025-26,1610612742,DAL,Dallas Mavericks,0022500415,2025-12-23T00:00:00,DAL vs. DEN,W,48.0,53,93,0.57,11,27,0.407,14,15,0.933,11,25,36,34,11.0,9,2,1,12,16,131,1.0,1,1,1,1,5,1,9,3,14,25,8,24,33,2,9,33,32,2,5,11,33,1,2,29,4,12,1
2025-26,1610612742,DAL,Dallas Mavericks,0022500404,2025-12-22T00:00:00,DAL @ NOP,L,48.0,46,104,0.442,10,33,0.303,11,21,0.524,18,39,57,29,17.0,9,5,2,19,16,113,-6.0,1,13,13,13,5,8,1,25,17,16,21,31,20,35,1,7,1,11,23,11,20,4,11,29,19,18,1
2025-26,1610612742,DAL,Dallas Mavericks,0022500387,2025-12-20T00:00:00,DAL @ PHI,L,48.0,45,83,0.542,3,18,0.167,21,22,0.955,8,36,44,24,18.0,5,7,2,22,13,114,-7.0,1,13,13,13,5,12,31,6,35,34,35,12,17,1,24,13,17,17,25,27,9,4,22,33,15,22,1
2025-26,1610612742,DAL,Dallas Mavericks,0022500376,2025-12-18T00:00:00,DAL vs. DET,W,53.0,40,89,0.449,5,27,0.185,31,36,0.861,11,40,51,22,17.0,4,15,4,21,27,116,2.0,1,1,1,1,2,20,16,20,32,25,34,1,7,6,9,1,4,24,23,30,1,10,20,6,13,10,1
2025-26,1610612742,DAL,Dallas Mavericks,0022501224,2025-12-15T00:00:00,DAL @ UTA,L,53.0,48,98,0.49,9,27,0.333,28,41,0.683,14,40,54,24,15.0,6,6,4,26,32,133,-7.0,1,13,13,13,2,6,3,11,24,25,16,6,1,26,5,1,2,17,14,21,16,10,33,1,3,22,1
2025-26,1610612742,DAL,Dallas Mavericks,0022501214,2025-12-12T00:00:00,DAL vs. BKN,W,48.0,46,94,0.489,10,30,0.333,17,22,0.773,9,31,40,33,14.0,10,8,5,20,22,119,8.0,1,1,1,1,5,8,7,12,17,22,16,19,17,18,20,27,26,3,13,9,6,16,18,13,9,5,1
2025-26,1610612742,DAL,Dallas Mavericks,0022500356,2025-12-06T00:00:00,DAL vs. HOU,W,48.0,49,82,0.598,7,19,0.368,17,20,0.85,7,24,31,22,13.0,13,4,6,14,20,122,13.0,1,1,1,1,5,4,33,1,29,33,11,19,22,7,28,35,35,24,10,3,25,24,4,20,7,1,1
2025-26,1610612742,DAL,Dallas Mavericks,0022500349,2025-12-05T00:00:00,DAL @ OKC,L,48.0,41,86,0.477,16,37,0.432,13,20,0.65,9,26,35,28,12.0,2,3,3,17,21,111,-21.0,1,13,13,13,5,19,24,15,2,10,6,29,22,29,20,32,34,12,8,35,30,6,9,17,20,33,1
2025-26,1610612742,DAL,Dallas Mavericks,0022500332,2025-12-03T00:00:00,DAL vs. MIA,W,48.0,46,91,0.505,16,32,0.5,10,12,0.833,10,40,50,31,15.0,6,7,5,15,13,118,10.0,1,1,1,1,5,8,11,7,2,17,2,33,35,10,15,1,7,8,14,21,9,16,5,33,11,2,1
2025-26,1610612742,DAL,Dallas Mavericks,0022500315,2025-12-01T00:00:00,DAL @ DEN,W,48.0,53,95,0.558,16,31,0.516,9,14,0.643,7,36,43,35,8.0,4,4,5,19,11,131,10.0,1,1,1,1,5,1,5,4,2,21,1,35,34,32,28,13,20,1,1,30,25,16,11,35,4,2,1
2025-26,1610612742,DAL,Dallas Mavericks,0022500300,2025-11-29T00:00:00,DAL @ LAC,W,48.0,40,90,0.444,11,39,0.282,23,28,0.821,4,33,37,22,9.0,15,2,6,19,21,114,4.0,1,1,1,1,5,20,15,23,14,6,26,10,12,12,34,23,30,24,2,1,33,24,11,17,15,8,1
2025-26,1610612742,DAL,Dallas Mavericks,0022500078,2025-11-28T00:00:00,DAL @ LAL,L,48.0,44,91,0.484,14,32,0.438,17,20,0.85,14,25,39,28,11.0,8,4,4,23,20,119,-10.0,1,13,13,13,5,13,11,14,9,17,5,19,22,7,5,33,28,12,5,14,25,10,27,20,9,27,1
2025-26,1610612742,DAL,Dallas Mavericks,0022500286,2025-11-24T00:00:00,DAL @ MIA,L,48.0,38,97,0.392,12,40,0.3,14,16,0.875,15,35,50,22,16.0,8,5,7,19,16,102,-4.0,1,13,13,13,5,25,4,32,11,5,22,24,30,4,4,19,7,24,21,14,20,28,11,29,29,17,1
2025-26,1610612742,DAL,Dallas Mavericks,0022500273,2025-11-22T00:00:00,DAL vs. MEM,L,48.0,35,91,0.385,12,36,0.333,14,16,0.875,11,30,41,19,10.0,4,9,5,21,18,96,-6.0,1,13,13,13,5,30,11,33,11,11,16,24,30,4,9,28,23,31,4,30,3,16,20,26,32,18,1
2025-26,1610612742,DAL,Dallas Mavericks,0022500052,2025-11-21T00:00:00,DAL vs. NOP,W,48.0,40,84,0.476,16,43,0.372,22,28,0.786,11,36,47,30,20.0,9,9,4,19,20,118,3.0,1,1,1,1,5,20,30,16,2,4,10,11,12,16,9,13,13,9,29,11,3,10,11,20,11,9,1
2025-26,1610612742,DAL,Dallas Mavericks,0022500262,2025-11-19T00:00:00,DAL vs. NYK,L,48.0,35,85,0.412,16,44,0.364,25,30,0.833,10,40,50,23,18.0,6,5,10,26,22,111,-2.0,1,13,13,13,5,30,27,30,2,3,12,9,10,10,15,1,7,19,25,21,20,35,33,13,20,13,1
2025-26,1610612742,DAL,Dallas Mavericks,0022500246,2025-11-17T00:00:00,DAL @ MIN,L,48.0,34,85,0.4,9,30,0.3,19,31,0.613,10,33,43,13,20.0,7,4,5,22,24,96,-24.0,1,13,13,13,5,32,27,31,24,22,22,16,8,34,15,23,20,35,29,18,25,16,22,8,32,34,1
2025-26,1610612742,DAL,Dallas Mavericks,0022500238,2025-11-16T00:00:00,DAL vs. POR,W,53.0,48,95,0.505,15,34,0.441,27,40,0.675,13,34,47,33,15.0,7,9,5,22,32,138,5.0,1,1,1,1,2,6,5,9,8,14,4,7,3,27,7,21,13,3,14,18,3,16,22,1,2,7,1
2025-26,1610612742,DAL,Dallas Mavericks,0022500046,2025-11-14T00:00:00,DAL vs. LAC,L,58.0,44,99,0.444,10,36,0.278,29,38,0.763,11,39,50,18,25.0,11,7,6,25,32,127,-6.0,1,13,13,13,1,13,2,23,17,11,27,4,5,19,9,7,7,32,35,6,9,24,30,1,6,18,1
2025-26,1610612742,DAL,Dallas Mavericks,0022500221,2025-11-12T00:00:00,DAL vs. PHX,L,48.0,43,86,0.5,17,47,0.362,11,17,0.647,8,37,45,32,21.0,10,10,3,23,20,114,-9.0,1,13,13,13,5,15,24,10,1,1,13,31,29,31,24,11,16,6,32,9,2,6,27,20,15,26,1
2025-26,1610612742,DAL,Dallas Mavericks,0022500203,2025-11-10T00:00:00,DAL vs. MIL,L,48.0,37,89,0.416,9,39,0.231,31,41,0.756,16,36,52,25,15.0,8,8,6,22,26,114,-2.0,1,13,13,13,5,27,16,28,24,6,31,1,1,20,2,13,3,15,14,14,6,24,22,7,15,13,1
2025-26,1610612742,DAL,Dallas Mavericks,0022500183,2025-11-08T00:00:00,DAL @ WAS,W,48.0,42,93,0.452,6,24,0.25,21,30,0.7,16,35,51,26,13.0,15,6,7,17,21,111,6.0,1,1,1,1,5,16,9,19,30,30,29,12,10,24,2,19,4,14,10,1,16,28,9,17,20,6,1
2025-26,1610612742,DAL,Dallas Mavericks,0022500034,2025-11-07T00:00:00,DAL @ MEM,L,48.0,42,86,0.488,10,39,0.256,10,16,0.625,8,36,44,25,18.0,7,6,1,20,20,104,-14.0,1,13,13,13,5,16,24,13,17,6,28,33,30,33,24,13,17,15,25,18,16,1,18,20,28,31,1
2025-26,1610612742,DAL,Dallas Mavericks,0022500177,2025-11-05T00:00:00,DAL vs. NOP,L,48.0,37,89,0.416,10,32,0.313,15,20,0.75,10,34,44,18,15.0,11,7,3,15,18,99,-2.0,1,13,13,13,5,27,16,28,17,17,19,23,22,21,15,21,17,32,14,6,9,6,5,26,31,13,1
2025-26,1610612742,DAL,Dallas Mavericks,0022500160,2025-11-03T00:00:00,DAL @ HOU,L,48.0,40,89,0.449,9,36,0.25,13,20,0.65,10,30,40,30,15.0,12,6,7,25,17,102,-8.0,1,13,13,13,5,20,16,20,24,11,29,29,22,29,15,28,26,9,14,4,16,28,30,28,29,25,1
2025-26,1610612742,DAL,Dallas Mavericks,0022500147,2025-11-01T00:00:00,DAL @ DET,L,48.0,34,80,0.425,16,45,0.356,26,31,0.839,7,36,43,23,15.0,3,3,4,25,22,110,-12.0,1,13,13,13,5,32,34,27,2,2,14,8,8,9,28,13,20,19,14,34,30,10,30,13,23,30,1
2025-26,1610612742,DAL,Dallas Mavericks,0022500133,2025-10-29T00:00:00,DAL vs. IND,W,48.0,36,79,0.456,5,24,0.208,30,37,0.811,7,40,47,21,19.0,4,7,7,22,29,107,2.0,1,1,1,1,5,29,35,18,32,30,33,3,6,13,28,1,13,28,28,30,9,28,22,4,25,10,1
2025-26,1610612742,DAL,Dallas Mavericks,0022500119,2025-10-27T00:00:00,DAL vs. OKC,L,48.0,33,87,0.379,12,39,0.308,16,22,0.727,6,30,36,20,9.0,6,4,5,15,23,94,-7.0,1,13,13,13,5,34,22,34,11,6,20,22,17,23,33,28,32,29,2,21,25,16,5,12,34,22,1
2025-26,1610612742,DAL,Dallas Mavericks,0022500111,2025-10-26T00:00:00,DAL vs. TOR,W,48.0,50,85,0.588,10,26,0.385,29,39,0.744,12,37,49,32,20.0,12,7,1,26,28,139,10.0,1,1,1,1,5,3,27,2,17,29,9,4,4,22,8,11,11,6,29,4,9,1,33,5,1,2,1
2025-26,1610612742,DAL,Dallas Mavericks,0022500096,2025-10-24T00:00:00,DAL vs. WAS,L,48.0,38,88,0.432,10,34,0.294,21,27,0.778,9,39,48,23,21.0,11,5,8,19,24,107,-10.0,1,13,13,13,5,25,21,26,17,14,24,12,14,17,20,7,12,19,32,6,20,34,11,8,25,27,1
2025-26,1610612742,DAL,Dallas Mavericks,0022500004,2025-10-22T00:00:00,DAL vs. SAS,L,48.0,31,83,0.373,9,21,0.429,21,26,0.808,9,28,37,20,16.0,5,3,5,24,24,92,-33.0,1,13,13,13,5,35,31,35,24,32,7,12,15,14,20,31,30,29,21,27,30,16,29,8,35,35,1
2025-26,1610612743,DEN,Denver Nuggets,0022500478,2026-01-02T00:00:00,DEN @ CLE,L,48.0,40,94,0.426,17,47,0.362,11,13,0.846,5,27,32,26,10.0,8,3,8,15,18,108,-5.0,1,24,24,24,4,29,7,32,6,1,23,32,33,10,31,31,34,25,5,10,21,30,4,27,31,29,1
2025-26,1610612743,DEN,Denver Nuggets,0022500468,2025-12-31T00:00:00,DEN @ TOR,W,48.0,34,80,0.425,10,34,0.294,28,34,0.824,9,38,47,17,11.0,5,5,4,18,25,106,3.0,1,1,1,1,4,34,31,33,30,18,30,5,4,18,21,6,8,34,8,26,6,13,11,6,33,20,1
2025-26,1610612743,DEN,Denver Nuggets,0022500450,2025-12-29T00:00:00,DEN @ MIA,L,48.0,47,89,0.528,11,31,0.355,18,22,0.818,6,30,36,29,10.0,5,4,4,21,22,123,-24.0,1,24,24,24,4,9,15,10,25,23,24,25,25,19,30,26,31,17,5,26,14,13,22,17,21,34,1
2025-26,1610612743,DEN,Denver Nuggets,0022500433,2025-12-27T00:00:00,DEN @ ORL,L,48.0,44,86,0.512,11,29,0.379,27,30,0.9,15,34,49,27,16.0,5,3,0,23,25,126,-1.0,1,24,24,24,4,21,21,19,25,26,19,6,8,6,2,14,6,23,26,26,21,1,28,6,17,24,1
2025-26,1610612743,DEN,Denver Nuggets,0022500013,2025-12-25T00:00:00,DEN vs. MIN,W,53.0,47,101,0.465,19,43,0.442,29,32,0.906,11,34,45,31,17.0,6,5,12,18,27,142,4.0,1,1,1,1,1,9,1,30,5,3,10,3,6,4,10,14,15,14,28,20,6,34,11,3,1,19,1
2025-26,1610612743,DEN,Denver Nuggets,0022500415,2025-12-23T00:00:00,DEN @ DAL,L,48.0,50,87,0.575,20,41,0.488,10,10,1.0,7,27,34,39,15.0,8,1,2,16,12,130,-1.0,1,24,24,24,4,3,20,4,4,6,6,34,34,1,26,31,33,2,23,10,31,4,8,34,9,24,1
2025-26,1610612743,DEN,Denver Nuggets,0022500405,2025-12-22T00:00:00,DEN vs. UTA,W,48.0,46,92,0.5,24,47,0.511,19,25,0.76,9,42,51,37,11.0,8,7,1,17,19,135,23.0,1,1,1,1,4,13,9,23,1,1,4,21,17,31,21,2,5,3,8,10,1,2,10,25,4,4,1
2025-26,1610612743,DEN,Denver Nuggets,0022500386,2025-12-20T00:00:00,DEN vs. HOU,L,48.0,37,92,0.402,8,29,0.276,19,23,0.826,10,29,39,21,11.0,9,2,8,20,20,101,-14.0,1,24,24,24,4,33,9,34,32,26,32,21,22,15,15,30,26,31,8,4,27,30,19,21,34,33,1
2025-26,1610612743,DEN,Denver Nuggets,0022500377,2025-12-18T00:00:00,DEN vs. ORL,W,48.0,49,88,0.557,16,36,0.444,12,15,0.8,5,35,40,31,15.0,7,3,6,18,17,126,11.0,1,1,1,1,4,5,17,6,8,15,9,30,29,24,31,12,23,14,23,19,21,26,11,30,17,12,1
2025-26,1610612743,DEN,Denver Nuggets,0022501225,2025-12-15T00:00:00,DEN vs. HOU,W,53.0,43,85,0.506,15,34,0.441,27,33,0.818,7,31,38,24,11.0,10,4,8,28,25,128,3.0,1,1,1,1,1,25,23,21,13,18,11,6,5,19,26,24,27,26,8,2,14,30,34,6,14,20,1
2025-26,1610612743,DEN,Denver Nuggets,0022501208,2025-12-11T00:00:00,DEN @ SAC,W,48.0,52,88,0.591,12,29,0.414,20,29,0.69,10,36,46,35,12.0,9,0,4,18,20,136,31.0,1,1,1,1,4,1,17,1,22,26,13,18,11,34,15,8,11,6,13,4,34,13,11,21,2,2,1
2025-26,1610612743,DEN,Denver Nuggets,0022500359,2025-12-07T00:00:00,DEN @ CHA,W,48.0,43,83,0.518,13,35,0.371,16,22,0.727,5,30,35,29,10.0,8,2,3,19,22,115,9.0,1,1,1,1,4,25,26,16,18,17,22,27,25,33,31,26,32,17,5,10,27,8,16,17,29,16,1
2025-26,1610612743,DEN,Denver Nuggets,0022500340,2025-12-05T00:00:00,DEN @ ATL,W,48.0,47,89,0.528,16,37,0.432,24,30,0.8,9,33,42,28,12.0,9,6,2,15,25,134,1.0,1,1,1,1,4,9,15,10,8,12,12,10,8,24,21,17,19,20,13,4,4,4,4,6,6,23,1
2025-26,1610612743,DEN,Denver Nuggets,0022500325,2025-12-03T00:00:00,DEN @ IND,W,48.0,49,83,0.59,17,28,0.607,20,26,0.769,5,33,38,23,11.0,6,5,5,21,24,135,15.0,1,1,1,1,4,5,26,2,6,31,1,18,16,30,31,17,27,29,8,20,6,21,22,10,4,8,1
2025-26,1610612743,DEN,Denver Nuggets,0022500315,2025-12-01T00:00:00,DEN vs. DAL,L,48.0,47,99,0.475,12,37,0.324,15,18,0.833,12,35,47,37,8.0,5,5,4,11,19,121,-10.0,1,24,24,24,4,9,3,27,22,12,27,28,28,13,9,12,8,3,1,26,6,13,1,25,27,32,1
2025-26,1610612743,DEN,Denver Nuggets,0022500299,2025-11-29T00:00:00,DEN @ PHX,W,48.0,44,76,0.579,22,38,0.579,20,21,0.952,10,30,40,36,17.0,2,5,2,20,23,130,18.0,1,1,1,1,4,21,33,3,2,10,2,18,27,2,15,26,23,5,28,33,6,4,19,14,9,6,1
2025-26,1610612743,DEN,Denver Nuggets,0022500076,2025-11-28T00:00:00,DEN vs. SAS,L,48.0,48,91,0.527,16,39,0.41,24,30,0.8,14,30,44,27,17.0,5,5,5,22,27,136,-3.0,1,24,24,24,4,7,12,12,8,9,14,10,8,24,5,26,16,23,28,26,6,21,26,3,2,27,1
2025-26,1610612743,DEN,Denver Nuggets,0022500287,2025-11-24T00:00:00,DEN @ MEM,W,48.0,46,91,0.505,22,43,0.512,11,14,0.786,14,32,46,32,14.0,5,3,4,15,16,125,10.0,1,1,1,1,4,13,12,22,2,3,3,32,30,27,5,20,11,11,20,26,21,13,4,31,19,14,1
2025-26,1610612743,DEN,Denver Nuggets,0022500274,2025-11-22T00:00:00,DEN vs. SAC,L,48.0,45,92,0.489,14,37,0.378,19,23,0.826,11,27,38,28,13.0,1,3,3,21,20,123,-5.0,1,24,24,24,4,19,9,24,14,12,21,21,22,15,10,31,27,20,16,34,21,8,22,21,21,29,1
2025-26,1610612743,DEN,Denver Nuggets,0022500054,2025-11-21T00:00:00,DEN @ HOU,W,48.0,40,76,0.526,11,29,0.379,21,27,0.778,11,27,38,28,15.0,8,7,2,20,22,112,3.0,1,1,1,1,4,29,33,13,25,26,19,14,13,28,10,31,27,20,23,10,1,4,19,17,30,20,1
2025-26,1610612743,DEN,Denver Nuggets,0022500260,2025-11-19T00:00:00,DEN @ NOP,W,48.0,46,83,0.554,11,31,0.355,22,27,0.815,9,32,41,35,20.0,8,1,5,26,24,125,7.0,1,1,1,1,4,13,26,7,25,23,24,12,13,22,21,20,21,6,34,10,31,21,33,10,19,17,1
2025-26,1610612743,DEN,Denver Nuggets,0022500248,2025-11-17T00:00:00,DEN vs. CHI,L,48.0,46,97,0.474,14,36,0.389,21,25,0.84,13,40,53,21,8.0,6,5,4,14,18,127,-3.0,1,24,24,24,4,13,4,28,14,15,17,14,17,11,7,3,4,31,1,20,6,13,2,27,15,27,1
2025-26,1610612743,DEN,Denver Nuggets,0022500232,2025-11-15T00:00:00,DEN @ MIN,W,48.0,39,83,0.47,14,29,0.483,31,38,0.816,10,37,47,29,13.0,9,6,7,19,27,123,11.0,1,1,1,1,4,31,26,29,14,26,8,2,2,21,15,7,8,17,16,4,4,28,16,3,21,12,1
2025-26,1610612743,DEN,Denver Nuggets,0022500224,2025-11-12T00:00:00,DEN @ LAC,W,48.0,44,84,0.524,13,34,0.382,29,35,0.829,11,31,42,22,12.0,9,3,7,14,30,130,14.0,1,1,1,1,4,21,24,14,18,18,18,3,3,14,10,24,19,30,13,4,21,28,2,1,9,9,1
2025-26,1610612743,DEN,Denver Nuggets,0022500212,2025-11-11T00:00:00,DEN @ SAC,W,48.0,44,86,0.512,13,33,0.394,21,27,0.778,15,33,48,24,13.0,6,2,3,19,23,122,14.0,1,1,1,1,4,21,21,19,18,21,16,14,13,28,2,17,7,26,16,20,27,8,16,14,24,9,1
2025-26,1610612743,DEN,Denver Nuggets,0022500189,2025-11-08T00:00:00,DEN vs. IND,W,48.0,45,93,0.484,8,27,0.296,19,23,0.826,15,40,55,32,18.0,8,2,6,25,23,117,17.0,1,1,1,1,4,19,8,25,32,32,29,21,22,15,2,3,3,11,32,10,27,26,32,14,28,7,1
2025-26,1610612743,DEN,Denver Nuggets,0022500037,2025-11-07T00:00:00,DEN vs. GSW,W,48.0,46,82,0.561,16,33,0.485,21,25,0.84,7,34,41,34,9.0,8,4,5,15,18,129,25.0,1,1,1,1,4,13,30,5,8,21,7,14,17,11,26,14,21,8,4,10,14,21,4,27,13,3,1
2025-26,1610612743,DEN,Denver Nuggets,0022500178,2025-11-05T00:00:00,DEN vs. MIA,W,48.0,43,101,0.426,11,40,0.275,25,28,0.893,21,40,61,33,17.0,10,4,4,16,20,122,10.0,1,1,1,1,4,25,1,31,25,7,33,8,12,7,1,3,1,9,28,2,14,13,8,21,24,14,1
2025-26,1610612743,DEN,Denver Nuggets,0022500162,2025-11-03T00:00:00,DEN vs. SAC,W,48.0,50,97,0.515,12,38,0.316,18,24,0.75,8,32,40,33,8.0,9,5,1,18,24,130,6.0,1,1,1,1,4,3,4,17,22,10,28,25,21,32,25,20,23,9,1,4,6,2,11,10,9,18,1
2025-26,1610612743,DEN,Denver Nuggets,0022500026,2025-10-31T00:00:00,DEN @ POR,L,48.0,38,79,0.481,6,25,0.24,25,31,0.806,10,36,46,19,19.0,6,7,5,21,24,107,-2.0,1,24,24,24,4,32,32,26,34,34,34,8,7,23,15,8,11,33,33,20,1,21,22,10,32,26,1
2025-26,1610612743,DEN,Denver Nuggets,0022500134,2025-10-29T00:00:00,DEN vs. NOP,W,48.0,48,90,0.533,14,42,0.333,12,14,0.857,13,43,56,40,14.0,6,4,3,23,15,122,34.0,1,1,1,1,4,7,14,9,14,5,26,30,30,9,7,1,2,1,20,20,14,8,28,33,24,1,1
2025-26,1610612743,DEN,Denver Nuggets,0022500008,2025-10-27T00:00:00,DEN @ MIN,W,48.0,46,88,0.523,13,26,0.5,22,25,0.88,10,36,46,24,14.0,5,4,9,24,22,127,13.0,1,1,1,1,4,13,17,15,18,33,5,12,17,8,15,8,11,26,20,26,14,33,31,17,15,11,1
2025-26,1610612743,DEN,Denver Nuggets,0022500104,2025-10-25T00:00:00,DEN vs. PHX,W,48.0,43,84,0.512,9,31,0.29,38,42,0.905,11,32,43,31,16.0,14,1,4,23,29,133,22.0,1,1,1,1,4,25,24,18,31,23,31,1,1,5,10,20,17,14,26,1,31,13,28,2,7,5,1
2025-26,1610612743,DEN,Denver Nuggets,0022500006,2025-10-23T00:00:00,DEN @ GSW,L,53.0,51,95,0.537,16,40,0.4,13,14,0.929,7,36,43,32,13.0,8,4,3,22,16,131,-6.0,1,24,24,24,1,2,6,8,8,7,15,29,30,3,26,8,17,11,16,10,14,8,26,31,8,31,1
2025-26,1610612765,DET,Detroit Pistons,0022500472,2026-01-01T00:00:00,DET vs. MIA,L,48.0,38,80,0.475,9,26,0.346,27,31,0.871,6,34,40,25,21.0,11,9,6,20,19,112,-6.0,1,26,26,26,3,27,32,18,23,26,19,7,9,3,32,11,27,20,30,10,5,18,9,29,24,32,1
2025-26,1610612765,DET,Detroit Pistons,0022500460,2025-12-30T00:00:00,DET @ LAL,W,48.0,48,76,0.632,11,24,0.458,21,29,0.724,6,31,37,30,20.0,12,4,3,26,24,128,22.0,1,1,1,1,3,7,34,1,14,31,3,15,14,19,32,22,31,8,28,6,25,4,22,14,8,3,1
2025-26,1610612765,DET,Detroit Pistons,0022500445,2025-12-28T00:00:00,DET @ LAC,L,48.0,34,82,0.415,7,29,0.241,24,28,0.857,15,30,45,18,13.0,9,6,6,20,26,99,-13.0,1,26,26,26,3,33,29,29,28,22,29,8,17,4,11,27,18,33,6,20,16,18,9,6,32,33,1
2025-26,1610612765,DET,Detroit Pistons,0022500430,2025-12-26T00:00:00,DET @ UTA,L,48.0,48,92,0.522,18,37,0.486,15,23,0.652,10,31,41,38,17.0,11,10,8,23,20,129,-2.0,1,26,26,26,3,7,12,10,1,6,2,27,28,30,27,22,26,1,23,10,2,29,16,24,6,26,1
2025-26,1610612765,DET,Detroit Pistons,0022500421,2025-12-23T00:00:00,DET @ SAC,W,48.0,51,95,0.537,14,32,0.438,20,28,0.714,16,26,42,38,15.0,9,8,5,23,25,136,9.0,1,1,1,1,3,3,5,9,6,13,4,17,17,20,8,32,25,1,16,20,8,11,16,10,4,12,1
2025-26,1610612765,DET,Detroit Pistons,0022500408,2025-12-22T00:00:00,DET @ POR,W,48.0,44,101,0.436,7,30,0.233,15,24,0.625,22,26,48,28,10.0,11,7,6,28,22,110,8.0,1,1,1,1,3,16,3,27,28,17,30,27,23,32,3,32,10,15,2,10,12,18,28,20,29,14,1
2025-26,1610612765,DET,Detroit Pistons,0022500390,2025-12-20T00:00:00,DET vs. CHA,W,48.0,41,93,0.441,6,28,0.214,24,32,0.75,17,44,61,23,20.0,16,10,7,25,23,112,26.0,1,1,1,1,3,22,7,25,31,24,32,8,8,13,7,1,3,25,28,1,2,25,20,18,24,2,1
2025-26,1610612765,DET,Detroit Pistons,0022500376,2025-12-18T00:00:00,DET @ DAL,L,53.0,47,122,0.385,6,33,0.182,14,20,0.7,26,36,62,26,12.0,11,4,15,27,21,114,-2.0,1,26,26,26,1,10,1,33,31,12,34,32,32,22,2,5,2,18,5,10,25,34,24,23,19,26,1
2025-26,1610612765,DET,Detroit Pistons,0022501222,2025-12-15T00:00:00,DET @ BOS,W,48.0,41,89,0.461,13,36,0.361,17,25,0.68,12,27,39,21,11.0,9,3,5,20,20,112,7.0,1,1,1,1,3,22,19,21,8,7,17,25,22,27,23,31,29,30,4,20,32,11,9,24,24,17,1
2025-26,1610612765,DET,Detroit Pistons,0022501210,2025-12-12T00:00:00,DET vs. ATL,W,48.0,53,91,0.582,12,29,0.414,24,29,0.828,10,30,40,34,14.0,16,6,8,22,18,142,27.0,1,1,1,1,3,2,14,4,13,22,10,8,14,7,27,27,27,3,10,1,16,29,14,31,1,1,1
2025-26,1610612765,DET,Detroit Pistons,0022500353,2025-12-06T00:00:00,DET vs. MIL,W,48.0,43,86,0.5,15,40,0.375,23,31,0.742,16,37,53,31,16.0,5,4,5,26,26,124,12.0,1,1,1,1,3,17,22,12,5,4,14,12,9,16,8,4,7,6,19,32,25,11,22,6,11,8,1
2025-26,1610612765,DET,Detroit Pistons,0022500342,2025-12-05T00:00:00,DET vs. POR,W,48.0,38,82,0.463,10,24,0.417,36,48,0.75,13,24,37,24,14.0,8,7,8,29,35,122,6.0,1,1,1,1,3,27,29,20,20,31,8,1,1,13,18,34,31,22,10,25,12,29,31,1,13,18,1
2025-26,1610612765,DET,Detroit Pistons,0022500331,2025-12-03T00:00:00,DET @ MIL,L,48.0,38,95,0.4,14,43,0.326,19,24,0.792,13,31,44,25,15.0,8,5,6,18,20,109,-4.0,1,26,26,26,3,27,5,31,6,1,20,21,23,9,18,22,20,20,16,25,20,18,5,24,30,30,1
2025-26,1610612765,DET,Detroit Pistons,0022500309,2025-12-01T00:00:00,DET vs. ATL,W,48.0,38,86,0.442,5,26,0.192,18,24,0.75,18,42,60,18,23.0,11,9,4,12,16,99,1.0,1,1,1,1,3,27,22,24,34,26,33,22,23,13,6,2,4,33,32,10,5,7,1,34,32,25,1
2025-26,1610612765,DET,Detroit Pistons,0022500296,2025-11-29T00:00:00,DET @ MIA,W,48.0,55,93,0.591,11,26,0.423,17,23,0.739,11,32,43,29,21.0,11,3,3,27,20,138,3.0,1,1,1,1,3,1,7,3,14,26,7,25,28,17,24,18,22,10,30,10,32,4,24,24,2,22,1
2025-26,1610612765,DET,Detroit Pistons,0022500072,2025-11-28T00:00:00,DET vs. ORL,L,48.0,37,84,0.44,11,28,0.393,24,31,0.774,14,35,49,22,24.0,7,8,7,27,25,109,-3.0,1,26,26,26,3,31,25,26,14,24,13,8,9,12,13,7,9,28,33,29,8,25,24,10,30,28,1
2025-26,1610612765,DET,Detroit Pistons,0022500060,2025-11-26T00:00:00,DET @ BOS,L,48.0,37,93,0.398,11,36,0.306,29,36,0.806,21,35,56,20,13.0,5,7,7,18,27,114,-3.0,1,26,26,26,3,31,7,32,14,7,25,5,4,8,4,7,5,31,6,32,12,25,5,3,19,28,1
2025-26,1610612765,DET,Detroit Pistons,0022500283,2025-11-24T00:00:00,DET @ IND,W,48.0,42,84,0.5,9,25,0.36,29,37,0.784,14,31,45,24,17.0,8,4,4,27,27,122,5.0,1,1,1,1,3,19,25,12,23,30,18,5,3,11,13,22,18,22,23,25,25,7,24,3,13,20,1
2025-26,1610612765,DET,Detroit Pistons,0022500272,2025-11-22T00:00:00,DET @ MIL,W,48.0,49,78,0.628,16,30,0.533,15,24,0.625,1,31,32,31,14.0,10,6,7,17,19,129,13.0,1,1,1,1,3,5,33,2,3,17,1,27,23,32,34,22,34,6,10,18,16,25,3,29,6,7,1
2025-26,1610612765,DET,Detroit Pistons,0022500251,2025-11-18T00:00:00,DET @ ATL,W,48.0,45,83,0.542,10,31,0.323,20,24,0.833,7,32,39,28,15.0,12,4,5,16,24,120,8.0,1,1,1,1,3,13,27,8,20,15,22,17,23,5,31,18,29,15,16,6,25,11,2,14,16,14,1
2025-26,1610612765,DET,Detroit Pistons,0022500242,2025-11-17T00:00:00,DET vs. IND,W,48.0,48,88,0.545,9,35,0.257,22,30,0.733,14,29,43,29,17.0,9,8,5,28,26,127,15.0,1,1,1,1,3,7,20,7,23,9,28,14,12,18,13,29,22,10,23,20,8,11,28,6,9,6,1
2025-26,1610612765,DET,Detroit Pistons,0022500041,2025-11-14T00:00:00,DET vs. PHI,W,48.0,41,92,0.446,17,41,0.415,15,18,0.833,13,33,46,32,14.0,9,7,4,17,20,114,9.0,1,1,1,1,3,22,12,22,2,2,9,27,33,5,18,12,14,4,10,20,12,7,3,24,19,12,1
2025-26,1610612765,DET,Detroit Pistons,0022500214,2025-11-12T00:00:00,DET vs. CHI,W,48.0,50,90,0.556,13,30,0.433,11,16,0.688,11,33,44,30,19.0,13,5,6,25,18,124,11.0,1,1,1,1,3,4,17,6,8,17,5,34,34,26,24,12,20,8,27,5,20,18,20,31,11,10,1
2025-26,1610612765,DET,Detroit Pistons,0022500199,2025-11-10T00:00:00,DET vs. WAS,W,53.0,47,114,0.412,13,41,0.317,30,38,0.789,28,35,63,27,16.0,16,5,6,18,28,137,2.0,1,1,1,1,1,10,2,30,8,2,24,3,2,10,1,7,1,17,19,1,20,18,5,2,3,24,1
2025-26,1610612765,DET,Detroit Pistons,0022500195,2025-11-09T00:00:00,DET @ PHI,W,48.0,39,82,0.476,13,30,0.433,20,28,0.714,9,28,37,23,16.0,12,5,6,21,22,111,3.0,1,1,1,1,3,25,29,17,8,17,5,17,17,20,30,30,31,25,19,6,20,18,12,20,27,22,1
2025-26,1610612765,DET,Detroit Pistons,0022500031,2025-11-07T00:00:00,DET @ BKN,W,48.0,49,85,0.576,6,26,0.231,21,30,0.7,11,35,46,32,13.0,14,1,1,19,24,125,18.0,1,1,1,1,3,5,24,5,31,26,31,15,12,22,24,7,14,4,6,4,34,1,8,14,10,5,1
2025-26,1610612765,DET,Detroit Pistons,0022500172,2025-11-05T00:00:00,DET vs. UTA,W,48.0,45,91,0.495,11,30,0.367,13,22,0.591,13,39,52,24,13.0,5,6,2,23,17,114,11.0,1,1,1,1,3,13,14,15,14,17,16,33,31,34,18,3,8,22,6,32,16,2,16,33,19,10,1
2025-26,1610612765,DET,Detroit Pistons,0022500161,2025-11-03T00:00:00,DET @ MEM,W,48.0,42,83,0.506,10,31,0.323,20,29,0.69,10,33,43,23,14.0,11,9,5,21,22,114,8.0,1,1,1,1,3,19,27,11,20,15,22,17,14,25,27,12,22,25,10,10,5,11,12,20,19,14,1
2025-26,1610612765,DET,Detroit Pistons,0022500147,2025-11-01T00:00:00,DET @ DAL,W,48.0,45,91,0.495,9,24,0.375,23,34,0.676,14,33,47,29,8.0,10,4,3,22,25,122,12.0,1,1,1,1,3,13,14,15,23,31,14,12,6,28,13,12,13,10,1,18,25,4,14,10,13,8,1
2025-26,1610612765,DET,Detroit Pistons,0022500129,2025-10-29T00:00:00,DET vs. ORL,W,48.0,46,93,0.495,13,32,0.406,30,34,0.882,14,32,46,29,14.0,11,8,5,28,27,135,19.0,1,1,1,1,3,12,7,14,8,13,12,3,6,2,13,18,14,10,10,10,8,11,28,3,5,4,1
2025-26,1610612765,DET,Detroit Pistons,0022500007,2025-10-27T00:00:00,DET vs. CLE,L,48.0,33,87,0.379,11,34,0.324,18,27,0.667,16,32,48,20,26.0,12,4,4,29,25,95,-21.0,1,26,26,26,3,34,21,34,14,10,21,22,20,29,8,18,10,31,34,6,25,7,31,10,34,34,1
2025-26,1610612765,DET,Detroit Pistons,0022500106,2025-10-26T00:00:00,DET vs. BOS,W,48.0,39,93,0.419,9,34,0.265,32,36,0.889,19,36,55,22,16.0,7,5,8,24,26,119,6.0,1,1,1,1,3,25,7,28,23,10,27,2,4,1,5,5,6,28,19,29,20,29,19,6,17,18,1
2025-26,1610612765,DET,Detroit Pistons,0022500093,2025-10-24T00:00:00,DET @ HOU,W,48.0,42,90,0.467,16,39,0.41,15,23,0.652,15,33,48,26,18.0,6,11,2,31,24,115,4.0,1,1,1,1,3,19,17,19,3,5,11,27,28,30,11,12,10,18,26,31,1,2,34,14,18,21,1
2025-26,1610612765,DET,Detroit Pistons,0022500084,2025-10-22T00:00:00,DET @ CHI,L,48.0,43,97,0.443,7,24,0.292,18,26,0.692,13,33,46,29,10.0,8,10,8,29,23,111,-4.0,1,26,26,26,3,17,4,23,28,31,26,22,21,24,18,12,14,10,2,25,2,29,31,18,27,30,1
2025-26,1610612744,GSW,Golden State Warriors,0022500462,2025-12-31T00:00:00,GSW @ CHA,W,48.0,46,83,0.554,24,49,0.49,16,17,0.941,10,27,37,35,19.0,7,3,1,20,23,132,7.0,1,1,1,1,3,3,25,1,1,5,2,23,29,2,19,31,30,2,24,28,24,1,12,8,3,13,1
2025-26,1610612744,GSW,Golden State Warriors,0022500449,2025-12-29T00:00:00,GSW @ BKN,W,48.0,41,77,0.532,10,33,0.303,28,34,0.824,6,34,40,26,14.0,11,5,5,21,27,120,13.0,1,1,1,1,3,14,33,2,34,34,24,3,4,17,32,8,24,22,11,8,9,21,19,2,12,7,1
2025-26,1610612744,GSW,Golden State Warriors,0022500441,2025-12-28T00:00:00,GSW @ TOR,L,53.0,43,96,0.448,16,44,0.364,25,28,0.893,14,28,42,25,21.0,9,9,2,20,26,127,-14.0,1,19,19,19,1,10,4,19,17,15,19,7,9,5,9,29,20,24,28,17,1,2,12,3,6,30,1
2025-26,1610612744,GSW,Golden State Warriors,0022500011,2025-12-25T00:00:00,GSW vs. DAL,W,48.0,44,99,0.444,14,50,0.28,24,26,0.923,13,36,49,33,11.0,9,4,5,22,16,126,10.0,1,1,1,1,3,5,2,21,20,4,29,9,11,3,12,5,6,6,5,17,16,21,20,27,7,10,1
2025-26,1610612744,GSW,Golden State Warriors,0022500407,2025-12-22T00:00:00,GSW vs. ORL,W,48.0,46,89,0.517,11,37,0.297,17,24,0.708,14,33,47,33,13.0,8,6,5,20,21,120,23.0,1,1,1,1,3,3,14,4,33,30,25,20,14,32,9,13,8,6,7,23,5,21,12,12,12,3,1
2025-26,1610612744,GSW,Golden State Warriors,0022500392,2025-12-20T00:00:00,GSW vs. PHX,W,48.0,42,92,0.457,17,49,0.347,18,24,0.75,17,32,49,29,21.0,9,7,6,22,24,119,3.0,1,1,1,1,3,13,11,15,11,5,21,18,14,27,2,16,6,12,28,17,4,29,20,6,15,17,1
2025-26,1610612744,GSW,Golden State Warriors,0022500378,2025-12-18T00:00:00,GSW @ PHX,L,48.0,35,89,0.393,12,42,0.286,16,18,0.889,15,39,54,27,20.0,9,3,6,20,17,98,-1.0,1,19,19,19,3,29,14,32,26,22,27,23,26,6,6,2,2,18,27,17,24,29,12,24,31,19,1
2025-26,1610612744,GSW,Golden State Warriors,0022501221,2025-12-14T00:00:00,GSW @ POR,L,48.0,44,87,0.506,24,47,0.511,19,23,0.826,8,28,36,34,18.0,14,5,4,24,21,131,-5.0,1,19,19,19,3,5,20,5,1,8,1,14,16,15,27,29,31,3,22,2,9,14,27,12,4,23,1
2025-26,1610612744,GSW,Golden State Warriors,0022501215,2025-12-12T00:00:00,GSW vs. MIN,L,48.0,44,96,0.458,15,46,0.326,17,22,0.773,12,30,42,27,13.0,7,2,3,23,22,120,-7.0,1,19,19,19,3,5,4,13,19,12,23,20,19,25,14,25,20,18,7,28,32,7,24,9,12,26,1
2025-26,1610612744,GSW,Golden State Warriors,0022500361,2025-12-07T00:00:00,GSW @ CHI,W,48.0,44,88,0.5,22,47,0.468,13,19,0.684,15,36,51,27,17.0,11,2,4,16,15,123,32.0,1,1,1,1,3,5,18,7,4,8,3,29,25,34,6,5,3,18,21,8,32,14,3,29,10,1,1
2025-26,1610612744,GSW,Golden State Warriors,0022500352,2025-12-06T00:00:00,GSW @ CLE,W,48.0,33,86,0.384,13,35,0.371,20,23,0.87,8,38,46,25,14.0,8,8,4,19,18,99,5.0,1,1,1,1,3,33,21,33,21,32,15,13,16,9,27,4,12,24,11,23,2,14,11,22,30,15,1
2025-26,1610612744,GSW,Golden State Warriors,0022500333,2025-12-04T00:00:00,GSW @ PHI,L,48.0,37,89,0.416,12,42,0.286,12,16,0.75,11,32,43,27,13.0,12,4,7,20,14,98,-1.0,1,19,19,19,3,26,14,30,26,22,27,31,31,27,17,16,17,18,7,6,16,34,12,31,31,19,1
2025-26,1610612744,GSW,Golden State Warriors,0022500323,2025-12-02T00:00:00,GSW vs. OKC,L,48.0,43,95,0.453,18,42,0.429,8,10,0.8,12,31,43,30,16.0,5,2,5,22,13,112,-12.0,1,19,19,19,3,10,6,17,9,22,6,33,33,19,14,21,17,10,15,31,32,21,20,33,22,29,1
2025-26,1610612744,GSW,Golden State Warriors,0022500298,2025-11-29T00:00:00,GSW vs. NOP,W,48.0,38,93,0.409,12,47,0.255,16,20,0.8,14,33,47,28,10.0,5,3,2,23,21,104,8.0,1,1,1,1,3,22,10,31,26,8,34,23,22,19,9,13,8,15,2,31,24,2,24,12,26,12,1
2025-26,1610612744,GSW,Golden State Warriors,0022500066,2025-11-26T00:00:00,GSW vs. HOU,L,48.0,35,82,0.427,12,43,0.279,18,21,0.857,13,34,47,25,16.0,8,5,3,26,20,100,-4.0,1,19,19,19,3,29,29,25,26,18,30,18,21,12,12,8,8,24,15,23,9,7,30,17,29,21,1
2025-26,1610612744,GSW,Golden State Warriors,0022500291,2025-11-24T00:00:00,GSW vs. UTA,W,48.0,51,104,0.49,19,52,0.365,13,18,0.722,16,34,50,34,10.0,11,5,6,14,14,134,17.0,1,1,1,1,3,1,1,10,6,3,18,29,26,31,4,8,4,3,2,8,9,29,1,31,2,6,1
2025-26,1610612744,GSW,Golden State Warriors,0022500056,2025-11-21T00:00:00,GSW vs. POR,L,48.0,40,83,0.482,17,43,0.395,26,30,0.867,9,23,32,29,14.0,14,4,5,25,25,123,-4.0,1,19,19,19,3,16,25,12,11,18,10,4,5,10,24,34,33,12,11,2,16,21,29,4,10,21,1
2025-26,1610612744,GSW,Golden State Warriors,0022500257,2025-11-19T00:00:00,GSW @ MIA,L,48.0,34,95,0.358,13,49,0.265,15,20,0.75,20,42,62,24,23.0,8,5,3,20,17,96,-14.0,1,19,19,19,3,32,6,34,21,5,33,27,22,27,1,1,1,28,33,23,9,7,12,24,34,30,1
2025-26,1610612744,GSW,Golden State Warriors,0022500249,2025-11-18T00:00:00,GSW @ ORL,L,48.0,39,78,0.5,13,36,0.361,22,28,0.786,6,30,36,26,18.0,11,3,3,18,20,113,-8.0,1,19,19,19,3,19,31,7,21,31,20,12,9,24,32,25,31,22,22,8,24,7,7,17,21,27,1
2025-26,1610612744,GSW,Golden State Warriors,0022500237,2025-11-16T00:00:00,GSW @ NOP,W,48.0,43,94,0.457,24,56,0.429,14,17,0.824,16,31,47,34,21.0,14,4,4,23,16,124,18.0,1,1,1,1,3,10,9,14,1,2,6,28,29,17,4,21,8,3,28,2,16,14,24,27,9,5,1
2025-26,1610612744,GSW,Golden State Warriors,0022500047,2025-11-14T00:00:00,GSW @ SAS,W,48.0,38,90,0.422,17,45,0.378,16,18,0.889,15,24,39,18,15.0,9,8,6,20,19,109,1.0,1,1,1,1,3,22,12,28,11,13,13,23,26,6,6,33,27,34,14,17,2,29,12,20,24,18,1
2025-26,1610612744,GSW,Golden State Warriors,0022500220,2025-11-12T00:00:00,GSW @ SAS,W,48.0,36,85,0.424,21,57,0.368,32,36,0.889,8,32,40,30,16.0,13,3,3,18,24,125,5.0,1,1,1,1,3,27,23,26,5,1,17,2,3,6,27,16,24,10,15,5,24,7,7,6,8,15,1
2025-26,1610612744,GSW,Golden State Warriors,0022500210,2025-11-11T00:00:00,GSW @ OKC,L,48.0,33,74,0.446,13,35,0.371,23,29,0.793,6,26,32,23,21.0,16,4,4,28,21,102,-24.0,1,19,19,19,3,33,34,20,21,32,15,11,7,23,32,32,33,31,28,1,16,14,34,12,28,33,1
2025-26,1610612744,GSW,Golden State Warriors,0022500196,2025-11-09T00:00:00,GSW vs. IND,W,48.0,38,88,0.432,12,44,0.273,26,37,0.703,11,39,50,22,10.0,11,6,6,16,25,114,31.0,1,1,1,1,3,22,18,24,26,15,31,4,2,33,17,2,4,33,2,8,5,29,3,4,20,2,1
2025-26,1610612744,GSW,Golden State Warriors,0022500037,2025-11-07T00:00:00,GSW @ DEN,L,48.0,40,95,0.421,12,41,0.293,12,15,0.8,17,29,46,28,12.0,4,5,4,18,15,104,-25.0,1,19,19,19,3,16,6,29,26,26,26,31,32,19,2,27,12,15,6,34,9,14,7,29,26,34,1
2025-26,1610612744,GSW,Golden State Warriors,0022500181,2025-11-05T00:00:00,GSW @ SAC,L,48.0,40,89,0.449,17,43,0.395,19,23,0.826,10,34,44,28,19.0,10,6,5,26,18,116,-5.0,1,19,19,19,3,16,14,18,11,18,10,14,16,15,19,8,14,15,24,15,5,21,30,22,19,23,1
2025-26,1610612744,GSW,Golden State Warriors,0022500169,2025-11-04T00:00:00,GSW vs. PHX,W,48.0,41,83,0.494,19,42,0.452,17,20,0.85,8,31,39,33,16.0,9,4,5,18,17,118,11.0,1,1,1,1,3,14,25,9,6,22,4,20,22,13,27,21,27,6,15,17,16,21,7,24,18,9,1
2025-26,1610612744,GSW,Golden State Warriors,0022500144,2025-11-01T00:00:00,GSW @ IND,L,48.0,39,90,0.433,12,44,0.273,19,22,0.864,10,34,44,25,16.0,5,4,3,27,19,109,-5.0,1,19,19,19,3,19,12,23,26,15,31,14,19,11,19,8,14,24,15,31,16,7,32,20,24,23,1
2025-26,1610612744,GSW,Golden State Warriors,0022500139,2025-10-30T00:00:00,GSW @ MIL,L,48.0,36,85,0.424,13,38,0.342,25,26,0.962,9,35,44,23,22.0,8,6,2,17,22,110,-10.0,1,19,19,19,3,27,23,26,21,28,22,7,11,1,24,7,14,31,32,23,5,2,6,9,23,28,1
2025-26,1610612744,GSW,Golden State Warriors,0022500127,2025-10-28T00:00:00,GSW vs. LAC,W,48.0,39,86,0.453,17,45,0.378,3,4,0.75,10,32,42,24,13.0,11,3,2,15,5,98,19.0,1,1,1,1,3,19,21,16,11,13,13,34,34,27,19,16,20,28,7,8,24,2,2,34,31,4,1
2025-26,1610612744,GSW,Golden State Warriors,0022500121,2025-10-27T00:00:00,GSW vs. MEM,W,48.0,44,83,0.53,19,43,0.442,24,30,0.8,7,32,39,36,16.0,7,5,3,24,20,131,13.0,1,1,1,1,3,5,25,3,6,18,5,9,5,19,31,16,27,1,15,28,9,7,27,17,4,7,1
2025-26,1610612744,GSW,Golden State Warriors,0022500097,2025-10-24T00:00:00,GSW @ POR,L,48.0,35,80,0.438,16,38,0.421,33,39,0.846,12,29,41,24,25.0,12,3,5,22,28,119,-20.0,1,19,19,19,3,29,30,22,17,28,9,1,1,14,14,27,23,28,34,6,24,21,20,1,15,32,1
2025-26,1610612744,GSW,Golden State Warriors,0022500006,2025-10-23T00:00:00,GSW vs. DEN,W,53.0,50,99,0.505,18,47,0.383,19,25,0.76,10,33,43,33,9.0,11,3,4,16,22,137,6.0,1,1,1,1,1,2,2,6,9,8,12,14,13,26,19,13,17,6,1,8,24,14,3,9,1,14,1
2025-26,1610612744,GSW,Golden State Warriors,0022500002,2025-10-21T00:00:00,GSW @ LAL,W,48.0,38,78,0.487,17,40,0.425,26,29,0.897,9,31,40,29,19.0,10,4,2,27,21,119,10.0,1,1,1,1,3,22,31,11,11,27,8,4,7,4,24,21,24,12,24,15,16,2,32,12,15,10,1
2025-26,1610612745,HOU,Houston Rockets,0022500471,2026-01-01T00:00:00,HOU @ BKN,W,48.0,47,82,0.573,12,29,0.414,14,18,0.778,13,32,45,28,14.0,8,7,2,22,17,120,24.0,1,1,1,1,6,11,28,5,13,18,14,28,27,17,24,18,23,10,9,18,10,2,20,27,16,5,1
2025-26,1610612745,HOU,Houston Rockets,0022500453,2025-12-29T00:00:00,HOU vs. IND,W,48.0,49,83,0.59,10,27,0.37,18,24,0.75,14,36,50,21,19.0,4,6,3,17,22,126,7.0,1,1,1,1,6,5,26,2,19,22,20,14,13,21,23,7,14,28,23,30,13,8,6,12,8,17,1
2025-26,1610612745,HOU,Houston Rockets,0022500438,2025-12-27T00:00:00,HOU vs. CLE,W,48.0,43,88,0.489,16,35,0.457,15,21,0.714,18,33,51,27,17.0,12,9,6,14,15,117,17.0,1,1,1,1,6,17,18,17,5,6,8,23,19,25,8,15,11,11,18,5,2,23,3,30,18,12,1
2025-26,1610612745,HOU,Houston Rockets,0022500012,2025-12-25T00:00:00,HOU @ LAL,W,48.0,48,90,0.533,8,24,0.333,15,19,0.789,17,31,48,24,16.0,10,6,5,13,17,119,23.0,1,1,1,1,6,7,14,7,28,26,24,23,25,14,10,19,18,19,13,7,13,17,2,27,17,7,1
2025-26,1610612745,HOU,Houston Rockets,0022500422,2025-12-23T00:00:00,HOU @ LAC,L,48.0,43,86,0.5,9,30,0.3,13,18,0.722,15,27,42,25,13.0,5,6,4,20,19,108,-20.0,1,22,22,22,6,17,23,15,26,15,27,29,27,24,19,28,25,16,5,29,13,9,11,22,30,31,1
2025-26,1610612745,HOU,Houston Rockets,0022500401,2025-12-21T00:00:00,HOU @ SAC,L,53.0,45,94,0.479,16,38,0.421,18,24,0.75,13,34,47,31,15.0,9,2,5,20,21,124,-1.0,1,22,22,22,2,14,8,19,5,4,12,14,13,21,24,12,19,3,11,10,28,17,11,16,11,22,1
2025-26,1610612745,HOU,Houston Rockets,0022500386,2025-12-20T00:00:00,HOU @ DEN,W,48.0,39,77,0.506,19,35,0.543,18,23,0.783,9,38,47,24,19.0,6,8,2,20,20,115,14.0,1,1,1,1,6,28,29,12,1,6,3,14,17,16,29,6,19,19,23,24,3,2,11,17,21,14,1
2025-26,1610612745,HOU,Houston Rockets,0022500375,2025-12-18T00:00:00,HOU @ NOP,L,53.0,50,107,0.467,10,32,0.313,18,27,0.667,25,33,58,30,20.0,6,8,7,21,24,128,-5.0,1,22,22,22,2,3,1,21,19,11,25,14,9,28,1,15,3,5,26,24,3,26,18,9,6,27,1
2025-26,1610612745,HOU,Houston Rockets,0022501225,2025-12-15T00:00:00,HOU @ DEN,L,53.0,47,93,0.505,12,25,0.48,19,26,0.731,12,34,46,29,16.0,7,8,4,25,28,125,-3.0,1,22,22,22,2,11,9,14,13,25,7,12,11,23,26,12,21,8,13,22,3,9,29,3,9,24,1
2025-26,1610612745,HOU,Houston Rockets,0022501205,2025-12-11T00:00:00,HOU vs. LAC,W,48.0,43,93,0.462,12,34,0.353,17,21,0.81,22,29,51,26,19.0,9,1,5,22,20,115,2.0,1,1,1,1,6,17,9,22,13,9,22,18,19,12,3,23,11,13,23,10,31,17,20,17,21,21,1
2025-26,1610612745,HOU,Houston Rockets,0022500356,2025-12-06T00:00:00,HOU @ DAL,L,48.0,44,87,0.506,10,29,0.345,11,13,0.846,16,21,37,22,20.0,8,6,4,20,14,109,-13.0,1,22,22,22,6,16,20,13,19,18,23,31,31,9,15,31,31,27,26,18,13,9,11,31,28,30,1
2025-26,1610612745,HOU,Houston Rockets,0022500346,2025-12-05T00:00:00,HOU vs. PHX,W,48.0,45,76,0.592,10,18,0.556,17,19,0.895,6,34,40,25,23.0,9,8,2,20,22,117,19.0,1,1,1,1,6,14,31,1,19,30,2,18,25,2,31,12,29,16,29,10,3,2,11,12,18,10,1
2025-26,1610612745,HOU,Houston Rockets,0022500330,2025-12-03T00:00:00,HOU vs. SAC,W,48.0,48,91,0.527,5,16,0.313,20,24,0.833,17,45,62,24,18.0,10,8,7,10,17,121,26.0,1,1,1,1,6,7,13,11,31,31,25,10,13,10,10,1,1,19,21,7,3,26,1,27,15,4,1
2025-26,1610612745,HOU,Houston Rockets,0022500316,2025-12-01T00:00:00,HOU @ UTA,L,48.0,41,93,0.441,10,34,0.294,33,41,0.805,16,30,46,27,13.0,6,8,4,26,31,125,-8.0,1,22,22,22,6,24,9,27,19,9,28,2,2,13,15,20,21,11,5,24,3,9,30,1,9,28,1
2025-26,1610612745,HOU,Houston Rockets,0022500301,2025-11-30T00:00:00,HOU @ UTA,W,48.0,46,87,0.529,11,31,0.355,26,33,0.788,15,35,50,30,16.0,14,7,4,18,23,129,28.0,1,1,1,1,6,13,20,10,16,13,21,4,5,15,19,10,14,5,13,2,10,9,8,11,5,1,1
2025-26,1610612745,HOU,Houston Rockets,0022500066,2025-11-26T00:00:00,HOU @ GSW,W,48.0,39,99,0.394,11,39,0.282,15,24,0.625,25,28,53,24,10.0,7,3,5,20,26,104,4.0,1,1,1,1,6,28,5,30,16,2,29,23,13,31,1,26,6,19,2,22,25,17,11,5,31,19,1
2025-26,1610612745,HOU,Houston Rockets,0022500290,2025-11-24T00:00:00,HOU @ PHX,W,48.0,43,88,0.489,13,31,0.419,15,17,0.882,12,29,41,26,16.0,13,4,4,20,20,114,22.0,1,1,1,1,6,17,18,17,9,13,13,23,30,4,26,23,26,13,13,4,20,9,11,17,23,9,1
2025-26,1610612745,HOU,Houston Rockets,0022500054,2025-11-21T00:00:00,HOU vs. DEN,L,48.0,41,93,0.441,14,36,0.389,13,20,0.65,18,23,41,21,16.0,8,2,7,22,20,109,-3.0,1,22,22,22,6,24,9,27,8,5,16,29,23,30,8,30,26,28,13,18,28,26,20,17,28,24,1
2025-26,1610612745,HOU,Houston Rockets,0022500255,2025-11-19T00:00:00,HOU @ CLE,W,48.0,41,90,0.456,9,24,0.375,23,27,0.852,16,35,51,23,13.0,9,4,5,23,18,114,10.0,1,1,1,1,6,24,14,25,26,26,19,8,9,7,15,10,11,24,5,10,20,17,25,25,23,15,1
2025-26,1610612745,HOU,Houston Rockets,0022500236,2025-11-16T00:00:00,HOU vs. ORL,W,53.0,42,100,0.42,8,20,0.4,25,29,0.862,19,41,60,19,15.0,4,4,9,23,22,117,4.0,1,1,1,1,2,22,4,29,28,29,15,6,8,6,7,2,2,30,11,30,20,29,25,12,18,19,1
2025-26,1610612745,HOU,Houston Rockets,0022500042,2025-11-14T00:00:00,HOU vs. POR,W,48.0,53,106,0.5,17,45,0.378,17,20,0.85,20,29,49,26,6.0,16,6,2,22,18,140,24.0,1,1,1,1,6,1,2,15,3,1,18,18,23,8,4,23,17,13,1,1,13,2,20,25,1,5,1
2025-26,1610612745,HOU,Houston Rockets,0022500218,2025-11-12T00:00:00,HOU vs. WAS,W,48.0,51,96,0.531,17,35,0.486,16,23,0.696,20,33,53,32,12.0,9,6,5,18,22,135,23.0,1,1,1,1,6,2,7,9,3,6,5,21,17,27,4,15,6,2,4,10,13,17,8,12,4,7,1
2025-26,1610612745,HOU,Houston Rockets,0022500191,2025-11-09T00:00:00,HOU @ MIL,W,48.0,48,90,0.533,10,26,0.385,16,21,0.762,20,30,50,24,18.0,8,3,6,19,20,122,7.0,1,1,1,1,6,7,14,7,19,24,17,21,19,20,4,20,14,19,21,18,25,23,10,17,14,17,1
2025-26,1610612745,HOU,Houston Rockets,0022500032,2025-11-07T00:00:00,HOU @ SAS,L,48.0,39,85,0.459,13,27,0.481,19,21,0.905,17,24,41,25,24.0,12,4,4,24,19,110,-11.0,1,22,22,22,6,28,24,24,9,22,6,12,19,1,10,29,26,16,30,5,20,9,27,22,26,29,1
2025-26,1610612745,HOU,Houston Rockets,0022500176,2025-11-05T00:00:00,HOU @ MEM,W,48.0,48,101,0.475,13,30,0.433,15,18,0.833,15,39,54,29,13.0,9,3,9,21,19,124,15.0,1,1,1,1,6,7,3,20,9,15,10,23,27,10,19,4,4,8,5,10,25,29,18,22,11,13,1
2025-26,1610612745,HOU,Houston Rockets,0022500160,2025-11-03T00:00:00,HOU vs. DAL,W,48.0,41,89,0.461,8,29,0.276,20,30,0.667,15,39,54,23,17.0,9,7,6,17,25,110,8.0,1,1,1,1,6,24,17,23,28,18,31,10,7,28,19,4,4,24,18,10,10,23,6,7,26,16,1
2025-26,1610612745,HOU,Houston Rockets,0022500146,2025-11-01T00:00:00,HOU @ BOS,W,48.0,42,77,0.545,19,29,0.655,25,35,0.714,12,41,53,30,20.0,6,11,2,14,25,128,27.0,1,1,1,1,6,22,29,6,1,18,1,6,3,25,26,2,6,5,26,24,1,2,3,7,6,3,1
2025-26,1610612745,HOU,Houston Rockets,0022500131,2025-10-29T00:00:00,HOU @ TOR,W,48.0,50,87,0.575,13,30,0.433,26,34,0.765,17,36,53,31,17.0,9,8,2,16,26,139,18.0,1,1,1,1,6,3,20,4,9,15,10,4,4,19,10,7,6,3,18,10,3,2,5,5,2,11,1
2025-26,1610612745,HOU,Houston Rockets,0022500116,2025-10-27T00:00:00,HOU vs. BKN,W,48.0,49,85,0.576,16,32,0.5,23,26,0.885,9,30,39,33,10.0,10,4,0,22,24,137,28.0,1,1,1,1,6,5,24,3,5,11,4,8,11,3,29,20,30,1,2,7,20,1,20,9,3,1,1
2025-26,1610612745,HOU,Houston Rockets,0022500093,2025-10-24T00:00:00,HOU vs. DET,L,48.0,32,83,0.386,10,22,0.455,37,48,0.771,17,28,45,15,14.0,14,2,11,24,31,111,-4.0,1,22,22,22,6,31,26,31,19,28,9,1,1,18,10,26,23,31,9,2,28,31,27,1,25,26,1
2025-26,1610612745,HOU,Houston Rockets,0022500001,2025-10-21T00:00:00,HOU @ OKC,L,58.0,43,97,0.443,11,39,0.282,27,31,0.871,16,36,52,23,25.0,6,5,4,26,27,124,-1.0,1,22,22,22,1,17,6,26,16,2,29,3,6,5,15,7,10,24,31,24,19,9,30,4,11,22,1
2025-26,1610612754,IND,Indiana Pacers,0022500476,2026-01-02T00:00:00,IND vs. SAS,L,48.0,44,86,0.512,12,30,0.4,13,15,0.867,1,38,39,26,14.0,9,4,2,28,17,113,-10.0,1,7,7,7,2,7,24,5,19,32,7,28,31,7,35,6,26,9,17,7,22,1,32,27,15,18,1
2025-26,1610612754,IND,Indiana Pacers,0022500464,2025-12-31T00:00:00,IND vs. ORL,L,48.0,36,83,0.434,12,35,0.343,26,32,0.813,5,34,39,22,16.0,10,3,4,24,23,110,-2.0,1,7,7,7,2,25,31,18,19,21,14,6,9,12,32,10,26,21,26,5,27,12,21,13,19,8,1
2025-26,1610612754,IND,Indiana Pacers,0022500453,2025-12-29T00:00:00,IND @ HOU,L,48.0,44,88,0.5,18,34,0.529,13,20,0.65,7,22,29,30,9.0,12,3,6,22,17,119,-7.0,1,7,7,7,2,7,19,6,1,23,1,28,24,31,27,33,35,2,4,3,27,26,12,27,7,15,1
2025-26,1610612754,IND,Indiana Pacers,0022500436,2025-12-27T00:00:00,IND @ MIA,L,48.0,46,93,0.495,12,38,0.316,12,16,0.75,15,30,45,30,26.0,6,5,5,22,15,116,-26.0,1,7,7,7,2,2,9,7,19,14,21,30,29,21,8,23,11,2,35,21,15,20,12,33,11,33,1
2025-26,1610612754,IND,Indiana Pacers,0022500426,2025-12-26T00:00:00,IND vs. BOS,L,48.0,44,89,0.494,18,44,0.409,16,20,0.8,11,24,35,29,14.0,6,3,3,28,22,122,-18.0,1,7,7,7,2,7,15,8,1,3,6,23,24,14,15,31,31,4,17,21,27,7,32,15,4,26,1
2025-26,1610612754,IND,Indiana Pacers,0022500413,2025-12-23T00:00:00,IND vs. MIL,L,48.0,33,81,0.407,8,31,0.258,20,33,0.606,7,33,40,20,12.0,7,3,7,21,26,94,-17.0,1,7,7,7,2,30,33,26,31,29,31,17,7,35,27,12,24,27,6,15,27,30,8,8,33,24,1
2025-26,1610612754,IND,Indiana Pacers,0022500403,2025-12-22T00:00:00,IND @ BOS,L,48.0,33,85,0.388,13,40,0.325,16,18,0.889,9,27,36,19,13.0,4,3,6,21,16,95,-8.0,1,7,7,7,2,30,25,29,9,8,18,23,27,5,25,28,29,33,12,32,27,26,8,31,31,16,1
2025-26,1610612754,IND,Indiana Pacers,0022500389,2025-12-20T00:00:00,IND @ NOP,L,48.0,40,94,0.426,8,42,0.19,21,30,0.7,11,31,42,28,14.0,7,5,2,26,25,109,-19.0,1,7,7,7,2,15,7,21,31,6,35,16,10,29,15,19,20,7,17,15,15,1,26,9,21,28,1
2025-26,1610612754,IND,Indiana Pacers,0022500372,2025-12-18T00:00:00,IND vs. NYK,L,48.0,43,93,0.462,11,34,0.324,16,18,0.889,16,36,52,22,14.0,8,6,5,20,19,113,-1.0,1,7,7,7,2,10,9,12,22,23,19,23,27,5,4,8,4,21,17,10,9,20,7,22,15,7,1
2025-26,1610612754,IND,Indiana Pacers,0022501216,2025-12-14T00:00:00,IND vs. WAS,L,48.0,31,84,0.369,10,39,0.256,17,21,0.81,11,30,41,20,8.0,2,7,3,18,21,89,-19.0,1,7,7,7,2,35,28,30,26,11,32,21,23,13,15,23,21,27,2,34,5,7,5,19,34,28,1
2025-26,1610612754,IND,Indiana Pacers,0022501211,2025-12-12T00:00:00,IND @ PHI,L,48.0,38,96,0.396,13,38,0.342,16,19,0.842,12,34,46,26,7.0,6,4,4,27,19,105,-10.0,1,7,7,7,2,20,6,28,9,14,15,23,26,9,14,10,10,9,1,21,22,12,29,22,24,18,1
2025-26,1610612754,IND,Indiana Pacers,0022500364,2025-12-08T00:00:00,IND vs. SAC,W,48.0,38,87,0.437,14,35,0.4,26,28,0.929,10,31,41,25,14.0,14,7,4,15,18,116,11.0,1,1,1,1,2,20,22,17,6,21,7,6,14,2,21,19,21,11,17,1,5,12,1,25,11,3,1
2025-26,1610612754,IND,Indiana Pacers,0022500345,2025-12-05T00:00:00,IND @ CHI,W,48.0,45,84,0.536,18,39,0.462,12,16,0.75,6,29,35,24,14.0,13,8,2,21,15,120,15.0,1,1,1,1,2,6,28,2,1,11,3,30,29,21,31,26,31,14,17,2,2,1,8,33,5,2,1
2025-26,1610612754,IND,Indiana Pacers,0022500325,2025-12-03T00:00:00,IND vs. DEN,L,48.0,42,81,0.519,13,28,0.464,23,29,0.793,8,30,38,24,12.0,6,5,5,24,21,120,-15.0,1,7,7,7,2,11,33,4,9,34,2,14,11,15,26,23,28,14,6,21,15,20,21,19,5,21,1
2025-26,1610612754,IND,Indiana Pacers,0022500310,2025-12-01T00:00:00,IND vs. CLE,L,48.0,41,85,0.482,10,30,0.333,27,37,0.73,14,22,36,19,14.0,5,6,8,22,28,119,-16.0,1,7,7,7,2,12,25,9,26,32,16,4,4,26,11,33,29,33,17,29,9,33,12,2,7,23,1
2025-26,1610612754,IND,Indiana Pacers,0022500295,2025-11-29T00:00:00,IND vs. CHI,W,48.0,41,89,0.461,13,41,0.317,8,11,0.727,7,37,44,24,13.0,8,10,3,15,14,103,2.0,1,1,1,1,2,12,15,13,9,7,20,33,34,27,27,7,13,14,12,10,1,7,1,35,26,6,1
2025-26,1610612754,IND,Indiana Pacers,0022500073,2025-11-28T00:00:00,IND vs. WAS,W,48.0,48,92,0.522,13,34,0.382,10,13,0.769,10,40,50,27,16.0,9,8,7,16,17,119,33.0,1,1,1,1,2,1,12,3,9,23,9,32,32,16,21,2,6,8,26,7,2,30,3,27,7,1,1
2025-26,1610612754,IND,Indiana Pacers,0022500063,2025-11-26T00:00:00,IND @ TOR,L,48.0,35,78,0.449,11,33,0.333,14,23,0.609,3,40,43,20,18.0,7,7,4,22,19,95,-2.0,1,7,7,7,2,27,35,15,22,26,16,27,20,34,34,2,15,27,31,15,5,12,12,22,31,8,1
2025-26,1610612754,IND,Indiana Pacers,0022500283,2025-11-24T00:00:00,IND vs. DET,L,48.0,39,82,0.476,13,31,0.419,26,34,0.765,5,25,30,22,13.0,11,4,4,27,27,117,-5.0,1,7,7,7,2,17,32,10,9,29,5,6,5,17,32,29,34,21,12,4,22,12,29,5,10,13,1
2025-26,1610612754,IND,Indiana Pacers,0022500048,2025-11-21T00:00:00,IND @ CLE,L,48.0,37,88,0.42,11,37,0.297,24,26,0.923,10,33,43,25,13.0,10,6,8,22,22,109,-11.0,1,7,7,7,2,22,19,23,22,17,24,12,19,3,21,12,15,11,12,5,9,33,12,15,21,20,1
2025-26,1610612754,IND,Indiana Pacers,0022500256,2025-11-19T00:00:00,IND vs. CHA,W,48.0,46,85,0.541,16,38,0.421,19,23,0.826,10,33,43,32,16.0,5,8,2,22,18,127,9.0,1,1,1,1,2,2,25,1,4,14,4,18,20,10,21,12,15,1,26,29,2,1,12,25,3,4,1
2025-26,1610612754,IND,Indiana Pacers,0022500242,2025-11-17T00:00:00,IND @ DET,L,48.0,35,84,0.417,9,31,0.29,33,45,0.733,20,23,43,19,21.0,8,5,8,26,28,112,-15.0,1,7,7,7,2,27,28,24,30,29,25,1,1,25,1,32,15,33,33,10,15,33,26,2,17,21,1
2025-26,1610612754,IND,Indiana Pacers,0022500230,2025-11-15T00:00:00,IND vs. TOR,L,48.0,37,87,0.425,15,43,0.349,22,27,0.815,7,33,40,22,16.0,5,3,3,25,20,111,-18.0,1,7,7,7,2,22,22,22,5,4,13,15,17,11,27,12,24,21,26,29,27,7,24,21,18,26,1
2025-26,1610612754,IND,Indiana Pacers,0022500226,2025-11-13T00:00:00,IND @ PHX,L,48.0,32,88,0.364,7,25,0.28,27,29,0.931,16,25,41,20,12.0,4,3,6,22,24,98,-35.0,1,7,7,7,2,33,19,31,35,35,28,4,11,1,4,29,21,27,6,32,27,26,12,11,30,35,1
2025-26,1610612754,IND,Indiana Pacers,0022500211,2025-11-11T00:00:00,IND @ UTA,L,48.0,46,99,0.465,10,37,0.27,26,29,0.897,15,20,35,29,8.0,6,6,3,26,27,128,-24.0,1,7,7,7,2,2,3,11,26,17,30,6,11,4,8,35,31,4,2,21,9,7,26,5,2,31,1
2025-26,1610612754,IND,Indiana Pacers,0022500196,2025-11-09T00:00:00,IND @ GSW,L,48.0,32,94,0.34,11,39,0.282,8,11,0.727,14,39,53,21,22.0,7,6,6,25,16,83,-31.0,1,7,7,7,2,33,7,35,22,11,27,33,34,27,11,5,3,25,34,15,9,26,24,31,35,34,1
2025-26,1610612754,IND,Indiana Pacers,0022500189,2025-11-08T00:00:00,IND @ DEN,L,48.0,33,93,0.355,8,36,0.222,26,34,0.765,15,28,43,20,11.0,9,6,2,23,25,100,-17.0,1,7,7,7,2,30,9,32,31,19,34,6,5,17,8,27,15,27,5,7,9,1,19,9,29,24,1
2025-26,1610612754,IND,Indiana Pacers,0022500173,2025-11-05T00:00:00,IND vs. BKN,L,48.0,41,99,0.414,13,36,0.361,8,13,0.615,16,40,56,29,18.0,6,5,5,23,17,103,-9.0,1,7,7,7,2,12,3,25,9,19,10,33,32,33,4,2,1,4,31,21,15,20,19,27,26,17,1
2025-26,1610612754,IND,Indiana Pacers,0022500157,2025-11-03T00:00:00,IND vs. MIL,L,48.0,39,90,0.433,8,33,0.242,29,38,0.763,14,31,45,24,12.0,8,4,5,24,28,115,-2.0,1,7,7,7,2,17,14,19,31,26,33,3,3,19,11,19,11,14,6,10,22,20,21,2,13,8,1
2025-26,1610612754,IND,Indiana Pacers,0022500144,2025-11-01T00:00:00,IND vs. GSW,W,48.0,40,89,0.449,10,33,0.303,24,28,0.857,11,36,47,24,12.0,7,3,4,19,27,114,5.0,1,1,1,1,2,15,15,14,26,26,22,12,14,8,15,8,9,14,6,15,27,12,6,5,14,5,1
2025-26,1610612754,IND,Indiana Pacers,0022500020,2025-10-31T00:00:00,IND vs. ATL,L,48.0,35,99,0.354,13,47,0.277,25,33,0.758,18,31,49,23,12.0,6,3,5,16,23,108,-20.0,1,7,7,7,2,27,3,33,9,1,29,11,7,20,3,19,7,20,6,21,27,20,3,13,23,30,1
2025-26,1610612754,IND,Indiana Pacers,0022500133,2025-10-29T00:00:00,IND @ DAL,L,48.0,37,106,0.349,13,45,0.289,18,28,0.643,19,33,52,20,14.0,8,7,7,29,22,105,-2.0,1,7,7,7,2,22,1,34,9,2,26,19,14,32,2,12,4,27,17,10,5,30,34,15,24,8,1
2025-26,1610612754,IND,Indiana Pacers,0022500110,2025-10-26T00:00:00,IND @ MIN,L,48.0,39,91,0.429,14,40,0.35,18,27,0.667,16,33,49,24,17.0,7,5,4,27,24,110,-4.0,1,7,7,7,2,17,13,20,6,8,11,19,17,30,4,12,7,14,30,15,15,12,29,11,19,12,1
2025-26,1610612754,IND,Indiana Pacers,0022500103,2025-10-25T00:00:00,IND @ MEM,L,48.0,36,89,0.404,14,40,0.35,17,23,0.739,11,33,44,25,13.0,2,5,4,21,22,103,-25.0,1,7,7,7,2,25,15,27,6,8,11,21,20,24,15,12,13,11,12,34,15,12,8,15,26,32,1
2025-26,1610612754,IND,Indiana Pacers,0022500005,2025-10-23T00:00:00,IND vs. OKC,L,58.0,46,105,0.438,13,43,0.302,30,40,0.75,11,44,55,21,14.0,6,4,2,37,33,135,-6.0,1,7,7,7,1,2,2,16,9,4,23,2,2,21,15,1,2,25,17,21,22,1,35,1,1,14,1
2025-26,1610612746,LAC,Los Angeles Clippers,0022500475,2026-01-01T00:00:00,LAC vs. UTA,W,48.0,40,89,0.449,16,51,0.314,22,26,0.846,16,31,47,20,13.0,8,7,5,22,21,118,17.0,1,1,1,1,2,14,5,22,6,1,22,13,12,17,1,16,4,26,11,13,4,21,24,11,10,5,1
2025-26,1610612746,LAC,Los Angeles Clippers,0022500461,2025-12-30T00:00:00,LAC vs. SAC,W,48.0,46,90,0.511,14,38,0.368,25,32,0.781,11,31,42,29,4.0,13,9,8,14,20,131,41.0,1,1,1,1,2,1,3,7,11,12,15,8,3,25,9,16,15,3,1,3,1,31,3,16,2,1,1
2025-26,1610612746,LAC,Los Angeles Clippers,0022500445,2025-12-28T00:00:00,LAC vs. DET,W,48.0,35,75,0.467,14,34,0.412,28,29,0.966,8,27,35,18,12.0,12,6,6,26,20,112,13.0,1,1,1,1,2,26,32,18,11,22,8,4,8,1,22,25,27,30,7,6,8,23,28,16,17,9,1
2025-26,1610612746,LAC,Los Angeles Clippers,0022500431,2025-12-26T00:00:00,LAC @ POR,W,48.0,35,69,0.507,20,40,0.5,29,31,0.935,4,28,32,21,13.0,6,5,2,18,20,119,16.0,1,1,1,1,2,26,33,9,1,9,3,2,4,5,33,22,30,25,11,25,15,3,9,16,8,6,1
2025-26,1610612746,LAC,Los Angeles Clippers,0022500422,2025-12-23T00:00:00,LAC vs. HOU,W,48.0,42,77,0.545,20,37,0.541,24,27,0.889,6,28,34,25,10.0,7,4,6,19,20,128,20.0,1,1,1,1,2,10,28,3,1,16,2,9,9,11,29,22,29,12,2,20,20,23,12,16,5,4,1
2025-26,1610612746,LAC,Los Angeles Clippers,0022500395,2025-12-20T00:00:00,LAC vs. LAL,W,48.0,34,80,0.425,16,43,0.372,19,20,0.95,13,35,48,22,19.0,8,6,3,23,19,103,15.0,1,1,1,1,2,31,19,29,6,4,13,18,25,3,3,7,3,22,25,13,8,9,26,22,25,7,1
2025-26,1610612746,LAC,Los Angeles Clippers,0022500369,2025-12-18T00:00:00,LAC @ OKC,L,48.0,37,76,0.487,10,32,0.313,17,22,0.773,9,40,49,25,29.0,6,7,4,17,19,101,-21.0,1,13,13,13,2,20,30,14,25,25,23,23,20,26,21,3,2,12,33,25,4,13,7,22,30,31,1
2025-26,1610612746,LAC,Los Angeles Clippers,0022501226,2025-12-15T00:00:00,LAC vs. MEM,L,48.0,37,80,0.463,13,36,0.361,16,22,0.727,13,26,39,26,19.0,4,2,7,15,21,103,-18.0,1,13,13,13,2,20,19,19,18,18,17,26,20,30,3,27,21,8,25,31,26,29,5,11,25,28,1
2025-26,1610612746,LAC,Los Angeles Clippers,0022501205,2025-12-11T00:00:00,LAC @ HOU,L,48.0,39,78,0.5,14,38,0.368,21,26,0.808,8,20,28,25,15.0,15,5,1,20,22,113,-2.0,1,13,13,13,2,16,27,10,11,12,15,15,12,22,22,33,32,12,16,2,15,1,17,6,16,14,1
2025-26,1610612746,LAC,Los Angeles Clippers,0022500355,2025-12-06T00:00:00,LAC @ MIN,L,48.0,40,85,0.471,9,29,0.31,17,25,0.68,10,25,35,16,11.0,8,3,5,28,22,106,-3.0,1,13,13,13,2,14,13,16,29,29,26,23,16,32,15,28,27,32,5,13,23,21,31,6,23,16,1
2025-26,1610612746,LAC,Los Angeles Clippers,0022500347,2025-12-05T00:00:00,LAC @ MEM,L,48.0,35,80,0.438,14,44,0.318,14,17,0.824,5,32,37,22,17.0,11,2,4,18,18,98,-9.0,1,13,13,13,2,26,19,27,11,3,19,29,31,20,30,14,24,22,23,10,26,13,9,27,32,21,1
2025-26,1610612746,LAC,Los Angeles Clippers,0022500327,2025-12-03T00:00:00,LAC @ ATL,W,48.0,44,89,0.494,10,32,0.313,17,20,0.85,13,41,54,29,12.0,12,1,1,18,17,115,23.0,1,1,1,1,2,6,5,12,25,25,23,23,25,16,3,1,1,3,7,6,33,1,9,29,14,3,1
2025-26,1610612746,LAC,Los Angeles Clippers,0022500313,2025-12-01T00:00:00,LAC @ MIA,L,48.0,43,96,0.448,9,29,0.31,28,35,0.8,13,33,46,23,13.0,8,3,10,10,25,123,-17.0,1,13,13,13,2,9,1,23,29,29,26,4,2,23,3,11,6,19,11,13,23,33,2,1,7,26,1
2025-26,1610612746,LAC,Los Angeles Clippers,0022500300,2025-11-29T00:00:00,LAC vs. DAL,L,48.0,37,80,0.463,7,25,0.28,29,31,0.935,5,41,46,25,18.0,5,6,2,21,19,110,-4.0,1,13,13,13,2,20,19,19,32,33,32,2,4,5,30,1,6,12,24,29,8,3,21,22,18,19,1
2025-26,1610612746,LAC,Los Angeles Clippers,0022500079,2025-11-28T00:00:00,LAC vs. MEM,L,48.0,38,89,0.427,12,38,0.316,19,21,0.905,8,31,39,19,13.0,13,5,6,21,19,107,-5.0,1,13,13,13,2,18,5,28,21,12,20,18,22,9,22,16,21,28,11,3,15,23,21,22,21,20,1
2025-26,1610612746,LAC,Los Angeles Clippers,0022500059,2025-11-25T00:00:00,LAC @ LAL,L,48.0,42,81,0.519,13,35,0.371,21,24,0.875,7,22,29,24,16.0,7,2,4,22,22,118,-17.0,1,13,13,13,2,10,17,5,18,20,14,15,18,14,26,31,31,17,20,20,26,13,24,6,10,26,1
2025-26,1610612746,LAC,Los Angeles Clippers,0022500278,2025-11-23T00:00:00,LAC @ CLE,L,48.0,37,80,0.463,8,26,0.308,23,26,0.885,12,28,40,23,16.0,6,2,4,17,22,105,-15.0,1,13,13,13,2,20,19,19,31,32,29,10,12,12,8,22,20,19,20,25,26,13,7,6,24,25,1
2025-26,1610612746,LAC,Los Angeles Clippers,0022500268,2025-11-22T00:00:00,LAC @ CHA,W,48.0,46,90,0.511,19,43,0.442,20,24,0.833,11,30,41,30,10.0,8,2,2,19,20,131,15.0,1,1,1,1,2,1,3,7,3,4,4,17,18,18,9,20,18,2,2,13,26,3,12,16,2,7,1
2025-26,1610612746,LAC,Los Angeles Clippers,0022500264,2025-11-20T00:00:00,LAC @ ORL,L,48.0,36,89,0.404,14,36,0.389,15,19,0.789,10,33,43,20,21.0,7,6,4,20,17,101,-28.0,1,13,13,13,2,24,5,31,11,18,10,28,27,24,15,11,14,26,29,20,8,13,17,29,30,33,1
2025-26,1610612746,LAC,Los Angeles Clippers,0022500243,2025-11-17T00:00:00,LAC @ PHI,L,47.998333,35,87,0.402,12,39,0.308,26,27,0.963,8,37,45,18,10.0,6,3,4,26,20,108,-2.0,1,13,13,13,33,26,12,32,21,10,29,7,9,2,22,6,9,30,2,25,23,13,28,16,19,14,1
2025-26,1610612746,LAC,Los Angeles Clippers,0022500233,2025-11-16T00:00:00,LAC @ BOS,L,48.0,38,81,0.469,14,35,0.4,28,30,0.933,10,34,44,23,14.0,4,7,6,20,21,118,-3.0,1,13,13,13,2,18,17,17,11,20,9,4,6,7,15,9,12,19,15,31,4,23,17,11,10,16,1
2025-26,1610612746,LAC,Los Angeles Clippers,0022500046,2025-11-14T00:00:00,LAC @ DAL,W,58.0,45,95,0.474,13,42,0.31,30,36,0.833,7,38,45,22,23.0,16,6,7,32,25,133,6.0,1,1,1,1,1,4,2,15,18,7,28,1,1,18,26,5,9,22,31,1,8,29,33,1,1,11,1
2025-26,1610612746,LAC,Los Angeles Clippers,0022500224,2025-11-12T00:00:00,LAC vs. DEN,L,48.0,41,84,0.488,16,37,0.432,18,19,0.947,11,25,36,28,15.0,4,7,3,30,14,116,-14.0,1,13,13,13,2,12,14,13,6,16,5,21,27,4,9,28,26,5,16,31,4,9,32,33,13,24,1
2025-26,1610612746,LAC,Los Angeles Clippers,0022500206,2025-11-10T00:00:00,LAC vs. ATL,L,48.0,36,82,0.439,12,38,0.316,18,25,0.72,11,31,42,19,12.0,7,9,8,14,22,102,-3.0,1,13,13,13,2,24,15,26,21,12,20,21,16,31,9,16,15,28,7,20,1,31,3,6,28,16,1
2025-26,1610612746,LAC,Los Angeles Clippers,0022500190,2025-11-08T00:00:00,LAC vs. PHX,L,48.0,41,77,0.532,10,33,0.303,11,18,0.611,5,22,27,26,11.0,5,5,2,15,19,103,-11.0,1,13,13,13,2,12,28,4,25,23,31,33,30,33,30,31,33,8,5,29,15,3,5,22,25,22,1
2025-26,1610612746,LAC,Los Angeles Clippers,0022500182,2025-11-06T00:00:00,LAC @ PHX,L,48.0,35,79,0.443,10,31,0.323,22,30,0.733,11,30,41,24,15.0,8,4,2,19,23,102,-13.0,1,13,13,13,2,26,26,25,25,27,18,13,6,29,9,20,18,17,16,13,20,3,12,4,28,23,1
2025-26,1610612746,LAC,Los Angeles Clippers,0022500170,2025-11-04T00:00:00,LAC vs. OKC,L,48.0,33,80,0.413,18,43,0.419,23,27,0.852,10,32,42,26,19.0,9,2,6,20,23,107,-19.0,1,13,13,13,2,32,19,30,4,4,6,10,9,15,15,14,15,8,25,12,26,23,17,4,21,29,1
2025-26,1610612746,LAC,Los Angeles Clippers,0022500164,2025-11-03T00:00:00,LAC vs. MIA,L,48.0,44,88,0.5,17,41,0.415,14,19,0.737,11,33,44,25,21.0,13,4,3,24,15,119,-1.0,1,13,13,13,2,6,10,10,5,8,7,29,27,28,9,11,12,12,29,3,20,9,27,31,8,13,1
2025-26,1610612746,LAC,Los Angeles Clippers,0022500027,2025-10-31T00:00:00,LAC vs. NOP,W,48.0,46,89,0.517,15,39,0.385,19,21,0.905,10,27,37,28,12.0,12,6,4,19,18,126,2.0,1,1,1,1,2,1,5,6,10,10,12,18,22,9,15,25,24,5,7,6,8,13,12,27,6,12,1
2025-26,1610612746,LAC,Los Angeles Clippers,0022500127,2025-10-28T00:00:00,LAC @ GSW,L,48.0,30,82,0.366,6,33,0.182,13,16,0.813,13,34,47,10,16.0,7,2,3,5,15,79,-19.0,1,13,13,13,2,33,15,33,33,23,33,32,32,21,3,9,4,33,20,20,26,9,1,31,33,29,1
2025-26,1610612746,LAC,Los Angeles Clippers,0022500112,2025-10-26T00:00:00,LAC vs. POR,W,48.0,44,80,0.55,12,31,0.387,14,15,0.933,7,39,46,26,24.0,11,8,2,27,21,114,7.0,1,1,1,1,2,6,19,2,21,27,11,29,33,7,26,4,6,8,32,10,3,3,30,11,15,10,1
2025-26,1610612746,LAC,Los Angeles Clippers,0022500099,2025-10-24T00:00:00,LAC vs. PHX,W,48.0,45,76,0.592,16,29,0.552,23,26,0.885,10,35,45,32,19.0,12,5,4,19,25,129,27.0,1,1,1,1,2,4,30,1,6,29,1,10,12,12,15,7,9,1,25,6,15,13,12,1,4,2,1
2025-26,1610612746,LAC,Los Angeles Clippers,0022500087,2025-10-22T00:00:00,LAC @ UTA,L,48.0,39,88,0.443,14,45,0.311,16,21,0.762,15,23,38,28,15.0,8,6,6,21,21,108,-21.0,1,13,13,13,2,16,10,24,11,2,25,26,22,27,2,30,23,5,16,13,8,23,21,11,19,31,1
2025-26,1610612747,LAL,Los Angeles Lakers,0022500460,2025-12-30T00:00:00,LAL vs. DET,L,48.0,37,82,0.451,11,39,0.282,21,31,0.677,11,22,33,28,21.0,10,3,4,24,26,106,-22.0,1,21,21,21,1,26,19,25,18,3,26,14,10,26,11,30,30,7,28,9,19,15,28,8,26,28,1
2025-26,1610612747,LAL,Los Angeles Lakers,0022500446,2025-12-28T00:00:00,LAL vs. SAC,W,48.0,47,89,0.528,15,38,0.395,16,18,0.889,8,33,41,25,16.0,14,4,3,19,20,125,24.0,1,1,1,1,1,6,4,8,3,6,8,25,28,3,20,12,14,15,16,1,13,9,11,20,9,1,1
2025-26,1610612747,LAL,Los Angeles Lakers,0022500012,2025-12-25T00:00:00,LAL vs. HOU,L,48.0,39,77,0.506,11,30,0.367,7,11,0.636,7,18,25,19,16.0,7,5,6,17,13,96,-23.0,1,21,21,21,1,19,24,13,18,25,13,31,31,27,24,31,31,27,16,18,6,25,6,31,29,29,1
2025-26,1610612747,LAL,Los Angeles Lakers,0022500418,2025-12-23T00:00:00,LAL @ PHX,L,48.0,39,81,0.481,12,32,0.375,18,29,0.621,14,24,38,22,17.0,7,4,6,22,24,108,-24.0,1,21,21,21,1,19,20,22,15,19,12,20,11,29,2,27,21,25,18,18,13,25,20,12,22,30,1
2025-26,1610612747,LAL,Los Angeles Lakers,0022500395,2025-12-20T00:00:00,LAL @ LAC,L,48.0,34,88,0.386,6,38,0.158,14,23,0.609,14,29,43,16,11.0,7,3,6,19,23,88,-15.0,1,21,21,21,1,29,5,31,31,6,31,28,22,30,2,20,10,30,4,18,19,25,11,13,31,24,1
2025-26,1610612747,LAL,Los Angeles Lakers,0022500379,2025-12-18T00:00:00,LAL @ UTA,W,48.0,49,93,0.527,13,39,0.333,32,39,0.821,13,35,48,32,7.0,7,2,1,31,29,143,8.0,1,1,1,1,1,4,2,9,8,3,20,5,5,12,5,6,3,3,1,18,24,2,31,3,1,11,1
2025-26,1610612747,LAL,Los Angeles Lakers,0022501228,2025-12-14T00:00:00,LAL @ PHX,W,48.0,38,88,0.432,7,37,0.189,33,43,0.767,24,30,54,20,22.0,13,8,5,23,28,116,2.0,1,1,1,1,1,23,5,28,29,10,30,4,3,21,1,17,1,26,29,3,2,22,26,4,18,17,1
2025-26,1610612747,LAL,Los Angeles Lakers,0022501204,2025-12-10T00:00:00,LAL vs. SAS,L,48.0,43,87,0.494,16,37,0.432,17,23,0.739,6,37,43,27,11.0,4,7,3,23,19,119,-13.0,1,21,21,21,1,13,8,17,2,10,3,21,22,22,27,3,10,9,4,27,4,9,26,24,13,22,1
2025-26,1610612747,LAL,Los Angeles Lakers,0022500362,2025-12-07T00:00:00,LAL @ PHI,W,48.0,41,85,0.482,13,36,0.361,17,27,0.63,8,44,52,25,10.0,3,8,4,22,17,112,4.0,1,1,1,1,1,16,13,21,8,12,15,21,15,28,20,1,2,15,3,30,2,15,20,27,20,15,1
2025-26,1610612747,LAL,Los Angeles Lakers,0022500338,2025-12-05T00:00:00,LAL @ BOS,L,48.0,33,77,0.429,14,35,0.4,25,29,0.862,10,25,35,15,14.0,8,2,5,14,20,105,-21.0,1,21,21,21,1,30,24,29,6,13,6,10,11,7,16,26,27,31,11,14,24,22,3,20,27,27,1
2025-26,1610612747,LAL,Los Angeles Lakers,0022500336,2025-12-04T00:00:00,LAL @ TOR,W,48.0,44,88,0.5,13,31,0.419,22,26,0.846,14,24,38,26,11.0,7,7,8,17,20,123,3.0,1,1,1,1,1,11,5,15,8,22,4,11,17,9,2,27,21,11,4,18,4,30,6,20,10,16,1
2025-26,1610612747,LAL,Los Angeles Lakers,0022500317,2025-12-01T00:00:00,LAL vs. PHX,L,48.0,41,80,0.513,13,33,0.394,13,15,0.867,5,34,39,18,22.0,1,0,1,13,16,108,-17.0,1,21,21,21,1,16,22,12,8,17,9,30,30,6,29,10,19,29,29,31,30,2,2,29,22,25,1
2025-26,1610612747,LAL,Los Angeles Lakers,0022500308,2025-11-30T00:00:00,LAL vs. NOP,W,48.0,42,87,0.483,15,41,0.366,34,39,0.872,11,35,46,26,9.0,4,10,1,14,27,133,12.0,1,1,1,1,1,14,8,20,3,2,14,2,5,5,11,6,7,11,2,27,1,2,3,5,4,7,1
2025-26,1610612747,LAL,Los Angeles Lakers,0022500078,2025-11-28T00:00:00,LAL vs. DAL,W,48.0,45,76,0.592,18,35,0.514,21,26,0.808,6,28,34,27,15.0,4,4,4,20,23,129,10.0,1,1,1,1,1,7,29,2,1,13,1,14,17,15,27,22,28,9,14,27,13,15,15,13,6,8,1
2025-26,1610612747,LAL,Los Angeles Lakers,0022500059,2025-11-25T00:00:00,LAL vs. LAC,W,48.0,50,87,0.575,13,29,0.448,22,26,0.846,12,26,38,29,11.0,9,4,2,22,22,135,17.0,1,1,1,1,1,1,8,5,8,27,2,11,17,9,7,23,21,5,4,10,13,6,20,18,3,4,1
2025-26,1610612747,LAL,Los Angeles Lakers,0022500282,2025-11-23T00:00:00,LAL @ UTA,W,48.0,38,86,0.442,10,38,0.263,22,27,0.815,5,40,45,23,14.0,7,4,2,18,21,108,2.0,1,1,1,1,1,23,11,27,23,6,27,11,15,13,29,2,8,19,11,18,13,6,10,19,22,17,1
2025-26,1610612747,LAL,Los Angeles Lakers,0022500253,2025-11-18T00:00:00,LAL vs. UTA,W,48.0,50,84,0.595,11,32,0.344,29,40,0.725,11,30,41,31,17.0,9,1,2,21,30,140,14.0,1,1,1,1,1,1,15,1,18,19,18,7,4,23,11,17,14,4,18,10,29,6,18,2,2,5,1
2025-26,1610612747,LAL,Los Angeles Lakers,0022500231,2025-11-15T00:00:00,LAL @ MIL,W,48.0,38,77,0.494,13,33,0.394,30,33,0.909,11,36,47,23,17.0,13,4,4,20,23,119,24.0,1,1,1,1,1,23,24,18,8,17,9,6,7,1,11,5,4,19,18,3,13,15,15,13,13,1,1
2025-26,1610612747,LAL,Los Angeles Lakers,0022500045,2025-11-14T00:00:00,LAL @ NOP,W,48.0,44,84,0.524,10,34,0.294,20,26,0.769,10,35,45,28,18.0,13,5,3,17,23,118,14.0,1,1,1,1,1,11,15,10,23,16,25,17,17,20,16,6,8,7,23,3,6,9,6,13,15,5,1
2025-26,1610612747,LAL,Los Angeles Lakers,0022500222,2025-11-12T00:00:00,LAL @ OKC,L,48.0,31,77,0.403,11,35,0.314,19,28,0.679,9,33,42,19,20.0,9,0,4,19,19,92,-29.0,1,21,21,21,1,31,24,30,18,13,24,18,13,25,19,12,12,27,25,10,30,15,11,24,30,31,1
2025-26,1610612747,LAL,Los Angeles Lakers,0022500198,2025-11-10T00:00:00,LAL @ CHA,W,48.0,45,90,0.5,14,39,0.359,17,20,0.85,12,24,36,25,11.0,12,2,6,22,25,121,10.0,1,1,1,1,1,7,3,15,6,3,16,21,26,8,7,27,26,15,4,6,24,25,20,10,12,8,1
2025-26,1610612747,LAL,Los Angeles Lakers,0022500185,2025-11-08T00:00:00,LAL @ ATL,L,48.0,37,81,0.457,12,30,0.4,16,20,0.8,13,34,47,23,20.0,8,5,6,11,14,102,-20.0,1,21,21,21,1,26,20,24,15,25,6,25,26,17,5,10,4,19,25,14,6,25,1,30,28,26,1
2025-26,1610612747,LAL,Los Angeles Lakers,0022500179,2025-11-05T00:00:00,LAL vs. SAS,W,48.0,37,83,0.446,10,31,0.323,34,44,0.773,12,26,38,23,14.0,8,5,1,30,36,118,2.0,1,1,1,1,1,26,17,26,23,22,22,2,2,19,7,23,21,19,11,14,6,2,30,1,15,17,1
2025-26,1610612747,LAL,Los Angeles Lakers,0022500163,2025-11-03T00:00:00,LAL @ POR,W,48.0,50,85,0.588,9,23,0.391,14,16,0.875,8,26,34,29,17.0,11,5,3,22,18,123,8.0,1,1,1,1,1,1,13,4,26,31,11,28,29,4,20,23,28,5,18,7,6,9,20,26,10,11,1
2025-26,1610612747,LAL,Los Angeles Lakers,0022500155,2025-11-02T00:00:00,LAL vs. MIA,W,48.0,48,95,0.505,15,46,0.326,19,23,0.826,8,33,41,33,12.0,14,2,3,26,20,130,10.0,1,1,1,1,1,5,1,14,3,1,21,18,22,11,20,12,14,2,9,1,24,9,29,20,5,8,1
2025-26,1610612747,LAL,Los Angeles Lakers,0022500024,2025-10-31T00:00:00,LAL @ MEM,W,48.0,39,76,0.513,13,38,0.342,26,33,0.788,5,35,40,24,15.0,8,3,0,16,25,117,5.0,1,1,1,1,1,19,29,11,8,6,19,8,7,18,29,6,17,18,14,14,19,1,5,10,17,14,1
2025-26,1610612747,LAL,Los Angeles Lakers,0022500136,2025-10-29T00:00:00,LAL @ MIN,W,48.0,45,83,0.542,11,31,0.355,15,22,0.682,11,29,40,34,19.0,6,5,5,22,23,116,1.0,1,1,1,1,1,7,17,7,18,22,17,27,25,24,11,20,17,1,24,25,6,22,20,13,18,20,1
2025-26,1610612747,LAL,Los Angeles Lakers,0022500122,2025-10-27T00:00:00,LAL vs. POR,L,48.0,40,86,0.465,7,27,0.259,21,26,0.808,12,30,42,23,25.0,11,5,9,19,17,108,-14.0,1,21,21,21,1,18,11,23,29,29,28,14,17,15,7,17,12,19,31,7,6,31,11,27,22,23,1
2025-26,1610612747,LAL,Los Angeles Lakers,0022500113,2025-10-26T00:00:00,LAL @ SAC,W,48.0,39,80,0.488,8,25,0.32,41,46,0.891,10,37,47,26,17.0,9,3,4,17,26,127,7.0,1,1,1,1,1,19,22,19,27,30,23,1,1,2,16,3,4,11,18,10,19,15,6,8,8,13,1
2025-26,1610612747,LAL,Los Angeles Lakers,0022500019,2025-10-24T00:00:00,LAL vs. MIN,W,48.0,45,76,0.592,12,29,0.414,26,32,0.813,7,31,38,26,12.0,6,3,3,20,27,128,18.0,1,1,1,1,1,7,29,2,15,27,5,8,9,14,24,16,21,11,9,25,19,9,15,5,7,3,1
2025-26,1610612747,LAL,Los Angeles Lakers,0022500002,2025-10-21T00:00:00,LAL vs. GSW,L,48.0,42,77,0.545,8,32,0.25,17,28,0.607,7,32,39,23,20.0,7,2,4,21,27,109,-10.0,1,21,21,21,1,14,24,6,27,19,29,21,13,31,24,15,19,19,25,18,24,15,18,5,21,21,1
2025-26,1610612763,MEM,Memphis Grizzlies,0022500458,2025-12-30T00:00:00,MEM vs. PHI,L,53.0,51,92,0.554,11,29,0.379,23,26,0.885,9,42,51,28,20.0,2,10,5,18,23,136,-3.0,1,16,16,16,1,2,14,2,22,30,11,9,11,3,22,1,6,15,27,33,2,17,7,8,3,16,1
2025-26,1610612763,MEM,Memphis Grizzlies,0022500443,2025-12-28T00:00:00,MEM @ WAS,L,48.0,43,103,0.417,9,32,0.281,17,21,0.81,10,33,43,27,16.0,14,8,12,17,21,112,-4.0,1,16,16,16,3,12,2,24,29,27,30,19,23,18,19,21,20,22,21,2,5,33,5,14,21,17,1
2025-26,1610612763,MEM,Memphis Grizzlies,0022500428,2025-12-26T00:00:00,MEM vs. MIL,W,48.0,43,85,0.506,13,34,0.382,26,32,0.813,7,35,42,28,14.0,12,9,2,19,25,125,21.0,1,1,1,1,3,12,28,9,16,25,10,5,5,17,28,16,21,15,11,3,3,1,13,4,8,4,1
2025-26,1610612763,MEM,Memphis Grizzlies,0022500419,2025-12-23T00:00:00,MEM @ UTA,W,48.0,49,88,0.557,19,45,0.422,20,29,0.69,8,33,41,41,15.0,10,8,2,23,21,137,9.0,1,1,1,1,3,4,20,1,1,3,5,14,7,32,27,21,25,2,15,6,5,1,26,14,1,7,1
2025-26,1610612763,MEM,Memphis Grizzlies,0022500406,2025-12-22T00:00:00,MEM @ OKC,L,48.0,34,83,0.41,18,41,0.439,17,23,0.739,10,36,46,26,23.0,8,5,4,14,18,103,-16.0,1,16,16,16,3,30,31,25,3,9,3,19,19,25,19,15,17,24,31,14,13,12,2,26,28,31,1
2025-26,1610612763,MEM,Memphis Grizzlies,0022500391,2025-12-20T00:00:00,MEM vs. WAS,L,48.0,45,100,0.45,16,44,0.364,16,22,0.727,19,29,48,31,14.0,7,3,3,19,20,122,-8.0,1,16,16,16,3,6,3,18,8,6,15,23,20,26,3,28,15,9,11,20,26,6,13,22,9,21,1
2025-26,1610612763,MEM,Memphis Grizzlies,0022500368,2025-12-17T00:00:00,MEM @ MIN,W,48.0,42,96,0.438,11,34,0.324,21,25,0.84,15,39,54,23,18.0,10,4,8,25,25,116,6.0,1,1,1,1,3,16,8,22,22,25,21,12,14,11,6,4,3,31,26,6,18,27,27,4,16,10,1
2025-26,1610612763,MEM,Memphis Grizzlies,0022501226,2025-12-15T00:00:00,MEM @ LAC,W,48.0,45,86,0.523,16,39,0.41,15,17,0.882,9,23,32,33,11.0,10,7,2,21,15,121,18.0,1,1,1,1,3,6,25,5,8,13,6,26,29,4,22,33,33,5,5,6,8,1,21,32,10,5,1
2025-26,1610612763,MEM,Memphis Grizzlies,0022501213,2025-12-12T00:00:00,MEM vs. UTA,L,48.0,46,99,0.465,19,41,0.463,15,21,0.714,9,40,49,32,10.0,4,5,4,21,23,126,-4.0,1,16,16,16,3,5,4,14,1,9,1,26,23,31,22,3,10,7,3,29,13,12,21,8,7,17,1
2025-26,1610612763,MEM,Memphis Grizzlies,0022500360,2025-12-07T00:00:00,MEM vs. POR,W,48.0,40,89,0.449,10,35,0.286,29,39,0.744,16,35,51,28,23.0,18,4,5,25,27,119,23.0,1,1,1,1,3,22,18,19,26,22,29,2,3,24,5,16,6,15,31,1,18,17,27,3,12,3,1
2025-26,1610612763,MEM,Memphis Grizzlies,0022500347,2025-12-05T00:00:00,MEM vs. LAC,W,48.0,42,78,0.538,10,28,0.357,13,18,0.722,4,38,42,28,16.0,9,4,2,18,18,107,9.0,1,1,1,1,3,16,33,3,26,31,16,28,27,29,33,9,21,15,21,10,18,1,7,26,25,7,1
2025-26,1610612763,MEM,Memphis Grizzlies,0022500322,2025-12-02T00:00:00,MEM @ SAS,L,48.0,45,90,0.5,9,26,0.346,20,24,0.833,9,41,50,28,15.0,4,6,7,28,22,119,-7.0,1,16,16,16,3,6,17,11,29,32,17,14,16,12,22,2,8,15,15,29,10,24,32,11,12,20,1
2025-26,1610612763,MEM,Memphis Grizzlies,0022500307,2025-11-30T00:00:00,MEM @ SAC,W,48.0,45,86,0.523,9,24,0.375,16,22,0.727,13,39,52,28,23.0,4,7,7,22,22,115,8.0,1,1,1,1,3,6,25,5,29,33,12,23,20,26,9,4,5,15,31,29,8,24,23,11,17,9,1
2025-26,1610612763,MEM,Memphis Grizzlies,0022500079,2025-11-28T00:00:00,MEM @ LAC,W,48.0,39,88,0.443,17,40,0.425,17,22,0.773,15,38,53,24,15.0,5,6,5,19,21,112,5.0,1,1,1,1,3,24,20,20,4,12,4,19,20,22,6,9,4,29,15,26,10,17,13,14,21,13,1
2025-26,1610612763,MEM,Memphis Grizzlies,0022500065,2025-11-26T00:00:00,MEM @ NOP,W,53.0,52,97,0.536,17,37,0.459,12,14,0.857,11,38,49,38,16.0,9,8,9,18,18,133,5.0,1,1,1,1,1,1,6,4,4,20,2,31,31,7,13,9,10,3,21,10,5,29,7,26,4,13,1
2025-26,1610612763,MEM,Memphis Grizzlies,0022500287,2025-11-24T00:00:00,MEM vs. DEN,L,48.0,43,93,0.462,16,47,0.34,13,15,0.867,11,29,40,33,11.0,6,4,3,16,15,115,-10.0,1,16,16,16,3,12,11,15,8,2,19,28,30,6,13,28,30,5,5,22,18,6,4,32,17,24,1
2025-26,1610612763,MEM,Memphis Grizzlies,0022500273,2025-11-22T00:00:00,MEM @ DAL,W,48.0,37,92,0.402,8,31,0.258,20,24,0.833,23,38,61,26,13.0,5,5,9,18,21,102,6.0,1,1,1,1,3,27,14,28,33,29,32,14,16,12,1,9,1,24,8,26,13,29,7,14,29,10,1
2025-26,1610612763,MEM,Memphis Grizzlies,0022500265,2025-11-20T00:00:00,MEM vs. SAC,W,48.0,50,99,0.505,17,54,0.315,20,26,0.769,11,38,49,42,8.0,11,3,5,11,22,137,41.0,1,1,1,1,3,3,4,10,4,1,22,14,11,23,13,9,10,1,2,5,26,17,1,11,1,1,1
2025-26,1610612763,MEM,Memphis Grizzlies,0022500252,2025-11-18T00:00:00,MEM @ SAS,L,48.0,42,104,0.404,12,39,0.308,5,9,0.556,21,38,59,30,14.0,6,4,3,15,16,101,-10.0,1,16,16,16,3,16,1,26,20,13,25,33,33,33,2,9,2,12,11,22,18,6,3,30,30,24,1
2025-26,1610612763,MEM,Memphis Grizzlies,0022500228,2025-11-15T00:00:00,MEM @ CLE,L,48.0,31,86,0.36,9,32,0.281,29,40,0.725,11,35,46,21,15.0,9,5,9,25,28,100,-8.0,1,16,16,16,3,33,25,32,29,27,30,2,2,28,13,16,17,32,15,10,13,29,27,2,31,21,1
2025-26,1610612763,MEM,Memphis Grizzlies,0022500216,2025-11-12T00:00:00,MEM @ BOS,L,48.0,32,95,0.337,10,43,0.233,21,26,0.808,15,26,41,25,10.0,8,4,8,18,20,95,-36.0,1,16,16,16,3,32,9,33,26,8,33,12,11,19,6,32,25,26,3,14,18,27,7,22,33,33,1
2025-26,1610612763,MEM,Memphis Grizzlies,0022500208,2025-11-11T00:00:00,MEM @ NYK,L,48.0,43,84,0.512,14,38,0.368,20,24,0.833,5,39,44,36,22.0,7,3,2,20,21,120,-13.0,1,16,16,16,3,12,30,8,13,18,14,14,16,12,32,4,19,4,30,20,26,1,18,14,11,26,1
2025-26,1610612763,MEM,Memphis Grizzlies,0022500194,2025-11-09T00:00:00,MEM vs. OKC,L,48.0,35,91,0.385,17,44,0.386,13,18,0.722,11,39,50,30,14.0,3,6,3,25,17,100,-14.0,1,16,16,16,3,28,16,30,4,6,8,28,27,29,13,4,8,12,11,32,10,6,27,29,31,29,1
2025-26,1610612763,MEM,Memphis Grizzlies,0022500034,2025-11-07T00:00:00,MEM vs. DAL,W,48.0,41,85,0.482,13,35,0.371,23,28,0.821,7,35,42,27,15.0,8,1,6,20,20,118,14.0,1,1,1,1,3,19,28,12,16,22,13,9,8,15,28,16,21,22,15,14,31,23,18,22,14,6,1
2025-26,1610612763,MEM,Memphis Grizzlies,0022500176,2025-11-05T00:00:00,MEM vs. HOU,L,48.0,34,89,0.382,13,39,0.333,28,35,0.8,13,34,47,25,15.0,10,9,3,19,21,109,-15.0,1,16,16,16,3,30,18,31,16,13,20,4,4,20,9,20,16,26,15,6,3,6,13,14,24,30,1
2025-26,1610612763,MEM,Memphis Grizzlies,0022500161,2025-11-03T00:00:00,MEM vs. DET,L,48.0,35,87,0.402,14,41,0.341,22,25,0.88,18,31,49,25,20.0,8,5,9,22,21,106,-8.0,1,16,16,16,3,28,23,27,13,9,18,11,14,5,4,26,10,26,27,14,13,29,23,14,26,21,1
2025-26,1610612763,MEM,Memphis Grizzlies,0022500152,2025-11-02T00:00:00,MEM @ TOR,L,48.0,38,87,0.437,11,35,0.314,17,20,0.85,11,30,41,24,13.0,6,0,7,18,23,104,-13.0,1,16,16,16,3,25,23,23,22,22,23,19,25,8,13,27,25,29,8,22,32,24,7,8,27,26,1
2025-26,1610612763,MEM,Memphis Grizzlies,0022500024,2025-10-31T00:00:00,MEM vs. LAL,L,48.0,41,93,0.441,14,45,0.311,16,19,0.842,13,29,42,28,11.0,9,0,3,25,16,112,-5.0,1,16,16,16,3,19,11,21,13,3,24,23,26,10,9,28,21,15,5,10,32,6,27,30,21,19,1
2025-26,1610612763,MEM,Memphis Grizzlies,0022500137,2025-10-29T00:00:00,MEM @ PHX,W,48.0,44,93,0.473,15,38,0.395,11,13,0.846,9,32,41,31,17.0,12,3,4,17,20,114,1.0,1,1,1,1,3,10,11,13,11,18,7,32,32,9,22,24,25,9,24,3,26,12,5,22,19,15,1
2025-26,1610612763,MEM,Memphis Grizzlies,0022500121,2025-10-27T00:00:00,MEM @ GSW,L,48.0,40,88,0.455,12,39,0.308,26,28,0.929,7,32,39,32,13.0,8,3,5,20,24,118,-13.0,1,16,16,16,3,22,20,16,20,13,25,5,8,1,28,24,31,7,8,14,26,17,18,7,14,26,1
2025-26,1610612763,MEM,Memphis Grizzlies,0022500103,2025-10-25T00:00:00,MEM vs. IND,W,48.0,44,97,0.454,15,39,0.385,25,32,0.781,10,39,49,31,6.0,6,4,5,22,21,128,25.0,1,1,1,1,3,10,6,17,11,13,9,7,5,21,19,4,10,9,1,22,18,17,23,14,5,2,1
2025-26,1610612763,MEM,Memphis Grizzlies,0022500094,2025-10-24T00:00:00,MEM vs. MIA,L,48.0,38,95,0.4,13,45,0.289,25,28,0.893,12,29,41,29,20.0,8,4,4,19,25,114,-32.0,1,16,16,16,3,25,9,29,16,3,28,7,8,2,12,28,25,14,27,14,18,12,13,4,19,32,1
2025-26,1610612763,MEM,Memphis Grizzlies,0022500085,2025-10-22T00:00:00,MEM vs. NOP,W,48.0,41,80,0.513,11,37,0.297,35,43,0.814,6,33,39,20,17.0,5,12,4,29,30,128,6.0,1,1,1,1,3,19,32,7,22,20,27,1,1,16,31,21,31,33,24,26,1,12,33,1,5,10,1
2025-26,1610612748,MIA,Miami Heat,0022500472,2026-01-01T00:00:00,MIA @ DET,W,48.0,43,99,0.434,14,39,0.359,18,20,0.9,15,34,49,25,20.0,14,6,9,19,20,118,6.0,1,1,1,1,2,18,9,28,10,8,18,17,23,5,5,17,11,26,32,4,9,30,18,14,18,13,1
2025-26,1610612748,MIA,Miami Heat,0022500450,2025-12-29T00:00:00,MIA vs. DEN,W,48.0,53,99,0.535,22,46,0.478,19,23,0.826,15,31,46,40,10.0,8,4,4,22,21,147,24.0,1,1,1,1,2,3,9,4,2,2,5,15,18,17,5,25,17,1,3,18,18,10,26,11,1,5,1
2025-26,1610612748,MIA,Miami Heat,0022500436,2025-12-27T00:00:00,MIA vs. IND,W,48.0,55,107,0.514,12,31,0.387,20,21,0.952,17,32,49,33,11.0,17,5,5,15,22,142,26.0,1,1,1,1,2,1,1,7,17,25,14,11,22,1,2,23,11,7,5,1,13,16,6,10,5,4,1
2025-26,1610612748,MIA,Miami Heat,0022500423,2025-12-26T00:00:00,MIA @ ATL,W,48.0,49,104,0.471,11,36,0.306,17,18,0.944,13,39,52,29,12.0,14,2,5,16,16,126,15.0,1,1,1,1,2,7,2,17,22,14,25,21,28,2,12,7,6,15,10,4,27,16,8,30,12,8,1
2025-26,1610612748,MIA,Miami Heat,0022500414,2025-12-23T00:00:00,MIA vs. TOR,L,48.0,33,82,0.402,8,30,0.267,17,20,0.85,10,30,40,18,18.0,12,1,5,18,19,91,-21.0,1,20,20,20,2,34,33,32,31,28,32,21,23,10,20,29,27,34,28,8,31,16,16,18,34,34,1
2025-26,1610612748,MIA,Miami Heat,0022500398,2025-12-21T00:00:00,MIA @ NYK,L,48.0,41,87,0.471,17,35,0.486,26,35,0.743,12,33,45,26,11.0,5,1,3,14,25,125,-7.0,1,20,20,20,2,22,25,16,7,17,2,5,6,24,13,19,19,23,5,29,31,4,4,6,14,24,1
2025-26,1610612748,MIA,Miami Heat,0022500381,2025-12-19T00:00:00,MIA @ BOS,L,48.0,40,102,0.392,19,49,0.388,17,24,0.708,17,30,47,27,13.0,6,1,8,20,19,116,-13.0,1,20,20,20,2,25,3,34,4,1,13,21,15,29,2,29,13,21,12,26,31,28,19,18,19,31,1
2025-26,1610612748,MIA,Miami Heat,0022500373,2025-12-18T00:00:00,MIA @ BKN,W,48.0,41,89,0.461,9,28,0.321,15,19,0.789,9,42,51,23,14.0,9,8,7,12,17,106,11.0,1,1,1,1,2,22,23,21,27,30,24,29,26,19,22,2,8,29,15,15,2,23,2,28,28,10,1
2025-26,1610612748,MIA,Miami Heat,0022501227,2025-12-15T00:00:00,MIA vs. TOR,L,48.0,35,83,0.422,9,31,0.29,17,23,0.739,11,34,45,20,19.0,12,7,7,14,20,96,-10.0,1,20,20,20,2,33,30,30,27,25,27,21,18,25,16,17,19,33,30,8,4,23,4,14,33,27,1
2025-26,1610612748,MIA,Miami Heat,0022501201,2025-12-09T00:00:00,MIA @ ORL,L,48.0,42,93,0.452,8,33,0.242,16,19,0.842,7,32,39,25,8.0,8,6,6,16,19,108,-9.0,1,20,20,20,2,20,20,24,31,22,33,28,26,14,28,23,29,26,1,18,9,22,8,18,26,26,1
2025-26,1610612748,MIA,Miami Heat,0022500354,2025-12-06T00:00:00,MIA vs. SAC,L,48.0,41,85,0.482,9,31,0.29,20,32,0.625,11,30,41,23,13.0,5,4,5,17,19,111,-16.0,1,20,20,20,2,22,27,14,27,25,27,11,8,34,16,29,24,29,12,29,18,16,13,18,24,33,1
2025-26,1610612748,MIA,Miami Heat,0022500339,2025-12-05T00:00:00,MIA @ ORL,L,48.0,40,80,0.5,7,19,0.368,18,27,0.667,4,40,44,23,15.0,4,8,3,18,19,105,-1.0,1,20,20,20,2,25,34,10,33,34,16,17,11,32,34,4,21,29,22,33,2,4,16,18,31,20,1
2025-26,1610612748,MIA,Miami Heat,0022500332,2025-12-03T00:00:00,MIA @ DAL,L,48.0,40,101,0.396,11,37,0.297,17,18,0.944,14,27,41,29,11.0,11,5,7,13,15,108,-10.0,1,20,20,20,2,25,5,33,22,11,26,21,28,2,9,33,24,15,5,12,13,23,3,32,26,27,1
2025-26,1610612748,MIA,Miami Heat,0022500313,2025-12-01T00:00:00,MIA vs. LAC,W,48.0,53,100,0.53,24,46,0.522,10,12,0.833,11,39,50,34,12.0,7,10,3,25,10,140,17.0,1,1,1,1,2,3,7,5,1,2,1,33,33,16,16,7,9,4,10,22,1,4,30,34,6,7,1
2025-26,1610612748,MIA,Miami Heat,0022500296,2025-11-29T00:00:00,MIA vs. DET,L,48.0,44,88,0.5,14,29,0.483,33,39,0.846,11,27,38,27,18.0,12,3,3,20,27,135,-3.0,1,20,20,20,2,15,24,10,10,29,3,3,3,11,16,33,30,21,28,8,23,4,19,2,9,21,1
2025-26,1610612748,MIA,Miami Heat,0022500062,2025-11-26T00:00:00,MIA vs. MIL,W,48.0,39,85,0.459,10,36,0.278,18,20,0.9,9,38,47,32,14.0,9,7,1,10,15,106,3.0,1,1,1,1,2,28,27,22,25,14,30,17,23,5,22,10,13,9,15,15,4,1,1,32,28,16,1
2025-26,1610612748,MIA,Miami Heat,0022500286,2025-11-24T00:00:00,MIA vs. DAL,W,48.0,42,94,0.447,5,27,0.185,17,24,0.708,14,39,53,22,14.0,8,7,5,16,19,106,4.0,1,1,1,1,2,20,18,25,34,32,34,21,15,29,9,7,4,32,15,18,4,16,8,18,28,15,1
2025-26,1610612748,MIA,Miami Heat,0022500275,2025-11-23T00:00:00,MIA @ PHI,W,48.0,48,98,0.49,11,32,0.344,20,30,0.667,18,40,58,32,13.0,7,2,9,17,21,127,10.0,1,1,1,1,2,9,12,12,22,24,20,11,10,32,1,4,1,9,12,22,27,30,13,11,11,11,1
2025-26,1610612748,MIA,Miami Heat,0022500051,2025-11-21T00:00:00,MIA @ CHI,W,48.0,47,100,0.47,14,38,0.368,35,44,0.795,15,38,53,35,10.0,13,7,13,22,27,143,36.0,1,1,1,1,2,10,7,18,10,9,16,2,1,18,5,10,4,3,3,6,4,34,26,2,4,1,1
2025-26,1610612748,MIA,Miami Heat,0022500257,2025-11-19T00:00:00,MIA vs. GSW,W,48.0,39,96,0.406,13,35,0.371,19,26,0.731,14,38,52,30,14.0,10,3,5,17,20,110,14.0,1,1,1,1,2,28,14,31,15,17,15,15,13,27,9,10,6,13,15,13,23,16,13,14,25,9,1
2025-26,1610612748,MIA,Miami Heat,0022500244,2025-11-17T00:00:00,MIA vs. NYK,W,48.0,45,101,0.446,14,35,0.4,11,13,0.846,7,33,40,29,14.0,5,5,7,21,18,115,2.0,1,1,1,1,2,12,5,26,10,17,11,31,31,11,28,19,27,15,15,29,13,23,24,25,21,17,1
2025-26,1610612748,MIA,Miami Heat,0022500039,2025-11-14T00:00:00,MIA @ NYK,L,48.0,44,95,0.463,19,44,0.432,25,34,0.735,15,31,46,30,11.0,4,5,2,23,23,132,-8.0,1,20,20,20,2,15,17,20,4,5,8,7,7,26,5,25,17,13,5,33,13,2,28,9,10,25,1
2025-26,1610612748,MIA,Miami Heat,0022500217,2025-11-12T00:00:00,MIA vs. CLE,L,48.0,45,94,0.479,15,37,0.405,11,13,0.846,9,35,44,29,21.0,6,6,10,29,21,116,-14.0,1,20,20,20,2,12,18,15,8,11,10,31,31,11,22,15,21,15,34,26,9,33,34,11,19,32,1
2025-26,1610612748,MIA,Miami Heat,0022500201,2025-11-10T00:00:00,MIA vs. CLE,W,53.0,46,98,0.469,12,36,0.333,36,41,0.878,12,44,56,32,14.0,5,6,4,27,27,140,2.0,1,1,1,1,1,11,12,19,17,14,23,1,2,8,13,1,3,9,15,29,9,10,32,2,6,17,1
2025-26,1610612748,MIA,Miami Heat,0022500187,2025-11-08T00:00:00,MIA vs. POR,W,48.0,49,96,0.51,10,35,0.286,28,36,0.778,12,35,47,37,15.0,17,5,4,23,32,136,5.0,1,1,1,1,2,7,14,9,25,17,29,4,4,20,13,15,13,2,22,1,13,10,28,1,8,14,1
2025-26,1610612748,MIA,Miami Heat,0022500033,2025-11-07T00:00:00,MIA vs. CHA,W,48.0,51,99,0.515,12,28,0.429,12,14,0.857,6,31,37,31,8.0,10,7,9,21,18,126,18.0,1,1,1,1,2,6,9,6,17,30,9,30,30,9,30,25,32,12,1,13,4,30,24,25,12,6,1
2025-26,1610612748,MIA,Miami Heat,0022500178,2025-11-05T00:00:00,MIA @ DEN,L,48.0,38,86,0.442,14,41,0.341,22,25,0.88,5,33,38,26,15.0,13,4,4,20,16,112,-10.0,1,20,20,20,2,31,26,27,10,6,22,9,14,7,32,19,30,23,22,6,18,10,19,30,23,27,1
2025-26,1610612748,MIA,Miami Heat,0022500164,2025-11-03T00:00:00,MIA @ LAC,W,48.0,45,83,0.542,12,25,0.48,18,24,0.75,6,31,37,33,16.0,12,3,4,15,24,120,1.0,1,1,1,1,2,12,30,1,17,33,4,17,15,23,30,25,32,7,26,8,23,10,6,7,16,19,1
2025-26,1610612748,MIA,Miami Heat,0022500155,2025-11-02T00:00:00,MIA @ LAL,L,48.0,43,84,0.512,9,33,0.273,25,36,0.694,9,33,42,29,15.0,7,3,2,20,26,120,-10.0,1,20,20,20,2,18,29,8,27,22,31,7,4,31,22,19,23,15,22,22,23,2,19,5,16,27,1
2025-26,1610612748,MIA,Miami Heat,0022500141,2025-10-30T00:00:00,MIA @ SAS,L,48.0,39,90,0.433,15,38,0.395,8,11,0.727,5,36,41,29,14.0,6,2,8,20,17,101,-6.0,1,20,20,20,2,28,22,29,8,9,12,34,34,28,32,14,24,15,15,26,27,28,19,28,32,23,1
2025-26,1610612748,MIA,Miami Heat,0022500124,2025-10-28T00:00:00,MIA vs. CHA,W,48.0,52,96,0.542,20,45,0.444,20,22,0.909,8,29,37,34,11.0,8,2,3,16,18,144,27.0,1,1,1,1,2,5,14,2,3,4,7,11,20,4,27,32,32,4,5,18,27,4,8,25,3,3,1
2025-26,1610612748,MIA,Miami Heat,0022500108,2025-10-26T00:00:00,MIA vs. NYK,W,48.0,38,83,0.458,13,37,0.351,26,31,0.839,9,41,50,25,16.0,7,1,3,16,24,115,8.0,1,1,1,1,2,31,30,23,15,11,19,5,9,15,22,3,9,26,26,22,31,4,8,7,21,12,1
2025-26,1610612748,MIA,Miami Heat,0022500094,2025-10-24T00:00:00,MIA @ MEM,W,48.0,55,102,0.539,19,40,0.475,17,22,0.773,17,40,57,34,20.0,15,4,4,25,19,146,32.0,1,1,1,1,2,1,3,3,4,7,6,21,20,22,2,4,2,4,32,3,18,10,30,18,2,2,1
2025-26,1610612748,MIA,Miami Heat,0022500081,2025-10-22T00:00:00,MIA @ ORL,L,48.0,44,91,0.484,12,35,0.343,21,27,0.778,10,37,47,26,19.0,9,4,7,28,20,121,-4.0,1,20,20,20,2,15,21,13,17,17,21,10,11,20,20,13,13,23,30,15,18,23,33,14,15,22,1
2025-26,1610612749,MIL,Milwaukee Bucks,0022500469,2025-12-31T00:00:00,MIL vs. WAS,L,48.0,41,89,0.461,16,39,0.41,15,22,0.682,11,37,48,24,15.0,2,6,8,14,18,113,-1.0,1,15,15,15,3,17,9,21,9,10,14,16,14,25,6,6,4,24,15,34,4,31,1,20,17,15,1
2025-26,1610612749,MIL,Milwaukee Bucks,0022500447,2025-12-29T00:00:00,MIL @ CHA,W,48.0,44,84,0.524,16,34,0.471,19,22,0.864,5,26,31,29,9.0,9,5,3,17,21,123,10.0,1,1,1,1,3,10,17,7,9,25,4,8,14,4,29,31,33,7,2,11,12,10,8,7,6,7,1
2025-26,1610612749,MIL,Milwaukee Bucks,0022500437,2025-12-27T00:00:00,MIL @ CHI,W,48.0,40,86,0.465,13,36,0.361,19,24,0.792,11,36,47,22,12.0,12,3,2,16,18,112,9.0,1,1,1,1,3,19,13,20,23,20,24,8,8,8,6,8,7,29,6,2,22,5,4,20,20,10,1
2025-26,1610612749,MIL,Milwaukee Bucks,0022500428,2025-12-26T00:00:00,MIL @ MEM,L,48.0,36,84,0.429,14,39,0.359,18,24,0.75,15,33,48,18,22.0,11,2,9,25,19,104,-21.0,1,15,15,15,3,30,17,29,17,10,25,10,8,15,1,15,4,34,33,4,25,34,24,16,26,31,1
2025-26,1610612749,MIL,Milwaukee Bucks,0022500413,2025-12-23T00:00:00,MIL @ IND,W,48.0,42,82,0.512,10,30,0.333,17,24,0.708,7,41,48,20,15.0,6,7,3,26,21,111,17.0,1,1,1,1,3,15,24,11,33,31,29,11,8,21,20,1,4,31,15,24,2,10,26,7,22,1,1
2025-26,1610612749,MIL,Milwaukee Bucks,0022500400,2025-12-21T00:00:00,MIL @ MIN,L,48.0,35,87,0.402,13,45,0.289,17,20,0.85,11,40,51,27,18.0,6,2,4,15,18,100,-3.0,1,15,15,15,3,31,12,32,23,3,33,11,21,5,6,2,2,13,27,24,25,14,2,20,30,17,1
2025-26,1610612749,MIL,Milwaukee Bucks,0022500374,2025-12-18T00:00:00,MIL vs. TOR,L,48.0,38,84,0.452,15,37,0.405,14,16,0.875,9,29,38,25,16.0,10,2,2,19,20,105,-6.0,1,15,15,15,3,25,17,24,14,18,18,19,26,2,12,23,20,19,20,7,25,5,11,14,25,21,1
2025-26,1610612749,MIL,Milwaukee Bucks,0022501219,2025-12-14T00:00:00,MIL @ BKN,L,48.0,31,79,0.392,8,35,0.229,12,16,0.75,7,30,37,20,20.0,8,1,4,18,15,82,-45.0,1,15,15,15,3,34,28,34,34,24,34,26,26,15,20,20,22,31,32,16,32,14,10,30,34,34,1
2025-26,1610612749,MIL,Milwaukee Bucks,0022501206,2025-12-11T00:00:00,MIL vs. BOS,W,48.0,46,79,0.582,13,29,0.448,11,14,0.786,5,35,40,28,16.0,5,5,1,24,15,116,15.0,1,1,1,1,3,6,28,3,23,33,7,28,29,10,29,11,15,11,20,30,12,1,22,30,11,4,1
2025-26,1610612749,MIL,Milwaukee Bucks,0022500353,2025-12-06T00:00:00,MIL @ DET,L,48.0,37,84,0.44,16,38,0.421,22,32,0.688,11,25,36,24,12.0,11,5,4,26,26,112,-12.0,1,15,15,15,3,27,17,27,9,15,11,1,1,24,6,32,26,24,6,4,12,14,26,1,20,26,1
2025-26,1610612749,MIL,Milwaukee Bucks,0022500348,2025-12-05T00:00:00,MIL vs. PHI,L,48.0,35,76,0.461,11,32,0.344,20,27,0.741,7,30,37,26,18.0,8,3,1,21,24,101,-15.0,1,15,15,15,3,31,33,22,31,29,28,3,4,17,20,20,22,16,27,16,22,1,16,2,29,30,1
2025-26,1610612749,MIL,Milwaukee Bucks,0022500331,2025-12-03T00:00:00,MIL vs. DET,W,48.0,40,82,0.488,13,44,0.295,20,21,0.952,8,32,40,28,16.0,6,6,5,20,18,113,4.0,1,1,1,1,3,19,24,16,23,4,31,3,18,1,17,16,15,11,20,24,4,23,14,20,17,12,1
2025-26,1610612749,MIL,Milwaukee Bucks,0022500311,2025-12-01T00:00:00,MIL @ WAS,L,48.0,46,84,0.548,21,38,0.553,13,21,0.619,7,28,35,29,17.0,5,4,4,16,17,126,-3.0,1,15,15,15,3,6,17,5,1,15,2,24,18,30,20,25,27,7,24,30,18,14,4,24,4,17,1
2025-26,1610612749,MIL,Milwaukee Bucks,0022500297,2025-11-29T00:00:00,MIL vs. BKN,W,48.0,44,84,0.524,16,39,0.41,12,17,0.706,12,31,43,31,14.0,13,2,4,16,16,116,17.0,1,1,1,1,3,10,17,7,9,10,14,26,25,22,4,18,11,2,12,1,25,14,4,28,11,1,1
2025-26,1610612749,MIL,Milwaukee Bucks,0022500074,2025-11-28T00:00:00,MIL @ NYK,L,48.0,37,71,0.521,18,41,0.439,17,25,0.68,5,30,35,24,15.0,9,4,2,26,21,109,-9.0,1,15,15,15,3,27,34,10,6,8,9,11,5,26,29,20,27,24,15,11,18,5,26,7,23,23,1
2025-26,1610612749,MIL,Milwaukee Bucks,0022500062,2025-11-26T00:00:00,MIL @ MIA,L,48.0,40,95,0.421,14,42,0.333,9,14,0.643,11,36,47,31,14.0,7,1,7,15,10,103,-3.0,1,15,15,15,3,19,4,30,17,7,29,32,29,29,6,8,7,2,12,20,32,30,2,34,27,17,1
2025-26,1610612749,MIL,Milwaukee Bucks,0022500288,2025-11-24T00:00:00,MIL vs. POR,L,48.0,38,86,0.442,13,37,0.351,14,18,0.778,8,31,39,22,13.0,10,5,8,26,16,103,-12.0,1,15,15,15,3,25,13,26,23,18,26,19,23,11,17,18,17,29,8,7,12,31,26,28,27,26,1
2025-26,1610612749,MIL,Milwaukee Bucks,0022500272,2025-11-22T00:00:00,MIL vs. DET,L,48.0,43,84,0.512,20,43,0.465,10,12,0.833,6,29,35,29,17.0,8,7,6,19,17,116,-13.0,1,15,15,15,3,13,17,12,2,6,6,30,34,6,27,23,27,7,24,16,2,26,11,24,11,29,1
2025-26,1610612749,MIL,Milwaukee Bucks,0022500266,2025-11-20T00:00:00,MIL vs. PHI,L,53.0,45,92,0.489,14,36,0.389,10,13,0.769,3,39,42,30,14.0,7,2,6,19,15,114,-9.0,1,15,15,15,1,9,6,15,17,20,21,30,31,14,34,4,13,5,12,20,25,26,11,30,16,23,1
2025-26,1610612749,MIL,Milwaukee Bucks,0022500241,2025-11-17T00:00:00,MIL @ CLE,L,48.0,39,93,0.419,17,36,0.472,11,15,0.733,7,27,34,26,15.0,9,1,5,17,17,106,-12.0,1,15,15,15,3,24,5,31,8,20,3,28,28,18,20,28,30,16,15,11,32,23,8,24,24,26,1
2025-26,1610612749,MIL,Milwaukee Bucks,0022500231,2025-11-15T00:00:00,MIL vs. LAL,L,48.0,32,80,0.4,15,39,0.385,16,24,0.667,12,27,39,20,17.0,6,4,4,23,20,95,-24.0,1,15,15,15,3,33,27,33,14,10,23,15,8,27,4,28,17,31,24,24,18,14,21,14,33,32,1
2025-26,1610612749,MIL,Milwaukee Bucks,0022500043,2025-11-14T00:00:00,MIL vs. CHA,W,53.0,55,85,0.647,20,34,0.588,17,22,0.773,5,34,39,37,22.0,10,3,1,25,21,147,13.0,1,1,1,1,1,1,16,1,2,25,1,11,14,13,29,12,17,1,33,7,22,1,24,7,1,5,1
2025-26,1610612749,MIL,Milwaukee Bucks,0022500213,2025-11-12T00:00:00,MIL @ CHA,L,48.0,40,88,0.455,12,30,0.4,8,13,0.615,10,24,34,29,9.0,6,6,5,22,15,100,-11.0,1,15,15,15,3,19,10,23,30,31,19,34,31,31,11,33,30,7,2,24,4,23,18,30,30,25,1
2025-26,1610612749,MIL,Milwaukee Bucks,0022500203,2025-11-10T00:00:00,MIL @ DAL,W,48.0,41,91,0.451,14,36,0.389,20,25,0.8,8,36,44,24,13.0,9,6,8,26,22,116,2.0,1,1,1,1,3,17,7,25,17,20,21,3,5,7,17,8,10,24,8,11,4,31,26,6,11,13,1
2025-26,1610612749,MIL,Milwaukee Bucks,0022500191,2025-11-09T00:00:00,MIL vs. HOU,L,48.0,44,79,0.557,13,29,0.448,14,24,0.583,7,20,27,25,13.0,11,6,3,20,19,115,-7.0,1,15,15,15,3,10,28,4,23,33,7,19,8,33,20,34,34,19,8,4,4,10,14,16,15,22,1
2025-26,1610612749,MIL,Milwaukee Bucks,0022500035,2025-11-07T00:00:00,MIL vs. CHI,W,48.0,48,103,0.466,16,39,0.41,14,18,0.778,14,39,53,27,11.0,10,6,3,16,19,126,16.0,1,1,1,1,3,4,1,19,9,10,14,19,23,11,2,4,1,13,4,7,4,10,4,16,4,3,1
2025-26,1610612749,MIL,Milwaukee Bucks,0022500165,2025-11-04T00:00:00,MIL @ TOR,L,48.0,37,86,0.43,11,38,0.289,15,21,0.714,9,32,41,26,15.0,5,4,6,26,23,100,-28.0,1,15,15,15,3,27,13,28,31,15,32,16,18,19,12,16,14,16,15,30,18,26,26,4,30,33,1
2025-26,1610612749,MIL,Milwaukee Bucks,0022500157,2025-11-03T00:00:00,MIL @ IND,W,48.0,42,88,0.477,20,47,0.426,13,22,0.591,9,34,43,24,18.0,6,5,4,28,24,117,2.0,1,1,1,1,3,15,10,18,2,1,10,24,14,32,12,12,11,24,27,24,12,14,34,2,10,13,1
2025-26,1610612749,MIL,Milwaukee Bucks,0022500142,2025-11-01T00:00:00,MIL vs. SAC,L,48.0,49,82,0.598,15,32,0.469,20,31,0.645,9,28,37,30,11.0,5,2,1,26,21,133,-2.0,1,15,15,15,3,3,24,2,14,29,5,3,2,28,12,25,22,5,4,30,25,1,26,7,2,16,1
2025-26,1610612749,MIL,Milwaukee Bucks,0022500139,2025-10-30T00:00:00,MIL vs. GSW,W,48.0,46,96,0.479,19,46,0.413,9,13,0.692,7,27,34,25,16.0,7,2,6,22,17,120,10.0,1,1,1,1,3,6,3,17,5,2,12,32,31,23,20,28,30,19,20,20,25,26,18,24,9,7,1
2025-26,1610612749,MIL,Milwaukee Bucks,0022500125,2025-10-28T00:00:00,MIL vs. NYK,W,48.0,43,79,0.544,14,34,0.412,21,24,0.875,4,34,38,27,13.0,7,8,2,21,21,121,10.0,1,1,1,1,3,13,28,6,17,25,13,2,8,2,33,12,20,13,8,20,1,5,16,7,8,7,1
2025-26,1610612749,MIL,Milwaukee Bucks,0022500107,2025-10-26T00:00:00,MIL @ CLE,L,48.0,40,79,0.506,13,33,0.394,20,28,0.714,9,28,37,25,18.0,12,6,2,26,23,113,-5.0,1,15,15,15,3,19,28,14,23,28,20,3,3,19,12,25,22,19,27,2,4,5,26,4,17,20,1
2025-26,1610612749,MIL,Milwaukee Bucks,0022500092,2025-10-24T00:00:00,MIL @ TOR,W,48.0,47,90,0.522,14,40,0.35,14,25,0.56,14,37,51,25,19.0,9,5,4,24,21,122,6.0,1,1,1,1,3,5,8,9,17,9,27,19,5,34,2,6,2,19,31,11,12,14,22,7,7,11,1
2025-26,1610612749,MIL,Milwaukee Bucks,0022500086,2025-10-22T00:00:00,MIL vs. WAS,W,48.0,50,98,0.51,18,44,0.409,15,19,0.789,6,40,46,31,8.0,8,6,4,22,19,133,13.0,1,1,1,1,3,2,2,13,6,4,17,16,22,9,27,2,9,2,1,16,4,14,18,16,2,5,1
2025-26,1610612750,MIN,Minnesota Timberwolves,0022500463,2025-12-31T00:00:00,MIN @ ATL,L,48.0,37,87,0.425,14,40,0.35,14,18,0.778,11,35,46,22,16.0,5,6,4,16,15,102,-24.0,1,22,22,22,4,29,19,29,14,11,18,32,31,15,16,11,13,28,22,28,11,17,5,32,34,34,1
2025-26,1610612750,MIN,Minnesota Timberwolves,0022500452,2025-12-29T00:00:00,MIN @ CHI,W,48.0,51,95,0.537,15,37,0.405,19,25,0.76,7,39,46,32,5.0,9,9,7,12,17,136,35.0,1,1,1,1,4,3,7,6,9,16,11,19,19,17,29,3,13,3,1,13,5,30,1,29,5,2,1
2025-26,1610612750,MIN,Minnesota Timberwolves,0022500439,2025-12-27T00:00:00,MIN vs. BKN,L,48.0,37,83,0.446,13,31,0.419,20,28,0.714,10,24,34,27,11.0,8,1,2,20,22,107,-16.0,1,22,22,22,4,29,27,28,18,30,10,15,13,21,20,32,31,17,6,17,32,3,9,14,30,31,1
2025-26,1610612750,MIN,Minnesota Timberwolves,0022500013,2025-12-25T00:00:00,MIN @ DEN,L,53.0,51,104,0.49,12,45,0.267,24,30,0.8,11,36,47,31,15.0,10,12,5,27,18,138,-4.0,1,22,22,22,1,3,1,12,24,6,33,8,9,11,16,9,12,5,18,8,1,24,30,28,3,25,1
2025-26,1610612750,MIN,Minnesota Timberwolves,0022500416,2025-12-23T00:00:00,MIN vs. NYK,W,48.0,42,93,0.452,15,46,0.326,16,23,0.696,10,32,42,25,11.0,12,9,2,15,21,115,11.0,1,1,1,1,4,12,10,26,9,3,21,26,23,30,20,21,21,21,6,3,5,3,3,19,18,10,1
2025-26,1610612750,MIN,Minnesota Timberwolves,0022500400,2025-12-21T00:00:00,MIN vs. MIL,W,48.0,37,88,0.42,14,46,0.304,15,23,0.652,11,35,46,28,10.0,10,4,2,18,15,103,3.0,1,1,1,1,4,29,14,30,14,3,28,29,23,33,16,11,13,13,3,8,19,3,8,32,33,20,1
2025-26,1610612750,MIN,Minnesota Timberwolves,0022500385,2025-12-19T00:00:00,MIN vs. OKC,W,48.0,33,88,0.375,13,37,0.351,33,47,0.702,18,39,57,20,13.0,8,6,10,24,30,112,5.0,1,1,1,1,4,33,14,34,18,16,17,1,1,27,2,3,2,31,13,17,11,34,22,1,24,16,1
2025-26,1610612750,MIN,Minnesota Timberwolves,0022500368,2025-12-17T00:00:00,MIN vs. MEM,L,48.0,39,98,0.398,13,44,0.295,19,27,0.704,16,36,52,26,18.0,11,8,4,25,25,110,-6.0,1,22,22,22,4,25,3,33,18,7,31,19,16,24,3,9,5,19,28,5,9,17,25,7,27,27,1
2025-26,1610612750,MIN,Minnesota Timberwolves,0022501220,2025-12-14T00:00:00,MIN vs. SAC,W,48.0,43,94,0.457,12,37,0.324,19,27,0.704,15,33,48,25,12.0,12,5,9,26,21,117,14.0,1,1,1,1,4,11,8,22,24,16,22,19,16,24,4,18,10,21,11,3,13,33,28,19,17,7,1
2025-26,1610612750,MIN,Minnesota Timberwolves,0022501215,2025-12-12T00:00:00,MIN @ GSW,W,48.0,48,89,0.539,11,31,0.355,20,28,0.714,11,33,44,30,11.0,8,3,2,22,23,127,7.0,1,1,1,1,4,7,12,5,28,30,16,15,13,21,16,18,18,8,6,17,27,3,13,12,6,13,1
2025-26,1610612750,MIN,Minnesota Timberwolves,0022500365,2025-12-08T00:00:00,MIN vs. PHX,L,48.0,39,83,0.47,11,42,0.262,16,23,0.696,13,33,46,26,15.0,5,1,2,20,20,105,-3.0,1,22,22,22,4,25,27,18,28,9,34,26,23,30,10,18,13,19,18,28,32,3,9,24,31,24,1
2025-26,1610612750,MIN,Minnesota Timberwolves,0022500355,2025-12-06T00:00:00,MIN vs. LAC,W,48.0,34,68,0.5,11,25,0.44,30,34,0.882,6,29,35,23,14.0,6,5,3,22,28,109,3.0,1,1,1,1,4,32,34,8,28,34,8,2,6,4,32,27,30,26,16,25,13,10,13,3,29,20,1
2025-26,1610612750,MIN,Minnesota Timberwolves,0022500337,2025-12-04T00:00:00,MIN @ NOP,W,48.0,42,92,0.457,15,38,0.395,26,29,0.897,12,37,49,30,20.0,5,10,2,22,22,125,9.0,1,1,1,1,4,12,11,23,9,13,13,4,10,3,14,8,9,8,32,28,2,3,13,14,7,12,1
2025-26,1610612750,MIN,Minnesota Timberwolves,0022500321,2025-12-02T00:00:00,MIN @ NOP,W,53.0,52,104,0.5,20,51,0.392,25,29,0.862,10,31,41,29,9.0,7,4,1,25,23,149,7.0,1,1,1,1,1,1,1,8,2,1,14,7,10,8,20,25,23,12,2,24,19,1,25,12,1,13,1
2025-26,1610612750,MIN,Minnesota Timberwolves,0022500306,2025-11-30T00:00:00,MIN vs. SAS,W,48.0,49,87,0.563,17,37,0.459,10,13,0.769,10,26,36,35,13.0,5,0,1,16,15,125,13.0,1,1,1,1,4,6,19,3,5,16,6,34,34,16,20,28,29,1,13,28,34,1,5,32,7,9,1
2025-26,1610612750,MIN,Minnesota Timberwolves,0022500293,2025-11-29T00:00:00,MIN vs. BOS,W,48.0,41,83,0.494,21,48,0.438,16,20,0.8,5,32,37,31,15.0,3,4,7,16,21,119,4.0,1,1,1,1,4,18,27,11,1,2,9,26,30,11,33,21,27,5,18,34,19,30,5,19,15,17,1
2025-26,1610612750,MIN,Minnesota Timberwolves,0022500064,2025-11-26T00:00:00,MIN @ OKC,L,48.0,33,80,0.413,17,37,0.459,22,37,0.595,12,32,44,25,16.0,4,5,3,25,25,105,-8.0,1,22,22,22,4,33,32,31,5,16,6,13,3,34,14,21,18,21,22,32,13,10,25,7,31,28,1
2025-26,1610612750,MIN,Minnesota Timberwolves,0022500292,2025-11-24T00:00:00,MIN @ SAC,L,53.0,40,97,0.412,13,42,0.31,19,22,0.864,15,40,55,21,16.0,9,4,3,28,21,112,-5.0,1,22,22,22,1,22,4,32,18,9,27,19,27,7,4,2,3,29,22,13,19,10,33,19,24,26,1
2025-26,1610612750,MIN,Minnesota Timberwolves,0022500053,2025-11-21T00:00:00,MIN @ PHX,L,48.0,39,86,0.453,12,37,0.324,23,33,0.697,14,23,37,18,22.0,17,4,2,23,29,113,-1.0,1,22,22,22,4,25,22,25,24,16,22,10,7,29,7,33,27,34,34,1,19,3,18,2,23,22,1
2025-26,1610612750,MIN,Minnesota Timberwolves,0022500259,2025-11-19T00:00:00,MIN vs. WAS,W,48.0,42,94,0.447,13,38,0.342,23,32,0.719,19,31,50,28,10.0,11,4,6,15,26,120,11.0,1,1,1,1,4,12,8,27,18,13,19,10,8,20,1,25,8,13,3,5,19,28,3,5,12,10,1
2025-26,1610612750,MIN,Minnesota Timberwolves,0022500246,2025-11-17T00:00:00,MIN vs. DAL,W,48.0,44,97,0.454,14,44,0.318,18,25,0.72,14,45,59,27,17.0,16,5,4,24,22,120,24.0,1,1,1,1,4,9,4,24,14,7,25,24,19,19,7,1,1,17,25,2,13,17,22,14,12,4,1
2025-26,1610612750,MIN,Minnesota Timberwolves,0022500232,2025-11-15T00:00:00,MIN vs. DEN,L,48.0,41,88,0.466,10,34,0.294,20,23,0.87,8,32,40,23,13.0,9,7,6,27,19,112,-11.0,1,22,22,22,4,18,14,19,31,26,32,15,23,6,28,21,24,26,13,13,10,28,30,27,24,29,1
2025-26,1610612750,MIN,Minnesota Timberwolves,0022500044,2025-11-14T00:00:00,MIN vs. SAC,W,48.0,42,86,0.488,12,37,0.324,28,40,0.7,13,38,51,28,18.0,10,3,4,20,26,124,14.0,1,1,1,1,4,12,22,13,24,16,22,3,2,28,10,7,7,13,28,8,27,17,9,5,10,7,1
2025-26,1610612750,MIN,Minnesota Timberwolves,0022500205,2025-11-10T00:00:00,MIN @ UTA,W,48.0,42,89,0.472,10,33,0.303,26,28,0.929,7,35,42,25,11.0,8,5,5,21,24,120,7.0,1,1,1,1,4,12,12,16,31,27,29,4,13,1,29,11,21,21,6,17,13,24,12,9,12,13,1
2025-26,1610612750,MIN,Minnesota Timberwolves,0022500197,2025-11-09T00:00:00,MIN @ SAC,W,48.0,52,97,0.536,18,46,0.391,22,24,0.917,9,35,44,28,11.0,11,9,3,23,20,144,27.0,1,1,1,1,4,1,4,7,4,3,15,13,21,2,25,11,18,13,6,5,5,10,18,24,2,3,1
2025-26,1610612750,MIN,Minnesota Timberwolves,0022500036,2025-11-07T00:00:00,MIN vs. UTA,W,48.0,50,88,0.568,17,36,0.472,20,27,0.741,13,39,52,32,21.0,10,10,3,23,22,137,40.0,1,1,1,1,4,5,14,1,5,23,4,15,16,18,10,3,5,3,33,8,2,10,18,14,4,1,1
2025-26,1610612750,MIN,Minnesota Timberwolves,0022500175,2025-11-05T00:00:00,MIN @ NYK,L,48.0,40,83,0.482,19,40,0.475,15,17,0.882,9,22,31,30,17.0,6,2,8,14,21,114,-23.0,1,22,22,22,4,22,27,15,3,11,3,29,32,4,25,34,34,8,25,25,30,32,2,19,20,33,1
2025-26,1610612750,MIN,Minnesota Timberwolves,0022500156,2025-11-03T00:00:00,MIN @ BKN,W,48.0,44,78,0.564,14,35,0.4,23,35,0.657,14,39,53,33,17.0,6,4,4,26,24,125,16.0,1,1,1,1,4,9,33,2,14,25,12,10,5,32,7,3,4,2,25,25,19,17,28,9,7,6,1
2025-26,1610612750,MIN,Minnesota Timberwolves,0022500143,2025-11-01T00:00:00,MIN @ CHA,W,48.0,47,87,0.54,17,36,0.472,11,14,0.786,4,34,38,31,10.0,8,2,4,22,16,122,17.0,1,1,1,1,4,8,19,4,5,23,4,33,33,14,34,17,26,5,3,17,30,17,13,31,11,5,1
2025-26,1610612750,MIN,Minnesota Timberwolves,0022500136,2025-10-29T00:00:00,MIN vs. LAL,L,48.0,41,82,0.5,15,30,0.5,18,22,0.818,9,25,34,30,18.0,8,5,5,23,22,115,-1.0,1,22,22,22,4,18,31,8,9,32,1,24,27,10,25,30,31,8,28,17,13,24,18,14,18,22,1
2025-26,1610612750,MIN,Minnesota Timberwolves,0022500008,2025-10-27T00:00:00,MIN vs. DEN,L,48.0,40,85,0.471,10,32,0.313,24,29,0.828,7,26,33,19,15.0,8,9,4,22,24,114,-13.0,1,22,22,22,4,22,25,17,31,29,26,8,10,9,29,28,33,32,18,17,5,17,13,9,20,30,1
2025-26,1610612750,MIN,Minnesota Timberwolves,0022500110,2025-10-26T00:00:00,MIN vs. IND,W,48.0,39,84,0.464,10,33,0.303,26,37,0.703,13,35,48,19,14.0,9,4,5,24,27,114,4.0,1,1,1,1,4,25,26,21,31,27,29,4,3,26,10,11,10,32,16,13,19,24,22,4,20,17,1
2025-26,1610612750,MIN,Minnesota Timberwolves,0022500019,2025-10-24T00:00:00,MIN @ LAL,L,48.0,41,88,0.466,13,38,0.342,15,21,0.714,15,25,40,24,12.0,4,3,3,27,20,110,-18.0,1,22,22,22,4,18,14,19,18,13,19,29,29,21,4,30,24,25,11,32,27,10,30,24,27,32,1
2025-26,1610612750,MIN,Minnesota Timberwolves,0022500089,2025-10-22T00:00:00,MIN @ POR,W,48.0,42,86,0.488,15,30,0.5,19,24,0.792,10,35,45,21,19.0,10,10,3,29,17,118,4.0,1,1,1,1,4,12,22,13,9,32,1,19,21,13,20,11,17,29,31,8,2,10,34,29,16,17,1
2025-26,1610612740,NOP,New Orleans Pelicans,0022500466,2025-12-31T00:00:00,NOP @ CHI,L,48.0,42,98,0.429,12,38,0.316,22,27,0.815,12,34,46,25,10.0,4,9,7,24,18,118,-16.0,1,9,9,9,5,19,4,29,10,4,21,16,17,19,20,10,11,17,3,35,1,22,29,29,14,26,1
2025-26,1610612740,NOP,New Orleans Pelicans,0022500454,2025-12-29T00:00:00,NOP vs. NYK,L,48.0,44,96,0.458,14,36,0.389,23,27,0.852,16,34,50,27,12.0,6,8,4,15,19,125,-5.0,1,9,9,9,5,11,10,17,6,8,11,11,17,13,5,10,6,10,6,28,3,6,1,23,8,13,1
2025-26,1610612740,NOP,New Orleans Pelicans,0022500434,2025-12-27T00:00:00,NOP vs. PHX,L,48.0,38,87,0.437,9,27,0.333,29,33,0.879,14,29,43,16,13.0,11,7,3,22,23,114,-9.0,1,9,9,9,5,27,24,27,21,23,17,2,6,7,11,21,15,34,12,6,5,3,21,9,22,22,1
2025-26,1610612740,NOP,New Orleans Pelicans,0022500429,2025-12-26T00:00:00,NOP vs. PHX,L,48.0,39,88,0.443,5,25,0.2,25,42,0.595,12,26,38,22,12.0,10,2,4,22,27,108,-7.0,1,9,9,9,5,24,22,24,35,32,35,5,1,34,20,27,28,24,6,10,25,6,21,2,25,16,1
2025-26,1610612740,NOP,New Orleans Pelicans,0022500412,2025-12-23T00:00:00,NOP @ CLE,L,48.0,43,94,0.457,11,26,0.423,21,25,0.84,13,30,43,26,16.0,10,2,6,16,21,118,-23.0,1,9,9,9,5,14,12,19,15,29,6,20,23,15,15,16,15,14,26,10,25,17,4,17,14,31,1
2025-26,1610612740,NOP,New Orleans Pelicans,0022500404,2025-12-22T00:00:00,NOP vs. DAL,W,48.0,44,97,0.454,8,34,0.235,23,27,0.852,14,37,51,28,13.0,9,2,5,16,19,119,6.0,1,1,1,1,5,11,7,20,25,11,31,11,17,13,11,5,5,6,12,17,25,12,4,23,12,5,1
2025-26,1610612740,NOP,New Orleans Pelicans,0022500389,2025-12-20T00:00:00,NOP vs. IND,W,48.0,45,85,0.529,9,27,0.333,29,34,0.853,6,43,49,25,18.0,6,2,5,25,26,128,19.0,1,1,1,1,5,8,27,3,21,23,17,2,4,12,33,1,8,17,30,28,25,12,32,4,6,2,1
2025-26,1610612740,NOP,New Orleans Pelicans,0022500375,2025-12-18T00:00:00,NOP vs. HOU,W,53.0,49,97,0.505,11,27,0.407,24,28,0.857,13,28,41,27,12.0,15,7,8,24,21,133,5.0,1,1,1,1,1,6,7,7,15,23,8,8,15,9,15,25,22,10,6,1,5,29,29,17,4,6,1
2025-26,1610612740,NOP,New Orleans Pelicans,0022501223,2025-12-14T00:00:00,NOP @ CHI,W,48.0,43,93,0.462,8,33,0.242,20,25,0.8,14,39,53,21,15.0,7,5,4,17,24,114,10.0,1,1,1,1,5,14,14,14,25,15,30,21,23,21,11,3,4,26,21,24,9,6,8,7,22,4,1
2025-26,1610612740,NOP,New Orleans Pelicans,0022501207,2025-12-11T00:00:00,NOP vs. POR,W,48.0,58,112,0.518,12,32,0.375,15,17,0.882,19,38,57,36,10.0,10,8,7,16,19,143,23.0,1,1,1,1,5,1,1,4,10,16,12,29,31,6,1,4,1,1,3,10,3,22,4,23,1,1,1
2025-26,1610612740,NOP,New Orleans Pelicans,0022500366,2025-12-08T00:00:00,NOP vs. SAS,L,48.0,51,88,0.58,7,26,0.269,23,26,0.885,4,29,33,35,9.0,8,6,0,23,19,132,-3.0,1,9,9,9,5,3,22,1,29,29,27,11,20,4,35,21,35,2,2,22,7,1,25,23,5,10,1
2025-26,1610612740,NOP,New Orleans Pelicans,0022500350,2025-12-06T00:00:00,NOP @ BKN,L,48.0,37,82,0.451,9,25,0.36,18,22,0.818,11,25,36,30,17.0,9,3,7,15,17,101,-18.0,1,9,9,9,5,29,34,22,21,32,15,25,26,18,26,30,30,4,28,17,17,22,1,32,29,29,1
2025-26,1610612740,NOP,New Orleans Pelicans,0022500337,2025-12-04T00:00:00,NOP vs. MIN,L,48.0,43,95,0.453,7,25,0.28,23,26,0.885,8,35,43,29,12.0,11,2,10,22,22,116,-9.0,1,9,9,9,5,14,11,21,29,32,25,11,20,4,31,8,15,5,6,6,25,32,21,14,18,22,1
2025-26,1610612740,NOP,New Orleans Pelicans,0022500321,2025-12-02T00:00:00,NOP vs. MIN,L,53.0,50,91,0.549,12,21,0.571,30,35,0.857,6,36,42,26,13.0,5,1,4,23,25,142,-7.0,1,9,9,9,1,4,15,2,10,35,1,1,2,9,33,6,19,14,12,33,33,6,25,6,3,16,1
2025-26,1610612740,NOP,New Orleans Pelicans,0022500308,2025-11-30T00:00:00,NOP @ LAL,L,48.0,46,91,0.505,13,26,0.5,16,20,0.8,8,32,40,23,8.0,6,1,10,27,14,121,-12.0,1,9,9,9,5,7,15,6,7,29,2,28,28,21,31,14,23,23,1,28,33,32,34,35,11,24,1
2025-26,1610612740,NOP,New Orleans Pelicans,0022500298,2025-11-29T00:00:00,NOP @ GSW,L,48.0,32,86,0.372,7,30,0.233,25,34,0.735,16,34,50,16,13.0,7,2,3,21,23,96,-8.0,1,9,9,9,5,33,25,34,29,20,32,5,4,29,5,10,6,34,12,24,25,3,18,9,33,20,1
2025-26,1610612740,NOP,New Orleans Pelicans,0022500065,2025-11-26T00:00:00,NOP vs. MEM,L,53.0,50,101,0.495,19,45,0.422,9,10,0.9,10,30,40,34,15.0,10,9,8,18,18,128,-5.0,1,9,9,9,1,4,3,8,1,1,7,35,35,1,29,16,23,3,21,10,1,29,10,29,6,13,1
2025-26,1610612740,NOP,New Orleans Pelicans,0022500289,2025-11-24T00:00:00,NOP vs. CHI,W,48.0,53,104,0.51,13,35,0.371,24,35,0.686,19,36,55,28,14.0,13,5,3,21,21,143,13.0,1,1,1,1,5,2,2,5,7,10,13,8,2,31,1,6,3,6,18,3,9,3,18,17,1,3,1
2025-26,1610612740,NOP,New Orleans Pelicans,0022500270,2025-11-22T00:00:00,NOP vs. ATL,L,48.0,35,84,0.417,8,27,0.296,20,24,0.833,13,35,48,21,18.0,5,6,7,17,20,98,-17.0,1,9,9,9,5,30,29,31,25,23,24,21,25,16,15,8,9,26,30,33,7,22,8,20,31,27,1
2025-26,1610612740,NOP,New Orleans Pelicans,0022500052,2025-11-21T00:00:00,NOP @ DAL,L,48.0,42,91,0.462,7,27,0.259,24,31,0.774,9,33,42,25,13.0,15,4,9,20,19,115,-3.0,1,9,9,9,5,19,15,15,29,23,28,8,8,24,30,13,19,17,12,1,12,31,15,23,21,10,1
2025-26,1610612740,NOP,New Orleans Pelicans,0022500260,2025-11-19T00:00:00,NOP vs. DEN,L,48.0,44,98,0.449,7,34,0.206,23,31,0.742,17,27,44,25,12.0,12,5,1,24,26,118,-7.0,1,9,9,9,5,11,4,23,29,11,33,11,8,28,3,26,14,17,6,4,9,2,29,4,14,16,1
2025-26,1610612740,NOP,New Orleans Pelicans,0022500247,2025-11-17T00:00:00,NOP vs. OKC,L,48.0,42,86,0.488,12,28,0.429,13,15,0.867,12,23,35,21,22.0,9,4,6,26,20,109,-17.0,1,9,9,9,5,19,25,9,10,22,5,32,34,8,20,33,32,26,35,17,12,17,33,20,24,27,1
2025-26,1610612740,NOP,New Orleans Pelicans,0022500237,2025-11-16T00:00:00,NOP vs. GSW,L,48.0,38,83,0.458,8,29,0.276,22,29,0.759,15,30,45,22,21.0,11,4,4,16,23,106,-18.0,1,9,9,9,5,27,31,18,25,21,26,16,11,26,8,16,12,24,34,6,12,6,4,9,26,29,1
2025-26,1610612740,NOP,New Orleans Pelicans,0022500045,2025-11-14T00:00:00,NOP vs. LAL,L,48.0,39,89,0.438,12,34,0.353,14,18,0.778,12,30,42,24,20.0,11,3,5,23,17,104,-14.0,1,9,9,9,5,24,21,25,10,11,16,30,30,23,20,16,19,21,32,6,17,12,25,32,28,25,1
2025-26,1610612740,NOP,New Orleans Pelicans,0022500219,2025-11-12T00:00:00,NOP vs. POR,L,48.0,43,91,0.473,13,39,0.333,18,21,0.857,15,20,35,28,10.0,6,2,5,20,22,117,-8.0,1,9,9,9,5,14,15,13,7,3,17,25,27,9,8,35,32,6,3,28,25,12,15,14,17,20,1
2025-26,1610612740,NOP,New Orleans Pelicans,0022500204,2025-11-10T00:00:00,NOP @ PHX,L,48.0,34,83,0.41,10,32,0.313,20,26,0.769,15,25,40,18,20.0,12,3,7,23,18,98,-23.0,1,9,9,9,5,32,31,32,17,16,22,21,20,25,8,30,23,30,32,4,17,22,25,29,31,31,1
2025-26,1610612740,NOP,New Orleans Pelicans,0022500188,2025-11-08T00:00:00,NOP @ SAS,L,48.0,45,94,0.479,15,38,0.395,14,17,0.824,11,29,40,27,12.0,7,2,6,19,20,119,-7.0,1,9,9,9,5,8,12,11,5,4,10,30,31,17,26,21,23,10,6,24,25,17,13,20,12,16,1
2025-26,1610612740,NOP,New Orleans Pelicans,0022500177,2025-11-05T00:00:00,NOP @ DAL,W,48.0,39,91,0.429,10,31,0.323,13,16,0.813,14,42,56,18,16.0,10,3,7,18,15,101,2.0,1,1,1,1,5,24,15,29,17,19,20,32,33,20,11,2,2,30,26,10,17,22,10,34,29,8,1
2025-26,1610612740,NOP,New Orleans Pelicans,0022500168,2025-11-04T00:00:00,NOP vs. CHA,W,48.0,43,90,0.478,17,38,0.447,13,19,0.684,13,26,39,27,13.0,9,3,6,20,23,116,4.0,1,1,1,1,5,14,20,12,3,4,4,32,29,32,15,27,27,10,12,17,17,17,15,9,18,7,1
2025-26,1610612740,NOP,New Orleans Pelicans,0022500148,2025-11-02T00:00:00,NOP @ OKC,L,48.0,35,80,0.438,16,40,0.4,20,32,0.625,12,26,38,26,17.0,6,3,5,22,22,106,-31.0,1,9,9,9,5,30,35,26,4,2,9,21,7,33,20,27,28,14,28,28,17,12,21,14,26,33,1
2025-26,1610612740,NOP,New Orleans Pelicans,0022500027,2025-10-31T00:00:00,NOP @ LAC,L,48.0,40,83,0.482,18,37,0.486,26,29,0.897,12,31,43,28,15.0,8,4,6,18,19,124,-2.0,1,9,9,9,5,23,31,10,2,7,3,4,11,2,20,15,15,6,21,22,12,17,10,23,9,9,1
2025-26,1610612740,NOP,New Orleans Pelicans,0022500134,2025-10-29T00:00:00,NOP @ DEN,L,48.0,32,85,0.376,7,34,0.206,17,29,0.586,13,23,36,17,14.0,9,3,4,15,23,88,-34.0,1,9,9,9,5,33,27,33,29,11,33,27,11,35,15,33,30,32,18,17,17,6,1,9,35,35,1
2025-26,1610612740,NOP,New Orleans Pelicans,0022500117,2025-10-27T00:00:00,NOP vs. BOS,L,48.0,28,84,0.333,9,36,0.25,25,28,0.893,11,24,35,17,14.0,7,0,7,19,24,90,-32.0,1,9,9,9,5,35,29,35,21,8,29,5,15,3,26,32,32,32,18,24,35,22,13,7,34,34,1
2025-26,1610612740,NOP,New Orleans Pelicans,0022500095,2025-10-24T00:00:00,NOP vs. SAS,L,53.0,42,97,0.433,10,32,0.313,22,29,0.759,16,29,45,24,15.0,10,3,13,21,27,116,-4.0,1,9,9,9,1,19,7,28,17,16,22,16,11,26,5,21,12,21,21,10,17,35,18,2,18,12,1
2025-26,1610612740,NOP,New Orleans Pelicans,0022500085,2025-10-22T00:00:00,NOP @ MEM,L,48.0,45,98,0.459,10,27,0.37,22,31,0.71,17,30,47,20,15.0,10,4,12,30,29,122,-6.0,1,9,9,9,5,8,4,16,17,23,14,16,8,30,3,16,10,29,21,10,12,34,35,1,10,15,1
2025-26,1610612752,NYK,New York Knicks,0022500479,2026-01-02T00:00:00,NYK vs. ATL,L,48.0,36,97,0.371,9,43,0.209,18,21,0.857,14,38,52,27,15.0,8,6,2,17,21,99,-12.0,1,24,24,24,1,33,6,34,31,11,34,15,20,10,13,2,6,18,24,18,7,6,5,14,34,32,1
2025-26,1610612752,NYK,New York Knicks,0022500467,2025-12-31T00:00:00,NYK @ SAS,L,48.0,46,96,0.479,22,52,0.423,18,20,0.9,10,30,40,32,10.0,7,2,3,30,17,132,-2.0,1,24,24,24,1,9,7,14,1,4,11,15,23,3,23,27,29,3,6,24,27,9,34,25,6,24,1
2025-26,1610612752,NYK,New York Knicks,0022500454,2025-12-29T00:00:00,NYK @ NOP,W,48.0,46,95,0.484,20,44,0.455,18,19,0.947,10,32,42,35,9.0,8,4,8,19,15,130,5.0,1,1,1,1,1,9,9,12,6,8,8,15,27,2,23,19,26,1,3,18,13,30,9,29,9,19,1
2025-26,1610612752,NYK,New York Knicks,0022500435,2025-12-27T00:00:00,NYK @ ATL,W,48.0,43,95,0.453,15,43,0.349,27,32,0.844,19,36,55,27,14.0,9,4,3,25,20,128,3.0,1,1,1,1,1,16,9,22,17,11,24,3,4,16,6,7,3,18,18,7,13,9,28,18,11,20,1
2025-26,1610612752,NYK,New York Knicks,0022500009,2025-12-25T00:00:00,NYK vs. CLE,W,48.0,44,94,0.468,21,44,0.477,17,22,0.773,12,31,43,28,13.0,9,4,0,17,22,126,2.0,1,1,1,1,1,13,12,16,3,8,4,21,18,24,19,23,24,12,13,7,13,1,5,11,13,21,1
2025-26,1610612752,NYK,New York Knicks,0022500416,2025-12-23T00:00:00,NYK @ MIN,L,48.0,41,99,0.414,11,30,0.367,11,15,0.733,18,37,55,20,19.0,8,2,9,21,15,104,-11.0,1,24,24,24,1,24,3,31,28,32,18,31,32,30,7,3,3,32,33,18,27,34,13,29,33,31,1
2025-26,1610612752,NYK,New York Knicks,0022500398,2025-12-21T00:00:00,NYK vs. MIA,W,48.0,47,85,0.553,20,38,0.526,18,21,0.857,4,32,36,28,13.0,7,3,1,25,14,132,7.0,1,1,1,1,1,7,29,4,6,21,1,15,20,10,34,19,32,12,13,24,21,2,28,32,6,17,1
2025-26,1610612752,NYK,New York Knicks,0022500382,2025-12-19T00:00:00,NYK vs. PHI,L,48.0,39,88,0.443,8,32,0.25,21,25,0.84,21,36,57,26,18.0,3,3,8,21,24,107,-9.0,1,24,24,24,1,26,22,25,33,31,32,11,12,17,2,7,2,23,31,33,21,30,13,7,28,28,1
2025-26,1610612752,NYK,New York Knicks,0022500372,2025-12-18T00:00:00,NYK @ IND,W,48.0,43,92,0.467,17,43,0.395,11,19,0.579,14,32,46,31,16.0,10,5,6,19,20,114,1.0,1,1,1,1,1,16,16,18,12,11,16,31,27,33,13,19,17,7,27,4,10,25,9,18,23,23,1
2025-26,1610612752,NYK,New York Knicks,0022501229,2025-12-13T00:00:00,NYK @ ORL,W,48.0,51,84,0.607,7,20,0.35,23,31,0.742,8,33,41,28,12.0,9,7,3,23,24,132,12.0,1,1,1,1,1,2,31,1,34,34,22,4,5,28,32,15,27,12,9,7,3,9,24,7,6,11,1
2025-26,1610612752,NYK,New York Knicks,0022501202,2025-12-09T00:00:00,NYK @ TOR,W,48.0,42,80,0.525,16,35,0.457,17,28,0.607,14,34,48,19,14.0,9,7,4,19,22,117,16.0,1,1,1,1,1,22,33,8,15,27,7,21,7,32,13,12,13,34,18,7,3,16,9,11,20,7,1
2025-26,1610612752,NYK,New York Knicks,0022500357,2025-12-07T00:00:00,NYK vs. ORL,W,48.0,39,91,0.429,11,35,0.314,17,20,0.85,15,37,52,24,11.0,8,7,4,21,16,106,6.0,1,1,1,1,1,26,18,29,28,27,28,21,23,13,11,3,6,26,7,18,3,16,13,26,31,18,1
2025-26,1610612752,NYK,New York Knicks,0022500343,2025-12-05T00:00:00,NYK vs. UTA,W,48.0,51,91,0.56,21,42,0.5,23,26,0.885,10,36,46,30,13.0,9,2,1,22,18,146,34.0,1,1,1,1,1,2,18,3,3,14,3,4,10,6,23,7,17,10,13,7,27,2,21,23,1,2,1
2025-26,1610612752,NYK,New York Knicks,0022500328,2025-12-03T00:00:00,NYK vs. CHA,W,48.0,42,88,0.477,12,38,0.316,23,27,0.852,13,31,44,28,9.0,9,6,7,19,18,119,15.0,1,1,1,1,1,22,22,15,25,21,27,4,9,12,18,23,21,12,3,7,7,28,9,23,16,8,1
2025-26,1610612752,NYK,New York Knicks,0022500320,2025-12-02T00:00:00,NYK @ BOS,L,48.0,43,85,0.506,19,44,0.432,12,17,0.706,10,23,33,29,12.0,5,2,3,15,20,117,-6.0,1,24,24,24,1,16,29,10,9,8,10,29,30,31,23,34,34,11,9,31,27,9,2,18,20,26,1
2025-26,1610612752,NYK,New York Knicks,0022500303,2025-11-30T00:00:00,NYK vs. TOR,W,48.0,44,96,0.458,16,45,0.356,12,16,0.75,25,36,61,27,18.0,9,3,6,15,15,116,22.0,1,1,1,1,1,13,7,20,15,5,20,29,31,26,1,7,1,18,31,7,21,25,2,29,22,5,1
2025-26,1610612752,NYK,New York Knicks,0022500074,2025-11-28T00:00:00,NYK vs. MIL,W,48.0,38,84,0.452,14,34,0.412,28,33,0.848,14,30,44,25,13.0,10,2,4,21,26,118,9.0,1,1,1,1,1,30,31,24,20,30,12,2,3,15,13,27,21,25,13,4,27,16,13,1,19,14,1
2025-26,1610612752,NYK,New York Knicks,0022500061,2025-11-26T00:00:00,NYK @ CHA,W,48.0,50,88,0.568,13,25,0.52,16,18,0.889,8,33,41,26,15.0,12,4,3,22,16,129,28.0,1,1,1,1,1,4,22,2,22,33,2,26,29,4,32,15,27,23,24,1,13,9,21,26,10,3,1
2025-26,1610612752,NYK,New York Knicks,0022500285,2025-11-24T00:00:00,NYK @ BKN,W,48.0,45,88,0.511,12,35,0.343,11,14,0.786,9,34,43,28,8.0,6,6,1,21,14,113,13.0,1,1,1,1,1,11,22,9,25,27,25,31,33,21,29,12,24,12,1,30,7,2,13,32,24,9,1
2025-26,1610612752,NYK,New York Knicks,0022500269,2025-11-22T00:00:00,NYK @ ORL,L,48.0,43,79,0.544,13,37,0.351,22,28,0.786,9,27,36,28,17.0,5,4,2,28,26,121,-12.0,1,24,24,24,1,16,34,5,22,23,21,8,7,21,29,31,32,12,29,31,13,6,33,1,15,32,1
2025-26,1610612752,NYK,New York Knicks,0022500262,2025-11-19T00:00:00,NYK @ DAL,W,48.0,41,93,0.441,12,42,0.286,19,35,0.543,16,33,49,27,9.0,8,10,5,22,26,113,2.0,1,1,1,1,1,24,15,27,25,14,30,14,2,34,9,15,11,18,3,18,1,21,21,1,24,21,1
2025-26,1610612752,NYK,New York Knicks,0022500244,2025-11-17T00:00:00,NYK @ MIA,L,48.0,43,94,0.457,9,36,0.25,18,24,0.75,11,37,48,23,17.0,7,7,5,18,21,113,-2.0,1,24,24,24,1,16,12,21,31,25,32,15,14,26,22,3,13,28,29,24,3,21,8,14,24,24,1
2025-26,1610612752,NYK,New York Knicks,0022500039,2025-11-14T00:00:00,NYK vs. MIA,W,48.0,48,104,0.462,21,53,0.396,23,29,0.793,20,31,51,32,8.0,9,2,5,23,23,140,8.0,1,1,1,1,1,5,1,19,3,3,15,4,6,20,5,23,9,3,1,7,27,21,24,9,2,15,1
2025-26,1610612752,NYK,New York Knicks,0022500215,2025-11-12T00:00:00,NYK vs. ORL,L,48.0,39,88,0.443,11,36,0.306,18,23,0.783,10,27,37,20,14.0,10,3,4,25,23,107,-17.0,1,24,24,24,1,26,22,25,28,25,29,15,15,23,23,31,31,32,18,4,21,16,28,9,28,34,1
2025-26,1610612752,NYK,New York Knicks,0022500208,2025-11-11T00:00:00,NYK vs. MEM,W,48.0,47,98,0.48,22,55,0.4,17,20,0.85,10,34,44,35,15.0,12,2,3,21,20,133,13.0,1,1,1,1,1,7,4,13,1,1,13,21,23,13,23,12,21,1,24,1,27,9,13,18,5,9,1
2025-26,1610612752,NYK,New York Knicks,0022500192,2025-11-09T00:00:00,NYK vs. BKN,W,48.0,48,89,0.539,17,37,0.459,21,26,0.808,15,31,46,31,14.0,9,3,8,25,25,134,36.0,1,1,1,1,1,5,21,6,12,23,6,11,10,18,11,23,17,7,18,7,21,30,28,4,4,1,1
2025-26,1610612752,NYK,New York Knicks,0022500175,2025-11-05T00:00:00,NYK vs. MIN,W,48.0,55,102,0.539,19,42,0.452,8,9,0.889,21,29,50,32,14.0,7,8,2,21,14,137,23.0,1,1,1,1,1,1,2,7,9,14,9,34,34,4,2,29,10,3,18,24,2,6,13,32,3,4,1
2025-26,1610612752,NYK,New York Knicks,0022500159,2025-11-03T00:00:00,NYK vs. WAS,W,48.0,44,94,0.468,15,41,0.366,16,20,0.8,12,37,49,32,12.0,12,4,5,16,21,119,17.0,1,1,1,1,1,13,12,16,17,18,19,26,23,19,19,3,11,3,9,1,13,21,4,14,16,6,1
2025-26,1610612752,NYK,New York Knicks,0022500153,2025-11-02T00:00:00,NYK vs. CHI,W,48.0,43,95,0.453,20,42,0.476,22,22,1.0,14,33,47,31,11.0,7,5,3,12,20,128,12.0,1,1,1,1,1,16,9,22,6,14,5,8,18,1,13,15,16,7,7,24,10,9,1,18,11,11,1
2025-26,1610612752,NYK,New York Knicks,0022500023,2025-10-31T00:00:00,NYK @ CHI,L,48.0,45,91,0.495,18,45,0.4,17,23,0.739,12,27,39,27,12.0,3,5,6,25,22,125,-10.0,1,24,24,24,1,11,18,11,11,5,13,21,15,29,19,31,30,18,9,33,10,25,28,11,14,29,1
2025-26,1610612752,NYK,New York Knicks,0022500125,2025-10-28T00:00:00,NYK @ MIL,L,48.0,39,92,0.424,13,40,0.325,20,23,0.87,17,28,45,24,13.0,9,2,8,21,21,111,-10.0,1,24,24,24,1,26,16,30,22,19,26,13,15,8,8,30,20,26,13,7,27,30,13,14,27,29,1
2025-26,1610612752,NYK,New York Knicks,0022500108,2025-10-26T00:00:00,NYK @ MIA,L,48.0,38,98,0.388,15,54,0.278,16,21,0.762,16,36,52,23,16.0,9,3,1,24,16,107,-8.0,1,24,24,24,1,30,4,32,17,2,31,26,20,25,9,7,6,28,27,7,21,2,27,26,28,27,1
2025-26,1610612752,NYK,New York Knicks,0022500018,2025-10-24T00:00:00,NYK vs. BOS,W,48.0,33,86,0.384,17,45,0.378,22,25,0.88,21,32,53,23,20.0,7,4,7,17,25,105,10.0,1,1,1,1,1,34,27,33,12,5,17,8,12,7,2,19,5,28,34,24,13,28,5,4,32,13,1
2025-26,1610612752,NYK,New York Knicks,0022500003,2025-10-22T00:00:00,NYK vs. CLE,W,48.0,37,86,0.43,14,40,0.35,31,36,0.861,9,39,48,22,14.0,8,4,4,23,25,119,8.0,1,1,1,1,1,32,27,28,20,19,22,1,1,9,29,1,13,31,18,18,13,16,24,4,16,15,1
2025-26,1610612760,OKC,Oklahoma City Thunder,0022500470,2025-12-31T00:00:00,OKC vs. POR,W,48.0,44,90,0.489,16,49,0.327,20,26,0.769,5,36,41,29,15.0,15,10,3,18,21,124,29.0,1,1,1,1,3,17,15,18,7,2,22,18,12,28,30,15,23,8,25,3,1,6,9,19,15,6,1
2025-26,1610612760,OKC,Oklahoma City Thunder,0022500455,2025-12-29T00:00:00,OKC vs. ATL,W,48.0,53,98,0.541,12,32,0.375,22,23,0.957,10,39,49,27,14.0,9,7,4,18,20,140,11.0,1,1,1,1,3,1,3,9,20,25,17,13,20,1,11,6,10,15,18,18,9,14,9,20,3,22,1
2025-26,1610612760,OKC,Oklahoma City Thunder,0022500442,2025-12-28T00:00:00,OKC vs. PHI,W,48.0,50,87,0.575,10,28,0.357,19,25,0.76,9,26,35,27,14.0,12,6,5,18,22,129,25.0,1,1,1,1,3,5,23,5,27,32,20,20,15,29,14,32,33,15,18,10,11,22,9,14,9,9,1
2025-26,1610612760,OKC,Oklahoma City Thunder,0022500010,2025-12-25T00:00:00,OKC vs. SAS,L,48.0,37,95,0.389,11,44,0.25,17,25,0.68,16,32,48,23,7.0,7,6,4,18,16,102,-15.0,1,30,30,30,3,33,5,33,24,5,30,23,15,33,1,26,13,24,4,28,11,14,9,28,33,33,1
2025-26,1610612760,OKC,Oklahoma City Thunder,0022500417,2025-12-23T00:00:00,OKC @ SAS,L,48.0,46,85,0.541,12,30,0.4,6,7,0.857,9,27,36,23,15.0,5,1,3,17,13,110,-20.0,1,30,30,30,3,10,27,8,20,28,12,34,34,14,14,30,32,24,25,32,34,6,7,32,28,34,1
2025-26,1610612760,OKC,Oklahoma City Thunder,0022500406,2025-12-22T00:00:00,OKC vs. MEM,W,48.0,46,94,0.489,15,39,0.385,12,14,0.857,9,37,46,20,13.0,14,4,5,18,14,119,16.0,1,1,1,1,3,10,8,17,10,11,15,28,29,14,14,8,15,29,14,5,20,22,9,31,22,17,1
2025-26,1610612760,OKC,Oklahoma City Thunder,0022500385,2025-12-19T00:00:00,OKC @ MIN,L,48.0,34,92,0.37,11,39,0.282,28,30,0.933,13,39,52,16,12.0,7,10,6,30,24,107,-5.0,1,30,30,30,3,34,10,34,24,11,27,3,6,2,5,6,3,34,11,28,1,29,33,9,31,32,1
2025-26,1610612760,OKC,Oklahoma City Thunder,0022500369,2025-12-18T00:00:00,OKC vs. LAC,W,48.0,48,101,0.475,13,36,0.361,13,16,0.813,9,29,38,28,9.0,18,4,7,19,17,122,21.0,1,1,1,1,3,7,2,21,17,20,19,27,28,23,14,29,28,12,5,1,20,34,14,25,19,11,1
2025-26,1610612760,OKC,Oklahoma City Thunder,0022501230,2025-12-13T00:00:00,OKC @ SAS,L,48.0,38,92,0.413,9,37,0.243,24,27,0.889,14,37,51,20,15.0,13,4,6,25,23,109,-2.0,1,30,30,30,3,30,10,32,32,17,32,8,11,10,3,8,5,29,25,8,20,29,28,12,29,30,1
2025-26,1610612760,OKC,Oklahoma City Thunder,0022501203,2025-12-10T00:00:00,OKC vs. PHX,W,48.0,52,88,0.591,22,40,0.55,12,13,0.923,6,37,43,32,15.0,14,7,2,14,13,138,49.0,1,1,1,1,3,2,19,2,2,10,2,28,30,4,28,8,19,4,25,5,9,3,2,32,4,1,1
2025-26,1610612760,OKC,Oklahoma City Thunder,0022500363,2025-12-07T00:00:00,OKC @ UTA,W,48.0,51,88,0.58,21,42,0.5,8,18,0.444,8,36,44,32,14.0,9,3,3,20,17,131,30.0,1,1,1,1,3,3,19,4,3,8,3,32,27,34,22,15,17,4,18,18,27,6,18,25,8,5,1
2025-26,1610612760,OKC,Oklahoma City Thunder,0022500349,2025-12-05T00:00:00,OKC vs. DAL,W,48.0,47,84,0.56,12,30,0.4,26,28,0.929,7,36,43,30,6.0,5,3,3,21,17,132,21.0,1,1,1,1,3,8,29,6,20,28,12,5,7,3,27,15,19,6,1,32,27,6,20,25,6,11,1
2025-26,1610612760,OKC,Oklahoma City Thunder,0022500323,2025-12-02T00:00:00,OKC @ GSW,W,48.0,46,79,0.582,15,32,0.469,17,23,0.739,4,37,41,24,15.0,8,5,2,13,22,124,12.0,1,1,1,1,3,10,34,3,10,25,6,23,20,31,32,8,23,22,25,26,16,3,1,14,15,21,1
2025-26,1610612760,OKC,Oklahoma City Thunder,0022500305,2025-11-30T00:00:00,OKC @ POR,W,48.0,44,90,0.489,10,29,0.345,25,32,0.781,8,41,49,27,12.0,7,9,5,29,22,123,8.0,1,1,1,1,3,17,15,18,27,31,21,7,3,27,22,5,10,15,11,28,5,22,32,14,17,23,1
2025-26,1610612760,OKC,Oklahoma City Thunder,0022500075,2025-11-28T00:00:00,OKC vs. PHX,W,48.0,42,87,0.483,15,32,0.469,24,28,0.857,3,34,37,27,10.0,9,3,4,22,24,123,4.0,1,1,1,1,3,24,23,20,10,25,6,8,7,14,33,21,31,15,7,18,27,14,23,9,17,28,1
2025-26,1610612760,OKC,Oklahoma City Thunder,0022500064,2025-11-26T00:00:00,OKC vs. MIN,W,48.0,38,80,0.475,7,26,0.269,30,38,0.789,5,34,39,19,9.0,8,3,5,25,25,113,8.0,1,1,1,1,3,30,33,22,33,33,28,2,2,26,30,21,27,31,5,26,27,22,28,6,26,23,1
2025-26,1610612760,OKC,Oklahoma City Thunder,0022500280,2025-11-23T00:00:00,OKC vs. POR,W,48.0,45,85,0.529,15,36,0.417,17,23,0.739,12,37,49,33,14.0,9,8,4,23,19,122,27.0,1,1,1,1,3,14,27,11,10,20,9,23,20,31,9,8,10,2,18,18,6,14,25,23,19,8,1
2025-26,1610612760,OKC,Oklahoma City Thunder,0022500055,2025-11-21T00:00:00,OKC @ UTA,W,48.0,51,83,0.614,23,37,0.622,19,25,0.76,3,23,26,36,14.0,15,4,3,16,25,144,32.0,1,1,1,1,3,3,31,1,1,17,1,20,15,29,33,34,34,1,18,3,20,6,5,6,1,2,1
2025-26,1610612760,OKC,Oklahoma City Thunder,0022500261,2025-11-19T00:00:00,OKC vs. SAC,W,48.0,41,88,0.466,10,38,0.263,21,23,0.913,9,36,45,22,16.0,9,10,0,21,22,113,14.0,1,1,1,1,3,28,19,24,27,14,29,15,20,5,14,15,16,26,32,18,1,1,20,14,26,18,1
2025-26,1610612760,OKC,Oklahoma City Thunder,0022500247,2025-11-17T00:00:00,OKC @ NOP,W,48.0,43,87,0.494,17,42,0.405,23,28,0.821,13,25,38,30,18.0,12,6,4,20,26,126,17.0,1,1,1,1,3,21,23,16,6,8,11,10,7,20,5,33,28,6,33,10,11,14,18,3,11,15,1
2025-26,1610612760,OKC,Oklahoma City Thunder,0022500229,2025-11-15T00:00:00,OKC @ CHA,W,48.0,45,89,0.506,11,23,0.478,8,10,0.8,13,37,50,26,14.0,9,6,5,15,10,109,13.0,1,1,1,1,3,14,18,14,24,34,4,32,32,24,5,8,7,20,18,18,11,22,3,34,29,20,1
2025-26,1610612760,OKC,Oklahoma City Thunder,0022500222,2025-11-12T00:00:00,OKC vs. LAL,W,48.0,44,88,0.5,12,39,0.308,21,23,0.913,6,36,42,28,11.0,14,4,0,19,19,121,29.0,1,1,1,1,3,17,19,15,20,11,25,15,20,5,28,15,21,12,8,5,20,1,14,23,21,6,1
2025-26,1610612760,OKC,Oklahoma City Thunder,0022500210,2025-11-11T00:00:00,OKC vs. GSW,W,48.0,42,83,0.506,16,36,0.444,26,31,0.839,10,30,40,29,20.0,12,4,4,21,28,126,24.0,1,1,1,1,3,24,31,13,7,20,8,5,4,19,11,28,25,8,34,10,20,14,20,2,11,10,1
2025-26,1610612760,OKC,Oklahoma City Thunder,0022500194,2025-11-09T00:00:00,OKC @ MEM,W,48.0,41,95,0.432,10,43,0.233,22,26,0.846,9,42,51,19,6.0,10,3,6,17,25,114,14.0,1,1,1,1,3,28,5,30,27,7,33,13,12,17,14,4,5,31,1,17,27,29,7,6,25,18,1
2025-26,1610612760,OKC,Oklahoma City Thunder,0022500038,2025-11-07T00:00:00,OKC @ SAC,W,48.0,49,91,0.538,13,35,0.371,21,24,0.875,8,44,52,27,11.0,9,8,3,16,20,132,31.0,1,1,1,1,3,6,13,10,17,23,18,15,19,13,22,3,3,15,8,18,6,6,5,20,6,3,1
2025-26,1610612760,OKC,Oklahoma City Thunder,0022500180,2025-11-05T00:00:00,OKC @ POR,L,48.0,38,91,0.418,15,38,0.395,28,31,0.903,13,37,50,24,15.0,9,5,6,27,24,119,-2.0,1,30,30,30,3,30,13,31,10,14,14,3,4,7,5,8,7,22,25,18,16,29,30,9,22,30,1
2025-26,1610612760,OKC,Oklahoma City Thunder,0022500170,2025-11-04T00:00:00,OKC @ LAC,W,48.0,45,86,0.523,18,38,0.474,18,22,0.818,8,32,40,28,11.0,12,6,2,23,20,126,19.0,1,1,1,1,3,14,26,12,5,14,5,22,25,22,22,26,25,12,8,10,11,3,25,20,11,13,1
2025-26,1610612760,OKC,Oklahoma City Thunder,0022500148,2025-11-02T00:00:00,OKC vs. NOP,W,48.0,47,84,0.56,20,48,0.417,23,26,0.885,8,34,42,33,13.0,12,5,3,22,22,137,31.0,1,1,1,1,3,8,29,6,4,4,9,10,12,11,22,21,21,2,14,10,16,6,23,14,5,3,1
2025-26,1610612760,OKC,Oklahoma City Thunder,0022500140,2025-10-30T00:00:00,OKC vs. WAS,W,48.0,44,98,0.449,16,49,0.327,23,28,0.821,14,33,47,29,6.0,16,8,6,15,26,127,19.0,1,1,1,1,3,17,3,28,7,2,22,10,7,20,3,25,14,8,1,2,6,29,3,3,10,13,1
2025-26,1610612760,OKC,Oklahoma City Thunder,0022500126,2025-10-28T00:00:00,OKC vs. SAC,W,48.0,42,92,0.457,14,44,0.318,9,10,0.9,10,34,44,26,15.0,11,10,3,19,16,107,6.0,1,1,1,1,3,24,10,26,15,5,24,31,32,8,11,21,17,20,25,16,1,6,14,28,31,26,1
2025-26,1610612760,OKC,Oklahoma City Thunder,0022500119,2025-10-27T00:00:00,OKC @ DAL,W,48.0,42,90,0.467,6,30,0.2,11,13,0.846,9,46,55,21,13.0,5,5,4,23,15,101,7.0,1,1,1,1,3,24,15,23,34,28,34,30,30,17,14,2,2,27,14,32,16,14,25,30,34,25,1
2025-26,1610612760,OKC,Oklahoma City Thunder,0022500101,2025-10-25T00:00:00,OKC @ ATL,W,48.0,43,93,0.462,14,37,0.378,17,19,0.895,15,35,50,21,13.0,13,3,5,19,23,117,17.0,1,1,1,1,3,21,9,25,15,17,16,23,26,9,2,20,7,27,14,8,27,22,14,12,24,15,1
2025-26,1610612760,OKC,Oklahoma City Thunder,0022500005,2025-10-23T00:00:00,OKC @ IND,W,58.0,43,95,0.453,10,35,0.286,45,51,0.882,9,51,60,17,14.0,6,2,4,33,37,141,6.0,1,1,1,1,1,21,5,27,27,23,26,1,1,12,14,1,1,33,18,31,33,14,34,1,2,26,1
2025-26,1610612760,OKC,Oklahoma City Thunder,0022500001,2025-10-21T00:00:00,OKC vs. HOU,W,58.0,46,104,0.442,13,52,0.25,20,25,0.8,11,27,38,29,12.0,12,4,5,27,26,125,1.0,1,1,1,1,1,10,1,29,17,1,30,18,15,24,10,30,28,8,11,10,20,22,30,3,14,29,1
2025-26,1610612753,ORL,Orlando Magic,0022500464,2025-12-31T00:00:00,ORL @ IND,W,48.0,43,90,0.478,3,21,0.143,23,28,0.821,8,41,49,28,19.0,9,4,3,23,24,112,2.0,1,1,1,1,3,14,15,14,33,34,33,17,18,16,30,2,7,11,30,12,20,4,20,11,21,16,1
2025-26,1610612753,ORL,Orlando Magic,0022500451,2025-12-29T00:00:00,ORL @ TOR,L,48.0,37,91,0.407,9,32,0.281,23,27,0.852,15,37,52,25,8.0,4,5,7,24,22,106,-1.0,1,20,20,20,3,25,12,31,23,20,26,17,20,12,5,10,3,21,2,31,14,24,23,19,28,20,1
2025-26,1610612753,ORL,Orlando Magic,0022500433,2025-12-27T00:00:00,ORL vs. DEN,W,48.0,46,89,0.517,10,29,0.345,25,37,0.676,9,26,35,32,6.0,8,0,3,25,23,127,1.0,1,1,1,1,3,6,17,5,22,28,14,13,3,32,27,30,34,3,1,16,34,4,26,14,6,17,1
2025-26,1610612753,ORL,Orlando Magic,0022500424,2025-12-26T00:00:00,ORL vs. CHA,L,48.0,37,93,0.398,11,35,0.314,20,23,0.87,16,26,42,22,9.0,7,7,6,25,19,105,-15.0,1,20,20,20,3,25,9,32,18,10,21,23,28,7,3,30,25,26,5,22,5,18,26,29,30,31,1
2025-26,1610612753,ORL,Orlando Magic,0022500420,2025-12-23T00:00:00,ORL @ POR,W,48.0,37,85,0.435,15,33,0.455,21,23,0.913,10,28,38,26,15.0,10,5,7,21,22,110,4.0,1,1,1,1,3,25,25,25,5,15,4,21,28,3,24,27,30,18,20,8,14,24,16,19,25,12,1
2025-26,1610612753,ORL,Orlando Magic,0022500407,2025-12-22T00:00:00,ORL @ GSW,L,48.0,36,87,0.414,7,27,0.259,18,26,0.692,16,32,48,21,18.0,8,5,6,21,20,97,-23.0,1,20,20,20,3,29,19,28,30,30,29,26,21,27,3,18,9,28,28,16,14,18,16,25,34,34,1
2025-26,1610612753,ORL,Orlando Magic,0022500393,2025-12-20T00:00:00,ORL @ UTA,W,53.0,47,96,0.49,11,37,0.297,23,33,0.697,14,38,52,32,13.0,6,9,2,29,29,128,1.0,1,1,1,1,1,2,6,11,18,6,23,17,8,26,9,7,3,3,12,25,3,1,33,1,5,17,1
2025-26,1610612753,ORL,Orlando Magic,0022500377,2025-12-18T00:00:00,ORL @ DEN,L,48.0,43,91,0.473,11,33,0.333,18,26,0.692,12,32,44,30,10.0,9,6,3,17,18,115,-11.0,1,20,20,20,3,14,12,16,18,15,15,26,21,27,14,18,18,7,6,12,12,4,5,31,18,27,1
2025-26,1610612753,ORL,Orlando Magic,0022501229,2025-12-13T00:00:00,ORL @ NYK,L,48.0,45,97,0.464,13,42,0.31,17,25,0.68,12,29,41,28,14.0,9,3,7,24,23,120,-12.0,1,20,20,20,3,7,4,19,8,1,22,30,23,31,14,25,28,11,16,12,27,24,23,14,15,28,1
2025-26,1610612753,ORL,Orlando Magic,0022501201,2025-12-09T00:00:00,ORL vs. MIA,W,48.0,44,87,0.506,15,32,0.469,14,16,0.875,7,40,47,30,17.0,5,6,6,19,16,117,9.0,1,1,1,1,3,13,19,9,5,20,3,33,34,5,32,3,12,7,24,27,12,18,9,34,16,8,1
2025-26,1610612753,ORL,Orlando Magic,0022500357,2025-12-07T00:00:00,ORL @ NYK,L,48.0,36,94,0.383,12,42,0.286,16,24,0.667,17,31,48,23,12.0,7,4,7,16,21,100,-6.0,1,20,20,20,3,29,7,34,11,1,25,32,24,33,2,21,9,24,10,22,20,24,1,22,32,25,1
2025-26,1610612753,ORL,Orlando Magic,0022500339,2025-12-05T00:00:00,ORL vs. MIA,W,48.0,38,92,0.413,12,34,0.353,18,24,0.75,7,35,42,24,10.0,5,3,8,19,18,106,1.0,1,1,1,1,3,22,10,29,11,11,13,26,24,22,32,13,25,23,6,27,27,28,9,31,28,17,1
2025-26,1610612753,ORL,Orlando Magic,0022500326,2025-12-03T00:00:00,ORL vs. SAS,L,48.0,45,99,0.455,9,27,0.333,13,19,0.684,10,38,48,27,10.0,11,3,5,19,20,112,-2.0,1,20,20,20,3,7,3,22,23,30,15,34,33,29,24,7,9,16,6,6,27,16,9,25,21,21,1
2025-26,1610612753,ORL,Orlando Magic,0022500314,2025-12-01T00:00:00,ORL vs. CHI,W,48.0,45,88,0.511,9,33,0.273,26,33,0.788,12,34,46,25,18.0,12,11,4,16,23,125,5.0,1,1,1,1,3,7,18,6,23,15,27,10,8,20,14,14,14,21,28,4,1,10,1,14,7,11,1
2025-26,1610612753,ORL,Orlando Magic,0022500072,2025-11-28T00:00:00,ORL @ DET,W,48.0,40,97,0.412,5,30,0.167,27,32,0.844,14,30,44,14,14.0,15,7,8,25,27,112,3.0,1,1,1,1,3,20,4,30,32,25,32,7,13,14,9,22,18,33,16,1,5,28,26,5,21,14,1
2025-26,1610612753,ORL,Orlando Magic,0022500058,2025-11-25T00:00:00,ORL @ PHI,W,48.0,54,101,0.535,13,34,0.382,23,28,0.821,15,32,47,38,12.0,10,4,4,20,20,144,41.0,1,1,1,1,3,1,1,3,8,11,11,17,18,16,5,18,12,1,10,8,20,10,13,25,1,1,1
2025-26,1610612753,ORL,Orlando Magic,0022500277,2025-11-23T00:00:00,ORL @ BOS,L,48.0,47,100,0.47,16,38,0.421,19,24,0.792,18,26,44,33,8.0,3,4,8,17,21,129,-9.0,1,20,20,20,3,2,2,17,3,4,5,24,24,19,1,30,18,2,2,33,20,28,5,22,3,26,1
2025-26,1610612753,ORL,Orlando Magic,0022500269,2025-11-22T00:00:00,ORL vs. NYK,W,48.0,47,85,0.553,13,33,0.394,26,30,0.867,11,25,36,28,14.0,5,2,4,26,28,133,12.0,1,1,1,1,3,2,25,1,8,15,8,10,16,8,21,33,33,11,16,27,32,10,30,2,2,7,1
2025-26,1610612753,ORL,Orlando Magic,0022500264,2025-11-20T00:00:00,ORL vs. LAC,W,48.0,45,94,0.479,18,34,0.529,21,24,0.875,12,39,51,32,11.0,12,4,6,17,20,129,28.0,1,1,1,1,3,7,7,13,1,11,1,21,24,5,14,4,5,3,9,4,20,18,5,25,3,3,1
2025-26,1610612753,ORL,Orlando Magic,0022500249,2025-11-18T00:00:00,ORL vs. GSW,W,48.0,43,85,0.506,8,32,0.25,27,29,0.931,10,33,43,28,14.0,14,3,3,20,18,121,8.0,1,1,1,1,3,14,25,8,27,20,30,7,17,2,24,15,22,11,16,2,27,4,13,31,14,9,1
2025-26,1610612753,ORL,Orlando Magic,0022500236,2025-11-16T00:00:00,ORL @ HOU,L,53.0,38,91,0.418,12,37,0.324,25,34,0.735,9,29,38,21,8.0,11,9,4,22,23,113,-4.0,1,20,20,20,1,22,12,27,11,6,18,13,6,24,27,25,30,28,2,6,3,10,18,14,20,22,1
2025-26,1610612753,ORL,Orlando Magic,0022500040,2025-11-14T00:00:00,ORL vs. BKN,W,48.0,36,78,0.462,15,39,0.385,18,21,0.857,7,39,46,21,19.0,3,5,4,16,19,105,7.0,1,1,1,1,3,29,32,20,5,3,10,26,32,10,32,4,14,28,30,33,14,10,1,29,30,10,1
2025-26,1610612753,ORL,Orlando Magic,0022500215,2025-11-12T00:00:00,ORL @ NYK,W,48.0,42,86,0.488,12,33,0.364,28,33,0.848,12,37,49,29,15.0,10,4,3,23,25,124,17.0,1,1,1,1,3,17,24,12,11,15,12,5,8,13,14,10,7,9,20,8,20,4,20,10,10,4,1
2025-26,1610612753,ORL,Orlando Magic,0022500200,2025-11-10T00:00:00,ORL vs. POR,W,48.0,39,87,0.448,8,30,0.267,29,34,0.853,11,39,50,26,13.0,6,7,3,23,24,115,3.0,1,1,1,1,3,21,19,24,27,25,28,2,6,11,21,4,6,18,12,25,5,4,20,11,18,14,1
2025-26,1610612753,ORL,Orlando Magic,0022500193,2025-11-09T00:00:00,ORL vs. BOS,L,48.0,35,78,0.449,7,29,0.241,30,32,0.938,12,30,42,21,17.0,8,4,2,24,27,107,-4.0,1,20,20,20,3,33,32,23,30,28,31,1,13,1,14,22,25,28,24,16,20,1,23,5,26,22,1
2025-26,1610612753,ORL,Orlando Magic,0022500028,2025-11-07T00:00:00,ORL vs. BOS,W,48.0,41,82,0.5,17,36,0.472,24,31,0.774,11,33,44,28,15.0,8,7,8,18,27,123,13.0,1,1,1,1,3,19,30,10,2,8,2,15,15,21,21,15,18,11,20,16,5,28,8,5,12,6,1
2025-26,1610612753,ORL,Orlando Magic,0022500166,2025-11-04T00:00:00,ORL @ ATL,L,48.0,36,83,0.434,11,34,0.324,29,33,0.879,14,27,41,26,19.0,9,1,6,30,24,112,-15.0,1,20,20,20,3,29,28,26,18,11,19,2,8,4,9,29,28,18,30,12,33,18,34,11,21,31,1
2025-26,1610612753,ORL,Orlando Magic,0022500145,2025-11-01T00:00:00,ORL @ WAS,W,48.0,47,92,0.511,12,36,0.333,19,22,0.864,8,45,53,32,17.0,13,10,9,16,23,125,31.0,1,1,1,1,3,2,10,7,11,8,15,24,31,9,30,1,1,3,24,3,2,33,1,14,7,2,1
2025-26,1610612753,ORL,Orlando Magic,0022500138,2025-10-30T00:00:00,ORL @ CHA,W,48.0,45,87,0.517,16,38,0.421,17,23,0.739,14,24,38,29,13.0,10,7,6,19,22,123,16.0,1,1,1,1,3,7,19,4,3,4,5,30,28,23,9,34,30,9,12,8,5,18,9,19,12,5,1
2025-26,1610612753,ORL,Orlando Magic,0022500129,2025-10-29T00:00:00,ORL @ DET,L,48.0,38,83,0.458,12,31,0.387,28,40,0.7,15,28,43,22,17.0,5,5,8,27,28,116,-19.0,1,20,20,20,3,22,28,21,11,23,9,5,1,25,5,27,22,26,24,27,14,28,32,2,17,33,1
2025-26,1610612753,ORL,Orlando Magic,0022500114,2025-10-27T00:00:00,ORL @ PHI,L,48.0,45,82,0.549,8,25,0.32,26,38,0.684,13,30,43,27,13.0,4,7,9,22,27,124,-12.0,1,20,20,20,3,7,30,2,27,32,20,10,2,29,13,22,22,16,12,31,5,33,18,5,10,28,1
2025-26,1610612753,ORL,Orlando Magic,0022500100,2025-10-25T00:00:00,ORL vs. CHI,L,48.0,34,87,0.391,3,24,0.125,27,33,0.818,15,38,53,12,20.0,8,5,2,25,26,98,-12.0,1,20,20,20,3,34,19,33,33,33,34,7,8,18,5,7,1,34,33,16,14,1,26,9,33,28,1
2025-26,1610612753,ORL,Orlando Magic,0022500090,2025-10-24T00:00:00,ORL vs. ATL,L,48.0,37,78,0.474,9,31,0.29,24,37,0.649,12,33,45,21,22.0,7,3,5,26,21,107,-4.0,1,20,20,20,3,25,32,15,23,23,24,15,3,34,14,15,17,28,34,22,27,16,30,22,26,22,1
2025-26,1610612753,ORL,Orlando Magic,0022500081,2025-10-22T00:00:00,ORL vs. MIA,W,48.0,42,90,0.467,12,30,0.4,29,35,0.829,9,37,46,23,15.0,8,7,4,20,28,125,4.0,1,1,1,1,3,17,15,18,11,25,7,2,5,15,27,10,14,24,20,16,5,10,13,2,7,12,1
2025-26,1610612755,PHI,Philadelphia 76ers,0022500473,2026-01-01T00:00:00,PHI @ DAL,W,48.0,48,90,0.533,13,36,0.361,14,16,0.875,6,37,43,22,12.0,10,7,1,19,12,123,15.0,1,1,1,1,5,4,15,1,17,20,17,28,30,7,32,5,18,22,10,10,8,1,7,32,8,3,1
2025-26,1610612755,PHI,Philadelphia 76ers,0022500458,2025-12-30T00:00:00,PHI @ MEM,W,53.0,51,111,0.459,15,42,0.357,22,27,0.815,14,27,41,33,9.0,14,5,10,23,18,139,3.0,1,1,1,1,2,1,1,11,10,5,21,11,15,18,9,27,22,2,3,1,19,31,23,23,1,14,1
2025-26,1610612755,PHI,Philadelphia 76ers,0022500442,2025-12-28T00:00:00,PHI @ OKC,L,48.0,35,83,0.422,17,43,0.395,17,21,0.81,13,25,38,21,23.0,5,5,6,22,18,104,-25.0,1,19,19,19,5,29,28,28,3,3,8,24,22,20,11,30,30,28,32,27,19,19,19,23,28,31,1
2025-26,1610612755,PHI,Philadelphia 76ers,0022500427,2025-12-26T00:00:00,PHI @ CHI,L,48.0,35,93,0.376,11,39,0.282,21,24,0.875,13,33,46,22,9.0,7,4,6,20,18,102,-7.0,1,19,19,19,5,29,14,30,24,14,29,13,18,7,11,12,11,22,3,19,23,19,9,23,30,24,1
2025-26,1610612755,PHI,Philadelphia 76ers,0022500410,2025-12-23T00:00:00,PHI vs. BKN,L,48.0,33,81,0.407,7,27,0.259,33,38,0.868,13,30,43,15,17.0,12,5,2,26,25,106,-8.0,1,19,19,19,5,32,30,29,32,31,31,1,2,9,11,21,18,32,24,3,19,2,30,7,26,25,1
2025-26,1610612755,PHI,Philadelphia 76ers,0022500387,2025-12-20T00:00:00,PHI vs. DAL,W,48.0,44,102,0.431,12,40,0.3,21,28,0.75,20,27,47,27,10.0,11,2,7,13,22,121,7.0,1,1,1,1,5,9,3,24,20,11,26,13,12,28,2,27,8,8,7,8,30,24,1,11,10,11,1
2025-26,1610612755,PHI,Philadelphia 76ers,0022500382,2025-12-19T00:00:00,PHI @ NYK,W,48.0,40,88,0.455,17,41,0.415,19,21,0.905,10,26,36,21,11.0,7,8,3,24,21,116,9.0,1,1,1,1,5,16,18,14,3,7,4,22,22,3,25,29,32,28,8,19,7,6,26,15,16,9,1
2025-26,1610612755,PHI,Philadelphia 76ers,0022501217,2025-12-14T00:00:00,PHI @ ATL,L,48.0,38,101,0.376,17,41,0.415,24,29,0.828,21,33,54,25,12.0,10,10,6,15,23,117,-3.0,1,19,19,19,5,23,6,31,3,7,4,7,10,16,1,12,2,15,10,10,3,19,4,10,13,21,1
2025-26,1610612755,PHI,Philadelphia 76ers,0022501211,2025-12-12T00:00:00,PHI vs. IND,W,48.0,35,79,0.443,12,37,0.324,33,43,0.767,11,39,50,22,13.0,6,4,4,19,27,115,10.0,1,1,1,1,5,29,31,20,20,17,25,1,1,26,19,2,7,22,13,25,23,10,7,3,18,7,1
2025-26,1610612755,PHI,Philadelphia 76ers,0022500362,2025-12-07T00:00:00,PHI vs. LAL,L,48.0,36,102,0.353,13,36,0.361,23,26,0.885,17,37,54,21,6.0,5,4,8,17,22,108,-4.0,1,19,19,19,5,26,3,32,17,20,17,9,16,6,4,5,2,28,1,27,23,29,6,11,23,23,1
2025-26,1610612755,PHI,Philadelphia 76ers,0022500348,2025-12-05T00:00:00,PHI @ MIL,W,48.0,39,86,0.453,17,43,0.395,21,22,0.955,11,31,42,25,15.0,12,1,3,24,21,116,15.0,1,1,1,1,5,18,22,15,3,3,8,13,20,1,19,19,21,15,18,3,32,6,26,15,16,3,1
2025-26,1610612755,PHI,Philadelphia 76ers,0022500333,2025-12-04T00:00:00,PHI vs. GSW,W,48.0,39,85,0.459,10,37,0.27,11,14,0.786,11,36,47,23,19.0,8,7,4,14,20,99,1.0,1,1,1,1,5,18,23,12,28,17,30,32,32,23,19,8,8,20,27,17,8,10,3,18,32,17,1
2025-26,1610612755,PHI,Philadelphia 76ers,0022500318,2025-12-02T00:00:00,PHI vs. WAS,W,48.0,46,102,0.451,17,40,0.425,12,17,0.706,13,38,51,26,11.0,12,6,11,21,15,121,19.0,1,1,1,1,5,6,3,17,3,11,2,31,28,30,11,4,6,10,8,3,12,32,15,30,10,2,1
2025-26,1610612755,PHI,Philadelphia 76ers,0022500304,2025-11-30T00:00:00,PHI vs. ATL,L,58.0,46,105,0.438,10,44,0.227,32,38,0.842,11,35,46,26,18.0,14,6,6,28,27,134,-8.0,1,19,19,19,1,6,2,21,28,2,32,3,2,13,19,11,11,10,25,1,12,19,32,3,4,25,1
2025-26,1610612755,PHI,Philadelphia 76ers,0022500070,2025-11-28T00:00:00,PHI @ BKN,W,48.0,43,88,0.489,11,37,0.297,18,20,0.9,9,32,41,28,12.0,12,7,5,20,16,115,12.0,1,1,1,1,5,12,18,6,24,17,27,23,24,4,27,15,22,6,10,3,8,15,9,29,18,5,1
2025-26,1610612755,PHI,Philadelphia 76ers,0022500058,2025-11-25T00:00:00,PHI vs. ORL,L,48.0,37,82,0.451,9,25,0.36,20,22,0.909,8,30,38,22,21.0,7,4,4,20,20,103,-41.0,1,19,19,19,5,24,29,16,31,32,19,20,20,2,30,21,30,22,30,19,23,10,9,18,29,32,1
2025-26,1610612755,PHI,Philadelphia 76ers,0022500275,2025-11-23T00:00:00,PHI vs. MIA,L,48.0,44,98,0.449,14,41,0.341,15,19,0.789,15,32,47,28,15.0,7,9,2,21,17,117,-10.0,1,19,19,19,5,9,8,19,12,7,22,27,25,22,6,15,8,6,18,19,4,2,15,26,13,29,1
2025-26,1610612755,PHI,Philadelphia 76ers,0022500266,2025-11-20T00:00:00,PHI @ MIL,W,53.0,42,97,0.433,18,53,0.34,21,26,0.808,11,41,52,30,14.0,9,6,2,15,19,123,9.0,1,1,1,1,2,13,9,23,1,1,23,13,16,21,19,1,5,4,14,14,12,2,4,20,8,9,1
2025-26,1610612755,PHI,Philadelphia 76ers,0022500258,2025-11-19T00:00:00,PHI vs. TOR,L,48.0,41,87,0.471,14,35,0.4,16,18,0.889,16,25,41,24,21.0,11,6,2,20,19,112,-9.0,1,19,19,19,5,14,20,8,12,23,7,25,27,5,5,30,22,18,30,8,12,2,9,20,20,27,1
2025-26,1610612755,PHI,Philadelphia 76ers,0022500243,2025-11-17T00:00:00,PHI vs. LAC,W,47.998333,39,84,0.464,11,33,0.333,21,30,0.7,9,36,45,26,9.0,7,4,3,20,26,110,2.0,1,1,1,1,32,18,25,10,24,26,24,13,7,31,27,8,14,10,3,19,23,6,9,5,22,15,1
2025-26,1610612755,PHI,Philadelphia 76ers,0022500041,2025-11-14T00:00:00,PHI @ DET,L,48.0,39,90,0.433,14,39,0.359,13,15,0.867,13,33,46,19,15.0,9,4,7,20,17,105,-9.0,1,19,19,19,5,18,15,22,12,14,20,30,31,10,11,12,11,31,18,14,23,24,9,26,27,27,1
2025-26,1610612755,PHI,Philadelphia 76ers,0022500209,2025-11-11T00:00:00,PHI vs. BOS,W,48.0,36,84,0.429,14,36,0.389,16,19,0.842,8,36,44,24,9.0,2,6,6,22,17,102,2.0,1,1,1,1,5,26,25,25,12,20,11,25,25,13,30,8,15,18,3,32,12,19,19,26,30,15,1
2025-26,1610612755,PHI,Philadelphia 76ers,0022500195,2025-11-09T00:00:00,PHI vs. DET,L,48.0,36,84,0.429,12,33,0.364,24,28,0.857,12,32,44,22,20.0,8,6,5,22,21,108,-3.0,1,19,19,19,5,26,25,25,20,26,16,7,12,12,16,15,15,22,29,17,12,15,19,15,23,21,1
2025-26,1610612755,PHI,Philadelphia 76ers,0022500184,2025-11-08T00:00:00,PHI vs. TOR,W,48.0,49,96,0.51,10,35,0.286,22,28,0.786,15,39,54,31,14.0,4,9,5,22,25,130,10.0,1,1,1,1,5,3,11,3,28,23,28,11,12,23,6,2,2,3,14,30,4,15,19,7,5,7,1
2025-26,1610612755,PHI,Philadelphia 76ers,0022500171,2025-11-05T00:00:00,PHI @ CLE,L,48.0,44,90,0.489,12,31,0.387,21,30,0.7,15,28,43,26,19.0,9,2,7,23,22,121,-11.0,1,19,19,19,5,9,15,5,20,29,12,13,7,31,6,25,18,10,27,14,30,24,23,11,10,30,1
2025-26,1610612755,PHI,Philadelphia 76ers,0022500167,2025-11-04T00:00:00,PHI @ CHI,L,48.0,40,94,0.426,11,30,0.367,20,24,0.833,12,28,40,22,16.0,12,11,9,21,19,111,-2.0,1,19,19,19,5,16,13,27,24,30,15,20,18,15,16,25,25,22,23,3,1,30,15,20,21,20,1
2025-26,1610612755,PHI,Philadelphia 76ers,0022500149,2025-11-02T00:00:00,PHI @ BKN,W,48.0,50,96,0.521,15,40,0.375,14,17,0.824,12,32,44,34,15.0,10,6,4,25,15,129,24.0,1,1,1,1,5,2,11,2,10,11,14,28,28,17,16,15,15,1,18,10,12,10,28,30,6,1,1
2025-26,1610612755,PHI,Philadelphia 76ers,0022500021,2025-10-31T00:00:00,PHI vs. BOS,L,48.0,37,78,0.474,13,34,0.382,21,29,0.724,9,31,40,27,18.0,6,7,7,13,24,108,-1.0,1,19,19,19,5,24,32,7,17,25,13,13,10,29,27,19,25,8,25,25,8,24,1,9,23,19,1
2025-26,1610612755,PHI,Philadelphia 76ers,0022500123,2025-10-28T00:00:00,PHI @ WAS,W,53.0,45,100,0.45,17,42,0.405,32,37,0.865,18,37,55,26,14.0,7,11,5,21,30,139,5.0,1,1,1,1,2,8,7,18,3,5,6,3,4,11,3,5,1,10,14,19,1,15,15,1,1,12,1
2025-26,1610612755,PHI,Philadelphia 76ers,0022500114,2025-10-27T00:00:00,PHI vs. ORL,W,48.0,48,97,0.495,14,33,0.424,26,32,0.813,14,25,39,25,7.0,5,9,7,27,22,136,12.0,1,1,1,1,5,4,9,4,12,26,3,5,5,19,9,30,29,15,2,27,4,24,31,11,3,5,1
2025-26,1610612755,PHI,Philadelphia 76ers,0022500102,2025-10-25T00:00:00,PHI vs. CHA,W,48.0,41,87,0.471,18,39,0.462,25,32,0.781,11,29,40,29,15.0,10,5,3,25,26,125,4.0,1,1,1,1,5,14,20,8,1,14,1,6,5,25,19,24,25,5,18,10,19,6,28,5,7,13,1
2025-26,1610612755,PHI,Philadelphia 76ers,0022500083,2025-10-22T00:00:00,PHI @ BOS,W,48.0,39,85,0.459,16,41,0.39,23,30,0.767,10,30,40,23,14.0,3,4,4,23,28,117,1.0,1,1,1,1,5,18,23,12,9,7,10,9,7,27,25,21,25,20,14,31,23,10,23,2,13,17,1
2025-26,1610612756,PHX,Phoenix Suns,0022500465,2025-12-31T00:00:00,PHX @ CLE,L,48.0,42,105,0.4,15,36,0.417,14,16,0.875,19,33,52,23,14.0,8,5,9,20,17,113,-16.0,1,20,20,20,2,14,2,31,13,20,8,24,28,6,3,6,2,23,10,25,10,31,9,26,21,27,1
2025-26,1610612756,PHX,Phoenix Suns,0022500448,2025-12-29T00:00:00,PHX @ WAS,W,48.0,41,101,0.406,17,40,0.425,16,18,0.889,20,31,51,25,10.0,8,3,8,14,20,115,14.0,1,1,1,1,2,18,3,30,6,11,6,19,25,4,2,14,4,15,4,25,22,28,2,16,15,7,1
2025-26,1610612756,PHX,Phoenix Suns,0022500434,2025-12-27T00:00:00,PHX @ NOP,W,48.0,45,98,0.459,20,44,0.455,13,19,0.684,22,33,55,26,17.0,7,3,7,23,22,123,9.0,1,1,1,1,2,7,5,18,1,6,2,28,20,31,1,6,1,12,18,29,22,25,15,7,7,12,1
2025-26,1610612756,PHX,Phoenix Suns,0022500429,2025-12-26T00:00:00,PHX @ NOP,W,48.0,44,91,0.484,8,40,0.2,19,25,0.76,16,36,52,26,18.0,9,4,2,27,22,115,7.0,1,1,1,1,2,10,14,8,32,11,32,11,8,24,8,3,2,12,22,21,14,4,28,7,15,15,1
2025-26,1610612756,PHX,Phoenix Suns,0022500418,2025-12-23T00:00:00,PHX vs. LAL,W,48.0,50,85,0.588,14,34,0.412,18,20,0.9,12,26,38,35,14.0,10,6,4,24,22,132,24.0,1,1,1,1,2,2,25,1,15,26,9,14,17,3,20,27,25,2,10,17,4,12,19,7,3,2,1
2025-26,1610612756,PHX,Phoenix Suns,0022500392,2025-12-20T00:00:00,PHX @ GSW,L,48.0,42,88,0.477,12,35,0.343,20,24,0.833,9,25,34,23,14.0,12,6,7,24,22,116,-3.0,1,20,20,20,2,14,20,12,25,22,22,7,10,11,28,30,30,23,10,9,4,25,19,7,14,23,1
2025-26,1610612756,PHX,Phoenix Suns,0022500378,2025-12-18T00:00:00,PHX vs. GSW,W,48.0,36,88,0.409,10,35,0.286,17,22,0.773,12,37,49,19,15.0,16,6,3,17,20,99,1.0,1,1,1,1,2,31,20,29,28,22,31,18,12,22,20,2,7,30,15,2,4,5,5,16,30,18,1
2025-26,1610612756,PHX,Phoenix Suns,0022501228,2025-12-14T00:00:00,PHX vs. LAL,L,48.0,40,82,0.488,13,37,0.351,21,25,0.84,10,27,37,29,20.0,11,5,8,28,23,114,-2.0,1,20,20,20,2,22,29,6,22,18,19,5,8,10,25,26,27,8,26,14,10,28,30,2,18,21,1
2025-26,1610612756,PHX,Phoenix Suns,0022501203,2025-12-10T00:00:00,PHX @ OKC,L,48.0,33,84,0.393,10,31,0.323,13,16,0.813,7,30,37,24,21.0,12,2,7,13,14,89,-49.0,1,20,20,20,2,32,27,32,28,31,29,28,28,16,31,16,27,20,30,9,26,25,1,31,33,33,1
2025-26,1610612756,PHX,Phoenix Suns,0022500365,2025-12-08T00:00:00,PHX @ MIN,W,48.0,41,90,0.456,12,33,0.364,14,20,0.7,14,29,43,26,9.0,8,2,1,20,20,108,3.0,1,1,1,1,2,18,18,20,25,28,15,24,17,28,15,21,17,12,3,25,26,2,9,16,27,17,1
2025-26,1610612756,PHX,Phoenix Suns,0022500346,2025-12-05T00:00:00,PHX @ HOU,L,48.0,39,100,0.39,5,36,0.139,15,19,0.789,15,19,34,14,13.0,12,2,8,22,20,98,-19.0,1,20,20,20,2,25,4,33,33,20,33,20,20,19,11,33,30,32,9,9,26,28,14,16,31,29,1
2025-26,1610612756,PHX,Phoenix Suns,0022500317,2025-12-01T00:00:00,PHX @ LAL,W,48.0,52,92,0.565,17,39,0.436,4,8,0.5,4,29,33,35,11.0,16,1,0,16,13,125,17.0,1,1,1,1,2,1,11,4,6,15,5,33,33,33,33,21,32,2,5,2,33,1,4,32,6,5,1
2025-26,1610612756,PHX,Phoenix Suns,0022500299,2025-11-29T00:00:00,PHX vs. DEN,L,48.0,39,88,0.443,14,42,0.333,20,26,0.769,11,21,32,23,7.0,11,2,5,23,20,112,-18.0,1,20,20,20,2,25,20,23,15,9,26,7,6,23,23,32,33,23,2,14,26,19,15,16,23,28,1
2025-26,1610612756,PHX,Phoenix Suns,0022500075,2025-11-28T00:00:00,PHX @ OKC,L,48.0,42,92,0.457,15,44,0.341,20,24,0.833,13,38,51,20,20.0,7,4,3,24,22,119,-4.0,1,20,20,20,2,14,11,19,13,6,23,7,10,11,16,1,4,29,26,29,14,5,19,7,12,24,1
2025-26,1610612756,PHX,Phoenix Suns,0022500068,2025-11-26T00:00:00,PHX @ SAC,W,48.0,42,91,0.462,14,42,0.333,14,20,0.7,17,30,47,25,17.0,14,5,6,14,17,112,12.0,1,1,1,1,2,14,14,17,15,9,26,24,17,28,7,16,9,15,18,4,10,23,2,26,23,9,1
2025-26,1610612756,PHX,Phoenix Suns,0022500290,2025-11-24T00:00:00,PHX vs. HOU,L,48.0,33,80,0.413,13,37,0.351,13,19,0.684,13,26,39,11,21.0,9,4,4,20,20,92,-22.0,1,20,20,20,2,32,31,27,22,18,19,28,20,31,16,27,23,33,30,21,14,12,9,16,32,30,1
2025-26,1610612756,PHX,Phoenix Suns,0022500281,2025-11-23T00:00:00,PHX vs. SAS,W,48.0,43,97,0.443,14,38,0.368,11,16,0.688,11,32,43,27,6.0,10,6,4,23,17,111,9.0,1,1,1,1,2,12,7,22,15,16,14,32,28,30,23,12,17,10,1,17,4,12,15,26,25,12,1
2025-26,1610612756,PHX,Phoenix Suns,0022500053,2025-11-21T00:00:00,PHX vs. MIN,W,48.0,39,81,0.481,14,31,0.452,22,29,0.759,15,30,45,25,28.0,13,2,4,29,23,114,1.0,1,1,1,1,2,25,30,10,15,31,3,3,3,25,11,16,14,15,33,5,26,12,31,2,18,18,1
2025-26,1610612756,PHX,Phoenix Suns,0022500254,2025-11-18T00:00:00,PHX @ POR,W,48.0,47,98,0.48,14,40,0.35,19,22,0.864,18,28,46,24,18.0,19,4,6,27,12,127,17.0,1,1,1,1,2,4,5,11,15,11,21,11,12,7,4,25,11,20,22,1,14,23,28,33,5,5,1
2025-26,1610612756,PHX,Phoenix Suns,0022500239,2025-11-16T00:00:00,PHX vs. ATL,L,48.0,47,97,0.485,10,30,0.333,18,19,0.947,16,31,47,23,17.0,9,3,3,24,19,122,-2.0,1,20,20,20,2,4,7,7,28,33,26,14,20,1,8,14,9,23,18,21,22,5,19,22,9,21,1
2025-26,1610612756,PHX,Phoenix Suns,0022500226,2025-11-13T00:00:00,PHX vs. IND,W,48.0,49,85,0.576,13,35,0.371,22,27,0.815,10,33,43,19,11.0,6,6,3,24,22,133,35.0,1,1,1,1,2,3,25,3,22,22,13,3,5,15,25,6,17,30,5,33,4,5,19,7,2,1,1
2025-26,1610612756,PHX,Phoenix Suns,0022500221,2025-11-12T00:00:00,PHX @ DAL,W,48.0,44,95,0.463,14,35,0.4,21,26,0.808,13,33,46,31,12.0,13,3,10,20,23,123,9.0,1,1,1,1,2,10,9,16,15,22,10,5,6,17,16,6,11,5,7,5,22,32,9,2,7,12,1
2025-26,1610612756,PHX,Phoenix Suns,0022500204,2025-11-10T00:00:00,PHX vs. NOP,W,48.0,39,78,0.5,19,43,0.442,24,31,0.774,10,33,43,29,18.0,12,7,3,18,23,121,23.0,1,1,1,1,2,25,33,5,3,8,4,1,1,20,25,6,17,8,22,9,2,5,7,2,10,3,1
2025-26,1610612756,PHX,Phoenix Suns,0022500190,2025-11-08T00:00:00,PHX @ LAC,W,48.0,40,83,0.482,16,38,0.421,18,21,0.857,13,29,42,30,14.0,9,2,5,19,15,114,11.0,1,1,1,1,2,22,28,9,10,16,7,14,16,9,16,21,21,6,10,21,26,19,8,30,18,11,1
2025-26,1610612756,PHX,Phoenix Suns,0022500182,2025-11-06T00:00:00,PHX vs. LAC,W,48.0,41,92,0.446,19,49,0.388,14,19,0.737,15,29,44,27,16.0,13,2,4,23,19,115,13.0,1,1,1,1,2,18,11,21,3,3,12,24,20,26,11,21,15,10,16,5,26,12,15,22,15,8,1
2025-26,1610612756,PHX,Phoenix Suns,0022500169,2025-11-04T00:00:00,PHX @ GSW,L,48.0,40,91,0.44,12,33,0.364,15,16,0.938,16,30,46,25,17.0,10,5,4,17,18,107,-11.0,1,20,20,20,2,22,14,24,25,28,15,20,28,2,8,16,11,15,18,17,10,12,5,25,28,26,1
2025-26,1610612756,PHX,Phoenix Suns,0022500154,2025-11-02T00:00:00,PHX vs. SAS,W,48.0,46,79,0.582,19,33,0.576,19,22,0.864,5,34,39,34,20.0,8,4,5,26,21,130,12.0,1,1,1,1,2,6,32,2,3,28,1,11,12,7,32,5,23,4,26,25,14,19,27,15,4,9,1
2025-26,1610612756,PHX,Phoenix Suns,0022500025,2025-10-31T00:00:00,PHX vs. UTA,W,48.0,43,91,0.473,17,48,0.354,15,18,0.833,8,36,44,30,12.0,10,6,3,25,22,118,22.0,1,1,1,1,2,12,14,15,6,4,18,20,25,11,29,3,15,6,7,17,4,5,24,7,13,4,1
2025-26,1610612756,PHX,Phoenix Suns,0022500137,2025-10-29T00:00:00,PHX vs. MEM,L,48.0,41,86,0.477,16,40,0.4,15,17,0.882,8,32,40,25,21.0,11,4,3,20,17,113,-1.0,1,20,20,20,2,18,24,13,10,11,10,20,27,5,29,12,22,15,30,14,14,5,9,26,21,20,1
2025-26,1610612756,PHX,Phoenix Suns,0022500120,2025-10-27T00:00:00,PHX @ UTA,L,53.0,45,106,0.425,20,55,0.364,24,31,0.774,18,30,48,37,14.0,13,8,4,29,27,134,-4.0,1,20,20,20,1,7,1,26,1,1,15,1,1,20,4,16,8,1,10,5,1,12,31,1,1,24,1
2025-26,1610612756,PHX,Phoenix Suns,0022500104,2025-10-25T00:00:00,PHX @ DEN,L,48.0,38,88,0.432,17,50,0.34,18,22,0.818,12,26,38,24,20.0,7,4,1,29,23,111,-22.0,1,20,20,20,2,29,20,25,6,2,25,14,12,14,20,27,25,20,26,29,14,2,31,2,25,30,1
2025-26,1610612756,PHX,Phoenix Suns,0022500099,2025-10-24T00:00:00,PHX @ LAC,L,48.0,37,90,0.411,16,47,0.34,12,15,0.8,15,22,37,23,18.0,12,4,5,25,19,102,-27.0,1,20,20,20,2,30,18,28,10,5,24,31,32,18,11,31,27,23,22,9,14,19,24,22,29,32,1
2025-26,1610612756,PHX,Phoenix Suns,0022500088,2025-10-22T00:00:00,PHX vs. SAC,W,48.0,45,95,0.474,10,34,0.294,20,28,0.714,18,33,51,23,16.0,7,7,10,25,22,120,4.0,1,1,1,1,2,7,9,14,28,26,30,7,4,27,4,6,4,23,16,29,2,32,24,7,11,16,1
2025-26,1610612757,POR,Portland Trail Blazers,0022500470,2025-12-31T00:00:00,POR @ OKC,L,48.0,34,87,0.391,14,35,0.4,13,17,0.765,12,38,50,20,25.0,10,3,10,21,18,95,-29.0,1,15,15,15,3,30,22,32,14,29,7,33,32,19,20,2,6,31,33,9,25,32,13,32,33,34,1
2025-26,1610612757,POR,Portland Trail Blazers,0022500457,2025-12-29T00:00:00,POR vs. DAL,W,48.0,46,97,0.474,16,41,0.39,17,22,0.773,17,31,48,27,16.0,3,3,7,24,19,125,3.0,1,1,1,1,3,6,7,9,6,16,8,23,24,18,8,14,10,7,10,33,25,19,23,29,8,10,1
2025-26,1610612757,POR,Portland Trail Blazers,0022500444,2025-12-28T00:00:00,POR vs. BOS,W,48.0,42,89,0.472,18,51,0.353,12,21,0.571,16,32,48,26,20.0,7,2,5,19,23,114,6.0,1,1,1,1,3,12,16,10,4,2,14,34,27,34,10,12,10,11,25,21,31,7,8,17,21,6,1
2025-26,1610612757,POR,Portland Trail Blazers,0022500431,2025-12-26T00:00:00,POR vs. LAC,L,48.0,36,80,0.45,16,39,0.41,15,22,0.682,13,30,43,23,15.0,6,2,5,20,18,103,-16.0,1,15,15,15,3,23,32,15,6,21,6,28,24,27,17,17,20,21,7,24,31,7,11,32,28,28,1
2025-26,1610612757,POR,Portland Trail Blazers,0022500420,2025-12-23T00:00:00,POR vs. ORL,L,48.0,41,87,0.471,9,32,0.281,15,19,0.789,11,34,45,23,17.0,9,7,5,22,21,106,-4.0,1,15,15,15,3,17,22,12,31,32,27,28,30,16,24,10,16,21,15,12,5,7,18,26,27,18,1
2025-26,1610612757,POR,Portland Trail Blazers,0022500408,2025-12-22T00:00:00,POR vs. DET,L,48.0,33,74,0.446,7,32,0.219,29,43,0.674,9,29,38,21,19.0,6,6,7,22,28,102,-8.0,1,15,15,15,3,33,34,17,34,32,34,4,1,29,31,23,31,28,22,24,8,19,18,5,29,24,1
2025-26,1610612757,POR,Portland Trail Blazers,0022500394,2025-12-20T00:00:00,POR @ SAC,W,48.0,35,81,0.432,11,32,0.344,17,25,0.68,10,36,46,18,20.0,12,3,6,20,19,98,5.0,1,1,1,1,3,28,31,22,27,32,17,23,21,28,27,5,15,32,25,4,25,16,11,29,31,7,1
2025-26,1610612757,POR,Portland Trail Blazers,0022500380,2025-12-18T00:00:00,POR vs. SAC,W,53.0,49,103,0.476,15,45,0.333,21,33,0.636,17,27,44,30,21.0,6,6,7,27,29,134,1.0,1,1,1,1,1,2,4,8,11,8,18,16,7,32,8,29,18,3,31,24,8,19,28,1,4,14,1
2025-26,1610612757,POR,Portland Trail Blazers,0022501221,2025-12-14T00:00:00,POR vs. GSW,W,48.0,45,89,0.506,20,39,0.513,26,29,0.897,10,33,43,30,18.0,11,4,5,21,24,136,5.0,1,1,1,1,3,9,16,3,2,21,1,10,17,6,27,11,20,3,17,7,21,7,13,14,2,7,1
2025-26,1610612757,POR,Portland Trail Blazers,0022501207,2025-12-11T00:00:00,POR @ NOP,L,48.0,45,102,0.441,14,48,0.292,16,22,0.727,13,28,41,27,15.0,5,7,8,19,16,120,-23.0,1,15,15,15,3,9,6,19,14,5,24,25,24,23,17,25,25,7,7,28,5,26,8,34,14,30,1
2025-26,1610612757,POR,Portland Trail Blazers,0022500360,2025-12-07T00:00:00,POR @ MEM,L,48.0,33,83,0.398,15,43,0.349,15,18,0.833,10,30,40,21,26.0,8,5,4,27,25,96,-23.0,1,15,15,15,3,33,28,30,11,10,16,28,31,11,27,17,26,28,34,13,12,4,28,12,32,30,1
2025-26,1610612757,POR,Portland Trail Blazers,0022500342,2025-12-05T00:00:00,POR @ DET,L,48.0,36,85,0.424,12,37,0.324,32,35,0.914,18,30,48,22,20.0,6,8,7,35,29,116,-6.0,1,15,15,15,3,23,25,24,24,24,21,2,4,5,6,17,10,25,25,24,3,19,34,1,16,22,1
2025-26,1610612757,POR,Portland Trail Blazers,0022500324,2025-12-03T00:00:00,POR @ CLE,W,48.0,37,85,0.435,14,34,0.412,34,39,0.872,12,42,54,27,13.0,4,4,11,21,24,122,12.0,1,1,1,1,3,21,25,20,14,30,5,1,2,7,20,1,3,7,3,31,21,34,13,14,10,3,1
2025-26,1610612757,POR,Portland Trail Blazers,0022500319,2025-12-02T00:00:00,POR @ TOR,L,48.0,41,83,0.494,15,40,0.375,21,32,0.656,9,30,39,23,15.0,7,7,3,21,28,118,-3.0,1,15,15,15,3,17,28,5,11,19,10,16,9,30,31,17,27,21,7,21,5,2,13,5,15,16,1
2025-26,1610612757,POR,Portland Trail Blazers,0022500305,2025-11-30T00:00:00,POR vs. OKC,L,48.0,35,89,0.393,16,49,0.327,29,37,0.784,13,36,49,22,14.0,8,5,9,22,29,115,-8.0,1,15,15,15,3,28,16,31,6,4,19,4,3,17,17,5,7,25,6,13,12,29,18,1,18,24,1
2025-26,1610612757,POR,Portland Trail Blazers,0022500067,2025-11-26T00:00:00,POR vs. SAS,L,48.0,37,87,0.425,9,36,0.25,19,30,0.633,12,36,48,21,18.0,3,9,6,22,22,102,-13.0,1,15,15,15,3,21,22,23,31,26,31,19,15,33,20,5,10,28,17,33,1,16,18,21,29,27,1
2025-26,1610612757,POR,Portland Trail Blazers,0022500288,2025-11-24T00:00:00,POR @ MIL,W,48.0,36,79,0.456,18,43,0.419,25,33,0.758,12,36,48,24,16.0,8,8,5,16,26,115,12.0,1,1,1,1,3,23,33,14,4,10,4,11,7,20,20,5,10,16,10,13,3,7,2,10,18,3,1
2025-26,1610612757,POR,Portland Trail Blazers,0022500280,2025-11-23T00:00:00,POR @ OKC,L,48.0,34,92,0.37,12,47,0.255,15,21,0.714,16,29,45,18,17.0,8,4,8,19,23,95,-27.0,1,15,15,15,3,30,11,33,24,6,30,28,27,24,10,23,16,32,15,13,21,26,8,17,33,33,1
2025-26,1610612757,POR,Portland Trail Blazers,0022500056,2025-11-21T00:00:00,POR @ GSW,W,48.0,42,88,0.477,16,45,0.356,27,32,0.844,21,31,52,31,21.0,8,5,4,25,25,127,4.0,1,1,1,1,3,12,20,7,6,8,13,8,9,9,4,14,5,2,31,13,12,4,27,12,7,9,1
2025-26,1610612757,POR,Portland Trail Blazers,0022500263,2025-11-19T00:00:00,POR vs. CHI,L,48.0,44,107,0.411,12,42,0.286,21,32,0.656,26,38,64,27,16.0,10,5,9,16,26,121,-1.0,1,15,15,15,3,11,3,26,24,14,25,16,9,30,1,2,1,7,10,9,12,29,2,10,12,15,1
2025-26,1610612757,POR,Portland Trail Blazers,0022500254,2025-11-18T00:00:00,POR vs. PHX,L,48.0,42,97,0.433,10,41,0.244,16,20,0.8,15,28,43,24,20.0,7,6,4,12,27,110,-17.0,1,15,15,15,3,12,7,21,30,16,32,25,29,15,14,25,20,16,25,21,8,4,1,7,24,29,1
2025-26,1610612757,POR,Portland Trail Blazers,0022500238,2025-11-16T00:00:00,POR @ DAL,L,53.0,46,113,0.407,14,47,0.298,27,32,0.844,22,31,53,26,12.0,8,5,9,32,22,133,-5.0,1,15,15,15,1,6,1,28,14,6,23,8,9,9,2,14,4,11,2,13,12,29,31,21,5,20,1
2025-26,1610612757,POR,Portland Trail Blazers,0022500042,2025-11-14T00:00:00,POR @ HOU,L,48.0,42,89,0.472,13,36,0.361,19,27,0.704,16,28,44,18,20.0,4,2,6,18,22,116,-24.0,1,15,15,15,3,12,16,10,20,26,11,19,18,26,10,25,18,32,25,31,31,16,6,21,16,32,1
2025-26,1610612757,POR,Portland Trail Blazers,0022500219,2025-11-12T00:00:00,POR @ NOP,W,48.0,48,83,0.578,13,37,0.351,16,17,0.941,9,30,39,26,13.0,5,5,2,22,20,125,8.0,1,1,1,1,3,4,28,1,20,24,15,25,32,1,31,17,27,11,3,28,12,1,18,28,8,5,1
2025-26,1610612757,POR,Portland Trail Blazers,0022500200,2025-11-10T00:00:00,POR @ ORL,L,48.0,40,90,0.444,13,36,0.361,19,26,0.731,11,27,38,22,10.0,5,3,7,24,23,112,-3.0,1,15,15,15,3,19,14,18,20,26,11,19,20,22,24,29,31,25,1,28,25,19,23,17,23,16,1
2025-26,1610612757,POR,Portland Trail Blazers,0022500187,2025-11-08T00:00:00,POR @ MIA,L,48.0,49,109,0.45,14,51,0.275,19,23,0.826,22,35,57,29,20.0,8,4,5,32,23,131,-5.0,1,15,15,15,3,2,2,16,14,2,28,19,23,13,2,9,2,6,25,13,21,7,31,17,6,20,1
2025-26,1610612757,POR,Portland Trail Blazers,0022500180,2025-11-05T00:00:00,POR vs. OKC,W,48.0,36,88,0.409,19,43,0.442,30,32,0.938,11,38,49,24,18.0,8,6,5,24,27,121,2.0,1,1,1,1,3,23,20,27,3,10,3,3,9,2,24,2,7,16,17,13,8,7,23,7,12,11,1
2025-26,1610612757,POR,Portland Trail Blazers,0022500163,2025-11-03T00:00:00,POR vs. LAL,L,48.0,42,85,0.494,9,40,0.225,22,30,0.733,15,23,38,23,18.0,13,3,5,18,22,115,-8.0,1,15,15,15,3,12,25,4,31,19,33,14,15,21,14,34,31,21,17,2,25,7,6,21,18,24,1
2025-26,1610612757,POR,Portland Trail Blazers,0022500026,2025-10-31T00:00:00,POR vs. DEN,W,48.0,38,91,0.418,11,39,0.282,22,31,0.71,16,27,43,26,13.0,11,5,7,24,21,109,2.0,1,1,1,1,3,20,13,25,27,21,26,14,14,25,10,29,20,11,3,7,12,19,23,26,25,11,1
2025-26,1610612757,POR,Portland Trail Blazers,0022500135,2025-10-29T00:00:00,POR @ UTA,W,48.0,46,96,0.479,21,55,0.382,23,27,0.852,14,25,39,34,18.0,14,5,7,33,24,136,2.0,1,1,1,1,3,6,9,6,1,1,9,12,18,8,16,32,27,1,17,1,12,19,33,14,2,11,1
2025-26,1610612757,POR,Portland Trail Blazers,0022500122,2025-10-27T00:00:00,POR @ LAL,W,48.0,47,103,0.456,14,43,0.326,14,15,0.933,19,30,49,24,19.0,12,9,5,17,19,122,14.0,1,1,1,1,3,5,4,13,14,10,20,32,34,3,5,17,7,16,22,4,1,7,4,29,10,2,1
2025-26,1610612757,POR,Portland Trail Blazers,0022500112,2025-10-26T00:00:00,POR @ LAC,L,48.0,34,92,0.37,11,41,0.268,28,34,0.824,18,24,42,24,16.0,12,2,8,21,27,107,-7.0,1,15,15,15,3,30,11,33,27,16,29,7,6,14,6,33,24,16,10,4,31,26,13,7,26,23,1
2025-26,1610612757,POR,Portland Trail Blazers,0022500097,2025-10-24T00:00:00,POR vs. GSW,W,48.0,50,93,0.538,16,34,0.471,23,25,0.92,10,28,38,30,19.0,13,5,3,28,22,139,20.0,1,1,1,1,3,1,10,2,6,30,2,12,21,4,27,25,31,3,22,2,12,2,30,21,1,1,1
2025-26,1610612757,POR,Portland Trail Blazers,0022500089,2025-10-22T00:00:00,POR vs. MIN,L,48.0,36,90,0.4,13,42,0.31,29,35,0.829,7,32,39,25,16.0,10,3,10,17,29,114,-4.0,1,15,15,15,3,23,14,29,20,14,22,4,4,12,34,12,27,15,10,9,25,32,4,1,21,18,1
2025-26,1610612758,SAC,Sacramento Kings,0022500474,2026-01-01T00:00:00,SAC vs. BOS,L,48.0,40,85,0.471,12,36,0.333,14,15,0.933,8,24,32,29,9.0,7,2,6,17,12,106,-14.0,1,9,9,9,4,20,25,13,8,6,18,22,27,2,25,31,31,6,3,25,29,20,3,31,20,22,1
2025-26,1610612758,SAC,Sacramento Kings,0022500461,2025-12-30T00:00:00,SAC @ LAC,L,48.0,34,83,0.41,9,27,0.333,13,14,0.929,11,28,39,18,19.0,1,8,9,20,14,90,-41.0,1,9,9,9,4,33,28,32,24,26,18,24,31,3,12,20,18,33,30,34,3,31,14,29,34,33,1
2025-26,1610612758,SAC,Sacramento Kings,0022500446,2025-12-28T00:00:00,SAC @ LAL,L,48.0,40,83,0.482,8,29,0.276,13,19,0.684,10,29,39,24,19.0,11,3,4,20,19,101,-24.0,1,9,9,9,4,20,28,10,27,19,31,24,24,26,16,19,18,21,30,9,21,12,14,18,25,27,1
2025-26,1610612758,SAC,Sacramento Kings,0022500432,2025-12-27T00:00:00,SAC vs. DAL,W,48.0,45,104,0.433,17,38,0.447,6,8,0.75,14,36,50,32,11.0,16,7,8,15,11,113,6.0,1,1,1,1,4,6,1,28,2,4,3,33,34,16,5,6,3,1,8,1,4,27,1,32,14,2,1
2025-26,1610612758,SAC,Sacramento Kings,0022500421,2025-12-23T00:00:00,SAC vs. DET,L,48.0,42,92,0.457,11,33,0.333,32,37,0.865,19,23,42,26,13.0,12,5,8,25,23,127,-9.0,1,9,9,9,4,13,12,20,13,9,18,2,2,8,1,33,14,17,13,6,10,27,31,7,4,16,1
2025-26,1610612758,SAC,Sacramento Kings,0022500401,2025-12-21T00:00:00,SAC vs. HOU,W,53.0,44,95,0.463,12,32,0.375,25,36,0.694,19,36,55,29,12.0,8,5,2,21,20,125,1.0,1,1,1,1,1,9,6,16,8,15,8,6,3,25,1,6,1,6,10,21,10,3,20,13,6,7,1
2025-26,1610612758,SAC,Sacramento Kings,0022500394,2025-12-20T00:00:00,SAC vs. POR,L,48.0,33,87,0.379,6,31,0.194,21,31,0.677,18,32,50,18,18.0,14,6,3,19,20,93,-5.0,1,9,9,9,4,34,19,34,33,17,34,10,7,27,3,10,3,33,26,2,8,7,11,13,33,11,1
2025-26,1610612758,SAC,Sacramento Kings,0022500380,2025-12-18T00:00:00,SAC @ POR,L,53.0,48,94,0.511,6,19,0.316,31,34,0.912,11,31,42,29,18.0,13,7,6,29,27,133,-1.0,1,9,9,9,1,2,7,6,33,34,25,3,4,5,12,15,14,6,26,4,4,20,34,2,2,9,1
2025-26,1610612758,SAC,Sacramento Kings,0022501220,2025-12-14T00:00:00,SAC @ MIN,L,48.0,37,81,0.457,10,23,0.435,19,25,0.76,4,32,36,21,15.0,5,9,5,21,26,103,-14.0,1,9,9,9,4,29,33,19,17,31,5,13,12,15,33,10,26,27,17,30,2,16,20,3,24,22,1
2025-26,1610612758,SAC,Sacramento Kings,0022501208,2025-12-11T00:00:00,SAC vs. DEN,L,48.0,39,87,0.448,11,38,0.289,16,23,0.696,10,28,38,21,16.0,9,4,0,20,18,105,-31.0,1,9,9,9,4,26,19,21,13,4,29,15,14,22,16,20,20,27,20,17,16,1,14,21,21,30,1
2025-26,1610612758,SAC,Sacramento Kings,0022500364,2025-12-08T00:00:00,SAC @ IND,L,48.0,41,88,0.466,7,22,0.318,16,23,0.696,15,36,51,28,19.0,6,4,7,18,15,105,-11.0,1,9,9,9,4,15,18,14,30,33,24,15,14,22,4,6,2,9,30,28,16,24,8,28,21,18,1
2025-26,1610612758,SAC,Sacramento Kings,0022500354,2025-12-06T00:00:00,SAC @ MIA,W,48.0,49,93,0.527,14,33,0.424,15,21,0.714,8,37,45,24,11.0,11,5,4,19,17,127,16.0,1,1,1,1,4,1,10,2,4,9,6,20,22,21,25,4,9,21,8,9,10,12,11,23,4,1,1
2025-26,1610612758,SAC,Sacramento Kings,0022500330,2025-12-03T00:00:00,SAC @ HOU,L,48.0,40,97,0.412,10,34,0.294,5,10,0.5,12,20,32,21,13.0,10,7,8,17,10,95,-26.0,1,9,9,9,4,20,3,31,17,7,28,34,32,34,8,34,31,27,13,12,4,27,3,34,32,28,1
2025-26,1610612758,SAC,Sacramento Kings,0022500307,2025-11-30T00:00:00,SAC vs. MEM,L,48.0,43,94,0.457,8,27,0.296,13,22,0.591,10,24,34,25,8.0,14,7,7,22,22,107,-8.0,1,9,9,9,4,10,7,18,27,26,27,24,20,32,16,31,29,18,2,2,4,24,24,9,19,15,1
2025-26,1610612758,SAC,Sacramento Kings,0022500077,2025-11-28T00:00:00,SAC @ UTA,L,48.0,43,96,0.448,10,29,0.345,23,32,0.719,12,32,44,27,9.0,9,5,5,22,22,119,-9.0,1,9,9,9,4,10,5,22,17,19,16,8,6,20,8,10,11,11,3,17,10,16,24,9,10,16,1
2025-26,1610612758,SAC,Sacramento Kings,0022500068,2025-11-26T00:00:00,SAC vs. PHX,L,48.0,40,86,0.465,12,34,0.353,8,10,0.8,9,32,41,20,19.0,9,6,5,17,14,100,-12.0,1,9,9,9,4,20,23,15,8,7,15,32,32,11,19,10,16,32,30,17,8,16,3,29,28,19,1
2025-26,1610612758,SAC,Sacramento Kings,0022500292,2025-11-24T00:00:00,SAC vs. MIN,W,53.0,42,97,0.433,7,26,0.269,26,28,0.929,11,38,49,27,12.0,9,3,4,21,28,117,5.0,1,1,1,1,1,13,3,27,30,29,32,5,9,3,12,3,5,11,10,17,21,12,20,1,11,3,1
2025-26,1610612758,SAC,Sacramento Kings,0022500274,2025-11-22T00:00:00,SAC @ DEN,W,48.0,48,91,0.527,10,30,0.333,22,23,0.957,9,28,37,32,7.0,8,3,3,20,21,128,5.0,1,1,1,1,4,2,15,1,17,18,18,9,14,1,19,20,23,1,1,21,21,7,14,11,3,3,1
2025-26,1610612758,SAC,Sacramento Kings,0022500265,2025-11-20T00:00:00,SAC @ MEM,L,48.0,37,80,0.463,11,33,0.333,11,15,0.733,4,28,32,24,17.0,5,5,3,22,11,96,-41.0,1,9,9,9,4,29,34,17,13,9,18,29,27,17,33,20,31,21,23,30,10,7,24,32,31,33,1
2025-26,1610612758,SAC,Sacramento Kings,0022500261,2025-11-19T00:00:00,SAC @ OKC,L,48.0,38,86,0.442,8,28,0.286,15,23,0.652,12,33,45,21,18.0,12,0,10,22,21,99,-14.0,1,9,9,9,4,27,23,25,27,23,30,20,14,30,8,9,9,27,26,6,34,33,24,11,30,22,1
2025-26,1610612758,SAC,Sacramento Kings,0022500234,2025-11-16T00:00:00,SAC @ SAS,L,48.0,41,87,0.471,12,33,0.364,16,22,0.727,5,32,37,25,12.0,10,3,4,17,17,110,-13.0,1,9,9,9,4,15,19,12,8,9,11,15,20,19,30,10,23,18,10,12,21,12,3,23,16,20,1
2025-26,1610612758,SAC,Sacramento Kings,0022500044,2025-11-14T00:00:00,SAC @ MIN,L,48.0,41,93,0.441,12,33,0.364,16,27,0.593,13,31,44,32,15.0,12,4,3,26,20,110,-14.0,1,9,9,9,4,15,10,26,8,9,11,15,10,31,6,15,11,1,17,6,16,7,32,13,16,22,1
2025-26,1610612758,SAC,Sacramento Kings,0022500223,2025-11-12T00:00:00,SAC vs. ATL,L,48.0,36,92,0.391,14,39,0.359,14,18,0.778,9,26,35,22,20.0,7,1,6,19,20,100,-33.0,1,9,9,9,4,31,12,33,4,3,13,22,25,12,19,28,27,26,34,25,31,20,11,13,28,32,1
2025-26,1610612758,SAC,Sacramento Kings,0022500212,2025-11-11T00:00:00,SAC vs. DEN,L,48.0,41,85,0.482,10,33,0.303,16,23,0.696,9,26,35,31,10.0,4,3,2,23,19,108,-14.0,1,9,9,9,4,15,25,9,17,9,26,15,14,22,19,28,27,4,5,33,21,3,29,18,18,22,1
2025-26,1610612758,SAC,Sacramento Kings,0022500197,2025-11-09T00:00:00,SAC vs. MIN,L,48.0,40,90,0.444,13,29,0.448,24,31,0.774,12,31,43,25,18.0,8,3,9,20,23,117,-27.0,1,9,9,9,4,20,16,24,7,19,2,7,7,13,8,15,13,18,26,21,21,31,14,7,11,29,1
2025-26,1610612758,SAC,Sacramento Kings,0022500038,2025-11-07T00:00:00,SAC vs. OKC,L,48.0,38,92,0.413,15,40,0.375,10,15,0.667,8,30,38,27,17.0,6,3,8,20,16,101,-31.0,1,9,9,9,4,27,12,30,3,2,8,31,27,28,25,18,20,11,23,28,21,27,14,26,25,30,1
2025-26,1610612758,SAC,Sacramento Kings,0022500181,2025-11-05T00:00:00,SAC vs. GSW,W,48.0,41,83,0.494,11,23,0.478,28,33,0.848,8,39,47,27,16.0,7,5,6,18,26,121,5.0,1,1,1,1,4,15,28,8,13,31,1,4,5,9,25,1,6,11,20,25,10,20,8,3,8,3,1
2025-26,1610612758,SAC,Sacramento Kings,0022500162,2025-11-03T00:00:00,SAC @ DEN,L,48.0,47,90,0.522,9,27,0.333,21,25,0.84,8,39,47,27,15.0,5,1,5,24,18,124,-6.0,1,9,9,9,4,4,16,4,24,26,18,10,12,10,25,1,6,11,17,30,31,16,30,21,7,12,1
2025-26,1610612758,SAC,Sacramento Kings,0022500142,2025-11-01T00:00:00,SAC @ MIL,W,48.0,45,87,0.517,10,28,0.357,35,40,0.875,11,27,38,30,10.0,8,1,2,21,26,135,2.0,1,1,1,1,4,6,19,5,17,23,14,1,1,7,12,26,20,5,5,21,31,3,20,3,1,6,1
2025-26,1610612758,SAC,Sacramento Kings,0022500132,2025-10-29T00:00:00,SAC @ CHI,L,48.0,43,82,0.524,7,28,0.25,20,26,0.769,5,26,31,28,10.0,10,2,2,17,20,113,-13.0,1,9,9,9,4,10,32,3,30,23,33,12,11,14,30,28,34,9,5,12,29,3,3,13,14,20,1
2025-26,1610612758,SAC,Sacramento Kings,0022500126,2025-10-28T00:00:00,SAC @ OKC,L,48.0,36,85,0.424,10,29,0.345,19,21,0.905,9,37,46,21,17.0,11,3,10,16,19,101,-6.0,1,9,9,9,4,31,25,29,17,19,16,13,22,6,19,4,8,27,23,9,21,33,2,18,25,12,1
2025-26,1610612758,SAC,Sacramento Kings,0022500113,2025-10-26T00:00:00,SAC vs. LAL,L,48.0,45,101,0.446,18,43,0.419,12,18,0.667,13,27,40,27,16.0,13,4,3,26,17,120,-7.0,1,9,9,9,4,6,2,23,1,1,7,28,25,28,6,26,17,11,20,4,16,7,32,23,9,14,1
2025-26,1610612758,SAC,Sacramento Kings,0022500098,2025-10-24T00:00:00,SAC vs. UTA,W,48.0,40,83,0.482,14,32,0.438,11,15,0.733,5,28,33,23,13.0,10,4,1,18,16,105,1.0,1,1,1,1,4,20,28,10,4,15,4,29,27,17,30,20,30,25,13,12,16,2,8,26,21,7,1
2025-26,1610612758,SAC,Sacramento Kings,0022500088,2025-10-22T00:00:00,SAC @ PHX,L,48.0,47,94,0.5,9,24,0.375,13,23,0.565,9,28,37,24,13.0,10,10,7,22,25,116,-4.0,1,9,9,9,4,4,7,7,24,30,8,24,14,33,19,20,23,21,13,12,1,24,24,6,13,10,1
2025-26,1610612759,SAS,San Antonio Spurs,0022500476,2026-01-02T00:00:00,SAS @ IND,W,48.0,44,98,0.449,13,46,0.283,22,28,0.786,12,37,49,23,13.0,8,2,4,17,28,123,10.0,1,1,1,1,2,13,4,27,17,1,30,14,13,19,12,12,12,23,14,17,30,13,8,4,12,13,1
2025-26,1610612759,SAS,San Antonio Spurs,0022500467,2025-12-31T00:00:00,SAS vs. NYK,W,48.0,44,89,0.494,14,38,0.368,32,40,0.8,11,37,48,25,11.0,7,3,2,17,30,134,2.0,1,1,1,1,2,13,18,14,11,17,14,1,1,16,16,12,15,19,8,19,23,5,8,1,4,23,1
2025-26,1610612759,SAS,San Antonio Spurs,0022500456,2025-12-29T00:00:00,SAS vs. CLE,L,48.0,32,83,0.386,7,31,0.226,30,36,0.833,10,42,52,21,18.0,7,2,4,17,24,101,-12.0,1,26,26,26,2,33,30,34,34,30,34,3,3,11,22,2,6,26,25,19,30,13,8,9,34,30,1
2025-26,1610612759,SAS,San Antonio Spurs,0022500440,2025-12-27T00:00:00,SAS vs. UTA,L,48.0,43,99,0.434,10,44,0.227,18,21,0.857,15,31,46,30,12.0,6,7,4,22,19,114,-13.0,1,26,26,26,2,18,3,29,28,3,33,18,25,6,5,25,19,6,11,25,4,13,24,24,26,32,1
2025-26,1610612759,SAS,San Antonio Spurs,0022500010,2025-12-25T00:00:00,SAS @ OKC,W,48.0,45,84,0.536,11,29,0.379,16,21,0.762,10,39,49,20,13.0,3,4,6,16,18,117,15.0,1,1,1,1,2,10,27,6,26,31,13,26,25,25,22,5,12,29,14,33,17,26,6,27,22,6,1
2025-26,1610612759,SAS,San Antonio Spurs,0022500417,2025-12-23T00:00:00,SAS vs. OKC,W,48.0,48,84,0.571,16,36,0.444,18,24,0.75,10,24,34,34,9.0,10,3,1,13,17,130,20.0,1,1,1,1,2,4,27,3,7,22,5,18,21,26,22,33,33,2,2,6,23,3,3,30,6,4,1
2025-26,1610612759,SAS,San Antonio Spurs,0022500399,2025-12-21T00:00:00,SAS @ WAS,W,48.0,43,104,0.413,13,41,0.317,25,32,0.781,20,41,61,26,10.0,3,5,7,19,25,124,11.0,1,1,1,1,2,18,1,31,17,10,25,9,8,21,1,3,1,17,6,33,12,31,16,7,11,10,1
2025-26,1610612759,SAS,San Antonio Spurs,0022500383,2025-12-19T00:00:00,SAS @ ATL,W,48.0,51,94,0.543,13,36,0.361,11,16,0.688,12,44,56,31,15.0,11,4,1,12,14,126,28.0,1,1,1,1,2,1,8,4,17,22,17,33,32,32,12,1,4,4,19,3,17,3,1,34,7,2,1
2025-26,1610612759,SAS,San Antonio Spurs,0022500370,2025-12-18T00:00:00,SAS vs. WAS,W,48.0,44,90,0.489,15,42,0.357,16,20,0.8,14,39,53,29,14.0,6,9,5,12,18,119,25.0,1,1,1,1,2,13,15,17,9,6,19,26,27,16,8,5,5,11,16,25,2,23,1,27,19,3,1
2025-26,1610612759,SAS,San Antonio Spurs,0022501230,2025-12-13T00:00:00,SAS @ OKC,W,48.0,37,90,0.411,13,42,0.31,24,32,0.75,15,37,52,21,19.0,9,6,4,23,25,111,2.0,1,1,1,1,2,31,15,32,17,6,26,10,8,26,5,12,6,26,26,14,7,13,28,7,29,23,1
2025-26,1610612759,SAS,San Antonio Spurs,0022501204,2025-12-10T00:00:00,SAS @ LAL,W,48.0,43,86,0.5,17,38,0.447,29,36,0.806,9,41,50,25,12.0,9,3,7,19,23,132,13.0,1,1,1,1,2,18,23,11,3,17,4,6,3,15,27,3,9,19,11,14,23,31,16,13,5,7,1
2025-26,1610612759,SAS,San Antonio Spurs,0022500366,2025-12-08T00:00:00,SAS @ NOP,W,48.0,49,98,0.5,17,36,0.472,20,25,0.8,12,31,43,29,15.0,5,0,6,19,23,135,3.0,1,1,1,1,2,3,4,11,3,22,2,17,18,16,12,25,23,11,19,29,34,26,16,13,2,21,1
2025-26,1610612759,SAS,San Antonio Spurs,0022500341,2025-12-05T00:00:00,SAS @ CLE,L,48.0,42,93,0.452,15,43,0.349,18,26,0.692,11,27,38,28,14.0,9,3,4,22,22,117,-13.0,1,26,26,26,2,21,11,26,9,4,21,18,16,31,16,29,29,14,16,14,23,13,24,17,22,32,1
2025-26,1610612759,SAS,San Antonio Spurs,0022500326,2025-12-03T00:00:00,SAS @ ORL,W,48.0,42,91,0.462,13,38,0.342,17,24,0.708,13,39,52,20,19.0,5,5,3,20,19,114,2.0,1,1,1,1,2,21,13,20,17,17,22,22,21,30,10,5,6,29,26,29,12,8,21,24,26,23,1
2025-26,1610612759,SAS,San Antonio Spurs,0022500322,2025-12-02T00:00:00,SAS vs. MEM,W,48.0,42,92,0.457,18,39,0.462,24,31,0.774,11,29,40,28,7.0,7,7,6,22,28,126,7.0,1,1,1,1,2,21,12,25,1,15,3,10,11,24,16,27,27,14,1,19,4,26,24,4,7,16,1
2025-26,1610612759,SAS,San Antonio Spurs,0022500306,2025-11-30T00:00:00,SAS @ MIN,L,48.0,44,84,0.524,8,33,0.242,16,19,0.842,7,26,33,17,10.0,10,1,0,15,16,112,-13.0,1,26,26,26,2,13,27,9,32,26,32,26,28,9,32,30,34,32,6,6,32,1,4,32,28,32,1
2025-26,1610612759,SAS,San Antonio Spurs,0022500076,2025-11-28T00:00:00,SAS @ DEN,W,48.0,46,94,0.489,17,42,0.405,30,32,0.938,12,23,35,30,9.0,10,5,5,27,22,139,3.0,1,1,1,1,2,8,8,15,3,6,8,3,8,1,12,34,32,6,2,6,12,23,32,17,1,21,1
2025-26,1610612759,SAS,San Antonio Spurs,0022500067,2025-11-26T00:00:00,SAS @ POR,W,48.0,41,101,0.406,11,33,0.333,22,25,0.88,20,37,57,17,9.0,12,6,9,22,22,115,13.0,1,1,1,1,2,25,2,33,26,26,24,14,18,4,1,12,3,32,2,2,7,34,24,17,25,7,1
2025-26,1610612759,SAS,San Antonio Spurs,0022500281,2025-11-23T00:00:00,SAS @ PHX,L,48.0,32,77,0.416,10,34,0.294,28,34,0.824,14,36,50,17,19.0,4,4,6,17,23,102,-9.0,1,26,26,26,2,33,32,30,28,25,29,7,7,14,8,18,9,32,26,32,17,26,8,13,33,29,1
2025-26,1610612759,SAS,San Antonio Spurs,0022500267,2025-11-20T00:00:00,SAS vs. ATL,W,48.0,48,91,0.527,17,40,0.425,22,30,0.733,10,33,43,34,11.0,10,4,6,15,24,135,9.0,1,1,1,1,2,4,13,8,3,13,7,14,12,29,22,23,23,2,8,6,17,26,4,9,2,15,1
2025-26,1610612759,SAS,San Antonio Spurs,0022500252,2025-11-18T00:00:00,SAS vs. MEM,W,48.0,42,87,0.483,16,42,0.381,11,13,0.846,4,34,38,23,9.0,10,3,4,16,15,111,10.0,1,1,1,1,2,21,19,19,7,6,12,33,34,8,34,21,29,23,2,6,23,13,6,33,29,13,1
2025-26,1610612759,SAS,San Antonio Spurs,0022500234,2025-11-16T00:00:00,SAS vs. SAC,W,48.0,47,87,0.54,14,38,0.368,15,18,0.833,9,37,46,38,15.0,7,4,3,17,17,123,13.0,1,1,1,1,2,7,19,5,11,17,14,31,30,11,27,12,19,1,19,19,17,8,8,30,12,7,1
2025-26,1610612759,SAS,San Antonio Spurs,0022500047,2025-11-14T00:00:00,SAS vs. GSW,L,48.0,39,85,0.459,14,38,0.368,16,19,0.842,11,36,47,28,21.0,8,6,8,19,20,108,-1.0,1,26,26,26,2,27,26,24,11,17,14,26,28,9,16,18,17,14,32,17,7,33,16,21,31,26,1
2025-26,1610612759,SAS,San Antonio Spurs,0022500220,2025-11-12T00:00:00,SAS vs. GSW,L,48.0,46,94,0.489,14,39,0.359,14,16,0.875,13,36,49,30,20.0,5,3,3,24,18,120,-5.0,1,26,26,26,2,8,8,15,11,15,18,32,32,5,10,18,12,6,31,29,23,8,30,27,17,28,1
2025-26,1610612759,SAS,San Antonio Spurs,0022500202,2025-11-10T00:00:00,SAS @ CHI,W,48.0,44,86,0.512,10,33,0.303,23,27,0.852,9,38,47,30,15.0,10,7,4,17,20,121,4.0,1,1,1,1,2,13,23,10,28,26,27,12,15,7,27,11,17,6,19,6,4,13,8,21,14,19,1
2025-26,1610612759,SAS,San Antonio Spurs,0022500188,2025-11-08T00:00:00,SAS vs. NOP,W,48.0,48,90,0.533,14,40,0.35,16,18,0.889,10,33,43,31,12.0,6,6,2,20,19,126,7.0,1,1,1,1,2,4,15,7,11,13,20,26,30,3,22,23,23,4,11,25,7,5,21,24,7,16,1
2025-26,1610612759,SAS,San Antonio Spurs,0022500032,2025-11-07T00:00:00,SAS vs. HOU,W,48.0,40,87,0.46,18,45,0.4,23,25,0.92,15,25,40,30,21.0,15,4,4,19,24,121,11.0,1,1,1,1,2,26,19,21,1,2,9,12,18,2,5,31,27,6,32,1,17,13,16,9,14,10,1
2025-26,1610612759,SAS,San Antonio Spurs,0022500179,2025-11-05T00:00:00,SAS @ LAL,L,48.0,36,74,0.486,13,33,0.394,31,40,0.775,8,29,37,22,19.0,7,1,5,36,30,116,-2.0,1,26,26,26,2,32,33,18,17,26,11,2,1,23,31,27,31,25,26,19,32,23,34,1,24,27,1
2025-26,1610612759,SAS,San Antonio Spurs,0022500154,2025-11-02T00:00:00,SAS @ PHX,L,48.0,45,98,0.459,10,41,0.244,18,23,0.783,16,25,41,21,14.0,11,5,4,21,26,118,-12.0,1,26,26,26,2,10,4,22,28,10,31,18,23,20,4,31,26,26,16,3,12,13,23,6,20,30,1
2025-26,1610612759,SAS,San Antonio Spurs,0022500141,2025-10-30T00:00:00,SAS vs. MIA,W,48.0,38,86,0.442,14,41,0.341,17,23,0.739,9,39,48,26,11.0,10,8,2,17,20,107,6.0,1,1,1,1,2,30,23,28,11,10,23,22,23,28,27,5,15,17,8,6,3,5,8,21,32,18,1
2025-26,1610612759,SAS,San Antonio Spurs,0022500118,2025-10-27T00:00:00,SAS vs. TOR,W,48.0,39,67,0.582,13,27,0.481,30,36,0.833,7,37,44,29,21.0,11,3,4,17,23,121,18.0,1,1,1,1,2,27,34,1,17,32,1,3,3,11,32,12,22,11,32,3,23,13,8,13,14,5,1
2025-26,1610612759,SAS,San Antonio Spurs,0022500105,2025-10-26T00:00:00,SAS vs. BKN,W,48.0,39,78,0.5,12,27,0.444,28,36,0.778,11,34,45,20,15.0,7,6,0,23,30,118,11.0,1,1,1,1,2,27,31,11,25,32,5,7,3,22,16,21,21,29,19,19,7,1,28,1,20,10,1
2025-26,1610612759,SAS,San Antonio Spurs,0022500095,2025-10-24T00:00:00,SAS @ NOP,W,53.0,45,98,0.459,13,43,0.302,17,26,0.654,20,39,59,25,19.0,6,13,3,27,21,120,4.0,1,1,1,1,1,10,4,22,17,4,28,22,16,33,1,5,2,19,26,25,1,8,32,20,17,19,1
2025-26,1610612759,SAS,San Antonio Spurs,0022500004,2025-10-22T00:00:00,SAS @ DAL,W,48.0,50,87,0.575,8,20,0.4,17,28,0.607,11,39,50,24,15.0,10,5,3,24,24,125,33.0,1,1,1,1,2,2,19,2,32,34,9,22,13,34,16,5,9,22,19,6,12,8,30,9,10,1,1
2025-26,1610612761,TOR,Toronto Raptors,0022500468,2025-12-31T00:00:00,TOR vs. DEN,L,48.0,37,100,0.37,12,45,0.267,17,21,0.81,17,33,50,27,8.0,6,4,5,25,18,103,-3.0,1,21,21,21,3,28,2,34,14,2,30,17,17,13,3,17,6,24,2,26,15,12,27,24,28,21,1
2025-26,1610612761,TOR,Toronto Raptors,0022500451,2025-12-29T00:00:00,TOR vs. ORL,W,48.0,39,99,0.394,8,34,0.235,21,29,0.724,21,37,58,22,6.0,6,7,5,22,24,107,1.0,1,1,1,1,3,25,4,31,32,19,33,10,4,26,1,6,1,32,1,26,2,12,20,4,26,20,1
2025-26,1610612761,TOR,Toronto Raptors,0022500441,2025-12-28T00:00:00,TOR vs. GSW,W,53.0,56,110,0.509,13,42,0.31,16,18,0.889,18,37,55,40,15.0,10,2,9,26,20,141,14.0,1,1,1,1,1,1,1,7,10,3,24,20,24,5,2,6,2,1,16,8,30,31,30,14,1,6,1
2025-26,1610612761,TOR,Toronto Raptors,0022500425,2025-12-26T00:00:00,TOR @ WAS,L,48.0,40,91,0.44,12,36,0.333,25,27,0.926,8,25,33,26,11.0,10,5,7,16,23,117,-21.0,1,21,21,21,3,23,8,26,14,14,20,4,9,2,29,31,31,27,7,8,11,21,3,7,15,33,1
2025-26,1610612761,TOR,Toronto Raptors,0022500414,2025-12-23T00:00:00,TOR @ MIA,W,48.0,41,86,0.477,14,38,0.368,16,18,0.889,15,35,50,29,17.0,12,5,1,19,18,112,21.0,1,1,1,1,3,21,26,21,8,6,17,20,24,5,5,10,6,17,27,3,11,2,7,24,19,3,1
2025-26,1610612761,TOR,Toronto Raptors,0022500397,2025-12-21T00:00:00,TOR @ BKN,L,48.0,32,86,0.372,10,36,0.278,7,8,0.875,9,30,39,23,15.0,6,5,4,19,17,81,-15.0,1,21,21,21,3,35,26,33,25,14,28,34,35,7,27,23,27,30,16,26,11,7,7,27,35,28,1
2025-26,1610612761,TOR,Toronto Raptors,0022500388,2025-12-20T00:00:00,TOR vs. BOS,L,48.0,36,87,0.414,16,47,0.34,8,11,0.727,9,28,37,30,12.0,2,7,4,18,21,96,-16.0,1,21,21,21,3,32,24,29,3,1,19,33,33,25,27,26,29,15,9,35,2,7,4,12,32,29,1
2025-26,1610612761,TOR,Toronto Raptors,0022500374,2025-12-18T00:00:00,TOR @ MIL,W,48.0,42,84,0.5,13,35,0.371,14,21,0.667,12,33,45,31,17.0,9,2,2,20,19,111,6.0,1,1,1,1,3,18,30,10,10,17,16,24,17,28,13,17,16,13,27,14,30,3,11,20,21,16,1
2025-26,1610612761,TOR,Toronto Raptors,0022501227,2025-12-15T00:00:00,TOR @ MIA,W,48.0,42,88,0.477,16,40,0.4,6,9,0.667,11,34,45,33,21.0,9,7,7,20,14,106,10.0,1,1,1,1,3,18,19,20,3,4,10,35,34,28,18,15,16,7,35,14,2,21,11,33,27,12,1
2025-26,1610612761,TOR,Toronto Raptors,0022501202,2025-12-09T00:00:00,TOR vs. NYK,L,48.0,39,90,0.433,11,38,0.289,12,18,0.667,12,25,37,28,14.0,9,4,7,22,19,101,-16.0,1,21,21,21,3,25,12,27,19,6,27,28,24,28,13,31,29,22,13,14,15,21,20,20,30,29,1
2025-26,1610612761,TOR,Toronto Raptors,0022500358,2025-12-07T00:00:00,TOR vs. BOS,L,48.0,43,88,0.489,9,22,0.409,18,21,0.857,11,31,42,22,13.0,5,3,9,18,22,113,-8.0,1,21,21,21,3,16,19,17,28,35,7,15,17,8,18,21,22,32,10,32,26,31,4,8,18,25,1
2025-26,1610612761,TOR,Toronto Raptors,0022500344,2025-12-05T00:00:00,TOR vs. CHA,L,48.0,34,92,0.37,9,29,0.31,9,13,0.692,12,29,41,19,20.0,12,4,6,25,20,86,-25.0,1,21,21,21,3,34,7,35,28,27,22,31,32,27,13,24,23,34,34,3,15,17,27,14,34,35,1
2025-26,1610612761,TOR,Toronto Raptors,0022500336,2025-12-04T00:00:00,TOR vs. LAL,L,48.0,44,89,0.494,15,37,0.405,17,21,0.81,14,27,41,39,15.0,9,8,7,20,17,120,-3.0,1,21,21,21,3,11,17,13,6,11,9,17,17,13,7,28,23,2,16,14,1,21,11,27,11,21,1
2025-26,1610612761,TOR,Toronto Raptors,0022500319,2025-12-02T00:00:00,TOR vs. POR,W,48.0,48,90,0.533,11,30,0.367,14,21,0.667,10,33,43,33,18.0,10,3,7,28,21,121,3.0,1,1,1,1,3,5,12,6,19,23,18,24,17,28,21,17,18,7,30,8,26,21,33,12,8,17,1
2025-26,1610612761,TOR,Toronto Raptors,0022500303,2025-11-30T00:00:00,TOR @ NYK,L,48.0,37,88,0.42,11,37,0.297,9,17,0.529,14,26,40,27,18.0,9,6,3,15,15,94,-22.0,1,21,21,21,3,28,19,28,19,11,25,31,28,35,7,29,26,24,30,14,8,4,2,31,33,34,1
2025-26,1610612761,TOR,Toronto Raptors,0022500294,2025-11-29T00:00:00,TOR @ CHA,L,53.0,44,99,0.444,9,29,0.31,14,17,0.824,17,35,52,34,16.0,6,3,5,26,19,111,-7.0,1,21,21,21,1,11,4,25,28,27,22,24,28,11,3,10,4,6,22,26,26,12,30,20,21,24,1
2025-26,1610612761,TOR,Toronto Raptors,0022500063,2025-11-26T00:00:00,TOR vs. IND,W,48.0,35,90,0.389,5,26,0.192,22,27,0.815,12,36,48,18,13.0,9,4,7,19,22,97,2.0,1,1,1,1,3,33,12,32,35,32,35,8,9,12,13,9,11,35,10,14,15,21,7,8,31,18,1
2025-26,1610612761,TOR,Toronto Raptors,0022500284,2025-11-24T00:00:00,TOR vs. CLE,W,48.0,44,90,0.489,10,36,0.278,12,18,0.667,10,41,51,28,16.0,8,1,4,14,13,110,11.0,1,1,1,1,3,11,12,16,25,14,28,28,24,28,21,2,5,22,22,22,34,7,1,35,23,10,1
2025-26,1610612761,TOR,Toronto Raptors,0022500279,2025-11-23T00:00:00,TOR vs. BKN,W,48.0,39,84,0.464,15,30,0.5,26,29,0.897,6,26,32,30,9.0,12,4,7,22,20,119,10.0,1,1,1,1,3,25,30,23,6,23,2,2,4,4,33,29,32,15,3,3,15,21,20,14,13,12,1
2025-26,1610612761,TOR,Toronto Raptors,0022500050,2025-11-21T00:00:00,TOR vs. WAS,W,47.983333,48,83,0.578,14,28,0.5,30,39,0.769,13,35,48,36,15.0,13,4,4,20,22,140,30.0,1,1,1,1,35,5,33,1,8,30,2,1,2,20,10,10,11,4,16,1,15,7,11,8,2,1,1
2025-26,1610612761,TOR,Toronto Raptors,0022500258,2025-11-19T00:00:00,TOR @ PHI,W,48.0,45,84,0.536,11,29,0.379,20,24,0.833,8,23,31,33,15.0,12,2,6,19,20,121,9.0,1,1,1,1,3,8,30,5,19,27,14,12,13,9,29,33,33,7,16,3,30,17,7,14,8,15,1
2025-26,1610612761,TOR,Toronto Raptors,0022500245,2025-11-17T00:00:00,TOR vs. CHA,W,48.0,44,88,0.5,10,25,0.4,12,16,0.75,8,35,43,25,17.0,8,7,9,21,14,110,2.0,1,1,1,1,3,11,19,10,25,33,10,28,31,21,29,10,18,28,27,22,2,31,17,33,23,18,1
2025-26,1610612761,TOR,Toronto Raptors,0022500230,2025-11-15T00:00:00,TOR @ IND,W,48.0,48,87,0.552,7,30,0.233,26,42,0.619,8,38,46,29,14.0,13,3,3,20,25,129,18.0,1,1,1,1,3,5,24,4,33,23,34,2,1,34,29,4,15,17,13,1,26,4,11,3,4,5,1
2025-26,1610612761,TOR,Toronto Raptors,0022500225,2025-11-13T00:00:00,TOR @ CLE,W,48.0,49,88,0.557,12,31,0.387,16,17,0.941,11,32,43,37,14.0,6,7,6,20,20,126,13.0,1,1,1,1,3,3,19,3,14,22,13,20,28,1,18,20,18,3,13,26,2,17,11,14,7,7,1
2025-26,1610612761,TOR,Toronto Raptors,0022500207,2025-11-11T00:00:00,TOR @ BKN,W,48.0,45,91,0.495,9,35,0.257,20,25,0.8,13,37,50,31,9.0,5,4,5,23,20,119,10.0,1,1,1,1,3,8,8,12,28,17,31,12,11,15,10,6,6,13,3,32,15,12,23,14,13,12,1
2025-26,1610612761,TOR,Toronto Raptors,0022500184,2025-11-08T00:00:00,TOR @ PHI,L,48.0,41,90,0.456,16,38,0.421,22,28,0.786,10,28,38,29,11.0,7,5,9,25,22,120,-10.0,1,21,21,21,3,21,12,24,3,6,6,8,8,19,21,26,28,17,7,25,11,31,27,8,11,26,1
2025-26,1610612761,TOR,Toronto Raptors,0022500030,2025-11-07T00:00:00,TOR @ ATL,W,48.0,37,91,0.407,12,38,0.316,23,25,0.92,13,35,48,23,13.0,11,6,7,21,19,109,12.0,1,1,1,1,3,28,8,30,14,6,21,6,11,3,10,10,11,30,10,7,8,21,17,20,25,9,1
2025-26,1610612761,TOR,Toronto Raptors,0022500165,2025-11-04T00:00:00,TOR vs. MIL,W,48.0,44,91,0.484,17,38,0.447,23,29,0.793,10,40,50,33,10.0,8,6,4,23,26,128,28.0,1,1,1,1,3,11,8,19,2,6,4,6,4,17,21,3,6,7,5,22,8,7,23,1,6,2,1
2025-26,1610612761,TOR,Toronto Raptors,0022500152,2025-11-02T00:00:00,TOR vs. MEM,W,48.0,45,89,0.506,11,37,0.297,16,20,0.8,15,34,49,32,16.0,5,7,0,23,18,117,13.0,1,1,1,1,3,8,17,9,19,11,25,20,22,15,5,15,10,12,22,32,2,1,23,24,15,7,1
2025-26,1610612761,TOR,Toronto Raptors,0022500022,2025-10-31T00:00:00,TOR @ CLE,W,48.0,40,82,0.488,13,30,0.433,19,24,0.792,10,38,48,27,18.0,9,4,10,18,15,112,11.0,1,1,1,1,3,23,34,18,10,23,5,14,13,18,21,4,11,24,30,14,15,35,4,31,19,10,1
2025-26,1610612761,TOR,Toronto Raptors,0022500131,2025-10-29T00:00:00,TOR vs. HOU,L,48.0,43,85,0.506,21,40,0.525,14,19,0.737,4,18,22,29,10.0,6,2,8,26,16,121,-18.0,1,21,21,21,3,16,28,8,1,4,1,24,23,24,34,35,34,17,5,26,30,30,30,30,8,31,1
2025-26,1610612761,TOR,Toronto Raptors,0022500118,2025-10-27T00:00:00,TOR @ SAS,L,48.0,37,79,0.468,12,32,0.375,17,23,0.739,1,19,20,29,15.0,9,4,3,23,17,103,-18.0,1,21,21,21,3,28,35,22,14,21,15,17,16,23,35,34,35,17,16,14,15,4,23,27,28,31,1
2025-26,1610612761,TOR,Toronto Raptors,0022500111,2025-10-26T00:00:00,TOR @ DAL,L,48.0,49,100,0.49,13,33,0.394,18,24,0.75,14,29,43,33,16.0,10,1,7,28,26,129,-10.0,1,21,21,21,3,3,2,15,10,20,12,15,13,21,7,24,18,7,22,8,34,21,33,1,4,26,1
2025-26,1610612761,TOR,Toronto Raptors,0022500092,2025-10-24T00:00:00,TOR vs. MIL,L,48.0,42,85,0.494,11,27,0.407,21,32,0.656,10,31,41,25,16.0,10,4,5,21,24,116,-6.0,1,21,21,21,3,18,28,14,19,31,8,10,3,33,21,21,23,28,22,8,15,12,17,4,17,23,1
2025-26,1610612761,TOR,Toronto Raptors,0022500082,2025-10-22T00:00:00,TOR @ ATL,W,48.0,54,95,0.568,6,25,0.24,24,29,0.828,12,42,54,36,19.0,10,4,6,31,24,138,20.0,1,1,1,1,3,2,6,2,34,33,32,5,4,10,13,1,3,4,33,8,15,17,35,4,3,4,1
2025-26,1610612762,UTA,Utah Jazz,0022500475,2026-01-01T00:00:00,UTA @ LAC,L,48.0,36,78,0.462,6,27,0.222,23,30,0.767,7,28,35,20,18.0,7,5,7,21,22,101,-17.0,1,13,13,13,5,28,33,17,33,32,32,17,12,24,31,26,31,33,23,16,6,21,11,15,29,24,1
2025-26,1610612762,UTA,Utah Jazz,0022500459,2025-12-30T00:00:00,UTA vs. BOS,L,48.0,41,87,0.471,16,42,0.381,21,25,0.84,9,31,40,31,13.0,4,3,9,17,17,119,-10.0,1,13,13,13,5,17,19,15,10,10,10,18,19,11,25,19,21,14,5,29,16,29,3,30,18,20,1
2025-26,1610612762,UTA,Utah Jazz,0022500440,2025-12-27T00:00:00,UTA @ SAS,W,48.0,45,83,0.542,17,37,0.459,20,26,0.769,7,30,37,34,16.0,9,4,7,19,22,127,13.0,1,1,1,1,5,8,28,3,6,21,4,19,17,23,31,21,28,5,20,8,10,21,7,15,13,3,1
2025-26,1610612762,UTA,Utah Jazz,0022500430,2025-12-26T00:00:00,UTA vs. DET,W,48.0,44,90,0.489,18,38,0.474,25,26,0.962,13,29,42,35,18.0,12,8,10,20,23,131,2.0,1,1,1,1,5,11,14,10,3,19,3,11,17,1,11,25,20,4,23,3,1,31,10,11,8,11,1
2025-26,1610612762,UTA,Utah Jazz,0022500419,2025-12-23T00:00:00,UTA vs. MEM,L,48.0,40,90,0.444,16,45,0.356,32,36,0.889,12,28,40,29,13.0,9,2,8,21,23,128,-9.0,1,13,13,13,5,20,14,20,10,5,15,4,6,6,15,26,21,21,5,8,23,26,11,11,11,19,1
2025-26,1610612762,UTA,Utah Jazz,0022500405,2025-12-22T00:00:00,UTA @ DEN,L,48.0,41,96,0.427,14,41,0.341,16,19,0.842,11,38,49,30,14.0,5,1,7,19,17,112,-23.0,1,13,13,13,5,17,7,24,16,13,17,26,27,10,19,6,9,17,14,27,29,21,7,30,21,27,1
2025-26,1610612762,UTA,Utah Jazz,0022500393,2025-12-20T00:00:00,UTA vs. ORL,L,53.0,44,105,0.419,15,43,0.349,24,30,0.8,18,34,52,34,12.0,7,2,9,29,29,127,-1.0,1,13,13,13,2,11,3,26,14,9,16,14,12,18,2,13,5,5,3,16,23,29,29,3,13,13,1
2025-26,1610612762,UTA,Utah Jazz,0022500379,2025-12-18T00:00:00,UTA vs. LAL,L,48.0,43,83,0.518,18,37,0.486,31,47,0.66,9,30,39,31,13.0,4,1,2,29,31,135,-8.0,1,13,13,13,5,14,28,5,3,21,2,5,2,32,25,21,24,14,5,29,29,2,29,2,5,18,1
2025-26,1610612762,UTA,Utah Jazz,0022501224,2025-12-15T00:00:00,UTA vs. DAL,W,53.0,50,97,0.515,13,36,0.361,27,33,0.818,8,39,47,33,13.0,8,4,6,32,26,140,7.0,1,1,1,1,2,2,6,6,19,24,13,9,10,17,29,4,13,7,5,11,10,14,33,6,3,7,1
2025-26,1610612762,UTA,Utah Jazz,0022501213,2025-12-12T00:00:00,UTA @ MEM,W,48.0,48,104,0.462,17,47,0.362,17,25,0.68,14,44,58,33,13.0,6,4,5,23,21,130,4.0,1,1,1,1,5,4,4,17,6,4,12,24,19,30,7,1,2,7,5,24,10,9,19,20,9,8,1
2025-26,1610612762,UTA,Utah Jazz,0022500363,2025-12-07T00:00:00,UTA vs. OKC,L,48.0,40,85,0.471,12,36,0.333,9,12,0.75,6,31,37,25,17.0,6,3,3,17,20,101,-30.0,1,13,13,13,5,20,25,16,24,24,18,33,33,26,33,19,28,27,21,24,16,4,3,24,29,30,1
2025-26,1610612762,UTA,Utah Jazz,0022500343,2025-12-05T00:00:00,UTA @ NYK,L,48.0,35,87,0.402,15,42,0.357,27,35,0.771,10,27,37,23,12.0,8,1,2,18,22,112,-34.0,1,13,13,13,5,30,19,29,14,10,14,9,8,22,22,29,28,30,3,11,29,2,6,15,21,32,1
2025-26,1610612762,UTA,Utah Jazz,0022500335,2025-12-04T00:00:00,UTA @ BKN,W,48.0,42,83,0.506,14,25,0.56,25,27,0.926,9,30,39,31,13.0,7,1,7,23,19,123,13.0,1,1,1,1,5,15,28,7,16,33,1,11,16,5,25,21,24,14,5,16,29,21,19,25,16,3,1
2025-26,1610612762,UTA,Utah Jazz,0022500316,2025-12-01T00:00:00,UTA vs. HOU,W,48.0,45,90,0.5,14,35,0.4,29,38,0.763,14,36,50,33,13.0,8,4,8,31,26,133,8.0,1,1,1,1,5,8,14,8,16,27,8,8,5,25,7,7,6,7,5,11,10,26,32,6,7,6,1
2025-26,1610612762,UTA,Utah Jazz,0022500301,2025-11-30T00:00:00,UTA vs. HOU,L,48.0,39,88,0.443,9,32,0.281,14,15,0.933,9,24,33,32,17.0,8,4,7,23,18,101,-28.0,1,13,13,13,5,23,17,21,29,29,30,29,32,4,25,32,32,11,21,11,10,21,19,26,29,29,1
2025-26,1610612762,UTA,Utah Jazz,0022500077,2025-11-28T00:00:00,UTA vs. SAC,W,48.0,42,87,0.483,13,40,0.325,31,40,0.775,13,36,49,32,13.0,7,5,5,22,22,128,9.0,1,1,1,1,5,15,19,12,19,15,21,5,4,21,11,7,9,11,5,16,6,9,16,15,11,5,1
2025-26,1610612762,UTA,Utah Jazz,0022500291,2025-11-24T00:00:00,UTA @ GSW,L,48.0,47,99,0.475,11,36,0.306,12,18,0.667,14,33,47,32,14.0,7,6,5,14,14,117,-17.0,1,13,13,13,5,7,5,14,27,24,27,32,28,31,7,15,13,11,14,16,3,9,1,33,19,24,1
2025-26,1610612762,UTA,Utah Jazz,0022500282,2025-11-23T00:00:00,UTA vs. LAL,L,48.0,40,94,0.426,13,40,0.325,13,18,0.722,10,35,45,27,14.0,7,2,4,21,18,106,-2.0,1,13,13,13,5,20,9,25,19,15,21,30,28,28,22,11,17,24,14,16,23,5,11,26,24,15,1
2025-26,1610612762,UTA,Utah Jazz,0022500055,2025-11-21T00:00:00,UTA vs. OKC,L,48.0,38,79,0.481,16,38,0.421,20,24,0.833,12,27,39,30,28.0,10,3,4,25,16,112,-32.0,1,13,13,13,5,24,32,13,10,19,7,19,23,13,15,29,24,17,33,6,16,5,25,32,21,31,1
2025-26,1610612762,UTA,Utah Jazz,0022500253,2025-11-18T00:00:00,UTA @ LAL,L,48.0,48,92,0.522,13,45,0.289,17,18,0.944,8,25,33,33,18.0,13,2,1,30,21,126,-14.0,1,13,13,13,5,4,11,4,19,5,29,24,28,2,29,31,32,7,23,1,23,1,31,20,15,23,1
2025-26,1610612762,UTA,Utah Jazz,0022500240,2025-11-16T00:00:00,UTA vs. CHI,W,58.0,49,111,0.441,18,49,0.367,34,41,0.829,12,41,53,29,9.0,13,6,10,28,29,150,3.0,1,1,1,1,1,3,1,23,3,2,11,2,3,15,15,2,4,21,1,1,3,31,28,3,2,10,1
2025-26,1610612762,UTA,Utah Jazz,0022500227,2025-11-13T00:00:00,UTA vs. ATL,L,48.0,45,92,0.489,19,44,0.432,13,21,0.619,14,35,49,39,24.0,9,5,6,19,18,122,-10.0,1,13,13,13,5,8,11,9,1,7,6,30,25,33,7,11,9,1,32,8,6,14,7,26,17,20,1
2025-26,1610612762,UTA,Utah Jazz,0022500211,2025-11-11T00:00:00,UTA vs. IND,W,48.0,51,92,0.554,19,42,0.452,31,35,0.886,13,32,45,38,15.0,3,3,6,27,26,152,24.0,1,1,1,1,5,1,11,1,1,10,5,5,8,7,11,18,17,2,17,33,16,14,26,6,1,1,1
2025-26,1610612762,UTA,Utah Jazz,0022500205,2025-11-10T00:00:00,UTA vs. MIN,L,48.0,38,95,0.4,17,52,0.327,20,24,0.833,16,34,50,30,15.0,5,5,5,24,21,113,-7.0,1,13,13,13,5,24,8,30,6,1,19,19,23,13,3,13,6,17,17,27,6,9,22,20,20,17,1
2025-26,1610612762,UTA,Utah Jazz,0022500036,2025-11-07T00:00:00,UTA @ MIN,L,48.0,35,94,0.372,9,39,0.231,18,25,0.72,16,24,40,28,18.0,11,3,10,22,23,97,-40.0,1,13,13,13,5,30,9,33,29,17,31,23,19,29,3,32,21,23,23,4,16,31,16,11,32,33,1
2025-26,1610612762,UTA,Utah Jazz,0022500172,2025-11-05T00:00:00,UTA @ DET,L,48.0,33,86,0.384,12,39,0.308,25,29,0.862,11,33,44,24,15.0,7,2,6,17,23,103,-11.0,1,13,13,13,5,32,23,31,24,17,26,11,14,9,19,15,19,29,17,16,23,14,3,11,27,22,1
2025-26,1610612762,UTA,Utah Jazz,0022500158,2025-11-03T00:00:00,UTA @ BOS,W,48.0,38,84,0.452,9,31,0.29,20,25,0.8,15,40,55,23,19.0,4,2,4,21,22,105,2.0,1,1,1,1,5,24,26,19,29,31,28,19,19,18,6,3,3,30,27,29,23,5,11,15,25,11,1
2025-26,1610612762,UTA,Utah Jazz,0022500150,2025-11-02T00:00:00,UTA @ CHA,L,48.0,36,88,0.409,7,32,0.219,24,29,0.828,10,28,38,27,11.0,7,3,6,24,25,103,-23.0,1,13,13,13,5,28,17,27,32,29,33,14,14,16,22,26,27,24,2,16,16,14,22,9,27,27,1
2025-26,1610612762,UTA,Utah Jazz,0022500025,2025-10-31T00:00:00,UTA @ PHX,L,48.0,30,80,0.375,12,37,0.324,24,32,0.75,12,36,48,23,21.0,4,3,6,22,25,96,-22.0,1,13,13,13,5,33,31,32,24,21,23,14,11,26,15,7,12,30,30,29,16,14,16,9,33,26,1
2025-26,1610612762,UTA,Utah Jazz,0022500135,2025-10-29T00:00:00,UTA vs. POR,L,48.0,41,84,0.488,11,35,0.314,41,49,0.837,16,30,46,30,22.0,10,7,5,24,33,134,-2.0,1,13,13,13,5,17,26,11,27,27,25,1,1,12,3,21,15,17,31,6,2,9,22,1,6,15,1
2025-26,1610612762,UTA,Utah Jazz,0022500120,2025-10-27T00:00:00,UTA vs. PHX,W,53.0,44,108,0.407,16,49,0.327,34,36,0.944,28,36,64,27,19.0,8,4,8,27,29,138,4.0,1,1,1,1,2,11,2,28,10,2,20,2,6,2,1,7,1,24,27,11,10,26,26,3,4,8,1
2025-26,1610612762,UTA,Utah Jazz,0022500098,2025-10-24T00:00:00,UTA @ SAC,L,48.0,38,86,0.442,13,41,0.317,15,17,0.882,11,39,50,25,20.0,6,1,4,16,18,104,-1.0,1,13,13,13,5,24,23,22,19,13,24,28,31,8,19,4,6,27,29,24,29,5,2,26,26,13,1
2025-26,1610612762,UTA,Utah Jazz,0022500087,2025-10-22T00:00:00,UTA vs. LAC,W,48.0,48,87,0.552,17,44,0.386,16,20,0.8,13,33,46,38,13.0,11,6,6,21,21,129,21.0,1,1,1,1,5,4,19,2,6,7,9,26,26,18,11,15,15,2,5,4,3,14,11,20,10,2,1
2025-26,1610612764,WAS,Washington Wizards,0022500477,2026-01-02T00:00:00,WAS vs. BKN,W,48.0,47,92,0.511,11,29,0.379,14,16,0.875,13,38,51,24,19.0,10,9,8,20,16,119,20.0,1,1,1,1,3,6,13,6,21,30,15,24,29,5,9,6,7,22,26,3,3,25,10,19,10,2,1
2025-26,1610612764,WAS,Washington Wizards,0022500469,2025-12-31T00:00:00,WAS @ MIL,W,48.0,41,94,0.436,19,39,0.487,13,20,0.65,13,31,44,31,10.0,8,8,6,18,14,114,1.0,1,1,1,1,3,15,11,25,1,9,2,25,20,28,9,20,16,5,3,11,5,16,4,31,15,9,1
2025-26,1610612764,WAS,Washington Wizards,0022500448,2025-12-29T00:00:00,WAS vs. PHX,L,48.0,36,78,0.462,13,32,0.406,16,21,0.762,9,34,43,21,16.0,6,8,3,20,14,101,-14.0,1,10,10,10,3,30,33,14,16,26,9,18,18,16,25,15,20,26,16,17,5,2,10,31,29,18,1
2025-26,1610612764,WAS,Washington Wizards,0022500443,2025-12-28T00:00:00,WAS vs. MEM,W,48.0,42,99,0.424,8,33,0.242,24,25,0.96,15,39,54,26,19.0,9,12,8,21,17,116,4.0,1,1,1,1,3,11,3,26,32,24,32,2,9,1,6,4,4,13,26,7,1,25,14,16,12,7,1
2025-26,1610612764,WAS,Washington Wizards,0022500425,2025-12-26T00:00:00,WAS vs. TOR,W,48.0,54,91,0.593,15,33,0.455,15,18,0.833,6,40,46,26,14.0,8,7,5,23,16,138,21.0,1,1,1,1,3,1,15,1,10,24,3,21,27,9,30,2,13,13,11,11,9,11,21,19,1,1,1
2025-26,1610612764,WAS,Washington Wizards,0022500409,2025-12-23T00:00:00,WAS @ CHA,L,48.0,40,97,0.412,10,35,0.286,19,23,0.826,18,31,49,22,6.0,3,7,6,20,16,109,-17.0,1,10,10,10,3,21,7,29,24,19,28,12,14,11,2,20,9,25,2,31,9,16,10,19,20,20,1
2025-26,1610612764,WAS,Washington Wizards,0022500399,2025-12-21T00:00:00,WAS vs. SAS,L,48.0,42,95,0.442,11,45,0.244,18,24,0.75,8,35,43,20,5.0,5,7,5,25,19,113,-11.0,1,10,10,10,3,11,9,23,21,1,31,14,12,17,26,13,20,29,1,23,9,11,26,8,16,15,1
2025-26,1610612764,WAS,Washington Wizards,0022500391,2025-12-20T00:00:00,WAS @ MEM,W,48.0,47,99,0.475,17,44,0.386,19,26,0.731,20,34,54,32,13.0,5,3,3,20,19,130,8.0,1,1,1,1,3,6,3,11,3,2,14,12,5,20,1,15,4,3,8,23,31,2,10,8,5,6,1
2025-26,1610612764,WAS,Washington Wizards,0022500370,2025-12-18T00:00:00,WAS @ SAS,L,48.0,38,94,0.404,9,36,0.25,9,14,0.643,13,33,46,29,14.0,10,5,9,18,12,94,-25.0,1,10,10,10,3,25,11,30,28,14,29,31,32,30,9,17,13,8,11,3,19,31,4,33,31,26,1
2025-26,1610612764,WAS,Washington Wizards,0022501216,2025-12-14T00:00:00,WAS @ IND,W,48.0,41,89,0.461,10,28,0.357,16,26,0.615,17,39,56,19,11.0,5,3,7,21,18,108,19.0,1,1,1,1,3,15,19,15,24,31,20,18,5,31,3,4,1,30,5,23,31,24,14,12,22,3,1
2025-26,1610612764,WAS,Washington Wizards,0022501212,2025-12-12T00:00:00,WAS vs. CLE,L,48.0,42,86,0.488,16,44,0.364,26,32,0.813,12,37,49,29,16.0,6,6,1,27,20,126,-4.0,1,10,10,10,3,11,23,8,8,2,18,1,1,12,14,8,9,8,16,17,15,1,30,5,7,12,1
2025-26,1610612764,WAS,Washington Wizards,0022500351,2025-12-06T00:00:00,WAS vs. ATL,L,48.0,41,80,0.513,17,38,0.447,17,19,0.895,4,22,26,29,20.0,6,5,4,18,16,116,-15.0,1,10,10,10,3,15,31,5,3,10,4,16,23,3,32,32,33,8,29,17,19,5,4,19,12,19,1
2025-26,1610612764,WAS,Washington Wizards,0022500334,2025-12-04T00:00:00,WAS vs. BOS,L,48.0,35,84,0.417,10,31,0.323,21,25,0.84,12,25,37,21,18.0,5,4,8,22,20,101,-45.0,1,10,10,10,3,31,25,27,24,29,24,4,9,7,14,30,28,26,23,23,25,25,18,5,29,33,1
2025-26,1610612764,WAS,Washington Wizards,0022500318,2025-12-02T00:00:00,WAS @ PHI,L,48.0,35,88,0.398,9,36,0.25,23,32,0.719,16,37,53,23,15.0,5,11,6,15,21,102,-19.0,1,10,10,10,3,31,21,32,28,14,29,3,1,21,4,8,6,23,13,23,2,16,1,3,27,22,1
2025-26,1610612764,WAS,Washington Wizards,0022500311,2025-12-01T00:00:00,WAS vs. MIL,W,48.0,53,102,0.52,13,36,0.361,10,15,0.667,14,27,41,29,10.0,9,4,4,17,16,129,3.0,1,1,1,1,3,2,2,4,16,14,19,30,30,26,8,29,24,8,3,7,25,5,2,19,6,8,1
2025-26,1610612764,WAS,Washington Wizards,0022500073,2025-11-28T00:00:00,WAS @ IND,L,48.0,33,84,0.393,7,32,0.219,13,20,0.65,11,31,42,18,17.0,6,7,8,17,16,86,-33.0,1,10,10,10,3,33,25,33,33,26,33,25,20,28,20,20,23,32,19,17,9,25,2,19,33,31,1
2025-26,1610612764,WAS,Washington Wizards,0022500057,2025-11-25T00:00:00,WAS vs. ATL,W,48.0,48,84,0.571,19,38,0.5,17,26,0.654,6,30,36,30,13.0,13,8,6,19,19,132,19.0,1,1,1,1,3,5,25,2,1,10,1,16,5,27,30,24,30,6,8,1,5,16,8,8,4,3,1
2025-26,1610612764,WAS,Washington Wizards,0022500271,2025-11-22T00:00:00,WAS @ CHI,L,48.0,44,96,0.458,16,36,0.444,16,20,0.8,15,40,55,33,15.0,9,4,5,23,15,120,-1.0,1,10,10,10,3,9,8,16,8,14,5,18,20,13,6,2,3,1,13,7,25,11,21,28,8,10,1
2025-26,1610612764,WAS,Washington Wizards,0022500050,2025-11-21T00:00:00,WAS @ TOR,L,47.983333,39,86,0.453,12,41,0.293,20,24,0.833,7,22,29,26,18.0,9,4,4,22,20,110,-30.0,1,10,10,10,33,22,23,19,19,6,27,6,12,9,27,32,32,13,23,7,25,5,18,5,19,29,1
2025-26,1610612764,WAS,Washington Wizards,0022500259,2025-11-19T00:00:00,WAS @ MIN,L,48.0,43,88,0.489,14,32,0.438,9,12,0.75,12,31,43,25,17.0,6,6,4,26,15,109,-11.0,1,10,10,10,3,10,21,7,15,26,6,31,33,17,14,20,20,17,19,17,15,5,28,28,20,15,1
2025-26,1610612764,WAS,Washington Wizards,0022500235,2025-11-16T00:00:00,WAS vs. BKN,L,48.0,37,84,0.44,12,34,0.353,20,22,0.909,3,30,33,21,12.0,7,3,8,25,18,106,-23.0,1,10,10,10,3,28,25,24,19,22,21,6,17,2,33,24,31,26,6,13,31,25,26,12,25,24,1
2025-26,1610612764,WAS,Washington Wizards,0022500218,2025-11-12T00:00:00,WAS @ HOU,L,48.0,42,92,0.457,15,38,0.395,13,19,0.684,12,25,37,25,12.0,6,5,6,22,18,112,-23.0,1,10,10,10,3,11,13,17,10,10,12,25,23,24,14,30,28,17,6,17,19,16,18,12,18,24,1
2025-26,1610612764,WAS,Washington Wizards,0022500199,2025-11-10T00:00:00,WAS @ DET,L,53.0,50,95,0.526,15,38,0.395,20,26,0.769,11,35,46,26,20.0,10,6,5,28,18,135,-2.0,1,10,10,10,1,4,9,3,10,10,12,6,5,15,20,13,13,13,29,3,15,11,32,12,2,11,1
2025-26,1610612764,WAS,Washington Wizards,0022500183,2025-11-08T00:00:00,WAS vs. DAL,L,48.0,37,89,0.416,11,35,0.314,20,23,0.87,12,32,44,17,18.0,7,7,6,21,17,105,-6.0,1,10,10,10,3,28,19,28,21,19,25,6,14,6,14,19,16,33,23,13,9,16,14,16,26,14,1
2025-26,1610612764,WAS,Washington Wizards,0022500029,2025-11-07T00:00:00,WAS vs. CLE,L,48.0,41,91,0.451,15,41,0.366,18,23,0.783,16,28,44,32,20.0,5,7,6,24,17,115,-33.0,1,10,10,10,3,15,15,21,10,6,17,14,14,14,4,28,16,3,29,23,9,16,24,16,14,31,1
2025-26,1610612764,WAS,Washington Wizards,0022500174,2025-11-05T00:00:00,WAS @ BOS,L,48.0,39,80,0.488,9,27,0.333,20,27,0.741,11,29,40,25,19.0,2,5,3,18,24,107,-29.0,1,10,10,10,3,22,31,9,28,32,22,6,4,19,20,26,25,17,26,33,19,2,4,1,24,28,1
2025-26,1610612764,WAS,Washington Wizards,0022500159,2025-11-03T00:00:00,WAS @ NYK,L,48.0,38,81,0.469,13,35,0.371,13,19,0.684,7,37,44,30,20.0,7,5,4,21,16,102,-17.0,1,10,10,10,3,25,30,13,16,19,16,25,23,24,27,8,16,6,29,13,19,5,14,19,27,20,1
2025-26,1610612764,WAS,Washington Wizards,0022500145,2025-11-01T00:00:00,WAS vs. ORL,L,48.0,39,98,0.398,9,27,0.333,7,15,0.467,11,29,40,19,17.0,7,9,10,23,16,94,-31.0,1,10,10,10,3,22,5,31,28,32,22,33,30,33,20,26,25,30,19,13,3,32,21,19,31,30,1
2025-26,1610612764,WAS,Washington Wizards,0022500140,2025-10-30T00:00:00,WAS @ OKC,L,48.0,38,84,0.452,17,40,0.425,15,17,0.882,12,37,49,25,23.0,3,6,8,26,15,108,-19.0,1,10,10,10,3,25,25,20,3,8,7,21,28,4,14,8,9,17,33,31,15,25,28,28,22,22,1
2025-26,1610612764,WAS,Washington Wizards,0022500123,2025-10-28T00:00:00,WAS vs. PHI,L,53.0,51,107,0.477,17,43,0.395,15,21,0.714,13,37,50,33,16.0,10,5,11,30,21,134,-5.0,1,10,10,10,1,3,1,10,3,4,11,21,18,22,9,8,8,1,16,3,19,33,33,3,3,13,1
2025-26,1610612764,WAS,Washington Wizards,0022500109,2025-10-26T00:00:00,WAS vs. CHA,L,48.0,41,91,0.451,10,34,0.294,21,25,0.84,7,33,40,25,15.0,5,4,4,27,16,113,-26.0,1,10,10,10,3,15,15,21,24,22,26,4,9,7,27,17,25,17,13,23,25,5,30,19,16,27,1
2025-26,1610612764,WAS,Washington Wizards,0022500096,2025-10-24T00:00:00,WAS @ DAL,W,48.0,41,90,0.456,15,36,0.417,20,29,0.69,10,38,48,27,17.0,11,8,5,24,19,117,10.0,1,1,1,1,3,15,18,18,10,14,8,6,3,23,24,6,12,12,19,2,5,11,24,8,11,5,1
2025-26,1610612764,WAS,Washington Wizards,0022500086,2025-10-22T00:00:00,WAS @ MIL,L,48.0,46,98,0.469,17,42,0.405,11,19,0.579,13,43,56,23,13.0,5,4,6,19,22,120,-13.0,1,10,10,10,3,8,5,12,3,5,10,29,23,32,9,1,1,23,8,23,25,16,8,2,8,17,1
